{
"type": "FeatureCollection",
"name": "geo_20_5",
"crs": { "type": "name", "properties": { "name": "urn:ogc:def:crs:OGC:1.3:CRS84" } },
"features": [
{ "type": "Feature", "properties": { "ID": 2057200100740, "正式名称": "株式会社　友野薬局", "機関区分": 5, "都道府県コード": 20, "市区町村コード": 217, "所在地": "長野県佐久市下越１９５－３", "緯度": 36.19423, "経度": 138.486564, "url": "https://www.iryou.teikyouseido.mhlw.go.jp/znk-web/juminkanja/S2430/initialize?prefCd=20&kikanCd=7200100740&kikanKbn=5", "url2": null, "内容": "株式会社　友野薬局【5:薬局】長野県佐久市下越１９５－３" }, "geometry": { "type": "Point", "coordinates": [ 138.486564, 36.19423 ] } },
{ "type": "Feature", "properties": { "ID": 2057200100830, "正式名称": "合資会社　萬寿堂薬局", "機関区分": 5, "都道府県コード": 20, "市区町村コード": 217, "所在地": "長野県佐久市臼田２２４", "緯度": 36.19798, "経度": 138.479398, "url": "https://www.iryou.teikyouseido.mhlw.go.jp/znk-web/juminkanja/S2430/initialize?prefCd=20&kikanCd=7200100830&kikanKbn=5", "url2": null, "内容": "合資会社　萬寿堂薬局【5:薬局】長野県佐久市臼田２２４" }, "geometry": { "type": "Point", "coordinates": [ 138.479398, 36.19798 ] } },
{ "type": "Feature", "properties": { "ID": 2057200101450, "正式名称": "花岡薬局", "機関区分": 5, "都道府県コード": 20, "市区町村コード": 217, "所在地": "長野県佐久市岩村田７７５", "緯度": 36.273444, "経度": 138.478212, "url": "https://www.iryou.teikyouseido.mhlw.go.jp/znk-web/juminkanja/S2430/initialize?prefCd=20&kikanCd=7200101450&kikanKbn=5", "url2": null, "内容": "花岡薬局【5:薬局】長野県佐久市岩村田７７５" }, "geometry": { "type": "Point", "coordinates": [ 138.478212, 36.273444 ] } },
{ "type": "Feature", "properties": { "ID": 2057200105200, "正式名称": "マスヤ薬局", "機関区分": 5, "都道府県コード": 20, "市区町村コード": 217, "所在地": "長野県佐久市岩村田６０８番地３", "緯度": 36.271832, "経度": 138.479561, "url": "https://www.iryou.teikyouseido.mhlw.go.jp/znk-web/juminkanja/S2430/initialize?prefCd=20&kikanCd=7200105200&kikanKbn=5", "url2": "http://www.masuya-kanpo.com", "内容": "マスヤ薬局【5:薬局】長野県佐久市岩村田６０８番地３" }, "geometry": { "type": "Point", "coordinates": [ 138.479561, 36.271832 ] } },
{ "type": "Feature", "properties": { "ID": 2057200106550, "正式名称": "有限会社塩川薬局", "機関区分": 5, "都道府県コード": 20, "市区町村コード": 217, "所在地": "長野県佐久市臼田２２２－１", "緯度": 36.197785, "経度": 138.479425, "url": "https://www.iryou.teikyouseido.mhlw.go.jp/znk-web/juminkanja/S2430/initialize?prefCd=20&kikanCd=7200106550&kikanKbn=5", "url2": null, "内容": "有限会社塩川薬局【5:薬局】長野県佐久市臼田２２２－１" }, "geometry": { "type": "Point", "coordinates": [ 138.479425, 36.197785 ] } },
{ "type": "Feature", "properties": { "ID": 2057200106820, "正式名称": "せき薬局", "機関区分": 5, "都道府県コード": 20, "市区町村コード": 309, "所在地": "長野県南佐久郡佐久穂町高野町３１０－１", "緯度": 36.161234, "経度": 138.478205, "url": "https://www.iryou.teikyouseido.mhlw.go.jp/znk-web/juminkanja/S2430/initialize?prefCd=20&kikanCd=7200106820&kikanKbn=5", "url2": null, "内容": "せき薬局【5:薬局】長野県南佐久郡佐久穂町高野町３１０－１" }, "geometry": { "type": "Point", "coordinates": [ 138.478205, 36.161234 ] } },
{ "type": "Feature", "properties": { "ID": 2057200106910, "正式名称": "うすだ薬局", "機関区分": 5, "都道府県コード": 20, "市区町村コード": 217, "所在地": "長野県佐久市臼田２１６－１", "緯度": 36.197242, "経度": 138.479724, "url": "https://www.iryou.teikyouseido.mhlw.go.jp/znk-web/juminkanja/S2430/initialize?prefCd=20&kikanCd=7200106910&kikanKbn=5", "url2": "https://dpc-net.ne.jp/storeinfo/nagano/nagano-usuda/", "内容": "うすだ薬局【5:薬局】長野県佐久市臼田２１６－１" }, "geometry": { "type": "Point", "coordinates": [ 138.479724, 36.197242 ] } },
{ "type": "Feature", "properties": { "ID": 2057200107260, "正式名称": "あさま薬局", "機関区分": 5, "都道府県コード": 20, "市区町村コード": 217, "所在地": "長野県佐久市臼田２１４８－３", "緯度": 36.20034, "経度": 138.475676, "url": "https://www.iryou.teikyouseido.mhlw.go.jp/znk-web/juminkanja/S2430/initialize?prefCd=20&kikanCd=7200107260&kikanKbn=5", "url2": "https://asama-mominoki.co.jp", "内容": "あさま薬局【5:薬局】長野県佐久市臼田２１４８－３" }, "geometry": { "type": "Point", "coordinates": [ 138.475676, 36.20034 ] } },
{ "type": "Feature", "properties": { "ID": 2057200107710, "正式名称": "小平大行薬局", "機関区分": 5, "都道府県コード": 20, "市区町村コード": 217, "所在地": "長野県佐久市野沢５１－５", "緯度": 36.225171, "経度": 138.466898, "url": "https://www.iryou.teikyouseido.mhlw.go.jp/znk-web/juminkanja/S2430/initialize?prefCd=20&kikanCd=7200107710&kikanKbn=5", "url2": null, "内容": "小平大行薬局【5:薬局】長野県佐久市野沢５１－５" }, "geometry": { "type": "Point", "coordinates": [ 138.466898, 36.225171 ] } },
{ "type": "Feature", "properties": { "ID": 2057200107810, "正式名称": "山口本新町薬局", "機関区分": 5, "都道府県コード": 20, "市区町村コード": 217, "所在地": "長野県佐久市本新町１７２－１", "緯度": 36.212283, "経度": 138.465898, "url": "https://www.iryou.teikyouseido.mhlw.go.jp/znk-web/juminkanja/S2430/initialize?prefCd=20&kikanCd=7200107810&kikanKbn=5", "url2": null, "内容": "山口本新町薬局【5:薬局】長野県佐久市本新町１７２－１" }, "geometry": { "type": "Point", "coordinates": [ 138.465898, 36.212283 ] } },
{ "type": "Feature", "properties": { "ID": 2057200108060, "正式名称": "高野屋薬局", "機関区分": 5, "都道府県コード": 20, "市区町村コード": 304, "所在地": "長野県南佐久郡川上村御所平１２３５－２", "緯度": 35.97284, "経度": 138.534929, "url": "https://www.iryou.teikyouseido.mhlw.go.jp/znk-web/juminkanja/S2430/initialize?prefCd=20&kikanCd=7200108060&kikanKbn=5", "url2": null, "内容": "高野屋薬局【5:薬局】長野県南佐久郡川上村御所平１２３５－２" }, "geometry": { "type": "Point", "coordinates": [ 138.534929, 35.97284 ] } },
{ "type": "Feature", "properties": { "ID": 2057200108610, "正式名称": "小海薬局", "機関区分": 5, "都道府県コード": 20, "市区町村コード": 303, "所在地": "長野県南佐久郡小海町小海４２７８－１１", "緯度": 36.088957, "経度": 138.482726, "url": "https://www.iryou.teikyouseido.mhlw.go.jp/znk-web/juminkanja/S2430/initialize?prefCd=20&kikanCd=7200108610&kikanKbn=5", "url2": "https://dpc-net.ne.jp/storeinfo/nagano/nagano-koumi/", "内容": "小海薬局【5:薬局】長野県南佐久郡小海町小海４２７８－１１" }, "geometry": { "type": "Point", "coordinates": [ 138.482726, 36.088957 ] } },
{ "type": "Feature", "properties": { "ID": 2057200108700, "正式名称": "取出町キク薬局", "機関区分": 5, "都道府県コード": 20, "市区町村コード": 217, "所在地": "長野県佐久市取出町１２６－２", "緯度": 36.21856, "経度": 138.466926, "url": "https://www.iryou.teikyouseido.mhlw.go.jp/znk-web/juminkanja/S2430/initialize?prefCd=20&kikanCd=7200108700&kikanKbn=5", "url2": "https://dpc-net.ne.jp/storeinfo/nagano/nagano-toridetyoukiku/", "内容": "取出町キク薬局【5:薬局】長野県佐久市取出町１２６－２" }, "geometry": { "type": "Point", "coordinates": [ 138.466926, 36.21856 ] } },
{ "type": "Feature", "properties": { "ID": 2057200108980, "正式名称": "スター薬局", "機関区分": 5, "都道府県コード": 20, "市区町村コード": 217, "所在地": "長野県佐久市臼田２１２－５", "緯度": 36.197396, "経度": 138.47987, "url": "https://www.iryou.teikyouseido.mhlw.go.jp/znk-web/juminkanja/S2430/initialize?prefCd=20&kikanCd=7200108980&kikanKbn=5", "url2": "https://dpc-net.ne.jp/storeinfo/nagano/nagano-star/", "内容": "スター薬局【5:薬局】長野県佐久市臼田２１２－５" }, "geometry": { "type": "Point", "coordinates": [ 138.47987, 36.197396 ] } },
{ "type": "Feature", "properties": { "ID": 2057200109130, "正式名称": "ヨツメヤ薬局", "機関区分": 5, "都道府県コード": 20, "市区町村コード": 309, "所在地": "長野県南佐久郡佐久穂町畑１３５", "緯度": 36.135098, "経度": 138.471429, "url": "https://www.iryou.teikyouseido.mhlw.go.jp/znk-web/juminkanja/S2430/initialize?prefCd=20&kikanCd=7200109130&kikanKbn=5", "url2": null, "内容": "ヨツメヤ薬局【5:薬局】長野県南佐久郡佐久穂町畑１３５" }, "geometry": { "type": "Point", "coordinates": [ 138.471429, 36.135098 ] } },
{ "type": "Feature", "properties": { "ID": 2057200109220, "正式名称": "由井　薬局", "機関区分": 5, "都道府県コード": 20, "市区町村コード": 304, "所在地": "長野県南佐久郡川上村原１１５６－９", "緯度": 35.970258, "経度": 138.557789, "url": "https://www.iryou.teikyouseido.mhlw.go.jp/znk-web/juminkanja/S2430/initialize?prefCd=20&kikanCd=7200109220&kikanKbn=5", "url2": null, "内容": "由井　薬局【5:薬局】長野県南佐久郡川上村原１１５６－９" }, "geometry": { "type": "Point", "coordinates": [ 138.557789, 35.970258 ] } },
{ "type": "Feature", "properties": { "ID": 2057200109410, "正式名称": "ソーマ中込薬局", "機関区分": 5, "都道府県コード": 20, "市区町村コード": 217, "所在地": "長野県佐久市中込１－１４－２", "緯度": 36.230643, "経度": 138.476563, "url": "https://www.iryou.teikyouseido.mhlw.go.jp/znk-web/juminkanja/S2430/initialize?prefCd=20&kikanCd=7200109410&kikanKbn=5", "url2": "http://www.somatk.co.jp", "内容": "ソーマ中込薬局【5:薬局】長野県佐久市中込１－１４－２" }, "geometry": { "type": "Point", "coordinates": [ 138.476563, 36.230643 ] } },
{ "type": "Feature", "properties": { "ID": 2057200109960, "正式名称": "よこわ薬局", "機関区分": 5, "都道府県コード": 20, "市区町村コード": 217, "所在地": "長野県佐久市横和２３５－１", "緯度": 36.256584, "経度": 138.463008, "url": "https://www.iryou.teikyouseido.mhlw.go.jp/znk-web/juminkanja/S2430/initialize?prefCd=20&kikanCd=7200109960&kikanKbn=5", "url2": "https://www.yokowapharm.com", "内容": "よこわ薬局【5:薬局】長野県佐久市横和２３５－１" }, "geometry": { "type": "Point", "coordinates": [ 138.463008, 36.256584 ] } },
{ "type": "Feature", "properties": { "ID": 2057200110170, "正式名称": "コスモス薬局", "機関区分": 5, "都道府県コード": 20, "市区町村コード": 217, "所在地": "長野県佐久市岩村田観音堂２１１９－１", "緯度": 36.265447, "経度": 138.477348, "url": "https://www.iryou.teikyouseido.mhlw.go.jp/znk-web/juminkanja/S2430/initialize?prefCd=20&kikanCd=7200110170&kikanKbn=5", "url2": "http://cosmos-nagano.com", "内容": "コスモス薬局【5:薬局】長野県佐久市岩村田観音堂２１１９－１" }, "geometry": { "type": "Point", "coordinates": [ 138.477348, 36.265447 ] } },
{ "type": "Feature", "properties": { "ID": 2057200110260, "正式名称": "大森薬局", "機関区分": 5, "都道府県コード": 20, "市区町村コード": 217, "所在地": "長野県佐久市根々井９２１－５", "緯度": 36.26561, "経度": 138.461646, "url": "https://www.iryou.teikyouseido.mhlw.go.jp/znk-web/juminkanja/S2430/initialize?prefCd=20&kikanCd=7200110260&kikanKbn=5", "url2": null, "内容": "大森薬局【5:薬局】長野県佐久市根々井９２１－５" }, "geometry": { "type": "Point", "coordinates": [ 138.461646, 36.26561 ] } },
{ "type": "Feature", "properties": { "ID": 2057200110530, "正式名称": "花里薬局", "機関区分": 5, "都道府県コード": 20, "市区町村コード": 217, "所在地": "長野県佐久市野沢４７－３", "緯度": 36.224782, "経度": 138.467203, "url": "https://www.iryou.teikyouseido.mhlw.go.jp/znk-web/juminkanja/S2430/initialize?prefCd=20&kikanCd=7200110530&kikanKbn=5", "url2": null, "内容": "花里薬局【5:薬局】長野県佐久市野沢４７－３" }, "geometry": { "type": "Point", "coordinates": [ 138.467203, 36.224782 ] } },
{ "type": "Feature", "properties": { "ID": 2057200110810, "正式名称": "くすり箱塩名田薬局", "機関区分": 5, "都道府県コード": 20, "市区町村コード": 217, "所在地": "長野県佐久市塩名田１４０５ー１", "緯度": 36.271303, "経度": 138.420594, "url": "https://www.iryou.teikyouseido.mhlw.go.jp/znk-web/juminkanja/S2430/initialize?prefCd=20&kikanCd=7200110810&kikanKbn=5", "url2": null, "内容": "くすり箱塩名田薬局【5:薬局】長野県佐久市塩名田１４０５ー１" }, "geometry": { "type": "Point", "coordinates": [ 138.420594, 36.271303 ] } },
{ "type": "Feature", "properties": { "ID": 2057200110900, "正式名称": "大田薬局", "機関区分": 5, "都道府県コード": 20, "市区町村コード": 217, "所在地": "長野県佐久市協和１１９－５", "緯度": 36.261603, "経度": 138.357949, "url": "https://www.iryou.teikyouseido.mhlw.go.jp/znk-web/juminkanja/S2430/initialize?prefCd=20&kikanCd=7200110900&kikanKbn=5", "url2": null, "内容": "大田薬局【5:薬局】長野県佐久市協和１１９－５" }, "geometry": { "type": "Point", "coordinates": [ 138.357949, 36.261603 ] } },
{ "type": "Feature", "properties": { "ID": 2057200111060, "正式名称": "浅科薬局", "機関区分": 5, "都道府県コード": 20, "市区町村コード": 217, "所在地": "長野県佐久市桑山１２４１－１", "緯度": 36.279885, "経度": 138.396846, "url": "https://www.iryou.teikyouseido.mhlw.go.jp/znk-web/juminkanja/S2430/initialize?prefCd=20&kikanCd=7200111060&kikanKbn=5", "url2": null, "内容": "浅科薬局【5:薬局】長野県佐久市桑山１２４１－１" }, "geometry": { "type": "Point", "coordinates": [ 138.396846, 36.279885 ] } },
{ "type": "Feature", "properties": { "ID": 2057200111150, "正式名称": "もちづき薬局", "機関区分": 5, "都道府県コード": 20, "市区町村コード": 217, "所在地": "長野県佐久市望月３４３ー１", "緯度": 36.266135, "経度": 138.358461, "url": "https://www.iryou.teikyouseido.mhlw.go.jp/znk-web/juminkanja/S2430/initialize?prefCd=20&kikanCd=7200111150&kikanKbn=5", "url2": "http://www.e-classa.net/motiduki-p/", "内容": "もちづき薬局【5:薬局】長野県佐久市望月３４３ー１" }, "geometry": { "type": "Point", "coordinates": [ 138.358461, 36.266135 ] } },
{ "type": "Feature", "properties": { "ID": 2057200111240, "正式名称": "桜里堂薬局", "機関区分": 5, "都道府県コード": 20, "市区町村コード": 217, "所在地": "長野県佐久市臼田１２４４－１", "緯度": 36.20722, "経度": 138.47139, "url": "https://www.iryou.teikyouseido.mhlw.go.jp/znk-web/juminkanja/S2430/initialize?prefCd=20&kikanCd=7200111240&kikanKbn=5", "url2": null, "内容": "桜里堂薬局【5:薬局】長野県佐久市臼田１２４４－１" }, "geometry": { "type": "Point", "coordinates": [ 138.47139, 36.20722 ] } },
{ "type": "Feature", "properties": { "ID": 2057200111510, "正式名称": "ソーマ野沢薬局", "機関区分": 5, "都道府県コード": 20, "市区町村コード": 217, "所在地": "長野県佐久市原５６８－１", "緯度": 36.227587, "経度": 138.469814, "url": "https://www.iryou.teikyouseido.mhlw.go.jp/znk-web/juminkanja/S2430/initialize?prefCd=20&kikanCd=7200111510&kikanKbn=5", "url2": "http://www.somatk.co.jp", "内容": "ソーマ野沢薬局【5:薬局】長野県佐久市原５６８－１" }, "geometry": { "type": "Point", "coordinates": [ 138.469814, 36.227587 ] } },
{ "type": "Feature", "properties": { "ID": 2057200112040, "正式名称": "オレンジ薬局", "機関区分": 5, "都道府県コード": 20, "市区町村コード": 217, "所在地": "長野県佐久市佐久平駅北１８－１", "緯度": 36.280442, "経度": 138.460785, "url": "https://www.iryou.teikyouseido.mhlw.go.jp/znk-web/juminkanja/S2430/initialize?prefCd=20&kikanCd=7200112040&kikanKbn=5", "url2": "https://dpc-net.ne.jp/storeinfo/nagano/nagano-orange/", "内容": "オレンジ薬局【5:薬局】長野県佐久市佐久平駅北１８－１" }, "geometry": { "type": "Point", "coordinates": [ 138.460785, 36.280442 ] } },
{ "type": "Feature", "properties": { "ID": 2057200112130, "正式名称": "ソーマ佐久平薬局", "機関区分": 5, "都道府県コード": 20, "市区町村コード": 217, "所在地": "長野県佐久市岩村田１３１８－７", "緯度": 36.273554, "経度": 138.470923, "url": "https://www.iryou.teikyouseido.mhlw.go.jp/znk-web/juminkanja/S2430/initialize?prefCd=20&kikanCd=7200112130&kikanKbn=5", "url2": "http://www.somatk.co.jp", "内容": "ソーマ佐久平薬局【5:薬局】長野県佐久市岩村田１３１８－７" }, "geometry": { "type": "Point", "coordinates": [ 138.470923, 36.273554 ] } },
{ "type": "Feature", "properties": { "ID": 2057200112220, "正式名称": "調剤薬局ツルハドラッグ佐久岩村田店", "機関区分": 5, "都道府県コード": 20, "市区町村コード": 217, "所在地": "長野県佐久市岩村田２１０３", "緯度": 36.26936, "経度": 138.476062, "url": "https://www.iryou.teikyouseido.mhlw.go.jp/znk-web/juminkanja/S2430/initialize?prefCd=20&kikanCd=7200112220&kikanKbn=5", "url2": "http://www.tsuruha.co.jp/", "内容": "調剤薬局ツルハドラッグ佐久岩村田店【5:薬局】長野県佐久市岩村田２１０３" }, "geometry": { "type": "Point", "coordinates": [ 138.476062, 36.26936 ] } },
{ "type": "Feature", "properties": { "ID": 2057200112410, "正式名称": "ほのぼの薬局", "機関区分": 5, "都道府県コード": 20, "市区町村コード": 217, "所在地": "長野県佐久市岩村田１８０８番地１", "緯度": 36.26661, "経度": 138.46809, "url": "https://www.iryou.teikyouseido.mhlw.go.jp/znk-web/juminkanja/S2430/initialize?prefCd=20&kikanCd=7200112410&kikanKbn=5", "url2": null, "内容": "ほのぼの薬局【5:薬局】長野県佐久市岩村田１８０８番地１" }, "geometry": { "type": "Point", "coordinates": [ 138.46809, 36.26661 ] } },
{ "type": "Feature", "properties": { "ID": 2057200112870, "正式名称": "さくら薬局　長野浅間店", "機関区分": 5, "都道府県コード": 20, "市区町村コード": 217, "所在地": "長野県佐久市岩村田１３３７－２", "緯度": 36.271027, "経度": 138.467979, "url": "https://www.iryou.teikyouseido.mhlw.go.jp/znk-web/juminkanja/S2430/initialize?prefCd=20&kikanCd=7200112870&kikanKbn=5", "url2": "https://www.kraft-net.co.jp/sakura/store/3407/", "内容": "さくら薬局　長野浅間店【5:薬局】長野県佐久市岩村田１３３７－２" }, "geometry": { "type": "Point", "coordinates": [ 138.467979, 36.271027 ] } },
{ "type": "Feature", "properties": { "ID": 2057200113020, "正式名称": "中込中央薬局", "機関区分": 5, "都道府県コード": 20, "市区町村コード": 217, "所在地": "長野県佐久市中込３１１０‐１５", "緯度": 36.250835, "経度": 138.477173, "url": "https://www.iryou.teikyouseido.mhlw.go.jp/znk-web/juminkanja/S2430/initialize?prefCd=20&kikanCd=7200113020&kikanKbn=5", "url2": "https://y-shinsyuphama.com", "内容": "中込中央薬局【5:薬局】長野県佐久市中込３１１０‐１５" }, "geometry": { "type": "Point", "coordinates": [ 138.477173, 36.250835 ] } },
{ "type": "Feature", "properties": { "ID": 2057200113210, "正式名称": "きうち薬局", "機関区分": 5, "都道府県コード": 20, "市区町村コード": 217, "所在地": "長野県佐久市中込３７１２ー５", "緯度": 36.253779, "経度": 138.466119, "url": "https://www.iryou.teikyouseido.mhlw.go.jp/znk-web/juminkanja/S2430/initialize?prefCd=20&kikanCd=7200113210&kikanKbn=5", "url2": null, "内容": "きうち薬局【5:薬局】長野県佐久市中込３７１２ー５" }, "geometry": { "type": "Point", "coordinates": [ 138.466119, 36.253779 ] } },
{ "type": "Feature", "properties": { "ID": 2057200113300, "正式名称": "イオン薬局佐久平店", "機関区分": 5, "都道府県コード": 20, "市区町村コード": 217, "所在地": "長野県佐久市佐久平駅南１１―１０", "緯度": 36.27572, "経度": 138.464035, "url": "https://www.iryou.teikyouseido.mhlw.go.jp/znk-web/juminkanja/S2430/initialize?prefCd=20&kikanCd=7200113300&kikanKbn=5", "url2": null, "内容": "イオン薬局佐久平店【5:薬局】長野県佐久市佐久平駅南１１―１０" }, "geometry": { "type": "Point", "coordinates": [ 138.464035, 36.27572 ] } },
{ "type": "Feature", "properties": { "ID": 2057200113490, "正式名称": "せき薬局　宿岩店", "機関区分": 5, "都道府県コード": 20, "市区町村コード": 309, "所在地": "長野県南佐久郡佐久穂町高野町７２０－１０", "緯度": 36.166178, "経度": 138.484593, "url": "https://www.iryou.teikyouseido.mhlw.go.jp/znk-web/juminkanja/S2430/initialize?prefCd=20&kikanCd=7200113490&kikanKbn=5", "url2": null, "内容": "せき薬局　宿岩店【5:薬局】長野県南佐久郡佐久穂町高野町７２０－１０" }, "geometry": { "type": "Point", "coordinates": [ 138.484593, 36.166178 ] } },
{ "type": "Feature", "properties": { "ID": 2057200113580, "正式名称": "佐久穂もみの木薬局", "機関区分": 5, "都道府県コード": 20, "市区町村コード": 309, "所在地": "長野県南佐久郡佐久穂町高野町４６１－６", "緯度": 36.166928, "経度": 138.484315, "url": "https://www.iryou.teikyouseido.mhlw.go.jp/znk-web/juminkanja/S2430/initialize?prefCd=20&kikanCd=7200113580&kikanKbn=5", "url2": null, "内容": "佐久穂もみの木薬局【5:薬局】長野県南佐久郡佐久穂町高野町４６１－６" }, "geometry": { "type": "Point", "coordinates": [ 138.484315, 36.166928 ] } },
{ "type": "Feature", "properties": { "ID": 2057200113670, "正式名称": "あおぞら薬局", "機関区分": 5, "都道府県コード": 20, "市区町村コード": 217, "所在地": "長野県佐久市長土呂８０３－３４", "緯度": 36.291108, "経度": 138.472756, "url": "https://www.iryou.teikyouseido.mhlw.go.jp/znk-web/juminkanja/S2430/initialize?prefCd=20&kikanCd=7200113670&kikanKbn=5", "url2": "https://www.aozorapharmacy.net", "内容": "あおぞら薬局【5:薬局】長野県佐久市長土呂８０３－３４" }, "geometry": { "type": "Point", "coordinates": [ 138.472756, 36.291108 ] } },
{ "type": "Feature", "properties": { "ID": 2057200113760, "正式名称": "コスモファーマ岩村田薬局", "機関区分": 5, "都道府県コード": 20, "市区町村コード": 217, "所在地": "長野県佐久市岩村田１０８１－１", "緯度": 36.278831, "経度": 138.472256, "url": "https://www.iryou.teikyouseido.mhlw.go.jp/znk-web/juminkanja/S2430/initialize?prefCd=20&kikanCd=7200113760&kikanKbn=5", "url2": "http://www.cosmo-ph.co.jp", "内容": "コスモファーマ岩村田薬局【5:薬局】長野県佐久市岩村田１０８１－１" }, "geometry": { "type": "Point", "coordinates": [ 138.472256, 36.278831 ] } },
{ "type": "Feature", "properties": { "ID": 2057200113940, "正式名称": "カワチ薬局　佐久平店", "機関区分": 5, "都道府県コード": 20, "市区町村コード": 217, "所在地": "長野県佐久市岩村田１７６３－１", "緯度": 36.267166, "経度": 138.465785, "url": "https://www.iryou.teikyouseido.mhlw.go.jp/znk-web/juminkanja/S2430/initialize?prefCd=20&kikanCd=7200113940&kikanKbn=5", "url2": "https://www.cawachi.co.jp", "内容": "カワチ薬局　佐久平店【5:薬局】長野県佐久市岩村田１７６３－１" }, "geometry": { "type": "Point", "coordinates": [ 138.465785, 36.267166 ] } },
{ "type": "Feature", "properties": { "ID": 2057200114010, "正式名称": "こぶし薬局", "機関区分": 5, "都道府県コード": 20, "市区町村コード": 217, "所在地": "長野県佐久市岩村田１３１１－１０", "緯度": 36.273749, "経度": 138.469923, "url": "https://www.iryou.teikyouseido.mhlw.go.jp/znk-web/juminkanja/S2430/initialize?prefCd=20&kikanCd=7200114010&kikanKbn=5", "url2": null, "内容": "こぶし薬局【5:薬局】長野県佐久市岩村田１３１１－１０" }, "geometry": { "type": "Point", "coordinates": [ 138.469923, 36.273749 ] } },
{ "type": "Feature", "properties": { "ID": 2057200114100, "正式名称": "ウエルシア薬局　小諸みかげ店", "機関区分": 5, "都道府県コード": 20, "市区町村コード": 208, "所在地": "長野県小諸市御影新田２５７８ー１", "緯度": 36.297524, "経度": 138.466395, "url": "https://www.iryou.teikyouseido.mhlw.go.jp/znk-web/juminkanja/S2430/initialize?prefCd=20&kikanCd=7200114100&kikanKbn=5", "url2": "https://stores.welcia.co.jp/6177D", "内容": "ウエルシア薬局　小諸みかげ店【5:薬局】長野県小諸市御影新田２５７８ー１" }, "geometry": { "type": "Point", "coordinates": [ 138.466395, 36.297524 ] } },
{ "type": "Feature", "properties": { "ID": 2057200114380, "正式名称": "ウエルシア薬局　佐久野沢店", "機関区分": 5, "都道府県コード": 20, "市区町村コード": 217, "所在地": "長野県佐久市野沢下木戸２４８－１", "緯度": 36.226948, "経度": 138.465537, "url": "https://www.iryou.teikyouseido.mhlw.go.jp/znk-web/juminkanja/S2430/initialize?prefCd=20&kikanCd=7200114380&kikanKbn=5", "url2": "http://www.welcia-yakkyoku.co.jp/", "内容": "ウエルシア薬局　佐久野沢店【5:薬局】長野県佐久市野沢下木戸２４８－１" }, "geometry": { "type": "Point", "coordinates": [ 138.465537, 36.226948 ] } },
{ "type": "Feature", "properties": { "ID": 2057200114470, "正式名称": "シンビ堂中軽井沢薬局", "機関区分": 5, "都道府県コード": 20, "市区町村コード": 321, "所在地": "長野県北佐久郡軽井沢町長倉２８４２－７", "緯度": 36.343966, "経度": 138.591021, "url": "https://www.iryou.teikyouseido.mhlw.go.jp/znk-web/juminkanja/S2430/initialize?prefCd=20&kikanCd=7200114470&kikanKbn=5", "url2": "http://shinbi-do.com/", "内容": "シンビ堂中軽井沢薬局【5:薬局】長野県北佐久郡軽井沢町長倉２８４２－７" }, "geometry": { "type": "Point", "coordinates": [ 138.591021, 36.343966 ] } },
{ "type": "Feature", "properties": { "ID": 2057200114740, "正式名称": "佐久平もみの木薬局", "機関区分": 5, "都道府県コード": 20, "市区町村コード": 217, "所在地": "長野県佐久市中込３６３９－３３", "緯度": 36.238142, "経度": 138.473952, "url": "https://www.iryou.teikyouseido.mhlw.go.jp/znk-web/juminkanja/S2430/initialize?prefCd=20&kikanCd=7200114740&kikanKbn=5", "url2": null, "内容": "佐久平もみの木薬局【5:薬局】長野県佐久市中込３６３９－３３" }, "geometry": { "type": "Point", "coordinates": [ 138.473952, 36.238142 ] } },
{ "type": "Feature", "properties": { "ID": 2057200114830, "正式名称": "コスモファーマ中込薬局", "機関区分": 5, "都道府県コード": 20, "市区町村コード": 217, "所在地": "長野県佐久市中込３６１１ー１０", "緯度": 36.250612, "経度": 138.469424, "url": "https://www.iryou.teikyouseido.mhlw.go.jp/znk-web/juminkanja/S2430/initialize?prefCd=20&kikanCd=7200114830&kikanKbn=5", "url2": "http://www.cosmo-ph.co.jp", "内容": "コスモファーマ中込薬局【5:薬局】長野県佐久市中込３６１１ー１０" }, "geometry": { "type": "Point", "coordinates": [ 138.469424, 36.250612 ] } },
{ "type": "Feature", "properties": { "ID": 2057200114920, "正式名称": "シンサン薬局", "機関区分": 5, "都道府県コード": 20, "市区町村コード": 217, "所在地": "長野県佐久市中込３６１１－２１９", "緯度": 36.249529, "経度": 138.468924, "url": "https://www.iryou.teikyouseido.mhlw.go.jp/znk-web/juminkanja/S2430/initialize?prefCd=20&kikanCd=7200114920&kikanKbn=5", "url2": "https://www.kusurinomadoguchi.com/nagano/s124662", "内容": "シンサン薬局【5:薬局】長野県佐久市中込３６１１－２１９" }, "geometry": { "type": "Point", "coordinates": [ 138.468924, 36.249529 ] } },
{ "type": "Feature", "properties": { "ID": 2057200115090, "正式名称": "ハート薬局", "機関区分": 5, "都道府県コード": 20, "市区町村コード": 217, "所在地": "長野県佐久市中込３２３８－２", "緯度": 36.238142, "経度": 138.473952, "url": "https://www.iryou.teikyouseido.mhlw.go.jp/znk-web/juminkanja/S2430/initialize?prefCd=20&kikanCd=7200115090&kikanKbn=5", "url2": null, "内容": "ハート薬局【5:薬局】長野県佐久市中込３２３８－２" }, "geometry": { "type": "Point", "coordinates": [ 138.473952, 36.238142 ] } },
{ "type": "Feature", "properties": { "ID": 2057200115180, "正式名称": "日本調剤　佐久薬局", "機関区分": 5, "都道府県コード": 20, "市区町村コード": 217, "所在地": "長野県佐久市中込３２８２－１", "緯度": 36.238142, "経度": 138.473952, "url": "https://www.iryou.teikyouseido.mhlw.go.jp/znk-web/juminkanja/S2430/initialize?prefCd=20&kikanCd=7200115180&kikanKbn=5", "url2": "http://www.nicho.co.jp/", "内容": "日本調剤　佐久薬局【5:薬局】長野県佐久市中込３２８２－１" }, "geometry": { "type": "Point", "coordinates": [ 138.473952, 36.238142 ] } },
{ "type": "Feature", "properties": { "ID": 2057200115450, "正式名称": "ウエルシア薬局　佐久中込店", "機関区分": 5, "都道府県コード": 20, "市区町村コード": 217, "所在地": "長野県佐久市中込４４７－５", "緯度": 36.232976, "経度": 138.474702, "url": "https://www.iryou.teikyouseido.mhlw.go.jp/znk-web/juminkanja/S2430/initialize?prefCd=20&kikanCd=7200115450&kikanKbn=5", "url2": null, "内容": "ウエルシア薬局　佐久中込店【5:薬局】長野県佐久市中込４４７－５" }, "geometry": { "type": "Point", "coordinates": [ 138.474702, 36.232976 ] } },
{ "type": "Feature", "properties": { "ID": 2057200115540, "正式名称": "豊里薬局", "機関区分": 5, "都道府県コード": 20, "市区町村コード": 303, "所在地": "長野県南佐久郡小海町豊里２９９－１", "緯度": 36.061606, "経度": 138.462904, "url": "https://www.iryou.teikyouseido.mhlw.go.jp/znk-web/juminkanja/S2430/initialize?prefCd=20&kikanCd=7200115540&kikanKbn=5", "url2": "https://www.en-toyosato.com", "内容": "豊里薬局【5:薬局】長野県南佐久郡小海町豊里２９９－１" }, "geometry": { "type": "Point", "coordinates": [ 138.462904, 36.061606 ] } },
{ "type": "Feature", "properties": { "ID": 2057200115720, "正式名称": "みなみ薬局", "機関区分": 5, "都道府県コード": 20, "市区町村コード": 217, "所在地": "長野県佐久市岩村田２０１３－１", "緯度": 36.272499, "経度": 138.4787, "url": "https://www.iryou.teikyouseido.mhlw.go.jp/znk-web/juminkanja/S2430/initialize?prefCd=20&kikanCd=7200115720&kikanKbn=5", "url2": null, "内容": "みなみ薬局【5:薬局】長野県佐久市岩村田２０１３－１" }, "geometry": { "type": "Point", "coordinates": [ 138.4787, 36.272499 ] } },
{ "type": "Feature", "properties": { "ID": 2057200115910, "正式名称": "てんじん薬局", "機関区分": 5, "都道府県コード": 20, "市区町村コード": 208, "所在地": "長野県小諸市諸３４３－１", "緯度": 36.338517, "経度": 138.411009, "url": "https://www.iryou.teikyouseido.mhlw.go.jp/znk-web/juminkanja/S2430/initialize?prefCd=20&kikanCd=7200115910&kikanKbn=5", "url2": "https://dpc-net.ne.jp/storeinfo/nagano/nagano-tenjin/", "内容": "てんじん薬局【5:薬局】長野県小諸市諸３４３－１" }, "geometry": { "type": "Point", "coordinates": [ 138.411009, 36.338517 ] } },
{ "type": "Feature", "properties": { "ID": 2057200116070, "正式名称": "佐久平薬局", "機関区分": 5, "都道府県コード": 20, "市区町村コード": 217, "所在地": "長野県佐久市佐久平駅北１９－１４", "緯度": 36.279576, "経度": 138.46067, "url": "https://www.iryou.teikyouseido.mhlw.go.jp/znk-web/juminkanja/S2430/initialize?prefCd=20&kikanCd=7200116070&kikanKbn=5", "url2": "https://dpc-net.ne.jp/storeinfo/nagano/nagano-sakudaira/", "内容": "佐久平薬局【5:薬局】長野県佐久市佐久平駅北１９－１４" }, "geometry": { "type": "Point", "coordinates": [ 138.46067, 36.279576 ] } },
{ "type": "Feature", "properties": { "ID": 2057200116340, "正式名称": "市町てんじん薬局", "機関区分": 5, "都道府県コード": 20, "市区町村コード": 208, "所在地": "長野県小諸市市町５－３－５", "緯度": 36.335629, "経度": 138.418286, "url": "https://www.iryou.teikyouseido.mhlw.go.jp/znk-web/juminkanja/S2430/initialize?prefCd=20&kikanCd=7200116340&kikanKbn=5", "url2": "https://dpc-net.ne.jp/storeinfo/nagano/nagano-ichimachi-tenjin/", "内容": "市町てんじん薬局【5:薬局】長野県小諸市市町５－３－５" }, "geometry": { "type": "Point", "coordinates": [ 138.418286, 36.335629 ] } },
{ "type": "Feature", "properties": { "ID": 2057200116710, "正式名称": "野辺山高原薬局", "機関区分": 5, "都道府県コード": 20, "市区町村コード": 305, "所在地": "長野県南佐久郡南牧村野辺山１０９", "緯度": 35.955757, "経度": 138.470352, "url": "https://www.iryou.teikyouseido.mhlw.go.jp/znk-web/juminkanja/S2430/initialize?prefCd=20&kikanCd=7200116710&kikanKbn=5", "url2": "http://nobeyaku.com", "内容": "野辺山高原薬局【5:薬局】長野県南佐久郡南牧村野辺山１０９" }, "geometry": { "type": "Point", "coordinates": [ 138.470352, 35.955757 ] } },
{ "type": "Feature", "properties": { "ID": 2057200116800, "正式名称": "薬局マツモトキヨシ　軽井沢店", "機関区分": 5, "都道府県コード": 20, "市区町村コード": 321, "所在地": "長野県北佐久郡軽井沢町長倉２６６９－１", "緯度": 36.337679, "経度": 138.592905, "url": "https://www.iryou.teikyouseido.mhlw.go.jp/znk-web/juminkanja/S2430/initialize?prefCd=20&kikanCd=7200116800&kikanKbn=5", "url2": "https://www.matsukiyo.co.jp/store/online", "内容": "薬局マツモトキヨシ　軽井沢店【5:薬局】長野県北佐久郡軽井沢町長倉２６６９－１" }, "geometry": { "type": "Point", "coordinates": [ 138.592905, 36.337679 ] } },
{ "type": "Feature", "properties": { "ID": 2057200117050, "正式名称": "佐久調剤薬局", "機関区分": 5, "都道府県コード": 20, "市区町村コード": 217, "所在地": "長野県佐久市岩村田１３３４", "緯度": 36.271374, "経度": 138.469386, "url": "https://www.iryou.teikyouseido.mhlw.go.jp/znk-web/juminkanja/S2430/initialize?prefCd=20&kikanCd=7200117050&kikanKbn=5", "url2": "https://dpc-net.ne.jp/storeinfo/nagano/nagano-sakuchouzai/", "内容": "佐久調剤薬局【5:薬局】長野県佐久市岩村田１３３４" }, "geometry": { "type": "Point", "coordinates": [ 138.469386, 36.271374 ] } },
{ "type": "Feature", "properties": { "ID": 2057200117230, "正式名称": "ウエルシア薬局小諸御幸町店", "機関区分": 5, "都道府県コード": 20, "市区町村コード": 208, "所在地": "長野県　小諸市御幸町１－２－２６", "緯度": 36.31897, "経度": 138.431993, "url": "https://www.iryou.teikyouseido.mhlw.go.jp/znk-web/juminkanja/S2430/initialize?prefCd=20&kikanCd=7200117230&kikanKbn=5", "url2": "https://store.welcia.co.jp/welcia/spot/detail?code=6361D", "内容": "ウエルシア薬局小諸御幸町店【5:薬局】長野県　小諸市御幸町１－２－２６" }, "geometry": { "type": "Point", "coordinates": [ 138.431993, 36.31897 ] } },
{ "type": "Feature", "properties": { "ID": 2057200117320, "正式名称": "アイン薬局和田店", "機関区分": 5, "都道府県コード": 20, "市区町村コード": 208, "所在地": "長野県小諸市和田９６６ー１", "緯度": 36.296115, "経度": 138.461245, "url": "https://www.iryou.teikyouseido.mhlw.go.jp/znk-web/juminkanja/S2430/initialize?prefCd=20&kikanCd=7200117320&kikanKbn=5", "url2": "http://www.ainj.co.jp/network/ainpharmaciez/asp0131.html", "内容": "アイン薬局和田店【5:薬局】長野県小諸市和田９６６ー１" }, "geometry": { "type": "Point", "coordinates": [ 138.461245, 36.296115 ] } },
{ "type": "Feature", "properties": { "ID": 2057200117510, "正式名称": "スマイル薬局", "機関区分": 5, "都道府県コード": 20, "市区町村コード": 217, "所在地": "長野県佐久市岩村田字東大門先２０８０ー１１", "緯度": 36.268724, "経度": 138.475743, "url": "https://www.iryou.teikyouseido.mhlw.go.jp/znk-web/juminkanja/S2430/initialize?prefCd=20&kikanCd=7200117510&kikanKbn=5", "url2": "https://dpc-net.ne.jp/storeinfo/nagano/nagano-smile/", "内容": "スマイル薬局【5:薬局】長野県佐久市岩村田字東大門先２０８０ー１１" }, "geometry": { "type": "Point", "coordinates": [ 138.475743, 36.268724 ] } },
{ "type": "Feature", "properties": { "ID": 2057200117600, "正式名称": "日本調剤荒町薬局", "機関区分": 5, "都道府県コード": 20, "市区町村コード": 208, "所在地": "長野県小諸市荒町１ー７ー２７東信ビル１階", "緯度": 36.327103, "経度": 138.426424, "url": "https://www.iryou.teikyouseido.mhlw.go.jp/znk-web/juminkanja/S2430/initialize?prefCd=20&kikanCd=7200117600&kikanKbn=5", "url2": "https://www.nicho.co.jp/tenpo/aramati/", "内容": "日本調剤荒町薬局【5:薬局】長野県小諸市荒町１ー７ー２７東信ビル１階" }, "geometry": { "type": "Point", "coordinates": [ 138.426424, 36.327103 ] } },
{ "type": "Feature", "properties": { "ID": 2057200117790, "正式名称": "赤坂てんじん薬局", "機関区分": 5, "都道府県コード": 20, "市区町村コード": 208, "所在地": "長野県小諸市赤坂１ー１６ー１", "緯度": 36.325876, "経度": 138.426643, "url": "https://www.iryou.teikyouseido.mhlw.go.jp/znk-web/juminkanja/S2430/initialize?prefCd=20&kikanCd=7200117790&kikanKbn=5", "url2": "https://dpc-net.ne.jp/storeinfo/nagano/nagano-akasaka-tenjin/", "内容": "赤坂てんじん薬局【5:薬局】長野県小諸市赤坂１ー１６ー１" }, "geometry": { "type": "Point", "coordinates": [ 138.426643, 36.325876 ] } },
{ "type": "Feature", "properties": { "ID": 2057200117970, "正式名称": "小田井薬局", "機関区分": 5, "都道府県コード": 20, "市区町村コード": 217, "所在地": "長野県佐久市小田井８２５－３", "緯度": 36.296767, "経度": 138.493037, "url": "https://www.iryou.teikyouseido.mhlw.go.jp/znk-web/juminkanja/S2430/initialize?prefCd=20&kikanCd=7200117970&kikanKbn=5", "url2": null, "内容": "小田井薬局【5:薬局】長野県佐久市小田井８２５－３" }, "geometry": { "type": "Point", "coordinates": [ 138.493037, 36.296767 ] } },
{ "type": "Feature", "properties": { "ID": 2057200118030, "正式名称": "クオール小諸薬局", "機関区分": 5, "都道府県コード": 20, "市区町村コード": 208, "所在地": "長野県小諸市甲４５９８ー２３", "緯度": 36.345684, "経度": 138.452144, "url": "https://www.iryou.teikyouseido.mhlw.go.jp/znk-web/juminkanja/S2430/initialize?prefCd=20&kikanCd=7200118030&kikanKbn=5", "url2": "http://www.qol-net.co.jp/", "内容": "クオール小諸薬局【5:薬局】長野県小諸市甲４５９８ー２３" }, "geometry": { "type": "Point", "coordinates": [ 138.452144, 36.345684 ] } },
{ "type": "Feature", "properties": { "ID": 2057200118120, "正式名称": "ウエルシア薬局　佐久市役所前店", "機関区分": 5, "都道府県コード": 20, "市区町村コード": 217, "所在地": "長野県佐久市中込３０１６ー３", "緯度": 36.24614, "経度": 138.476109, "url": "https://www.iryou.teikyouseido.mhlw.go.jp/znk-web/juminkanja/S2430/initialize?prefCd=20&kikanCd=7200118120&kikanKbn=5", "url2": "http://as.chizumaru.com/welcia/detailMap?account=welcia&accmd=3&bid=6345", "内容": "ウエルシア薬局　佐久市役所前店【5:薬局】長野県佐久市中込３０１６ー３" }, "geometry": { "type": "Point", "coordinates": [ 138.476109, 36.24614 ] } },
{ "type": "Feature", "properties": { "ID": 2057200118310, "正式名称": "石塚薬局", "機関区分": 5, "都道府県コード": 20, "市区町村コード": 217, "所在地": "長野県佐久市中込３２８４ー４", "緯度": 36.25402, "経度": 138.473252, "url": "https://www.iryou.teikyouseido.mhlw.go.jp/znk-web/juminkanja/S2430/initialize?prefCd=20&kikanCd=7200118310&kikanKbn=5", "url2": null, "内容": "石塚薬局【5:薬局】長野県佐久市中込３２８４ー４" }, "geometry": { "type": "Point", "coordinates": [ 138.473252, 36.25402 ] } },
{ "type": "Feature", "properties": { "ID": 2057200118400, "正式名称": "ウエルシア薬局佐久インターウェーブ店", "機関区分": 5, "都道府県コード": 20, "市区町村コード": 217, "所在地": "長野県佐久市小田井６１３ー１", "緯度": 36.29175, "経度": 138.487658, "url": "https://www.iryou.teikyouseido.mhlw.go.jp/znk-web/juminkanja/S2430/initialize?prefCd=20&kikanCd=7200118400&kikanKbn=5", "url2": null, "内容": "ウエルシア薬局佐久インターウェーブ店【5:薬局】長野県佐久市小田井６１３ー１" }, "geometry": { "type": "Point", "coordinates": [ 138.487658, 36.29175 ] } },
{ "type": "Feature", "properties": { "ID": 2057200118590, "正式名称": "アーク調剤薬局　軽井沢店", "機関区分": 5, "都道府県コード": 20, "市区町村コード": 323, "所在地": "長野県北佐久郡御代田町御代田２３３４ー８", "緯度": 36.3151, "経度": 138.512561, "url": "https://www.iryou.teikyouseido.mhlw.go.jp/znk-web/juminkanja/S2430/initialize?prefCd=20&kikanCd=7200118590&kikanKbn=5", "url2": "http://www.arc-m.co.jp", "内容": "アーク調剤薬局　軽井沢店【5:薬局】長野県北佐久郡御代田町御代田２３３４ー８" }, "geometry": { "type": "Point", "coordinates": [ 138.512561, 36.3151 ] } },
{ "type": "Feature", "properties": { "ID": 2057200118680, "正式名称": "シンビ堂御代田薬局", "機関区分": 5, "都道府県コード": 20, "市区町村コード": 323, "所在地": "長野県北佐久郡御代田町馬瀬口１７４３", "緯度": 36.326669, "経度": 138.50998, "url": "https://www.iryou.teikyouseido.mhlw.go.jp/znk-web/juminkanja/S2430/initialize?prefCd=20&kikanCd=7200118680&kikanKbn=5", "url2": "http://www.shinbi-do.com/", "内容": "シンビ堂御代田薬局【5:薬局】長野県北佐久郡御代田町馬瀬口１７４３" }, "geometry": { "type": "Point", "coordinates": [ 138.50998, 36.326669 ] } },
{ "type": "Feature", "properties": { "ID": 2057200118770, "正式名称": "あおば薬局", "機関区分": 5, "都道府県コード": 20, "市区町村コード": 324, "所在地": "長野県北佐久郡立科町芦田１１２５ー１", "緯度": 36.274765, "経度": 138.322346, "url": "https://www.iryou.teikyouseido.mhlw.go.jp/znk-web/juminkanja/S2430/initialize?prefCd=20&kikanCd=7200118770&kikanKbn=5", "url2": null, "内容": "あおば薬局【5:薬局】長野県北佐久郡立科町芦田１１２５ー１" }, "geometry": { "type": "Point", "coordinates": [ 138.322346, 36.274765 ] } },
{ "type": "Feature", "properties": { "ID": 2057200118860, "正式名称": "有限会社　高橋薬局", "機関区分": 5, "都道府県コード": 20, "市区町村コード": 321, "所在地": "長野県北佐久郡軽井沢町中軽井沢３ー６", "緯度": 36.348969, "経度": 138.594249, "url": "https://www.iryou.teikyouseido.mhlw.go.jp/znk-web/juminkanja/S2430/initialize?prefCd=20&kikanCd=7200118860&kikanKbn=5", "url2": "http://www.takahashi-yakkyoku.com", "内容": "有限会社　高橋薬局【5:薬局】長野県北佐久郡軽井沢町中軽井沢３ー６" }, "geometry": { "type": "Point", "coordinates": [ 138.594249, 36.348969 ] } },
{ "type": "Feature", "properties": { "ID": 2057200118950, "正式名称": "いずみの薬局", "機関区分": 5, "都道府県コード": 20, "市区町村コード": 217, "所在地": "長野県佐久市三塚１９１－３７", "緯度": 36.232283, "経度": 138.452074, "url": "https://www.iryou.teikyouseido.mhlw.go.jp/znk-web/juminkanja/S2430/initialize?prefCd=20&kikanCd=7200118950&kikanKbn=5", "url2": null, "内容": "いずみの薬局【5:薬局】長野県佐久市三塚１９１－３７" }, "geometry": { "type": "Point", "coordinates": [ 138.452074, 36.232283 ] } },
{ "type": "Feature", "properties": { "ID": 2057200119010, "正式名称": "お天気堂薬局", "機関区分": 5, "都道府県コード": 20, "市区町村コード": 208, "所在地": "長野県小諸市相生町１‐２‐１", "緯度": 36.327602, "経度": 138.42212, "url": "https://www.iryou.teikyouseido.mhlw.go.jp/znk-web/juminkanja/S2430/initialize?prefCd=20&kikanCd=7200119010&kikanKbn=5", "url2": "https://heiseipharmacy.com/", "内容": "お天気堂薬局【5:薬局】長野県小諸市相生町１‐２‐１" }, "geometry": { "type": "Point", "coordinates": [ 138.42212, 36.327602 ] } },
{ "type": "Feature", "properties": { "ID": 2057200119110, "正式名称": "こもろ相生薬局", "機関区分": 5, "都道府県コード": 20, "市区町村コード": 208, "所在地": "長野県小諸市相生町３－２－３", "緯度": 36.327988, "経度": 138.424931, "url": "https://www.iryou.teikyouseido.mhlw.go.jp/znk-web/juminkanja/S2430/initialize?prefCd=20&kikanCd=7200119110&kikanKbn=5", "url2": "http://eye-rink.com", "内容": "こもろ相生薬局【5:薬局】長野県小諸市相生町３－２－３" }, "geometry": { "type": "Point", "coordinates": [ 138.424931, 36.327988 ] } },
{ "type": "Feature", "properties": { "ID": 2057200119200, "正式名称": "古城てんじん薬局", "機関区分": 5, "都道府県コード": 20, "市区町村コード": 208, "所在地": "長野県小諸市古城２ー２ー２８　キャッスルスクエア１Ｆ", "緯度": 36.326501, "経度": 138.420559, "url": "https://www.iryou.teikyouseido.mhlw.go.jp/znk-web/juminkanja/S2430/initialize?prefCd=20&kikanCd=7200119200&kikanKbn=5", "url2": "https://dpc-net.ne.jp/storeinfo/nagano/nagano-kojo-tenjin/", "内容": "古城てんじん薬局【5:薬局】長野県小諸市古城２ー２ー２８　キャッスルスクエア１Ｆ" }, "geometry": { "type": "Point", "coordinates": [ 138.420559, 36.326501 ] } },
{ "type": "Feature", "properties": { "ID": 2057200119480, "正式名称": "うみのくち薬局", "機関区分": 5, "都道府県コード": 20, "市区町村コード": 305, "所在地": "長野県南佐久郡南牧村海ノ口１０４８－３", "緯度": 36.021222, "経度": 138.491508, "url": "https://www.iryou.teikyouseido.mhlw.go.jp/znk-web/juminkanja/S2430/initialize?prefCd=20&kikanCd=7200119480&kikanKbn=5", "url2": null, "内容": "うみのくち薬局【5:薬局】長野県南佐久郡南牧村海ノ口１０４８－３" }, "geometry": { "type": "Point", "coordinates": [ 138.491508, 36.021222 ] } },
{ "type": "Feature", "properties": { "ID": 2057200119570, "正式名称": "モリキ　フォレストモール佐久平薬局", "機関区分": 5, "都道府県コード": 20, "市区町村コード": 217, "所在地": "長野県佐久市岩村田５５０２－２１", "緯度": 36.272504, "経度": 138.476909, "url": "https://www.iryou.teikyouseido.mhlw.go.jp/znk-web/juminkanja/S2430/initialize?prefCd=20&kikanCd=7200119570&kikanKbn=5", "url2": "https://www.moriki-group.info/", "内容": "モリキ　フォレストモール佐久平薬局【5:薬局】長野県佐久市岩村田５５０２－２１" }, "geometry": { "type": "Point", "coordinates": [ 138.476909, 36.272504 ] } },
{ "type": "Feature", "properties": { "ID": 2057200119660, "正式名称": "薬局マツモトキヨシ　佐久平店", "機関区分": 5, "都道府県コード": 20, "市区町村コード": 217, "所在地": "長野県佐久市佐久平駅南２６ー３", "緯度": 36.2764, "経度": 138.46288, "url": "https://www.iryou.teikyouseido.mhlw.go.jp/znk-web/juminkanja/S2430/initialize?prefCd=20&kikanCd=7200119660&kikanKbn=5", "url2": null, "内容": "薬局マツモトキヨシ　佐久平店【5:薬局】長野県佐久市佐久平駅南２６ー３" }, "geometry": { "type": "Point", "coordinates": [ 138.46288, 36.2764 ] } },
{ "type": "Feature", "properties": { "ID": 2057200119840, "正式名称": "わたぴー薬局小諸八満店", "機関区分": 5, "都道府県コード": 20, "市区町村コード": 208, "所在地": "長野県小諸市八満１８８－１", "緯度": 36.321702, "経度": 138.458777, "url": "https://www.iryou.teikyouseido.mhlw.go.jp/znk-web/juminkanja/S2430/initialize?prefCd=20&kikanCd=7200119840&kikanKbn=5", "url2": "https://watahan.jp/shops/nagano-prefecture/rx-komorohachiman/c591d447ceec83375007b94d1bba9cb14e6b62df.html", "内容": "わたぴー薬局小諸八満店【5:薬局】長野県小諸市八満１８８－１" }, "geometry": { "type": "Point", "coordinates": [ 138.458777, 36.321702 ] } },
{ "type": "Feature", "properties": { "ID": 2057200120050, "正式名称": "水明てんじん薬局", "機関区分": 5, "都道府県コード": 20, "市区町村コード": 208, "所在地": "長野県小諸市諸３０３デリシア小諸インター店敷地内", "緯度": 36.336617, "経度": 138.41803, "url": "https://www.iryou.teikyouseido.mhlw.go.jp/znk-web/juminkanja/S2430/initialize?prefCd=20&kikanCd=7200120050&kikanKbn=5", "url2": "https://dpc-net.ne.jp/storeinfo/nagano/nagano-suimeitenjin/", "内容": "水明てんじん薬局【5:薬局】長野県小諸市諸３０３デリシア小諸インター店敷地内" }, "geometry": { "type": "Point", "coordinates": [ 138.41803, 36.336617 ] } },
{ "type": "Feature", "properties": { "ID": 2057200120140, "正式名称": "長土呂てんじん薬局", "機関区分": 5, "都道府県コード": 20, "市区町村コード": 217, "所在地": "長野県佐久市長土呂４７６－７", "緯度": 36.281327, "経度": 138.468623, "url": "https://www.iryou.teikyouseido.mhlw.go.jp/znk-web/juminkanja/S2430/initialize?prefCd=20&kikanCd=7200120140&kikanKbn=5", "url2": "https://dpc-net.ne.jp/storeinfo/nagano/nagano-nagatoro-tenjin/", "内容": "長土呂てんじん薬局【5:薬局】長野県佐久市長土呂４７６－７" }, "geometry": { "type": "Point", "coordinates": [ 138.468623, 36.281327 ] } },
{ "type": "Feature", "properties": { "ID": 2057200120230, "正式名称": "田町てんじん薬局", "機関区分": 5, "都道府県コード": 20, "市区町村コード": 208, "所在地": "長野県小諸市田町２ー３ー１４", "緯度": 36.331455, "経度": 138.42148, "url": "https://www.iryou.teikyouseido.mhlw.go.jp/znk-web/juminkanja/S2430/initialize?prefCd=20&kikanCd=7200120230&kikanKbn=5", "url2": "https://dpc-net.ne.jp/storeinfo/nagano/nagano-tamachi-tenjin/", "内容": "田町てんじん薬局【5:薬局】長野県小諸市田町２ー３ー１４" }, "geometry": { "type": "Point", "coordinates": [ 138.42148, 36.331455 ] } },
{ "type": "Feature", "properties": { "ID": 2057200120320, "正式名称": "わかば薬局", "機関区分": 5, "都道府県コード": 20, "市区町村コード": 217, "所在地": "長野県佐久市岩村田１３３５－３", "緯度": 36.271332, "経度": 138.468562, "url": "https://www.iryou.teikyouseido.mhlw.go.jp/znk-web/juminkanja/S2430/initialize?prefCd=20&kikanCd=7200120320&kikanKbn=5", "url2": null, "内容": "わかば薬局【5:薬局】長野県佐久市岩村田１３３５－３" }, "geometry": { "type": "Point", "coordinates": [ 138.468562, 36.271332 ] } },
{ "type": "Feature", "properties": { "ID": 2057200120410, "正式名称": "こもろ薬局", "機関区分": 5, "都道府県コード": 20, "市区町村コード": 208, "所在地": "長野県小諸市赤坂１－１２－６", "緯度": 36.325881, "経度": 138.425747, "url": "https://www.iryou.teikyouseido.mhlw.go.jp/znk-web/juminkanja/S2430/initialize?prefCd=20&kikanCd=7200120410&kikanKbn=5", "url2": "https://www.quoxia.com/", "内容": "こもろ薬局【5:薬局】長野県小諸市赤坂１－１２－６" }, "geometry": { "type": "Point", "coordinates": [ 138.425747, 36.325881 ] } },
{ "type": "Feature", "properties": { "ID": 2057200120510, "正式名称": "アイン薬局小諸店", "機関区分": 5, "都道府県コード": 20, "市区町村コード": 208, "所在地": "長野県小諸市丙３９４－１", "緯度": 36.334573, "経度": 138.406537, "url": "https://www.iryou.teikyouseido.mhlw.go.jp/znk-web/juminkanja/S2430/initialize?prefCd=20&kikanCd=7200120510&kikanKbn=5", "url2": "https://www.ainj.co.jp/", "内容": "アイン薬局小諸店【5:薬局】長野県小諸市丙３９４－１" }, "geometry": { "type": "Point", "coordinates": [ 138.406537, 36.334573 ] } },
{ "type": "Feature", "properties": { "ID": 2057200120600, "正式名称": "アイン薬局小諸東店", "機関区分": 5, "都道府県コード": 20, "市区町村コード": 208, "所在地": "長野県小諸市御幸町２－２－２６", "緯度": 36.316771, "経度": 138.437091, "url": "https://www.iryou.teikyouseido.mhlw.go.jp/znk-web/juminkanja/S2430/initialize?prefCd=20&kikanCd=7200120600&kikanKbn=5", "url2": "http://www.nozomi-g.co.jp", "内容": "アイン薬局小諸東店【5:薬局】長野県小諸市御幸町２－２－２６" }, "geometry": { "type": "Point", "coordinates": [ 138.437091, 36.316771 ] } },
{ "type": "Feature", "properties": { "ID": 2057200120790, "正式名称": "アイン薬局御影新田店", "機関区分": 5, "都道府県コード": 20, "市区町村コード": 208, "所在地": "長野県小諸市御影新田２７４４－３", "緯度": 36.300551, "経度": 138.459062, "url": "https://www.iryou.teikyouseido.mhlw.go.jp/znk-web/juminkanja/S2430/initialize?prefCd=20&kikanCd=7200120790&kikanKbn=5", "url2": "https://www.ainj.co.jp/", "内容": "アイン薬局御影新田店【5:薬局】長野県小諸市御影新田２７４４－３" }, "geometry": { "type": "Point", "coordinates": [ 138.459062, 36.300551 ] } },
{ "type": "Feature", "properties": { "ID": 2057200120880, "正式名称": "アイン薬局佐久田口店", "機関区分": 5, "都道府県コード": 20, "市区町村コード": 217, "所在地": "長野県佐久市田口６５２５－１", "緯度": 36.248807, "経度": 138.47684, "url": "https://www.iryou.teikyouseido.mhlw.go.jp/znk-web/juminkanja/S2430/initialize?prefCd=20&kikanCd=7200120880&kikanKbn=5", "url2": "http://www.ainj.co.jp", "内容": "アイン薬局佐久田口店【5:薬局】長野県佐久市田口６５２５－１" }, "geometry": { "type": "Point", "coordinates": [ 138.47684, 36.248807 ] } },
{ "type": "Feature", "properties": { "ID": 2057200120970, "正式名称": "アイン薬局　中込店", "機関区分": 5, "都道府県コード": 20, "市区町村コード": 217, "所在地": "長野県佐久市中込３５６８－９２", "緯度": 36.249751, "経度": 138.470896, "url": "https://www.iryou.teikyouseido.mhlw.go.jp/znk-web/juminkanja/S2430/initialize?prefCd=20&kikanCd=7200120970&kikanKbn=5", "url2": "http://www.ainj.co.jp/", "内容": "アイン薬局　中込店【5:薬局】長野県佐久市中込３５６８－９２" }, "geometry": { "type": "Point", "coordinates": [ 138.470896, 36.249751 ] } },
{ "type": "Feature", "properties": { "ID": 2057200202310, "正式名称": "桐万　薬局", "機関区分": 5, "都道府県コード": 20, "市区町村コード": 321, "所在地": "長野県北佐久郡軽井沢町中軽井沢６－７", "緯度": 36.348743, "経度": 138.591493, "url": "https://www.iryou.teikyouseido.mhlw.go.jp/znk-web/juminkanja/S2430/initialize?prefCd=20&kikanCd=7200202310&kikanKbn=5", "url2": null, "内容": "桐万　薬局【5:薬局】長野県北佐久郡軽井沢町中軽井沢６－７" }, "geometry": { "type": "Point", "coordinates": [ 138.591493, 36.348743 ] } },
{ "type": "Feature", "properties": { "ID": 2057200202590, "正式名称": "有限会社　金沢薬局", "機関区分": 5, "都道府県コード": 20, "市区町村コード": 208, "所在地": "長野県小諸市荒町２－２－６", "緯度": 36.327825, "経度": 138.426952, "url": "https://www.iryou.teikyouseido.mhlw.go.jp/znk-web/juminkanja/S2430/initialize?prefCd=20&kikanCd=7200202590&kikanKbn=5", "url2": "http://kanazawakanpo.com", "内容": "有限会社　金沢薬局【5:薬局】長野県小諸市荒町２－２－６" }, "geometry": { "type": "Point", "coordinates": [ 138.426952, 36.327825 ] } },
{ "type": "Feature", "properties": { "ID": 2057200204190, "正式名称": "みかげ薬局", "機関区分": 5, "都道府県コード": 20, "市区町村コード": 208, "所在地": "長野県小諸市御影新田２２２４－７", "緯度": 36.301773, "経度": 138.465784, "url": "https://www.iryou.teikyouseido.mhlw.go.jp/znk-web/juminkanja/S2430/initialize?prefCd=20&kikanCd=7200204190&kikanKbn=5", "url2": "https://heiseipharmacy.com", "内容": "みかげ薬局【5:薬局】長野県小諸市御影新田２２２４－７" }, "geometry": { "type": "Point", "coordinates": [ 138.465784, 36.301773 ] } },
{ "type": "Feature", "properties": { "ID": 2057200204730, "正式名称": "ほんまち薬局", "機関区分": 5, "都道府県コード": 20, "市区町村コード": 208, "所在地": "長野県小諸市本町２－２－８　友野ビル１Ｆ", "緯度": 36.329408, "経度": 138.423786, "url": "https://www.iryou.teikyouseido.mhlw.go.jp/znk-web/juminkanja/S2430/initialize?prefCd=20&kikanCd=7200204730&kikanKbn=5", "url2": null, "内容": "ほんまち薬局【5:薬局】長野県小諸市本町２－２－８　友野ビル１Ｆ" }, "geometry": { "type": "Point", "coordinates": [ 138.423786, 36.329408 ] } },
{ "type": "Feature", "properties": { "ID": 2057200205440, "正式名称": "シンビ堂薬局", "機関区分": 5, "都道府県コード": 20, "市区町村コード": 321, "所在地": "長野県北佐久郡軽井沢町軽井沢東１６－６", "緯度": 36.3458, "経度": 138.635406, "url": "https://www.iryou.teikyouseido.mhlw.go.jp/znk-web/juminkanja/S2430/initialize?prefCd=20&kikanCd=7200205440&kikanKbn=5", "url2": "http://www.shinbi-do.com/", "内容": "シンビ堂薬局【5:薬局】長野県北佐久郡軽井沢町軽井沢東１６－６" }, "geometry": { "type": "Point", "coordinates": [ 138.635406, 36.3458 ] } },
{ "type": "Feature", "properties": { "ID": 2057200205810, "正式名称": "たてしな薬局", "機関区分": 5, "都道府県コード": 20, "市区町村コード": 324, "所在地": "長野県北佐久郡立科町芦田２５８０", "緯度": 36.273856, "経度": 138.316131, "url": "https://www.iryou.teikyouseido.mhlw.go.jp/znk-web/juminkanja/S2430/initialize?prefCd=20&kikanCd=7200205810&kikanKbn=5", "url2": null, "内容": "たてしな薬局【5:薬局】長野県北佐久郡立科町芦田２５８０" }, "geometry": { "type": "Point", "coordinates": [ 138.316131, 36.273856 ] } },
{ "type": "Feature", "properties": { "ID": 2057200206060, "正式名称": "小諸あさま薬局", "機関区分": 5, "都道府県コード": 20, "市区町村コード": 208, "所在地": "長野県小諸市御影新田１５８５－３", "緯度": 36.305467, "経度": 138.44909, "url": "https://www.iryou.teikyouseido.mhlw.go.jp/znk-web/juminkanja/S2430/initialize?prefCd=20&kikanCd=7200206060&kikanKbn=5", "url2": "https://asama-mominoki.co.jp/", "内容": "小諸あさま薬局【5:薬局】長野県小諸市御影新田１５８５－３" }, "geometry": { "type": "Point", "coordinates": [ 138.44909, 36.305467 ] } },
{ "type": "Feature", "properties": { "ID": 2057200206150, "正式名称": "さかもと薬局", "機関区分": 5, "都道府県コード": 20, "市区町村コード": 208, "所在地": "長野県小諸市南町２－４－７", "緯度": 36.322068, "経度": 138.428009, "url": "https://www.iryou.teikyouseido.mhlw.go.jp/znk-web/juminkanja/S2430/initialize?prefCd=20&kikanCd=7200206150&kikanKbn=5", "url2": "https://www.sakamoto-yakkyoku.com/", "内容": "さかもと薬局【5:薬局】長野県小諸市南町２－４－７" }, "geometry": { "type": "Point", "coordinates": [ 138.428009, 36.322068 ] } },
{ "type": "Feature", "properties": { "ID": 2057200206330, "正式名称": "友愛薬局", "機関区分": 5, "都道府県コード": 20, "市区町村コード": 321, "所在地": "長野県北佐久郡軽井沢町長倉２４１６－２", "緯度": 36.347577, "経度": 138.598603, "url": "https://www.iryou.teikyouseido.mhlw.go.jp/znk-web/juminkanja/S2430/initialize?prefCd=20&kikanCd=7200206330&kikanKbn=5", "url2": "http://www.yuai-medical.com", "内容": "友愛薬局【5:薬局】長野県北佐久郡軽井沢町長倉２４１６－２" }, "geometry": { "type": "Point", "coordinates": [ 138.598603, 36.347577 ] } },
{ "type": "Feature", "properties": { "ID": 2057200206980, "正式名称": "ひまわり薬局", "機関区分": 5, "都道府県コード": 20, "市区町村コード": 323, "所在地": "長野県北佐久郡御代田町御代田４１０６－４６１", "緯度": 36.313606, "経度": 138.522056, "url": "https://www.iryou.teikyouseido.mhlw.go.jp/znk-web/juminkanja/S2430/initialize?prefCd=20&kikanCd=7200206980&kikanKbn=5", "url2": null, "内容": "ひまわり薬局【5:薬局】長野県北佐久郡御代田町御代田４１０６－４６１" }, "geometry": { "type": "Point", "coordinates": [ 138.522056, 36.313606 ] } },
{ "type": "Feature", "properties": { "ID": 2057200207130, "正式名称": "美里薬局", "機関区分": 5, "都道府県コード": 20, "市区町村コード": 208, "所在地": "長野県小諸市耳取９８８－９", "緯度": 36.290663, "経度": 138.440119, "url": "https://www.iryou.teikyouseido.mhlw.go.jp/znk-web/juminkanja/S2430/initialize?prefCd=20&kikanCd=7200207130&kikanKbn=5", "url2": "https://y-shinsyuphama.com/", "内容": "美里薬局【5:薬局】長野県小諸市耳取９８８－９" }, "geometry": { "type": "Point", "coordinates": [ 138.440119, 36.290663 ] } },
{ "type": "Feature", "properties": { "ID": 2057200207500, "正式名称": "シンビ堂借宿薬局", "機関区分": 5, "都道府県コード": 20, "市区町村コード": 321, "所在地": "長野県北佐久郡軽井沢町長倉柳宿４７２７ー１", "緯度": 36.343132, "経度": 138.566245, "url": "https://www.iryou.teikyouseido.mhlw.go.jp/znk-web/juminkanja/S2430/initialize?prefCd=20&kikanCd=7200207500&kikanKbn=5", "url2": "http://www.shinbi-do.com/", "内容": "シンビ堂借宿薬局【5:薬局】長野県北佐久郡軽井沢町長倉柳宿４７２７ー１" }, "geometry": { "type": "Point", "coordinates": [ 138.566245, 36.343132 ] } },
{ "type": "Feature", "properties": { "ID": 2057200207690, "正式名称": "井原薬局", "機関区分": 5, "都道府県コード": 20, "市区町村コード": 324, "所在地": "長野県北佐久郡立科町芦田２５３７－１", "緯度": 36.273078, "経度": 138.316825, "url": "https://www.iryou.teikyouseido.mhlw.go.jp/znk-web/juminkanja/S2430/initialize?prefCd=20&kikanCd=7200207690&kikanKbn=5", "url2": null, "内容": "井原薬局【5:薬局】長野県北佐久郡立科町芦田２５３７－１" }, "geometry": { "type": "Point", "coordinates": [ 138.316825, 36.273078 ] } },
{ "type": "Feature", "properties": { "ID": 2057200207870, "正式名称": "勉強堂薬局", "機関区分": 5, "都道府県コード": 20, "市区町村コード": 208, "所在地": "長野県小諸市相生町２－２－６", "緯度": 36.327741, "経度": 138.42423, "url": "https://www.iryou.teikyouseido.mhlw.go.jp/znk-web/juminkanja/S2430/initialize?prefCd=20&kikanCd=7200207870&kikanKbn=5", "url2": "http://benkyoudo.jp/", "内容": "勉強堂薬局【5:薬局】長野県小諸市相生町２－２－６" }, "geometry": { "type": "Point", "coordinates": [ 138.42423, 36.327741 ] } },
{ "type": "Feature", "properties": { "ID": 2057200207960, "正式名称": "さくら薬局　長野小諸店", "機関区分": 5, "都道府県コード": 20, "市区町村コード": 208, "所在地": "長野県小諸市与良町３－５－４", "緯度": 36.320381, "経度": 138.429564, "url": "https://www.iryou.teikyouseido.mhlw.go.jp/znk-web/juminkanja/S2430/initialize?prefCd=20&kikanCd=7200207960&kikanKbn=5", "url2": "https://www.kraft-net.co.jp/sakura/store/3238/", "内容": "さくら薬局　長野小諸店【5:薬局】長野県小諸市与良町３－５－４" }, "geometry": { "type": "Point", "coordinates": [ 138.429564, 36.320381 ] } },
{ "type": "Feature", "properties": { "ID": 2057200208020, "正式名称": "小諸コスモス薬局", "機関区分": 5, "都道府県コード": 20, "市区町村コード": 208, "所在地": "長野県小諸市甲東原田１６４８－７西友小原店内", "緯度": 36.312132, "経度": 138.428314, "url": "https://www.iryou.teikyouseido.mhlw.go.jp/znk-web/juminkanja/S2430/initialize?prefCd=20&kikanCd=7200208020&kikanKbn=5", "url2": "http://www.cosmos-nagano.com/", "内容": "小諸コスモス薬局【5:薬局】長野県小諸市甲東原田１６４８－７西友小原店内" }, "geometry": { "type": "Point", "coordinates": [ 138.428314, 36.312132 ] } },
{ "type": "Feature", "properties": { "ID": 2057200300860, "正式名称": "横林薬局", "機関区分": 5, "都道府県コード": 20, "市区町村コード": 203, "所在地": "長野県上田市下之条１７０－１８", "緯度": 36.401089, "経度": 138.22044, "url": "https://www.iryou.teikyouseido.mhlw.go.jp/znk-web/juminkanja/S2430/initialize?prefCd=20&kikanCd=7200300860&kikanKbn=5", "url2": "https://www.yokobayashi-pharmacy.com/", "内容": "横林薬局【5:薬局】長野県上田市下之条１７０－１８" }, "geometry": { "type": "Point", "coordinates": [ 138.22044, 36.401089 ] } },
{ "type": "Feature", "properties": { "ID": 2057200303080, "正式名称": "有限会社十字堂やまぎわ薬局", "機関区分": 5, "都道府県コード": 20, "市区町村コード": 203, "所在地": "長野県上田市中央１－１－１７", "緯度": 36.398617, "経度": 138.250548, "url": "https://www.iryou.teikyouseido.mhlw.go.jp/znk-web/juminkanja/S2430/initialize?prefCd=20&kikanCd=7200303080&kikanKbn=5", "url2": "http://www.yamagiwa-pha.co.jp/", "内容": "有限会社十字堂やまぎわ薬局【5:薬局】長野県上田市中央１－１－１７" }, "geometry": { "type": "Point", "coordinates": [ 138.250548, 36.398617 ] } },
{ "type": "Feature", "properties": { "ID": 2057200304890, "正式名称": "有限会社　高橋薬局", "機関区分": 5, "都道府県コード": 20, "市区町村コード": 203, "所在地": "長野県上田市中央５－１６－２３", "緯度": 36.404728, "経度": 138.259936, "url": "https://www.iryou.teikyouseido.mhlw.go.jp/znk-web/juminkanja/S2430/initialize?prefCd=20&kikanCd=7200304890&kikanKbn=5", "url2": "https://peraichi.com/landing_pages/view/takahashiph", "内容": "有限会社　高橋薬局【5:薬局】長野県上田市中央５－１６－２３" }, "geometry": { "type": "Point", "coordinates": [ 138.259936, 36.404728 ] } },
{ "type": "Feature", "properties": { "ID": 2057200305960, "正式名称": "有限会社サン薬局", "機関区分": 5, "都道府県コード": 20, "市区町村コード": 219, "所在地": "長野県東御市田中８００－４２", "緯度": 36.352042, "経度": 138.339265, "url": "https://www.iryou.teikyouseido.mhlw.go.jp/znk-web/juminkanja/S2430/initialize?prefCd=20&kikanCd=7200305960&kikanKbn=5", "url2": "https://sunyakkyoku.hp.peraichi.com", "内容": "有限会社サン薬局【5:薬局】長野県東御市田中８００－４２" }, "geometry": { "type": "Point", "coordinates": [ 138.339265, 36.352042 ] } },
{ "type": "Feature", "properties": { "ID": 2057200307010, "正式名称": "山林堂薬局", "機関区分": 5, "都道府県コード": 20, "市区町村コード": 203, "所在地": "長野県上田市中央三ー八ー五", "緯度": 36.401895, "経度": 138.253437, "url": "https://www.iryou.teikyouseido.mhlw.go.jp/znk-web/juminkanja/S2430/initialize?prefCd=20&kikanCd=7200307010&kikanKbn=5", "url2": null, "内容": "山林堂薬局【5:薬局】長野県上田市中央三ー八ー五" }, "geometry": { "type": "Point", "coordinates": [ 138.253437, 36.401895 ] } },
{ "type": "Feature", "properties": { "ID": 2057200307920, "正式名称": "昭和薬局", "機関区分": 5, "都道府県コード": 20, "市区町村コード": 203, "所在地": "長野県上田市中央２－１７－５", "緯度": 36.398257, "経度": 138.257464, "url": "https://www.iryou.teikyouseido.mhlw.go.jp/znk-web/juminkanja/S2430/initialize?prefCd=20&kikanCd=7200307920&kikanKbn=5", "url2": "https://www.showa-yakugyou.com/company", "内容": "昭和薬局【5:薬局】長野県上田市中央２－１７－５" }, "geometry": { "type": "Point", "coordinates": [ 138.257464, 36.398257 ] } },
{ "type": "Feature", "properties": { "ID": 2057200308720, "正式名称": "コウズケヤ薬局　豊里", "機関区分": 5, "都道府県コード": 20, "市区町村コード": 203, "所在地": "長野県上田市蒼久保５５５－１", "緯度": 36.389564, "経度": 138.291212, "url": "https://www.iryou.teikyouseido.mhlw.go.jp/znk-web/juminkanja/S2430/initialize?prefCd=20&kikanCd=7200308720&kikanKbn=5", "url2": "https://www.kozukeya.co.jp", "内容": "コウズケヤ薬局　豊里【5:薬局】長野県上田市蒼久保５５５－１" }, "geometry": { "type": "Point", "coordinates": [ 138.291212, 36.389564 ] } },
{ "type": "Feature", "properties": { "ID": 2057200308810, "正式名称": "フジサワ薬局", "機関区分": 5, "都道府県コード": 20, "市区町村コード": 203, "所在地": "長野県上田市福田６０－６", "緯度": 36.387756, "経度": 138.201081, "url": "https://www.iryou.teikyouseido.mhlw.go.jp/znk-web/juminkanja/S2430/initialize?prefCd=20&kikanCd=7200308810&kikanKbn=5", "url2": null, "内容": "フジサワ薬局【5:薬局】長野県上田市福田６０－６" }, "geometry": { "type": "Point", "coordinates": [ 138.201081, 36.387756 ] } },
{ "type": "Feature", "properties": { "ID": 2057200309070, "正式名称": "有限会社　カネサン　大学前薬局", "機関区分": 5, "都道府県コード": 20, "市区町村コード": 203, "所在地": "長野県上田市下之郷乙２７２－１", "緯度": 36.372758, "経度": 138.216136, "url": "https://www.iryou.teikyouseido.mhlw.go.jp/znk-web/juminkanja/S2430/initialize?prefCd=20&kikanCd=7200309070&kikanKbn=5", "url2": "http://sites.google.com/view/daigakumae", "内容": "有限会社　カネサン　大学前薬局【5:薬局】長野県上田市下之郷乙２７２－１" }, "geometry": { "type": "Point", "coordinates": [ 138.216136, 36.372758 ] } },
{ "type": "Feature", "properties": { "ID": 2057200309520, "正式名称": "有限会社弘陽薬品　ときわぎ薬局", "機関区分": 5, "都道府県コード": 20, "市区町村コード": 203, "所在地": "長野県上田市中央西２－４－１８", "緯度": 36.408977, "経度": 138.245326, "url": "https://www.iryou.teikyouseido.mhlw.go.jp/znk-web/juminkanja/S2430/initialize?prefCd=20&kikanCd=7200309520&kikanKbn=5", "url2": null, "内容": "有限会社弘陽薬品　ときわぎ薬局【5:薬局】長野県上田市中央西２－４－１８" }, "geometry": { "type": "Point", "coordinates": [ 138.245326, 36.408977 ] } },
{ "type": "Feature", "properties": { "ID": 2057200309610, "正式名称": "せき薬局", "機関区分": 5, "都道府県コード": 20, "市区町村コード": 203, "所在地": "長野県上田市常田３－８－２０", "緯度": 36.394202, "経度": 138.263797, "url": "https://www.iryou.teikyouseido.mhlw.go.jp/znk-web/juminkanja/S2430/initialize?prefCd=20&kikanCd=7200309610&kikanKbn=5", "url2": "https://www.showa-yakugyou.com/", "内容": "せき薬局【5:薬局】長野県上田市常田３－８－２０" }, "geometry": { "type": "Point", "coordinates": [ 138.263797, 36.394202 ] } },
{ "type": "Feature", "properties": { "ID": 2057200310650, "正式名称": "イイジマ薬局", "機関区分": 5, "都道府県コード": 20, "市区町村コード": 203, "所在地": "長野県上田市中央北２－２－１７", "緯度": 36.409005, "経度": 138.254742, "url": "https://www.iryou.teikyouseido.mhlw.go.jp/znk-web/juminkanja/S2430/initialize?prefCd=20&kikanCd=7200310650&kikanKbn=5", "url2": "http://www.iijimaph.com/index.html", "内容": "イイジマ薬局【5:薬局】長野県上田市中央北２－２－１７" }, "geometry": { "type": "Point", "coordinates": [ 138.254742, 36.409005 ] } },
{ "type": "Feature", "properties": { "ID": 2057200310740, "正式名称": "有限会社マスダ薬局", "機関区分": 5, "都道府県コード": 20, "市区町村コード": 203, "所在地": "長野県上田市御所５８０ー７", "緯度": 36.395506, "経度": 138.23855, "url": "https://www.iryou.teikyouseido.mhlw.go.jp/znk-web/juminkanja/S2430/initialize?prefCd=20&kikanCd=7200310740&kikanKbn=5", "url2": null, "内容": "有限会社マスダ薬局【5:薬局】長野県上田市御所５８０ー７" }, "geometry": { "type": "Point", "coordinates": [ 138.23855, 36.395506 ] } },
{ "type": "Feature", "properties": { "ID": 2057200311270, "正式名称": "川西商事有限会社　はやし薬局", "機関区分": 5, "都道府県コード": 20, "市区町村コード": 203, "所在地": "長野県上田市常田２丁目２２－３９", "緯度": 36.395812, "経度": 138.256492, "url": "https://www.iryou.teikyouseido.mhlw.go.jp/znk-web/juminkanja/S2430/initialize?prefCd=20&kikanCd=7200311270&kikanKbn=5", "url2": null, "内容": "川西商事有限会社　はやし薬局【5:薬局】長野県上田市常田２丁目２２－３９" }, "geometry": { "type": "Point", "coordinates": [ 138.256492, 36.395812 ] } },
{ "type": "Feature", "properties": { "ID": 2057200311450, "正式名称": "有限会社白鳥薬局", "機関区分": 5, "都道府県コード": 20, "市区町村コード": 219, "所在地": "長野県東御市本海野１６２８－１", "緯度": 36.364456, "経度": 138.314294, "url": "https://www.iryou.teikyouseido.mhlw.go.jp/znk-web/juminkanja/S2430/initialize?prefCd=20&kikanCd=7200311450&kikanKbn=5", "url2": null, "内容": "有限会社白鳥薬局【5:薬局】長野県東御市本海野１６２８－１" }, "geometry": { "type": "Point", "coordinates": [ 138.314294, 36.364456 ] } },
{ "type": "Feature", "properties": { "ID": 2057200311810, "正式名称": "真田やまぎわ薬局", "機関区分": 5, "都道府県コード": 20, "市区町村コード": 203, "所在地": "長野県上田市真田町本原６１９－１", "緯度": 36.421477, "経度": 138.298821, "url": "https://www.iryou.teikyouseido.mhlw.go.jp/znk-web/juminkanja/S2430/initialize?prefCd=20&kikanCd=7200311810&kikanKbn=5", "url2": "http://www.yamagiwa-pha.co.jp/", "内容": "真田やまぎわ薬局【5:薬局】長野県上田市真田町本原６１９－１" }, "geometry": { "type": "Point", "coordinates": [ 138.298821, 36.421477 ] } },
{ "type": "Feature", "properties": { "ID": 2057200312340, "正式名称": "小林薬局", "機関区分": 5, "都道府県コード": 20, "市区町村コード": 219, "所在地": "長野県東御市常田伊豆宮１６０－９", "緯度": 36.355264, "経度": 138.342153, "url": "https://www.iryou.teikyouseido.mhlw.go.jp/znk-web/juminkanja/S2430/initialize?prefCd=20&kikanCd=7200312340&kikanKbn=5", "url2": null, "内容": "小林薬局【5:薬局】長野県東御市常田伊豆宮１６０－９" }, "geometry": { "type": "Point", "coordinates": [ 138.342153, 36.355264 ] } },
{ "type": "Feature", "properties": { "ID": 2057200312520, "正式名称": "サラダ薬局", "機関区分": 5, "都道府県コード": 20, "市区町村コード": 203, "所在地": "長野県上田市五加９７４－２０", "緯度": 36.367509, "経度": 138.204526, "url": "https://www.iryou.teikyouseido.mhlw.go.jp/znk-web/juminkanja/S2430/initialize?prefCd=20&kikanCd=7200312520&kikanKbn=5", "url2": null, "内容": "サラダ薬局【5:薬局】長野県上田市五加９７４－２０" }, "geometry": { "type": "Point", "coordinates": [ 138.204526, 36.367509 ] } },
{ "type": "Feature", "properties": { "ID": 2057200312710, "正式名称": "ノリ薬局たけし", "機関区分": 5, "都道府県コード": 20, "市区町村コード": 203, "所在地": "長野県上田市武石沖１６２", "緯度": 36.296185, "経度": 138.253163, "url": "https://www.iryou.teikyouseido.mhlw.go.jp/znk-web/juminkanja/S2430/initialize?prefCd=20&kikanCd=7200312710&kikanKbn=5", "url2": "http://www.nori-pharmacy.co.jp/", "内容": "ノリ薬局たけし【5:薬局】長野県上田市武石沖１６２" }, "geometry": { "type": "Point", "coordinates": [ 138.253163, 36.296185 ] } },
{ "type": "Feature", "properties": { "ID": 2057200313050, "正式名称": "こさと薬局", "機関区分": 5, "都道府県コード": 20, "市区町村コード": 203, "所在地": "長野県上田市古里１５０３ー２", "緯度": 36.390286, "経度": 138.280463, "url": "https://www.iryou.teikyouseido.mhlw.go.jp/znk-web/juminkanja/S2430/initialize?prefCd=20&kikanCd=7200313050&kikanKbn=5", "url2": null, "内容": "こさと薬局【5:薬局】長野県上田市古里１５０３ー２" }, "geometry": { "type": "Point", "coordinates": [ 138.280463, 36.390286 ] } },
{ "type": "Feature", "properties": { "ID": 2057200313410, "正式名称": "塩田上原薬局", "機関区分": 5, "都道府県コード": 20, "市区町村コード": 203, "所在地": "長野県上田市本郷６２９－１", "緯度": 36.364509, "経度": 138.201721, "url": "https://www.iryou.teikyouseido.mhlw.go.jp/znk-web/juminkanja/S2430/initialize?prefCd=20&kikanCd=7200313410&kikanKbn=5", "url2": "https://www.uehara-ph.co.jp/", "内容": "塩田上原薬局【5:薬局】長野県上田市本郷６２９－１" }, "geometry": { "type": "Point", "coordinates": [ 138.201721, 36.364509 ] } },
{ "type": "Feature", "properties": { "ID": 2057200313600, "正式名称": "神科薬局", "機関区分": 5, "都道府県コード": 20, "市区町村コード": 203, "所在地": "長野県上田市住吉４０１－９", "緯度": 36.409423, "経度": 138.28274, "url": "https://www.iryou.teikyouseido.mhlw.go.jp/znk-web/juminkanja/S2430/initialize?prefCd=20&kikanCd=7200313600&kikanKbn=5", "url2": null, "内容": "神科薬局【5:薬局】長野県上田市住吉４０１－９" }, "geometry": { "type": "Point", "coordinates": [ 138.28274, 36.409423 ] } },
{ "type": "Feature", "properties": { "ID": 2057200313790, "正式名称": "もとき薬局", "機関区分": 5, "都道府県コード": 20, "市区町村コード": 203, "所在地": "長野県上田市小島２１３番地１", "緯度": 36.374397, "経度": 138.206775, "url": "https://www.iryou.teikyouseido.mhlw.go.jp/znk-web/juminkanja/S2430/initialize?prefCd=20&kikanCd=7200313790&kikanKbn=5", "url2": "http://www.hi-yorokonde.com/detail/index-560.html", "内容": "もとき薬局【5:薬局】長野県上田市小島２１３番地１" }, "geometry": { "type": "Point", "coordinates": [ 138.206775, 36.374397 ] } },
{ "type": "Feature", "properties": { "ID": 2057200313880, "正式名称": "いとう薬局", "機関区分": 5, "都道府県コード": 20, "市区町村コード": 203, "所在地": "長野県上田市緑が丘１－２６－２５", "緯度": 36.412949, "経度": 138.249881, "url": "https://www.iryou.teikyouseido.mhlw.go.jp/znk-web/juminkanja/S2430/initialize?prefCd=20&kikanCd=7200313880&kikanKbn=5", "url2": "https://www.e-classa.net/itou-ph/index.html", "内容": "いとう薬局【5:薬局】長野県上田市緑が丘１－２６－２５" }, "geometry": { "type": "Point", "coordinates": [ 138.249881, 36.412949 ] } },
{ "type": "Feature", "properties": { "ID": 2057200314120, "正式名称": "池田薬局", "機関区分": 5, "都道府県コード": 20, "市区町村コード": 349, "所在地": "長野県小県郡青木村田沢１２－２", "緯度": 36.369923, "経度": 138.129477, "url": "https://www.iryou.teikyouseido.mhlw.go.jp/znk-web/juminkanja/S2430/initialize?prefCd=20&kikanCd=7200314120&kikanKbn=5", "url2": "https://www.jgxrf194.jp/", "内容": "池田薬局【5:薬局】長野県小県郡青木村田沢１２－２" }, "geometry": { "type": "Point", "coordinates": [ 138.129477, 36.369923 ] } },
{ "type": "Feature", "properties": { "ID": 2057200314680, "正式名称": "あおくぼ薬局", "機関区分": 5, "都道府県コード": 20, "市区町村コード": 203, "所在地": "長野県上田市蒼久保１４４－１０", "緯度": 36.378315, "経度": 138.280297, "url": "https://www.iryou.teikyouseido.mhlw.go.jp/znk-web/juminkanja/S2430/initialize?prefCd=20&kikanCd=7200314680&kikanKbn=5", "url2": null, "内容": "あおくぼ薬局【5:薬局】長野県上田市蒼久保１４４－１０" }, "geometry": { "type": "Point", "coordinates": [ 138.280297, 36.378315 ] } },
{ "type": "Feature", "properties": { "ID": 2057200314860, "正式名称": "あい薬局", "機関区分": 5, "都道府県コード": 20, "市区町村コード": 203, "所在地": "長野県上田市上田原７０７－３", "緯度": 36.39059, "経度": 138.220218, "url": "https://www.iryou.teikyouseido.mhlw.go.jp/znk-web/juminkanja/S2430/initialize?prefCd=20&kikanCd=7200314860&kikanKbn=5", "url2": "http://www.hi-yorokonde.com/detail/index_835.html", "内容": "あい薬局【5:薬局】長野県上田市上田原７０７－３" }, "geometry": { "type": "Point", "coordinates": [ 138.220218, 36.39059 ] } },
{ "type": "Feature", "properties": { "ID": 2057200314950, "正式名称": "保野薬局", "機関区分": 5, "都道府県コード": 20, "市区町村コード": 203, "所在地": "長野県上田市保野７６１－１", "緯度": 36.373175, "経度": 138.200804, "url": "https://www.iryou.teikyouseido.mhlw.go.jp/znk-web/juminkanja/S2430/initialize?prefCd=20&kikanCd=7200314950&kikanKbn=5", "url2": null, "内容": "保野薬局【5:薬局】長野県上田市保野７６１－１" }, "geometry": { "type": "Point", "coordinates": [ 138.200804, 36.373175 ] } },
{ "type": "Feature", "properties": { "ID": 2057200315110, "正式名称": "コウズケヤ薬局　古里", "機関区分": 5, "都道府県コード": 20, "市区町村コード": 203, "所在地": "長野県上田市古里８４－１９", "緯度": 36.400201, "経度": 138.284518, "url": "https://www.iryou.teikyouseido.mhlw.go.jp/znk-web/juminkanja/S2430/initialize?prefCd=20&kikanCd=7200315110&kikanKbn=5", "url2": "https://www.kozukeya.co.jp", "内容": "コウズケヤ薬局　古里【5:薬局】長野県上田市古里８４－１９" }, "geometry": { "type": "Point", "coordinates": [ 138.284518, 36.400201 ] } },
{ "type": "Feature", "properties": { "ID": 2057200315480, "正式名称": "上田薬剤師会会営薬局", "機関区分": 5, "都道府県コード": 20, "市区町村コード": 203, "所在地": "長野県上田市国分９９４－１", "緯度": 36.382703, "経度": 138.268547, "url": "https://www.iryou.teikyouseido.mhlw.go.jp/znk-web/juminkanja/S2430/initialize?prefCd=20&kikanCd=7200315480&kikanKbn=5", "url2": "http://www.uedayaku.org", "内容": "上田薬剤師会会営薬局【5:薬局】長野県上田市国分９９４－１" }, "geometry": { "type": "Point", "coordinates": [ 138.268547, 36.382703 ] } },
{ "type": "Feature", "properties": { "ID": 2057200315840, "正式名称": "ホケン堂藤岡薬局", "機関区分": 5, "都道府県コード": 20, "市区町村コード": 203, "所在地": "長野県上田市中央１ー３ー２", "緯度": 36.398812, "経度": 138.251104, "url": "https://www.iryou.teikyouseido.mhlw.go.jp/znk-web/juminkanja/S2430/initialize?prefCd=20&kikanCd=7200315840&kikanKbn=5", "url2": null, "内容": "ホケン堂藤岡薬局【5:薬局】長野県上田市中央１ー３ー２" }, "geometry": { "type": "Point", "coordinates": [ 138.251104, 36.398812 ] } },
{ "type": "Feature", "properties": { "ID": 2057200316190, "正式名称": "薬局　マツモトキヨシ塩田店", "機関区分": 5, "都道府県コード": 20, "市区町村コード": 203, "所在地": "長野県上田市小島１６８－４", "緯度": 36.371758, "経度": 138.206887, "url": "https://www.iryou.teikyouseido.mhlw.go.jp/znk-web/juminkanja/S2430/initialize?prefCd=20&kikanCd=7200316190&kikanKbn=5", "url2": "http://www.mk-koushinetsu.co.jp/", "内容": "薬局　マツモトキヨシ塩田店【5:薬局】長野県上田市小島１６８－４" }, "geometry": { "type": "Point", "coordinates": [ 138.206887, 36.371758 ] } },
{ "type": "Feature", "properties": { "ID": 2057200316370, "正式名称": "コウズケヤ薬局　東御", "機関区分": 5, "都道府県コード": 20, "市区町村コード": 219, "所在地": "長野県東御市本海野１６８１", "緯度": 36.362096, "経度": 138.321599, "url": "https://www.iryou.teikyouseido.mhlw.go.jp/znk-web/juminkanja/S2430/initialize?prefCd=20&kikanCd=7200316370&kikanKbn=5", "url2": "https://www.kozukeya.co.jp", "内容": "コウズケヤ薬局　東御【5:薬局】長野県東御市本海野１６８１" }, "geometry": { "type": "Point", "coordinates": [ 138.321599, 36.362096 ] } },
{ "type": "Feature", "properties": { "ID": 2057200316460, "正式名称": "有限会社山浦堂薬局", "機関区分": 5, "都道府県コード": 20, "市区町村コード": 203, "所在地": "長野県上田市岡１３７１－９", "緯度": 36.376896, "経度": 138.168112, "url": "https://www.iryou.teikyouseido.mhlw.go.jp/znk-web/juminkanja/S2430/initialize?prefCd=20&kikanCd=7200316460&kikanKbn=5", "url2": null, "内容": "有限会社山浦堂薬局【5:薬局】長野県上田市岡１３７１－９" }, "geometry": { "type": "Point", "coordinates": [ 138.168112, 36.376896 ] } },
{ "type": "Feature", "properties": { "ID": 2057200316550, "正式名称": "中之条薬局", "機関区分": 5, "都道府県コード": 20, "市区町村コード": 203, "所在地": "長野県上田市中之条５３０－３", "緯度": 36.396478, "経度": 138.226167, "url": "https://www.iryou.teikyouseido.mhlw.go.jp/znk-web/juminkanja/S2430/initialize?prefCd=20&kikanCd=7200316550&kikanKbn=5", "url2": "https://www.nakanojopharmacy.com", "内容": "中之条薬局【5:薬局】長野県上田市中之条５３０－３" }, "geometry": { "type": "Point", "coordinates": [ 138.226167, 36.396478 ] } },
{ "type": "Feature", "properties": { "ID": 2057200316730, "正式名称": "有限会社　弘陽薬品　古町薬局", "機関区分": 5, "都道府県コード": 20, "市区町村コード": 350, "所在地": "長野県小県郡長和町古町３３４７－１", "緯度": 36.274493, "経度": 138.266635, "url": "https://www.iryou.teikyouseido.mhlw.go.jp/znk-web/juminkanja/S2430/initialize?prefCd=20&kikanCd=7200316730&kikanKbn=5", "url2": "http://www.e-classa.net/furumachi/", "内容": "有限会社　弘陽薬品　古町薬局【5:薬局】長野県小県郡長和町古町３３４７－１" }, "geometry": { "type": "Point", "coordinates": [ 138.266635, 36.274493 ] } },
{ "type": "Feature", "properties": { "ID": 2057200317260, "正式名称": "合葉薬局", "機関区分": 5, "都道府県コード": 20, "市区町村コード": 203, "所在地": "長野県上田市中央３－３－１８", "緯度": 36.403078, "経度": 138.253098, "url": "https://www.iryou.teikyouseido.mhlw.go.jp/znk-web/juminkanja/S2430/initialize?prefCd=20&kikanCd=7200317260&kikanKbn=5", "url2": null, "内容": "合葉薬局【5:薬局】長野県上田市中央３－３－１８" }, "geometry": { "type": "Point", "coordinates": [ 138.253098, 36.403078 ] } },
{ "type": "Feature", "properties": { "ID": 2057200317440, "正式名称": "くるみ薬局", "機関区分": 5, "都道府県コード": 20, "市区町村コード": 219, "所在地": "長野県東御市常田３９６－３", "緯度": 36.357486, "経度": 138.339681, "url": "https://www.iryou.teikyouseido.mhlw.go.jp/znk-web/juminkanja/S2430/initialize?prefCd=20&kikanCd=7200317440&kikanKbn=5", "url2": "https://kurumi-yakkyoku.com/", "内容": "くるみ薬局【5:薬局】長野県東御市常田３９６－３" }, "geometry": { "type": "Point", "coordinates": [ 138.339681, 36.357486 ] } },
{ "type": "Feature", "properties": { "ID": 2057200317810, "正式名称": "関薬局", "機関区分": 5, "都道府県コード": 20, "市区町村コード": 203, "所在地": "長野県上田市中丸子１１４６", "緯度": 36.332681, "経度": 138.272855, "url": "https://www.iryou.teikyouseido.mhlw.go.jp/znk-web/juminkanja/S2430/initialize?prefCd=20&kikanCd=7200317810&kikanKbn=5", "url2": "https://seki-ph.com/", "内容": "関薬局【5:薬局】長野県上田市中丸子１１４６" }, "geometry": { "type": "Point", "coordinates": [ 138.272855, 36.332681 ] } },
{ "type": "Feature", "properties": { "ID": 2057200317900, "正式名称": "上原薬局", "機関区分": 5, "都道府県コード": 20, "市区町村コード": 203, "所在地": "長野県上田市中央３－８－２５", "緯度": 36.401645, "経度": 138.254492, "url": "https://www.iryou.teikyouseido.mhlw.go.jp/znk-web/juminkanja/S2430/initialize?prefCd=20&kikanCd=7200317900&kikanKbn=5", "url2": "https://www.uehara-ph.co.jp/", "内容": "上原薬局【5:薬局】長野県上田市中央３－８－２５" }, "geometry": { "type": "Point", "coordinates": [ 138.254492, 36.401645 ] } },
{ "type": "Feature", "properties": { "ID": 2057200318610, "正式名称": "大沢薬局", "機関区分": 5, "都道府県コード": 20, "市区町村コード": 350, "所在地": "長野県小県郡長和町古町２８４４－２", "緯度": 36.272993, "経度": 138.266274, "url": "https://www.iryou.teikyouseido.mhlw.go.jp/znk-web/juminkanja/S2430/initialize?prefCd=20&kikanCd=7200318610&kikanKbn=5", "url2": "https://www.osawa-pharmacy.com/", "内容": "大沢薬局【5:薬局】長野県小県郡長和町古町２８４４－２" }, "geometry": { "type": "Point", "coordinates": [ 138.266274, 36.272993 ] } },
{ "type": "Feature", "properties": { "ID": 2057200318890, "正式名称": "みまき薬局", "機関区分": 5, "都道府県コード": 20, "市区町村コード": 219, "所在地": "長野県東御市島川原８０－２２", "緯度": 36.338655, "経度": 138.352375, "url": "https://www.iryou.teikyouseido.mhlw.go.jp/znk-web/juminkanja/S2430/initialize?prefCd=20&kikanCd=7200318890&kikanKbn=5", "url2": null, "内容": "みまき薬局【5:薬局】長野県東御市島川原８０－２２" }, "geometry": { "type": "Point", "coordinates": [ 138.352375, 36.338655 ] } },
{ "type": "Feature", "properties": { "ID": 2057200319310, "正式名称": "二の丸薬局", "機関区分": 5, "都道府県コード": 20, "市区町村コード": 203, "所在地": "長野県上田市中央西１－３－３７", "緯度": 36.405311, "経度": 138.247437, "url": "https://www.iryou.teikyouseido.mhlw.go.jp/znk-web/juminkanja/S2430/initialize?prefCd=20&kikanCd=7200319310&kikanKbn=5", "url2": null, "内容": "二の丸薬局【5:薬局】長野県上田市中央西１－３－３７" }, "geometry": { "type": "Point", "coordinates": [ 138.247437, 36.405311 ] } },
{ "type": "Feature", "properties": { "ID": 2057200319410, "正式名称": "窪田薬局", "機関区分": 5, "都道府県コード": 20, "市区町村コード": 203, "所在地": "長野県上田市古安曽１８６５－５", "緯度": 36.348178, "経度": 138.219553, "url": "https://www.iryou.teikyouseido.mhlw.go.jp/znk-web/juminkanja/S2430/initialize?prefCd=20&kikanCd=7200319410&kikanKbn=5", "url2": "http://isotope.jp.net/", "内容": "窪田薬局【5:薬局】長野県上田市古安曽１８６５－５" }, "geometry": { "type": "Point", "coordinates": [ 138.219553, 36.348178 ] } },
{ "type": "Feature", "properties": { "ID": 2057200319870, "正式名称": "こまき薬局", "機関区分": 5, "都道府県コード": 20, "市区町村コード": 203, "所在地": "長野県上田市小牧１０５－１", "緯度": 36.385591, "経度": 138.252132, "url": "https://www.iryou.teikyouseido.mhlw.go.jp/znk-web/juminkanja/S2430/initialize?prefCd=20&kikanCd=7200319870&kikanKbn=5", "url2": null, "内容": "こまき薬局【5:薬局】長野県上田市小牧１０５－１" }, "geometry": { "type": "Point", "coordinates": [ 138.252132, 36.385591 ] } },
{ "type": "Feature", "properties": { "ID": 2057200320080, "正式名称": "城の前くるみ薬局", "機関区分": 5, "都道府県コード": 20, "市区町村コード": 219, "所在地": "長野県東御市田中７０５－１", "緯度": 36.35418, "経度": 138.336848, "url": "https://www.iryou.teikyouseido.mhlw.go.jp/znk-web/juminkanja/S2430/initialize?prefCd=20&kikanCd=7200320080&kikanKbn=5", "url2": "https://kurumi-yakkyoku.com/", "内容": "城の前くるみ薬局【5:薬局】長野県東御市田中７０５－１" }, "geometry": { "type": "Point", "coordinates": [ 138.336848, 36.35418 ] } },
{ "type": "Feature", "properties": { "ID": 2057200320260, "正式名称": "神田薬局", "機関区分": 5, "都道府県コード": 20, "市区町村コード": 203, "所在地": "長野県上田市神畑７３７", "緯度": 36.382424, "経度": 138.218468, "url": "https://www.iryou.teikyouseido.mhlw.go.jp/znk-web/juminkanja/S2430/initialize?prefCd=20&kikanCd=7200320260&kikanKbn=5", "url2": null, "内容": "神田薬局【5:薬局】長野県上田市神畑７３７" }, "geometry": { "type": "Point", "coordinates": [ 138.218468, 36.382424 ] } },
{ "type": "Feature", "properties": { "ID": 2057200320350, "正式名称": "株式会社　召田総合　召田薬局", "機関区分": 5, "都道府県コード": 20, "市区町村コード": 203, "所在地": "長野県上田市新町１５６－２", "緯度": 36.349788, "経度": 138.189945, "url": "https://www.iryou.teikyouseido.mhlw.go.jp/znk-web/juminkanja/S2430/initialize?prefCd=20&kikanCd=7200320350&kikanKbn=5", "url2": "https://www.mesuda-jm-010607.com", "内容": "株式会社　召田総合　召田薬局【5:薬局】長野県上田市新町１５６－２" }, "geometry": { "type": "Point", "coordinates": [ 138.189945, 36.349788 ] } },
{ "type": "Feature", "properties": { "ID": 2057200320440, "正式名称": "ひかり薬局", "機関区分": 5, "都道府県コード": 20, "市区町村コード": 203, "所在地": "長野県上田市古安曽１８７６－４", "緯度": 36.347539, "経度": 138.220497, "url": "https://www.iryou.teikyouseido.mhlw.go.jp/znk-web/juminkanja/S2430/initialize?prefCd=20&kikanCd=7200320440&kikanKbn=5", "url2": null, "内容": "ひかり薬局【5:薬局】長野県上田市古安曽１８７６－４" }, "geometry": { "type": "Point", "coordinates": [ 138.220497, 36.347539 ] } },
{ "type": "Feature", "properties": { "ID": 2057200320620, "正式名称": "たぐち薬局", "機関区分": 5, "都道府県コード": 20, "市区町村コード": 203, "所在地": "長野県上田市住吉３１２－１４", "緯度": 36.407895, "経度": 138.279462, "url": "https://www.iryou.teikyouseido.mhlw.go.jp/znk-web/juminkanja/S2430/initialize?prefCd=20&kikanCd=7200320620&kikanKbn=5", "url2": "https://www.taguchi-pharmacy.com/", "内容": "たぐち薬局【5:薬局】長野県上田市住吉３１２－１４" }, "geometry": { "type": "Point", "coordinates": [ 138.279462, 36.407895 ] } },
{ "type": "Feature", "properties": { "ID": 2057200320710, "正式名称": "ねつ薬局", "機関区分": 5, "都道府県コード": 20, "市区町村コード": 219, "所在地": "長野県東御市鞍掛８４－６", "緯度": 36.364173, "経度": 138.352028, "url": "https://www.iryou.teikyouseido.mhlw.go.jp/znk-web/juminkanja/S2430/initialize?prefCd=20&kikanCd=7200320710&kikanKbn=5", "url2": "netsu-p.jp/store", "内容": "ねつ薬局【5:薬局】長野県東御市鞍掛８４－６" }, "geometry": { "type": "Point", "coordinates": [ 138.352028, 36.364173 ] } },
{ "type": "Feature", "properties": { "ID": 2057200321060, "正式名称": "ながせ薬局", "機関区分": 5, "都道府県コード": 20, "市区町村コード": 203, "所在地": "長野県上田市長瀬３４４１－２", "緯度": 36.351179, "経度": 138.282186, "url": "https://www.iryou.teikyouseido.mhlw.go.jp/znk-web/juminkanja/S2430/initialize?prefCd=20&kikanCd=7200321060&kikanKbn=5", "url2": null, "内容": "ながせ薬局【5:薬局】長野県上田市長瀬３４４１－２" }, "geometry": { "type": "Point", "coordinates": [ 138.282186, 36.351179 ] } },
{ "type": "Feature", "properties": { "ID": 2057200321150, "正式名称": "ノリ薬局", "機関区分": 5, "都道府県コード": 20, "市区町村コード": 203, "所在地": "長野県上田市芳田１９０３－２", "緯度": 36.378287, "経度": 138.291879, "url": "https://www.iryou.teikyouseido.mhlw.go.jp/znk-web/juminkanja/S2430/initialize?prefCd=20&kikanCd=7200321150&kikanKbn=5", "url2": "http://www.nori-pharmacy.co.jp/", "内容": "ノリ薬局【5:薬局】長野県上田市芳田１９０３－２" }, "geometry": { "type": "Point", "coordinates": [ 138.291879, 36.378287 ] } },
{ "type": "Feature", "properties": { "ID": 2057200321240, "正式名称": "クスリのアオキ上田中央北薬局", "機関区分": 5, "都道府県コード": 20, "市区町村コード": 203, "所在地": "長野県上田市中央北二丁目１番１６号", "緯度": 36.408366, "経度": 138.256936, "url": "https://www.iryou.teikyouseido.mhlw.go.jp/znk-web/juminkanja/S2430/initialize?prefCd=20&kikanCd=7200321240&kikanKbn=5", "url2": "http://www.kusuri-aoki.co.jp/", "内容": "クスリのアオキ上田中央北薬局【5:薬局】長野県上田市中央北二丁目１番１６号" }, "geometry": { "type": "Point", "coordinates": [ 138.256936, 36.408366 ] } },
{ "type": "Feature", "properties": { "ID": 2057200321610, "正式名称": "クスリのアオキ　上田中央薬局", "機関区分": 5, "都道府県コード": 20, "市区町村コード": 203, "所在地": "長野県上田市中央二丁目１８番２６号", "緯度": 36.398979, "経度": 138.257687, "url": "https://www.iryou.teikyouseido.mhlw.go.jp/znk-web/juminkanja/S2430/initialize?prefCd=20&kikanCd=7200321610&kikanKbn=5", "url2": "https://www.kusuri-aoki.co.jp", "内容": "クスリのアオキ　上田中央薬局【5:薬局】長野県上田市中央二丁目１８番２６号" }, "geometry": { "type": "Point", "coordinates": [ 138.257687, 36.398979 ] } },
{ "type": "Feature", "properties": { "ID": 2057200321980, "正式名称": "木町薬局", "機関区分": 5, "都道府県コード": 20, "市区町村コード": 203, "所在地": "長野県上田市中央４－６－２１", "緯度": 36.404867, "経度": 138.252048, "url": "https://www.iryou.teikyouseido.mhlw.go.jp/znk-web/juminkanja/S2430/initialize?prefCd=20&kikanCd=7200321980&kikanKbn=5", "url2": "http://iijimaph.com/", "内容": "木町薬局【5:薬局】長野県上田市中央４－６－２１" }, "geometry": { "type": "Point", "coordinates": [ 138.252048, 36.404867 ] } },
{ "type": "Feature", "properties": { "ID": 2057200322130, "正式名称": "秋和コスモス薬局", "機関区分": 5, "都道府県コード": 20, "市区町村コード": 203, "所在地": "長野県上田市秋和３６１－２", "緯度": 36.416198, "経度": 138.223328, "url": "https://www.iryou.teikyouseido.mhlw.go.jp/znk-web/juminkanja/S2430/initialize?prefCd=20&kikanCd=7200322130&kikanKbn=5", "url2": "http://www.cosmos-nagano.com/", "内容": "秋和コスモス薬局【5:薬局】長野県上田市秋和３６１－２" }, "geometry": { "type": "Point", "coordinates": [ 138.223328, 36.416198 ] } },
{ "type": "Feature", "properties": { "ID": 2057200322220, "正式名称": "あきわノリ薬局", "機関区分": 5, "都道府県コード": 20, "市区町村コード": 203, "所在地": "長野県上田市秋和３１０－１０", "緯度": 36.413782, "経度": 138.224828, "url": "https://www.iryou.teikyouseido.mhlw.go.jp/znk-web/juminkanja/S2430/initialize?prefCd=20&kikanCd=7200322220&kikanKbn=5", "url2": "http://www.nori-pharmacy.co.jp", "内容": "あきわノリ薬局【5:薬局】長野県上田市秋和３１０－１０" }, "geometry": { "type": "Point", "coordinates": [ 138.224828, 36.413782 ] } },
{ "type": "Feature", "properties": { "ID": 2057200322410, "正式名称": "よしだ薬局", "機関区分": 5, "都道府県コード": 20, "市区町村コード": 203, "所在地": "長野県上田市芳田１９０４－６", "緯度": 36.380787, "経度": 138.29424, "url": "https://www.iryou.teikyouseido.mhlw.go.jp/znk-web/juminkanja/S2430/initialize?prefCd=20&kikanCd=7200322410&kikanKbn=5", "url2": null, "内容": "よしだ薬局【5:薬局】長野県上田市芳田１９０４－６" }, "geometry": { "type": "Point", "coordinates": [ 138.29424, 36.380787 ] } },
{ "type": "Feature", "properties": { "ID": 2057200322780, "正式名称": "フォレスト薬局", "機関区分": 5, "都道府県コード": 20, "市区町村コード": 203, "所在地": "長野県上田市塩川１３６２－１", "緯度": 36.357351, "経度": 138.306029, "url": "https://www.iryou.teikyouseido.mhlw.go.jp/znk-web/juminkanja/S2430/initialize?prefCd=20&kikanCd=7200322780&kikanKbn=5", "url2": null, "内容": "フォレスト薬局【5:薬局】長野県上田市塩川１３６２－１" }, "geometry": { "type": "Point", "coordinates": [ 138.306029, 36.357351 ] } },
{ "type": "Feature", "properties": { "ID": 2057200322870, "正式名称": "クスリのアオキ　上田原薬局", "機関区分": 5, "都道府県コード": 20, "市区町村コード": 203, "所在地": "長野県上田市神畑字鳥居先１３５番地", "緯度": 36.387395, "経度": 138.213691, "url": "https://www.iryou.teikyouseido.mhlw.go.jp/znk-web/juminkanja/S2430/initialize?prefCd=20&kikanCd=7200322870&kikanKbn=5", "url2": "http://www.kusuri-aoki.co.jp/", "内容": "クスリのアオキ　上田原薬局【5:薬局】長野県上田市神畑字鳥居先１３５番地" }, "geometry": { "type": "Point", "coordinates": [ 138.213691, 36.387395 ] } },
{ "type": "Feature", "properties": { "ID": 2057200323020, "正式名称": "ウエルシア薬局上田しおだ野店", "機関区分": 5, "都道府県コード": 20, "市区町村コード": 203, "所在地": "長野県上田市神畑５００", "緯度": 36.382868, "経度": 138.212025, "url": "https://www.iryou.teikyouseido.mhlw.go.jp/znk-web/juminkanja/S2430/initialize?prefCd=20&kikanCd=7200323020&kikanKbn=5", "url2": "https://stores.welcia.co.jp/6254D", "内容": "ウエルシア薬局上田しおだ野店【5:薬局】長野県上田市神畑５００" }, "geometry": { "type": "Point", "coordinates": [ 138.212025, 36.382868 ] } },
{ "type": "Feature", "properties": { "ID": 2057200323110, "正式名称": "ウエルシア薬局　東御かのう店", "機関区分": 5, "都道府県コード": 20, "市区町村コード": 219, "所在地": "長野県東御市和３１７８", "緯度": 36.380788, "経度": 138.311849, "url": "https://www.iryou.teikyouseido.mhlw.go.jp/znk-web/juminkanja/S2430/initialize?prefCd=20&kikanCd=7200323110&kikanKbn=5", "url2": "https://stores.welcia.co.jp/6176D", "内容": "ウエルシア薬局　東御かのう店【5:薬局】長野県東御市和３１７８" }, "geometry": { "type": "Point", "coordinates": [ 138.311849, 36.380788 ] } },
{ "type": "Feature", "properties": { "ID": 2057200323210, "正式名称": "丸子くるみ薬局", "機関区分": 5, "都道府県コード": 20, "市区町村コード": 203, "所在地": "長野県上田市長瀬２８２７", "緯度": 36.356762, "経度": 138.289241, "url": "https://www.iryou.teikyouseido.mhlw.go.jp/znk-web/juminkanja/S2430/initialize?prefCd=20&kikanCd=7200323210&kikanKbn=5", "url2": "https://kurumi-yakkyoku.com/", "内容": "丸子くるみ薬局【5:薬局】長野県上田市長瀬２８２７" }, "geometry": { "type": "Point", "coordinates": [ 138.289241, 36.356762 ] } },
{ "type": "Feature", "properties": { "ID": 2057200323300, "正式名称": "なかよし薬局", "機関区分": 5, "都道府県コード": 20, "市区町村コード": 203, "所在地": "長野県上田市上丸子１６８４", "緯度": 36.327321, "経度": 138.270438, "url": "https://www.iryou.teikyouseido.mhlw.go.jp/znk-web/juminkanja/S2430/initialize?prefCd=20&kikanCd=7200323300&kikanKbn=5", "url2": null, "内容": "なかよし薬局【5:薬局】長野県上田市上丸子１６８４" }, "geometry": { "type": "Point", "coordinates": [ 138.270438, 36.327321 ] } },
{ "type": "Feature", "properties": { "ID": 2057200323490, "正式名称": "そめや薬局", "機関区分": 5, "都道府県コード": 20, "市区町村コード": 203, "所在地": "長野県上田市中央６－５－２５", "緯度": 36.39809, "経度": 138.25202, "url": "https://www.iryou.teikyouseido.mhlw.go.jp/znk-web/juminkanja/S2430/initialize?prefCd=20&kikanCd=7200323490&kikanKbn=5", "url2": null, "内容": "そめや薬局【5:薬局】長野県上田市中央６－５－２５" }, "geometry": { "type": "Point", "coordinates": [ 138.25202, 36.39809 ] } },
{ "type": "Feature", "properties": { "ID": 2057200323580, "正式名称": "そめや古里薬局", "機関区分": 5, "都道府県コード": 20, "市区町村コード": 203, "所在地": "長野県上田市古里６４－５", "緯度": 36.396813, "経度": 138.28824, "url": "https://www.iryou.teikyouseido.mhlw.go.jp/znk-web/juminkanja/S2430/initialize?prefCd=20&kikanCd=7200323580&kikanKbn=5", "url2": null, "内容": "そめや古里薬局【5:薬局】長野県上田市古里６４－５" }, "geometry": { "type": "Point", "coordinates": [ 138.28824, 36.396813 ] } },
{ "type": "Feature", "properties": { "ID": 2057200323670, "正式名称": "ウエルシア薬局上田真田店", "機関区分": 5, "都道府県コード": 20, "市区町村コード": 203, "所在地": "長野県上田市真田町本原７４６－１", "緯度": 36.423471, "経度": 138.298694, "url": "https://www.iryou.teikyouseido.mhlw.go.jp/znk-web/juminkanja/S2430/initialize?prefCd=20&kikanCd=7200323670&kikanKbn=5", "url2": "http://www.welcia-yakkyoku.co.jp/", "内容": "ウエルシア薬局上田真田店【5:薬局】長野県上田市真田町本原７４６－１" }, "geometry": { "type": "Point", "coordinates": [ 138.298694, 36.423471 ] } },
{ "type": "Feature", "properties": { "ID": 2057200323940, "正式名称": "薬局　マツモトキヨシ丸子ベルプラザ店", "機関区分": 5, "都道府県コード": 20, "市区町村コード": 203, "所在地": "長野県上田市中丸子１６４７－７", "緯度": 36.332848, "経度": 138.276771, "url": "https://www.iryou.teikyouseido.mhlw.go.jp/znk-web/juminkanja/S2430/initialize?prefCd=20&kikanCd=7200323940&kikanKbn=5", "url2": null, "内容": "薬局　マツモトキヨシ丸子ベルプラザ店【5:薬局】長野県上田市中丸子１６４７－７" }, "geometry": { "type": "Point", "coordinates": [ 138.276771, 36.332848 ] } },
{ "type": "Feature", "properties": { "ID": 2057200324100, "正式名称": "中村薬局", "機関区分": 5, "都道府県コード": 20, "市区町村コード": 203, "所在地": "長野県上田市下丸子１６２－１２", "緯度": 36.33916, "経度": 138.273138, "url": "https://www.iryou.teikyouseido.mhlw.go.jp/znk-web/juminkanja/S2430/initialize?prefCd=20&kikanCd=7200324100&kikanKbn=5", "url2": "https://www.nakamurapharmacy-3489.jp/home", "内容": "中村薬局【5:薬局】長野県上田市下丸子１６２－１２" }, "geometry": { "type": "Point", "coordinates": [ 138.273138, 36.33916 ] } },
{ "type": "Feature", "properties": { "ID": 2057200324290, "正式名称": "有限会社　大津賀薬局", "機関区分": 5, "都道府県コード": 20, "市区町村コード": 203, "所在地": "長野県上田市御所５２０－２", "緯度": 36.39534, "経度": 138.237161, "url": "https://www.iryou.teikyouseido.mhlw.go.jp/znk-web/juminkanja/S2430/initialize?prefCd=20&kikanCd=7200324290&kikanKbn=5", "url2": "https://otsuga.sakura.ne.jp/", "内容": "有限会社　大津賀薬局【5:薬局】長野県上田市御所５２０－２" }, "geometry": { "type": "Point", "coordinates": [ 138.237161, 36.39534 ] } },
{ "type": "Feature", "properties": { "ID": 2057200324380, "正式名称": "生田上原薬局", "機関区分": 5, "都道府県コード": 20, "市区町村コード": 203, "所在地": "長野県上田市生田５０２６－２", "緯度": 36.360178, "経度": 138.279297, "url": "https://www.iryou.teikyouseido.mhlw.go.jp/znk-web/juminkanja/S2430/initialize?prefCd=20&kikanCd=7200324380&kikanKbn=5", "url2": null, "内容": "生田上原薬局【5:薬局】長野県上田市生田５０２６－２" }, "geometry": { "type": "Point", "coordinates": [ 138.279297, 36.360178 ] } },
{ "type": "Feature", "properties": { "ID": 2057200324470, "正式名称": "コウズケヤ薬局　丸子", "機関区分": 5, "都道府県コード": 20, "市区町村コード": 203, "所在地": "長野県上田市長瀬３０６４－１", "緯度": 36.356262, "経度": 138.287741, "url": "https://www.iryou.teikyouseido.mhlw.go.jp/znk-web/juminkanja/S2430/initialize?prefCd=20&kikanCd=7200324470&kikanKbn=5", "url2": "https://www.kozukeya.co.jp", "内容": "コウズケヤ薬局　丸子【5:薬局】長野県上田市長瀬３０６４－１" }, "geometry": { "type": "Point", "coordinates": [ 138.287741, 36.356262 ] } },
{ "type": "Feature", "properties": { "ID": 2057200324560, "正式名称": "コバヤシ薬局", "機関区分": 5, "都道府県コード": 20, "市区町村コード": 203, "所在地": "長野県上田市上丸子１５９６－３", "緯度": 36.322867, "経度": 138.269582, "url": "https://www.iryou.teikyouseido.mhlw.go.jp/znk-web/juminkanja/S2430/initialize?prefCd=20&kikanCd=7200324560&kikanKbn=5", "url2": "http://www.hi-yorokonde.com/detail/index_324.html", "内容": "コバヤシ薬局【5:薬局】長野県上田市上丸子１５９６－３" }, "geometry": { "type": "Point", "coordinates": [ 138.269582, 36.322867 ] } },
{ "type": "Feature", "properties": { "ID": 2057200324740, "正式名称": "川辺上原薬局", "機関区分": 5, "都道府県コード": 20, "市区町村コード": 203, "所在地": "長野県上田市上田原１５７－１", "緯度": 36.39059, "経度": 138.220218, "url": "https://www.iryou.teikyouseido.mhlw.go.jp/znk-web/juminkanja/S2430/initialize?prefCd=20&kikanCd=7200324740&kikanKbn=5", "url2": "https://www.uehara-ph.co.jp", "内容": "川辺上原薬局【5:薬局】長野県上田市上田原１５７－１" }, "geometry": { "type": "Point", "coordinates": [ 138.220218, 36.39059 ] } },
{ "type": "Feature", "properties": { "ID": 2057200324830, "正式名称": "クスリのアオキ常田薬局", "機関区分": 5, "都道府県コード": 20, "市区町村コード": 203, "所在地": "長野県上田市常田二丁目１０番６号", "緯度": 36.393118, "経度": 138.25402, "url": "https://www.iryou.teikyouseido.mhlw.go.jp/znk-web/juminkanja/S2430/initialize?prefCd=20&kikanCd=7200324830&kikanKbn=5", "url2": "http://www.kusuri-aoki.co.jp/", "内容": "クスリのアオキ常田薬局【5:薬局】長野県上田市常田二丁目１０番６号" }, "geometry": { "type": "Point", "coordinates": [ 138.25402, 36.393118 ] } },
{ "type": "Feature", "properties": { "ID": 2057200324920, "正式名称": "有限会社　常田薬局", "機関区分": 5, "都道府県コード": 20, "市区町村コード": 203, "所在地": "長野県上田市常田２－１５－１", "緯度": 36.39359, "経度": 138.257715, "url": "https://www.iryou.teikyouseido.mhlw.go.jp/znk-web/juminkanja/S2430/initialize?prefCd=20&kikanCd=7200324920&kikanKbn=5", "url2": null, "内容": "有限会社　常田薬局【5:薬局】長野県上田市常田２－１５－１" }, "geometry": { "type": "Point", "coordinates": [ 138.257715, 36.39359 ] } },
{ "type": "Feature", "properties": { "ID": 2057200325090, "正式名称": "コタケ薬局", "機関区分": 5, "都道府県コード": 20, "市区町村コード": 203, "所在地": "長野県上田市小牧１２０５－３", "緯度": 36.381369, "経度": 138.253632, "url": "https://www.iryou.teikyouseido.mhlw.go.jp/znk-web/juminkanja/S2430/initialize?prefCd=20&kikanCd=7200325090&kikanKbn=5", "url2": "https://www.shinano-kyorei.jp/kotake/", "内容": "コタケ薬局【5:薬局】長野県上田市小牧１２０５－３" }, "geometry": { "type": "Point", "coordinates": [ 138.253632, 36.381369 ] } },
{ "type": "Feature", "properties": { "ID": 2057200325180, "正式名称": "わかば薬局こさと", "機関区分": 5, "都道府県コード": 20, "市区町村コード": 203, "所在地": "長野県上田市古里１９２７－１", "緯度": 36.398146, "経度": 138.275435, "url": "https://www.iryou.teikyouseido.mhlw.go.jp/znk-web/juminkanja/S2430/initialize?prefCd=20&kikanCd=7200325180&kikanKbn=5", "url2": "http://www15.ueda.ne.jp/~wakaba/index.html", "内容": "わかば薬局こさと【5:薬局】長野県上田市古里１９２７－１" }, "geometry": { "type": "Point", "coordinates": [ 138.275435, 36.398146 ] } },
{ "type": "Feature", "properties": { "ID": 2057200325270, "正式名称": "クスリのアオキ大屋薬局", "機関区分": 5, "都道府県コード": 20, "市区町村コード": 203, "所在地": "長野県上田市大屋２３４番地８", "緯度": 36.372399, "経度": 138.295184, "url": "https://www.iryou.teikyouseido.mhlw.go.jp/znk-web/juminkanja/S2430/initialize?prefCd=20&kikanCd=7200325270&kikanKbn=5", "url2": "http://www.kusuri-aoki.co.jp/", "内容": "クスリのアオキ大屋薬局【5:薬局】長野県上田市大屋２３４番地８" }, "geometry": { "type": "Point", "coordinates": [ 138.295184, 36.372399 ] } },
{ "type": "Feature", "properties": { "ID": 2057200325360, "正式名称": "わかば薬局", "機関区分": 5, "都道府県コード": 20, "市区町村コード": 203, "所在地": "長野県上田市上田１２２５－２", "緯度": 36.411033, "経度": 138.264019, "url": "https://www.iryou.teikyouseido.mhlw.go.jp/znk-web/juminkanja/S2430/initialize?prefCd=20&kikanCd=7200325360&kikanKbn=5", "url2": null, "内容": "わかば薬局【5:薬局】長野県上田市上田１２２５－２" }, "geometry": { "type": "Point", "coordinates": [ 138.264019, 36.411033 ] } },
{ "type": "Feature", "properties": { "ID": 2057200325450, "正式名称": "こさとスマイル薬局", "機関区分": 5, "都道府県コード": 20, "市区町村コード": 203, "所在地": "長野県上田市古里１９３０－３", "緯度": 36.398335, "経度": 138.275583, "url": "https://www.iryou.teikyouseido.mhlw.go.jp/znk-web/juminkanja/S2430/initialize?prefCd=20&kikanCd=7200325450&kikanKbn=5", "url2": null, "内容": "こさとスマイル薬局【5:薬局】長野県上田市古里１９３０－３" }, "geometry": { "type": "Point", "coordinates": [ 138.275583, 36.398335 ] } },
{ "type": "Feature", "properties": { "ID": 2057200325630, "正式名称": "なが池薬局", "機関区分": 5, "都道府県コード": 20, "市区町村コード": 203, "所在地": "長野県上田市上田原１３２９－８", "緯度": 36.385283, "経度": 138.221839, "url": "https://www.iryou.teikyouseido.mhlw.go.jp/znk-web/juminkanja/S2430/initialize?prefCd=20&kikanCd=7200325630&kikanKbn=5", "url2": null, "内容": "なが池薬局【5:薬局】長野県上田市上田原１３２９－８" }, "geometry": { "type": "Point", "coordinates": [ 138.221839, 36.385283 ] } },
{ "type": "Feature", "properties": { "ID": 2057200325720, "正式名称": "上田西ノリ薬局", "機関区分": 5, "都道府県コード": 20, "市区町村コード": 203, "所在地": "長野県上田市秋和３０９－１", "緯度": 36.412846, "経度": 138.226687, "url": "https://www.iryou.teikyouseido.mhlw.go.jp/znk-web/juminkanja/S2430/initialize?prefCd=20&kikanCd=7200325720&kikanKbn=5", "url2": null, "内容": "上田西ノリ薬局【5:薬局】長野県上田市秋和３０９－１" }, "geometry": { "type": "Point", "coordinates": [ 138.226687, 36.412846 ] } },
{ "type": "Feature", "properties": { "ID": 2057200325910, "正式名称": "かわにしノリ薬局", "機関区分": 5, "都道府県コード": 20, "市区町村コード": 203, "所在地": "長野県上田市小泉７１５－１", "緯度": 36.383831, "経度": 138.18876, "url": "https://www.iryou.teikyouseido.mhlw.go.jp/znk-web/juminkanja/S2430/initialize?prefCd=20&kikanCd=7200325910&kikanKbn=5", "url2": "http://www.nori-pharmacy.co.jp", "内容": "かわにしノリ薬局【5:薬局】長野県上田市小泉７１５－１" }, "geometry": { "type": "Point", "coordinates": [ 138.18876, 36.383831 ] } },
{ "type": "Feature", "properties": { "ID": 2057200326070, "正式名称": "山一くるみ薬局", "機関区分": 5, "都道府県コード": 20, "市区町村コード": 219, "所在地": "長野県東御市県１２９－２０", "緯度": 36.357916, "経度": 138.328236, "url": "https://www.iryou.teikyouseido.mhlw.go.jp/znk-web/juminkanja/S2430/initialize?prefCd=20&kikanCd=7200326070&kikanKbn=5", "url2": "https://kurumi-yakkyoku.com/", "内容": "山一くるみ薬局【5:薬局】長野県東御市県１２９－２０" }, "geometry": { "type": "Point", "coordinates": [ 138.328236, 36.357916 ] } },
{ "type": "Feature", "properties": { "ID": 2057200326160, "正式名称": "すみよし薬局", "機関区分": 5, "都道府県コード": 20, "市区町村コード": 203, "所在地": "長野県上田市住吉３１０番地１８", "緯度": 36.406214, "経度": 138.278797, "url": "https://www.iryou.teikyouseido.mhlw.go.jp/znk-web/juminkanja/S2430/initialize?prefCd=20&kikanCd=7200326160&kikanKbn=5", "url2": "https://dpc-net.ne.jp/storeinfo/nagano/nagano-sumiyoshi/", "内容": "すみよし薬局【5:薬局】長野県上田市住吉３１０番地１８" }, "geometry": { "type": "Point", "coordinates": [ 138.278797, 36.406214 ] } },
{ "type": "Feature", "properties": { "ID": 2057200326430, "正式名称": "ウエルシア薬局上田山口店", "機関区分": 5, "都道府県コード": 20, "市区町村コード": 203, "所在地": "長野県上田市上田山口１２２１－１", "緯度": 36.411663, "経度": 138.265625, "url": "https://www.iryou.teikyouseido.mhlw.go.jp/znk-web/juminkanja/S2430/initialize?prefCd=20&kikanCd=7200326430&kikanKbn=5", "url2": "https://stores.welcia.co.jp/6180D", "内容": "ウエルシア薬局上田山口店【5:薬局】長野県上田市上田山口１２２１－１" }, "geometry": { "type": "Point", "coordinates": [ 138.265625, 36.411663 ] } },
{ "type": "Feature", "properties": { "ID": 2057200326610, "正式名称": "ウエルシア薬局東御田中店", "機関区分": 5, "都道府県コード": 20, "市区町村コード": 219, "所在地": "長野県東御市田中５８６番地１", "緯度": 36.353877, "経度": 138.335415, "url": "https://www.iryou.teikyouseido.mhlw.go.jp/znk-web/juminkanja/S2430/initialize?prefCd=20&kikanCd=7200326610&kikanKbn=5", "url2": "https://stores.welcia.co.jp/1345D", "内容": "ウエルシア薬局東御田中店【5:薬局】長野県東御市田中５８６番地１" }, "geometry": { "type": "Point", "coordinates": [ 138.335415, 36.353877 ] } },
{ "type": "Feature", "properties": { "ID": 2057200326710, "正式名称": "ピノキオ薬局", "機関区分": 5, "都道府県コード": 20, "市区町村コード": 203, "所在地": "長野県上田市古里１４６－２６", "緯度": 36.401299, "経度": 138.287318, "url": "https://www.iryou.teikyouseido.mhlw.go.jp/znk-web/juminkanja/S2430/initialize?prefCd=20&kikanCd=7200326710&kikanKbn=5", "url2": "https://pinoya.jp/", "内容": "ピノキオ薬局【5:薬局】長野県上田市古里１４６－２６" }, "geometry": { "type": "Point", "coordinates": [ 138.287318, 36.401299 ] } },
{ "type": "Feature", "properties": { "ID": 2057200326800, "正式名称": "アイリス薬局", "機関区分": 5, "都道府県コード": 20, "市区町村コード": 349, "所在地": "長野県小県郡青木村当郷１４２－６", "緯度": 36.37398, "経度": 138.149526, "url": "https://www.iryou.teikyouseido.mhlw.go.jp/znk-web/juminkanja/S2430/initialize?prefCd=20&kikanCd=7200326800&kikanKbn=5", "url2": null, "内容": "アイリス薬局【5:薬局】長野県小県郡青木村当郷１４２－６" }, "geometry": { "type": "Point", "coordinates": [ 138.149526, 36.37398 ] } },
{ "type": "Feature", "properties": { "ID": 2057200326990, "正式名称": "花の木薬局", "機関区分": 5, "都道府県コード": 20, "市区町村コード": 203, "所在地": "長野県上田市仁古田４０４－２", "緯度": 36.379955, "経度": 138.177753, "url": "https://www.iryou.teikyouseido.mhlw.go.jp/znk-web/juminkanja/S2430/initialize?prefCd=20&kikanCd=7200326990&kikanKbn=5", "url2": "https://www.hananoki-pharmacy.com", "内容": "花の木薬局【5:薬局】長野県上田市仁古田４０４－２" }, "geometry": { "type": "Point", "coordinates": [ 138.177753, 36.379955 ] } },
{ "type": "Feature", "properties": { "ID": 2057200327140, "正式名称": "丸光薬局", "機関区分": 5, "都道府県コード": 20, "市区町村コード": 203, "所在地": "長野県上田市鹿教湯温泉１２８２", "緯度": 36.302411, "経度": 138.136731, "url": "https://www.iryou.teikyouseido.mhlw.go.jp/znk-web/juminkanja/S2430/initialize?prefCd=20&kikanCd=7200327140&kikanKbn=5", "url2": null, "内容": "丸光薬局【5:薬局】長野県上田市鹿教湯温泉１２８２" }, "geometry": { "type": "Point", "coordinates": [ 138.136731, 36.302411 ] } },
{ "type": "Feature", "properties": { "ID": 2057200327230, "正式名称": "コウズケヤ薬局　中央", "機関区分": 5, "都道府県コード": 20, "市区町村コード": 203, "所在地": "長野県上田市中央２－２０－１２", "緯度": 36.400233, "経度": 138.256883, "url": "https://www.iryou.teikyouseido.mhlw.go.jp/znk-web/juminkanja/S2430/initialize?prefCd=20&kikanCd=7200327230&kikanKbn=5", "url2": "https://www.kozukeya.co.jp/", "内容": "コウズケヤ薬局　中央【5:薬局】長野県上田市中央２－２０－１２" }, "geometry": { "type": "Point", "coordinates": [ 138.256883, 36.400233 ] } },
{ "type": "Feature", "properties": { "ID": 2057200327320, "正式名称": "イオン薬局上田店", "機関区分": 5, "都道府県コード": 20, "市区町村コード": 203, "所在地": "長野県上田市常田２丁目１２－１８", "緯度": 36.392405, "経度": 138.257778, "url": "https://www.iryou.teikyouseido.mhlw.go.jp/znk-web/juminkanja/S2430/initialize?prefCd=20&kikanCd=7200327320&kikanKbn=5", "url2": null, "内容": "イオン薬局上田店【5:薬局】長野県上田市常田２丁目１２－１８" }, "geometry": { "type": "Point", "coordinates": [ 138.257778, 36.392405 ] } },
{ "type": "Feature", "properties": { "ID": 2057200327410, "正式名称": "モリキ上田上堀薬局", "機関区分": 5, "都道府県コード": 20, "市区町村コード": 203, "所在地": "長野県上田市踏入２丁目１１５４－４", "緯度": 36.387658, "経度": 138.263906, "url": "https://www.iryou.teikyouseido.mhlw.go.jp/znk-web/juminkanja/S2430/initialize?prefCd=20&kikanCd=7200327410&kikanKbn=5", "url2": null, "内容": "モリキ上田上堀薬局【5:薬局】長野県上田市踏入２丁目１１５４－４" }, "geometry": { "type": "Point", "coordinates": [ 138.263906, 36.387658 ] } },
{ "type": "Feature", "properties": { "ID": 2057200327510, "正式名称": "クスリのアオキ川西薬局", "機関区分": 5, "都道府県コード": 20, "市区町村コード": 203, "所在地": "長野県上田市福田３９番地１", "緯度": 36.386238, "経度": 138.203712, "url": "https://www.iryou.teikyouseido.mhlw.go.jp/znk-web/juminkanja/S2430/initialize?prefCd=20&kikanCd=7200327510&kikanKbn=5", "url2": "https://www.kusuri-aoki.co.jp/", "内容": "クスリのアオキ川西薬局【5:薬局】長野県上田市福田３９番地１" }, "geometry": { "type": "Point", "coordinates": [ 138.203712, 36.386238 ] } },
{ "type": "Feature", "properties": { "ID": 2057200327600, "正式名称": "踏入上原薬局", "機関区分": 5, "都道府県コード": 20, "市区町村コード": 203, "所在地": "長野県上田市踏入２丁目－１２０６－２１", "緯度": 36.38915, "経度": 138.262024, "url": "https://www.iryou.teikyouseido.mhlw.go.jp/znk-web/juminkanja/S2430/initialize?prefCd=20&kikanCd=7200327600&kikanKbn=5", "url2": null, "内容": "踏入上原薬局【5:薬局】長野県上田市踏入２丁目－１２０６－２１" }, "geometry": { "type": "Point", "coordinates": [ 138.262024, 36.38915 ] } },
{ "type": "Feature", "properties": { "ID": 2057200327790, "正式名称": "塩田薬局", "機関区分": 5, "都道府県コード": 20, "市区町村コード": 203, "所在地": "長野県上田市中野３８－６", "緯度": 36.360152, "経度": 138.19883, "url": "https://www.iryou.teikyouseido.mhlw.go.jp/znk-web/juminkanja/S2430/initialize?prefCd=20&kikanCd=7200327790&kikanKbn=5", "url2": null, "内容": "塩田薬局【5:薬局】長野県上田市中野３８－６" }, "geometry": { "type": "Point", "coordinates": [ 138.19883, 36.360152 ] } },
{ "type": "Feature", "properties": { "ID": 2057200327880, "正式名称": "上丸子ほほえみ薬局", "機関区分": 5, "都道府県コード": 20, "市区町村コード": 203, "所在地": "長野県上田市上丸子３３１－１　デリシア上丸子店敷地内", "緯度": 36.326922, "経度": 138.27152, "url": "https://www.iryou.teikyouseido.mhlw.go.jp/znk-web/juminkanja/S2430/initialize?prefCd=20&kikanCd=7200327880&kikanKbn=5", "url2": "https://dpc-net.ne.jp/storeinfo/nagano/nagano-kamimarukohohoemi/", "内容": "上丸子ほほえみ薬局【5:薬局】長野県上田市上丸子３３１－１　デリシア上丸子店敷地内" }, "geometry": { "type": "Point", "coordinates": [ 138.27152, 36.326922 ] } },
{ "type": "Feature", "properties": { "ID": 2057200327970, "正式名称": "アイン薬局　常磐城店", "機関区分": 5, "都道府県コード": 20, "市区町村コード": 203, "所在地": "長野県上田市常磐城５－１－１８", "緯度": 36.409477, "経度": 138.241854, "url": "https://www.iryou.teikyouseido.mhlw.go.jp/znk-web/juminkanja/S2430/initialize?prefCd=20&kikanCd=7200327970&kikanKbn=5", "url2": "http://www.ainj.co.jp/", "内容": "アイン薬局　常磐城店【5:薬局】長野県上田市常磐城５－１－１８" }, "geometry": { "type": "Point", "coordinates": [ 138.241854, 36.409477 ] } },
{ "type": "Feature", "properties": { "ID": 2057200328030, "正式名称": "株式会社アイン中央　アイン薬局　東御店", "機関区分": 5, "都道府県コード": 20, "市区町村コード": 219, "所在地": "長野県東御市常田１４１－２", "緯度": 36.355569, "経度": 138.342986, "url": "https://www.iryou.teikyouseido.mhlw.go.jp/znk-web/juminkanja/S2430/initialize?prefCd=20&kikanCd=7200328030&kikanKbn=5", "url2": "https://www.ainj.co.jp/network/detail.html?pdid=948", "内容": "株式会社アイン中央　アイン薬局　東御店【5:薬局】長野県東御市常田１４１－２" }, "geometry": { "type": "Point", "coordinates": [ 138.342986, 36.355569 ] } },
{ "type": "Feature", "properties": { "ID": 2057200328120, "正式名称": "アイン薬局　上田大屋店", "機関区分": 5, "都道府県コード": 20, "市区町村コード": 203, "所在地": "長野県上田市大屋５１４－１", "緯度": 36.369539, "経度": 138.294129, "url": "https://www.iryou.teikyouseido.mhlw.go.jp/znk-web/juminkanja/S2430/initialize?prefCd=20&kikanCd=7200328120&kikanKbn=5", "url2": "https://store.ainj.co.jp/detail/1100684/", "内容": "アイン薬局　上田大屋店【5:薬局】長野県上田市大屋５１４－１" }, "geometry": { "type": "Point", "coordinates": [ 138.294129, 36.369539 ] } },
{ "type": "Feature", "properties": { "ID": 2057200328210, "正式名称": "西野薬局", "機関区分": 5, "都道府県コード": 20, "市区町村コード": 203, "所在地": "長野県上田市殿城２３２－３", "緯度": 36.403563, "経度": 138.301488, "url": "https://www.iryou.teikyouseido.mhlw.go.jp/znk-web/juminkanja/S2430/initialize?prefCd=20&kikanCd=7200328210&kikanKbn=5", "url2": "https://store.ainj.co.jp/detail/1100685/", "内容": "西野薬局【5:薬局】長野県上田市殿城２３２－３" }, "geometry": { "type": "Point", "coordinates": [ 138.301488, 36.403563 ] } },
{ "type": "Feature", "properties": { "ID": 2057200328310, "正式名称": "カワイ薬局", "機関区分": 5, "都道府県コード": 20, "市区町村コード": 203, "所在地": "長野県上田市中央２ー３ー１６ー１０１", "緯度": 36.401353, "経度": 138.252455, "url": "https://www.iryou.teikyouseido.mhlw.go.jp/znk-web/juminkanja/S2430/initialize?prefCd=20&kikanCd=7200328310&kikanKbn=5", "url2": "http://www.e-classa.net/kawai-ph/", "内容": "カワイ薬局【5:薬局】長野県上田市中央２ー３ー１６ー１０１" }, "geometry": { "type": "Point", "coordinates": [ 138.252455, 36.401353 ] } },
{ "type": "Feature", "properties": { "ID": 2057200328400, "正式名称": "アーク調剤薬局　上田下之郷店", "機関区分": 5, "都道府県コード": 20, "市区町村コード": 203, "所在地": "長野県上田市下之郷乙３４６－１５", "緯度": 36.374028, "経度": 138.217193, "url": "https://www.iryou.teikyouseido.mhlw.go.jp/znk-web/juminkanja/S2430/initialize?prefCd=20&kikanCd=7200328400&kikanKbn=5", "url2": "https://www.arc-m.co.jp/", "内容": "アーク調剤薬局　上田下之郷店【5:薬局】長野県上田市下之郷乙３４６－１５" }, "geometry": { "type": "Point", "coordinates": [ 138.217193, 36.374028 ] } },
{ "type": "Feature", "properties": { "ID": 2057200328590, "正式名称": "アイン薬局上田丸子店", "機関区分": 5, "都道府県コード": 20, "市区町村コード": 203, "所在地": "長野県上田市中丸子１６８２－１６", "緯度": 36.336986, "経度": 138.271577, "url": "https://www.iryou.teikyouseido.mhlw.go.jp/znk-web/juminkanja/S2430/initialize?prefCd=20&kikanCd=7200328590&kikanKbn=5", "url2": "https://www.ainj.co.jp/network/detail.html?pdid=1696", "内容": "アイン薬局上田丸子店【5:薬局】長野県上田市中丸子１６８２－１６" }, "geometry": { "type": "Point", "coordinates": [ 138.271577, 36.336986 ] } },
{ "type": "Feature", "properties": { "ID": 2057200328680, "正式名称": "Ｖ・ｄｒｕｇ上田千曲高校前薬局", "機関区分": 5, "都道府県コード": 20, "市区町村コード": 203, "所在地": "長野県上田市中之条５７３－１", "緯度": 36.397714, "経度": 138.230191, "url": "https://www.iryou.teikyouseido.mhlw.go.jp/znk-web/juminkanja/S2430/initialize?prefCd=20&kikanCd=7200328680&kikanKbn=5", "url2": "https://store.vdrug.co.jp/detail/30229/", "内容": "Ｖ・ｄｒｕｇ上田千曲高校前薬局【5:薬局】長野県上田市中之条５７３－１" }, "geometry": { "type": "Point", "coordinates": [ 138.230191, 36.397714 ] } },
{ "type": "Feature", "properties": { "ID": 2057200328860, "正式名称": "池田薬局", "機関区分": 5, "都道府県コード": 20, "市区町村コード": 349, "所在地": "長野県小県郡青木村田沢１２－２", "緯度": 36.369883, "経度": 138.129461, "url": "https://www.iryou.teikyouseido.mhlw.go.jp/znk-web/juminkanja/S2430/initialize?prefCd=20&kikanCd=7200328860&kikanKbn=5", "url2": "https://www.jgxrf194.jp", "内容": "池田薬局【5:薬局】長野県小県郡青木村田沢１２－２" }, "geometry": { "type": "Point", "coordinates": [ 138.129461, 36.369883 ] } },
{ "type": "Feature", "properties": { "ID": 2057200400820, "正式名称": "有限会社　二葉薬局", "機関区分": 5, "都道府県コード": 20, "市区町村コード": 206, "所在地": "長野県諏訪市大手１－３－２", "緯度": 36.044427, "経度": 138.114358, "url": "https://www.iryou.teikyouseido.mhlw.go.jp/znk-web/juminkanja/S2430/initialize?prefCd=20&kikanCd=7200400820&kikanKbn=5", "url2": "https://futabayakkyoku.com/", "内容": "有限会社　二葉薬局【5:薬局】長野県諏訪市大手１－３－２" }, "geometry": { "type": "Point", "coordinates": [ 138.114358, 36.044427 ] } },
{ "type": "Feature", "properties": { "ID": 2057200401170, "正式名称": "白馬堂薬局", "機関区分": 5, "都道府県コード": 20, "市区町村コード": 206, "所在地": "長野県諏訪市諏訪１－１６－１", "緯度": 36.049098, "経度": 138.116046, "url": "https://www.iryou.teikyouseido.mhlw.go.jp/znk-web/juminkanja/S2430/initialize?prefCd=20&kikanCd=7200401170&kikanKbn=5", "url2": null, "内容": "白馬堂薬局【5:薬局】長野県諏訪市諏訪１－１６－１" }, "geometry": { "type": "Point", "coordinates": [ 138.116046, 36.049098 ] } },
{ "type": "Feature", "properties": { "ID": 2057200402980, "正式名称": "小山薬局", "機関区分": 5, "都道府県コード": 20, "市区町村コード": 206, "所在地": "長野県諏訪市四賀１８２８", "緯度": 36.065151, "経度": 138.164763, "url": "https://www.iryou.teikyouseido.mhlw.go.jp/znk-web/juminkanja/S2430/initialize?prefCd=20&kikanCd=7200402980&kikanKbn=5", "url2": null, "内容": "小山薬局【5:薬局】長野県諏訪市四賀１８２８" }, "geometry": { "type": "Point", "coordinates": [ 138.164763, 36.065151 ] } },
{ "type": "Feature", "properties": { "ID": 2057200404490, "正式名称": "有限会社　ヤジマ薬局", "機関区分": 5, "都道府県コード": 20, "市区町村コード": 214, "所在地": "長野県茅野市ちの３５０２－１", "緯度": 35.993939, "経度": 138.151545, "url": "https://www.iryou.teikyouseido.mhlw.go.jp/znk-web/juminkanja/S2430/initialize?prefCd=20&kikanCd=7200404490&kikanKbn=5", "url2": "https://www.yazima-pharmacy.com/", "内容": "有限会社　ヤジマ薬局【5:薬局】長野県茅野市ちの３５０２－１" }, "geometry": { "type": "Point", "coordinates": [ 138.151545, 35.993939 ] } },
{ "type": "Feature", "properties": { "ID": 2057200405380, "正式名称": "有限会社フジモリ薬局", "機関区分": 5, "都道府県コード": 20, "市区町村コード": 214, "所在地": "長野県茅野市宮川４５３２", "緯度": 35.988218, "経度": 138.154573, "url": "https://www.iryou.teikyouseido.mhlw.go.jp/znk-web/juminkanja/S2430/initialize?prefCd=20&kikanCd=7200405380&kikanKbn=5", "url2": "http://fujimoripharmacy.co.jp/", "内容": "有限会社フジモリ薬局【5:薬局】長野県茅野市宮川４５３２" }, "geometry": { "type": "Point", "coordinates": [ 138.154573, 35.988218 ] } },
{ "type": "Feature", "properties": { "ID": 2057200406270, "正式名称": "笠原薬局", "機関区分": 5, "都道府県コード": 20, "市区町村コード": 214, "所在地": "長野県茅野市本町西２１－４", "緯度": 35.996745, "経度": 138.166072, "url": "https://www.iryou.teikyouseido.mhlw.go.jp/znk-web/juminkanja/S2430/initialize?prefCd=20&kikanCd=7200406270&kikanKbn=5", "url2": "http://www.myph.jp/kasahara-p/pc/info.html", "内容": "笠原薬局【5:薬局】長野県茅野市本町西２１－４" }, "geometry": { "type": "Point", "coordinates": [ 138.166072, 35.996745 ] } },
{ "type": "Feature", "properties": { "ID": 2057200406910, "正式名称": "有限会社　けやき薬局", "機関区分": 5, "都道府県コード": 20, "市区町村コード": 214, "所在地": "長野県茅野市ちの３２４３", "緯度": 35.996744, "経度": 138.147545, "url": "https://www.iryou.teikyouseido.mhlw.go.jp/znk-web/juminkanja/S2430/initialize?prefCd=20&kikanCd=7200406910&kikanKbn=5", "url2": null, "内容": "有限会社　けやき薬局【5:薬局】長野県茅野市ちの３２４３" }, "geometry": { "type": "Point", "coordinates": [ 138.147545, 35.996744 ] } },
{ "type": "Feature", "properties": { "ID": 2057200407070, "正式名称": "ニコニコ堂薬局", "機関区分": 5, "都道府県コード": 20, "市区町村コード": 214, "所在地": "長野県茅野市本町５－１８", "緯度": 35.996356, "経度": 138.161572, "url": "https://www.iryou.teikyouseido.mhlw.go.jp/znk-web/juminkanja/S2430/initialize?prefCd=20&kikanCd=7200407070&kikanKbn=5", "url2": null, "内容": "ニコニコ堂薬局【5:薬局】長野県茅野市本町５－１８" }, "geometry": { "type": "Point", "coordinates": [ 138.161572, 35.996356 ] } },
{ "type": "Feature", "properties": { "ID": 2057200408140, "正式名称": "岩波湖畔薬局", "機関区分": 5, "都道府県コード": 20, "市区町村コード": 206, "所在地": "長野県諏訪市高島２―１２０１―４４", "緯度": 36.041837, "経度": 138.10498, "url": "https://www.iryou.teikyouseido.mhlw.go.jp/znk-web/juminkanja/S2430/initialize?prefCd=20&kikanCd=7200408140&kikanKbn=5", "url2": "https://www.facebook.com/iwanamilakesidepharmacy/", "内容": "岩波湖畔薬局【5:薬局】長野県諏訪市高島２―１２０１―４４" }, "geometry": { "type": "Point", "coordinates": [ 138.10498, 36.041837 ] } },
{ "type": "Feature", "properties": { "ID": 2057200408230, "正式名称": "薬局　マツモトキヨシ赤沼店", "機関区分": 5, "都道府県コード": 20, "市区町村コード": 206, "所在地": "長野県諏訪市四賀１６２５", "緯度": 36.022741, "経度": 138.12338, "url": "https://www.iryou.teikyouseido.mhlw.go.jp/znk-web/juminkanja/S2430/initialize?prefCd=20&kikanCd=7200408230&kikanKbn=5", "url2": "http://www.familydrug.co.jp/", "内容": "薬局　マツモトキヨシ赤沼店【5:薬局】長野県諏訪市四賀１６２５" }, "geometry": { "type": "Point", "coordinates": [ 138.12338, 36.022741 ] } },
{ "type": "Feature", "properties": { "ID": 2057200408410, "正式名称": "しぶさき薬局", "機関区分": 5, "都道府県コード": 20, "市区町村コード": 206, "所在地": "長野県諏訪市渋崎１８０１－１４", "緯度": 36.036044, "経度": 138.10027, "url": "https://www.iryou.teikyouseido.mhlw.go.jp/znk-web/juminkanja/S2430/initialize?prefCd=20&kikanCd=7200408410&kikanKbn=5", "url2": null, "内容": "しぶさき薬局【5:薬局】長野県諏訪市渋崎１８０１－１４" }, "geometry": { "type": "Point", "coordinates": [ 138.10027, 36.036044 ] } },
{ "type": "Feature", "properties": { "ID": 2057200408600, "正式名称": "薬局　マツモトキヨシ長峰店", "機関区分": 5, "都道府県コード": 20, "市区町村コード": 214, "所在地": "長野県茅野市宮川１１３５９ー１", "緯度": 35.988968, "経度": 138.172766, "url": "https://www.iryou.teikyouseido.mhlw.go.jp/znk-web/juminkanja/S2430/initialize?prefCd=20&kikanCd=7200408600&kikanKbn=5", "url2": null, "内容": "薬局　マツモトキヨシ長峰店【5:薬局】長野県茅野市宮川１１３５９ー１" }, "geometry": { "type": "Point", "coordinates": [ 138.172766, 35.988968 ] } },
{ "type": "Feature", "properties": { "ID": 2057200408880, "正式名称": "あおぞら薬局", "機関区分": 5, "都道府県コード": 20, "市区町村コード": 206, "所在地": "長野県諏訪市湯の脇２－６－１４", "緯度": 36.051015, "経度": 138.116018, "url": "https://www.iryou.teikyouseido.mhlw.go.jp/znk-web/juminkanja/S2430/initialize?prefCd=20&kikanCd=7200408880&kikanKbn=5", "url2": "https://aozoraph.jimdo.com/", "内容": "あおぞら薬局【5:薬局】長野県諏訪市湯の脇２－６－１４" }, "geometry": { "type": "Point", "coordinates": [ 138.116018, 36.051015 ] } },
{ "type": "Feature", "properties": { "ID": 2057200408970, "正式名称": "薬局　マツモトキヨシ大和店", "機関区分": 5, "都道府県コード": 20, "市区町村コード": 206, "所在地": "長野県諏訪市湖岸通り２ー３０５ー１", "緯度": 36.052792, "経度": 138.113796, "url": "https://www.iryou.teikyouseido.mhlw.go.jp/znk-web/juminkanja/S2430/initialize?prefCd=20&kikanCd=7200408970&kikanKbn=5", "url2": "http://www.matsukiyo.co.jp", "内容": "薬局　マツモトキヨシ大和店【5:薬局】長野県諏訪市湖岸通り２ー３０５ー１" }, "geometry": { "type": "Point", "coordinates": [ 138.113796, 36.052792 ] } },
{ "type": "Feature", "properties": { "ID": 2057200409120, "正式名称": "ピアみどりフジモリ薬局", "機関区分": 5, "都道府県コード": 20, "市区町村コード": 214, "所在地": "長野県茅野市豊平３０６６", "緯度": 36.020298, "経度": 138.204123, "url": "https://www.iryou.teikyouseido.mhlw.go.jp/znk-web/juminkanja/S2430/initialize?prefCd=20&kikanCd=7200409120&kikanKbn=5", "url2": "http://fujimoripharmacy.co.jp/", "内容": "ピアみどりフジモリ薬局【5:薬局】長野県茅野市豊平３０６６" }, "geometry": { "type": "Point", "coordinates": [ 138.204123, 36.020298 ] } },
{ "type": "Feature", "properties": { "ID": 2057200409210, "正式名称": "大坂屋薬局", "機関区分": 5, "都道府県コード": 20, "市区町村コード": 206, "所在地": "長野県諏訪市清水２−７−２２", "緯度": 36.036932, "経度": 138.125037, "url": "https://www.iryou.teikyouseido.mhlw.go.jp/znk-web/juminkanja/S2430/initialize?prefCd=20&kikanCd=7200409210&kikanKbn=5", "url2": "http://oosakaya-p.com", "内容": "大坂屋薬局【5:薬局】長野県諏訪市清水２−７−２２" }, "geometry": { "type": "Point", "coordinates": [ 138.125037, 36.036932 ] } },
{ "type": "Feature", "properties": { "ID": 2057200409860, "正式名称": "さくら藤沢薬局", "機関区分": 5, "都道府県コード": 20, "市区町村コード": 362, "所在地": "長野県諏訪郡富士見町落合９９８４－１０２５", "緯度": 35.918403, "経度": 138.238021, "url": "https://www.iryou.teikyouseido.mhlw.go.jp/znk-web/juminkanja/S2430/initialize?prefCd=20&kikanCd=7200409860&kikanKbn=5", "url2": null, "内容": "さくら藤沢薬局【5:薬局】長野県諏訪郡富士見町落合９９８４－１０２５" }, "geometry": { "type": "Point", "coordinates": [ 138.238021, 35.918403 ] } },
{ "type": "Feature", "properties": { "ID": 2057200410160, "正式名称": "わかば薬局", "機関区分": 5, "都道府県コード": 20, "市区町村コード": 214, "所在地": "長野県茅野市玉川４１７４‐１", "緯度": 35.991829, "経度": 138.178182, "url": "https://www.iryou.teikyouseido.mhlw.go.jp/znk-web/juminkanja/S2430/initialize?prefCd=20&kikanCd=7200410160&kikanKbn=5", "url2": null, "内容": "わかば薬局【5:薬局】長野県茅野市玉川４１７４‐１" }, "geometry": { "type": "Point", "coordinates": [ 138.178182, 35.991829 ] } },
{ "type": "Feature", "properties": { "ID": 2057200410520, "正式名称": "フジモリ薬局はら店", "機関区分": 5, "都道府県コード": 20, "市区町村コード": 363, "所在地": "長野県諏訪郡原村払沢６５８５－１", "緯度": 35.963604, "経度": 138.216394, "url": "https://www.iryou.teikyouseido.mhlw.go.jp/znk-web/juminkanja/S2430/initialize?prefCd=20&kikanCd=7200410520&kikanKbn=5", "url2": "http://fujimoripharmacy.co.jp/", "内容": "フジモリ薬局はら店【5:薬局】長野県諏訪郡原村払沢６５８５－１" }, "geometry": { "type": "Point", "coordinates": [ 138.216394, 35.963604 ] } },
{ "type": "Feature", "properties": { "ID": 2057200411230, "正式名称": "白樺薬局", "機関区分": 5, "都道府県コード": 20, "市区町村コード": 214, "所在地": "長野県茅野市玉川３０８６―１―２", "緯度": 35.992218, "経度": 138.187959, "url": "https://www.iryou.teikyouseido.mhlw.go.jp/znk-web/juminkanja/S2430/initialize?prefCd=20&kikanCd=7200411230&kikanKbn=5", "url2": null, "内容": "白樺薬局【5:薬局】長野県茅野市玉川３０８６―１―２" }, "geometry": { "type": "Point", "coordinates": [ 138.187959, 35.992218 ] } },
{ "type": "Feature", "properties": { "ID": 2057200411410, "正式名称": "諏訪スター薬局", "機関区分": 5, "都道府県コード": 20, "市区町村コード": 206, "所在地": "長野県諏訪市湖岸通り１－１５６－１５", "緯度": 36.057014, "経度": 138.112713, "url": "https://www.iryou.teikyouseido.mhlw.go.jp/znk-web/juminkanja/S2430/initialize?prefCd=20&kikanCd=7200411410&kikanKbn=5", "url2": "http://www.dpc-net.ne.jp/", "内容": "諏訪スター薬局【5:薬局】長野県諏訪市湖岸通り１－１５６－１５" }, "geometry": { "type": "Point", "coordinates": [ 138.112713, 36.057014 ] } },
{ "type": "Feature", "properties": { "ID": 2057200412860, "正式名称": "てらさわ薬局", "機関区分": 5, "都道府県コード": 20, "市区町村コード": 214, "所在地": "長野県茅野市塚原２－７－２８", "緯度": 35.995133, "経度": 138.157517, "url": "https://www.iryou.teikyouseido.mhlw.go.jp/znk-web/juminkanja/S2430/initialize?prefCd=20&kikanCd=7200412860&kikanKbn=5", "url2": "https://pharmeir.co.jp/", "内容": "てらさわ薬局【5:薬局】長野県茅野市塚原２－７－２８" }, "geometry": { "type": "Point", "coordinates": [ 138.157517, 35.995133 ] } },
{ "type": "Feature", "properties": { "ID": 2057200413480, "正式名称": "茅野横内薬局", "機関区分": 5, "都道府県コード": 20, "市区町村コード": 214, "所在地": "長野県茅野市ちの２８０８－２", "緯度": 35.994078, "経度": 138.144907, "url": "https://www.iryou.teikyouseido.mhlw.go.jp/znk-web/juminkanja/S2430/initialize?prefCd=20&kikanCd=7200413480&kikanKbn=5", "url2": "https://www.tinoyokouchiyakkyoku.com/", "内容": "茅野横内薬局【5:薬局】長野県茅野市ちの２８０８－２" }, "geometry": { "type": "Point", "coordinates": [ 138.144907, 35.994078 ] } },
{ "type": "Feature", "properties": { "ID": 2057200413660, "正式名称": "ふたば本町薬局", "機関区分": 5, "都道府県コード": 20, "市区町村コード": 214, "所在地": "長野県茅野市本町東３－５", "緯度": 35.996995, "経度": 138.163294, "url": "https://www.iryou.teikyouseido.mhlw.go.jp/znk-web/juminkanja/S2430/initialize?prefCd=20&kikanCd=7200413660&kikanKbn=5", "url2": "https://my-hutaba.jp", "内容": "ふたば本町薬局【5:薬局】長野県茅野市本町東３－５" }, "geometry": { "type": "Point", "coordinates": [ 138.163294, 35.996995 ] } },
{ "type": "Feature", "properties": { "ID": 2057200413840, "正式名称": "こころ薬局", "機関区分": 5, "都道府県コード": 20, "市区町村コード": 206, "所在地": "長野県諏訪市高島１－２１－１", "緯度": 36.04046, "経度": 138.112297, "url": "https://www.iryou.teikyouseido.mhlw.go.jp/znk-web/juminkanja/S2430/initialize?prefCd=20&kikanCd=7200413840&kikanKbn=5", "url2": "http://cocoropharmacy.com", "内容": "こころ薬局【5:薬局】長野県諏訪市高島１－２１－１" }, "geometry": { "type": "Point", "coordinates": [ 138.112297, 36.04046 ] } },
{ "type": "Feature", "properties": { "ID": 2057200413930, "正式名称": "りんどう薬局", "機関区分": 5, "都道府県コード": 20, "市区町村コード": 214, "所在地": "長野県茅野市宮川３９９０", "緯度": 35.98369, "経度": 138.159462, "url": "https://www.iryou.teikyouseido.mhlw.go.jp/znk-web/juminkanja/S2430/initialize?prefCd=20&kikanCd=7200413930&kikanKbn=5", "url2": "http://fujimoripharmacy.co.jp/", "内容": "りんどう薬局【5:薬局】長野県茅野市宮川３９９０" }, "geometry": { "type": "Point", "coordinates": [ 138.159462, 35.98369 ] } },
{ "type": "Feature", "properties": { "ID": 2057200414000, "正式名称": "ららくま薬局", "機関区分": 5, "都道府県コード": 20, "市区町村コード": 206, "所在地": "長野県諏訪市上川三丁目２２９２－１", "緯度": 36.029851, "経度": 138.120769, "url": "https://www.iryou.teikyouseido.mhlw.go.jp/znk-web/juminkanja/S2430/initialize?prefCd=20&kikanCd=7200414000&kikanKbn=5", "url2": "https://lalakuma.pharmasoken.jp/", "内容": "ららくま薬局【5:薬局】長野県諏訪市上川三丁目２２９２－１" }, "geometry": { "type": "Point", "coordinates": [ 138.120769, 36.029851 ] } },
{ "type": "Feature", "properties": { "ID": 2057200414190, "正式名称": "ウエルシア薬局　諏訪四賀店", "機関区分": 5, "都道府県コード": 20, "市区町村コード": 206, "所在地": "長野県諏訪市四賀１７３５", "緯度": 36.020177, "経度": 138.123495, "url": "https://www.iryou.teikyouseido.mhlw.go.jp/znk-web/juminkanja/S2430/initialize?prefCd=20&kikanCd=7200414190&kikanKbn=5", "url2": "https://stores.welcia.co.jp/8137D", "内容": "ウエルシア薬局　諏訪四賀店【5:薬局】長野県諏訪市四賀１７３５" }, "geometry": { "type": "Point", "coordinates": [ 138.123495, 36.020177 ] } },
{ "type": "Feature", "properties": { "ID": 2057200414370, "正式名称": "エイコー堂原田薬局", "機関区分": 5, "都道府県コード": 20, "市区町村コード": 206, "所在地": "長野県諏訪市小和田南１５－２２", "緯度": 36.038027, "経度": 138.115125, "url": "https://www.iryou.teikyouseido.mhlw.go.jp/znk-web/juminkanja/S2430/initialize?prefCd=20&kikanCd=7200414370&kikanKbn=5", "url2": null, "内容": "エイコー堂原田薬局【5:薬局】長野県諏訪市小和田南１５－２２" }, "geometry": { "type": "Point", "coordinates": [ 138.115125, 36.038027 ] } },
{ "type": "Feature", "properties": { "ID": 2057200414460, "正式名称": "コスモファーマ岡谷薬局", "機関区分": 5, "都道府県コード": 20, "市区町村コード": 204, "所在地": "長野県岡谷市銀座１－３－１４", "緯度": 36.067956, "経度": 138.052412, "url": "https://www.iryou.teikyouseido.mhlw.go.jp/znk-web/juminkanja/S2430/initialize?prefCd=20&kikanCd=7200414460&kikanKbn=5", "url2": "http://www.cosmo-ph.co.jp", "内容": "コスモファーマ岡谷薬局【5:薬局】長野県岡谷市銀座１－３－１４" }, "geometry": { "type": "Point", "coordinates": [ 138.052412, 36.067956 ] } },
{ "type": "Feature", "properties": { "ID": 2057200414550, "正式名称": "カタクリ薬局", "機関区分": 5, "都道府県コード": 20, "市区町村コード": 214, "所在地": "長野県茅野市宮川４４３８－１", "緯度": 35.988829, "経度": 138.153545, "url": "https://www.iryou.teikyouseido.mhlw.go.jp/znk-web/juminkanja/S2430/initialize?prefCd=20&kikanCd=7200414550&kikanKbn=5", "url2": "fujimoriphamacy.co.jp", "内容": "カタクリ薬局【5:薬局】長野県茅野市宮川４４３８－１" }, "geometry": { "type": "Point", "coordinates": [ 138.153545, 35.988829 ] } },
{ "type": "Feature", "properties": { "ID": 2057200414640, "正式名称": "土田薬局", "機関区分": 5, "都道府県コード": 20, "市区町村コード": 361, "所在地": "長野県諏訪郡下諏訪町２４２－１", "緯度": 36.075983, "経度": 138.082742, "url": "https://www.iryou.teikyouseido.mhlw.go.jp/znk-web/juminkanja/S2430/initialize?prefCd=20&kikanCd=7200414640&kikanKbn=5", "url2": null, "内容": "土田薬局【5:薬局】長野県諏訪郡下諏訪町２４２－１" }, "geometry": { "type": "Point", "coordinates": [ 138.082742, 36.075983 ] } },
{ "type": "Feature", "properties": { "ID": 2057200414730, "正式名称": "薬局　マツモトキヨシ上原店", "機関区分": 5, "都道府県コード": 20, "市区町村コード": 214, "所在地": "長野県茅野市ちの２４３ー７", "緯度": 35.998938, "経度": 138.14299, "url": "https://www.iryou.teikyouseido.mhlw.go.jp/znk-web/juminkanja/S2430/initialize?prefCd=20&kikanCd=7200414730&kikanKbn=5", "url2": "http://www.matsukiyo.co.jp/map/mk-koushinetsu/", "内容": "薬局　マツモトキヨシ上原店【5:薬局】長野県茅野市ちの２４３ー７" }, "geometry": { "type": "Point", "coordinates": [ 138.14299, 35.998938 ] } },
{ "type": "Feature", "properties": { "ID": 2057200414910, "正式名称": "しなの調剤薬局", "機関区分": 5, "都道府県コード": 20, "市区町村コード": 204, "所在地": "長野県岡谷市本町４－１１－３", "緯度": 36.065345, "経度": 138.04769, "url": "https://www.iryou.teikyouseido.mhlw.go.jp/znk-web/juminkanja/S2430/initialize?prefCd=20&kikanCd=7200414910&kikanKbn=5", "url2": "http://www.shinanochozai.com", "内容": "しなの調剤薬局【5:薬局】長野県岡谷市本町４－１１－３" }, "geometry": { "type": "Point", "coordinates": [ 138.04769, 36.065345 ] } },
{ "type": "Feature", "properties": { "ID": 2057200415080, "正式名称": "日本調剤　岡谷薬局", "機関区分": 5, "都道府県コード": 20, "市区町村コード": 204, "所在地": "長野県岡谷市本町４－１１－６", "緯度": 36.06565, "経度": 138.047746, "url": "https://www.iryou.teikyouseido.mhlw.go.jp/znk-web/juminkanja/S2430/initialize?prefCd=20&kikanCd=7200415080&kikanKbn=5", "url2": "https://www.nicho.co.jp/", "内容": "日本調剤　岡谷薬局【5:薬局】長野県岡谷市本町４－１１－６" }, "geometry": { "type": "Point", "coordinates": [ 138.047746, 36.06565 ] } },
{ "type": "Feature", "properties": { "ID": 2057200415530, "正式名称": "ふたば玉川薬局", "機関区分": 5, "都道府県コード": 20, "市区町村コード": 214, "所在地": "長野県茅野市玉川４４９６－１", "緯度": 35.989773, "経度": 138.176043, "url": "https://www.iryou.teikyouseido.mhlw.go.jp/znk-web/juminkanja/S2430/initialize?prefCd=20&kikanCd=7200415530&kikanKbn=5", "url2": "https://www.futabatamagawayakkyoku.com/", "内容": "ふたば玉川薬局【5:薬局】長野県茅野市玉川４４９６－１" }, "geometry": { "type": "Point", "coordinates": [ 138.176043, 35.989773 ] } },
{ "type": "Feature", "properties": { "ID": 2057200415620, "正式名称": "薬局　マツモトキヨシレイクウォーク岡谷店", "機関区分": 5, "都道府県コード": 20, "市区町村コード": 204, "所在地": "長野県岡谷市銀座１－１－５　レイクウォーク岡谷１Ｆ", "緯度": 36.0654, "経度": 138.05169, "url": "https://www.iryou.teikyouseido.mhlw.go.jp/znk-web/juminkanja/S2430/initialize?prefCd=20&kikanCd=7200415620&kikanKbn=5", "url2": null, "内容": "薬局　マツモトキヨシレイクウォーク岡谷店【5:薬局】長野県岡谷市銀座１－１－５　レイクウォーク岡谷１Ｆ" }, "geometry": { "type": "Point", "coordinates": [ 138.05169, 36.0654 ] } },
{ "type": "Feature", "properties": { "ID": 2057200415710, "正式名称": "共創未来　クローバー薬局", "機関区分": 5, "都道府県コード": 20, "市区町村コード": 206, "所在地": "長野県諏訪市中洲５６８０－１", "緯度": 36.023561, "経度": 138.120992, "url": "https://www.iryou.teikyouseido.mhlw.go.jp/znk-web/juminkanja/S2430/initialize?prefCd=20&kikanCd=7200415710&kikanKbn=5", "url2": "https://phmirai.co.jp/store/490/", "内容": "共創未来　クローバー薬局【5:薬局】長野県諏訪市中洲５６８０－１" }, "geometry": { "type": "Point", "coordinates": [ 138.120992, 36.023561 ] } },
{ "type": "Feature", "properties": { "ID": 2057200415810, "正式名称": "ウエルシア薬局　茅野本町店", "機関区分": 5, "都道府県コード": 20, "市区町村コード": 214, "所在地": "長野県茅野市本町西４６０４ー１", "緯度": 35.998877, "経度": 138.159998, "url": "https://www.iryou.teikyouseido.mhlw.go.jp/znk-web/juminkanja/S2430/initialize?prefCd=20&kikanCd=7200415810&kikanKbn=5", "url2": "http://www.welcia-yakkyoku.co.jp/", "内容": "ウエルシア薬局　茅野本町店【5:薬局】長野県茅野市本町西４６０４ー１" }, "geometry": { "type": "Point", "coordinates": [ 138.159998, 35.998877 ] } },
{ "type": "Feature", "properties": { "ID": 2057200416060, "正式名称": "フジモリ薬局メルヘン街道店", "機関区分": 5, "都道府県コード": 20, "市区町村コード": 214, "所在地": "長野県茅野市豊平３３１７－３", "緯度": 36.021509, "経度": 138.206338, "url": "https://www.iryou.teikyouseido.mhlw.go.jp/znk-web/juminkanja/S2430/initialize?prefCd=20&kikanCd=7200416060&kikanKbn=5", "url2": "https://fujimoripharmacy.co.jp/", "内容": "フジモリ薬局メルヘン街道店【5:薬局】長野県茅野市豊平３３１７－３" }, "geometry": { "type": "Point", "coordinates": [ 138.206338, 36.021509 ] } },
{ "type": "Feature", "properties": { "ID": 2057200416420, "正式名称": "ビーナス・フジモリ薬局", "機関区分": 5, "都道府県コード": 20, "市区町村コード": 214, "所在地": "長野県茅野市本町西１５－３６", "緯度": 35.999172, "経度": 138.164139, "url": "https://www.iryou.teikyouseido.mhlw.go.jp/znk-web/juminkanja/S2430/initialize?prefCd=20&kikanCd=7200416420&kikanKbn=5", "url2": "https://fujimoripharmacy.co.jp/", "内容": "ビーナス・フジモリ薬局【5:薬局】長野県茅野市本町西１５－３６" }, "geometry": { "type": "Point", "coordinates": [ 138.164139, 35.999172 ] } },
{ "type": "Feature", "properties": { "ID": 2057200416510, "正式名称": "クオール大手薬局", "機関区分": 5, "都道府県コード": 20, "市区町村コード": 206, "所在地": "長野県諏訪市大手１－１６－６", "緯度": 36.043571, "経度": 138.115657, "url": "https://www.iryou.teikyouseido.mhlw.go.jp/znk-web/juminkanja/S2430/initialize?prefCd=20&kikanCd=7200416510&kikanKbn=5", "url2": "https://www.qol-net.co.jp/", "内容": "クオール大手薬局【5:薬局】長野県諏訪市大手１－１６－６" }, "geometry": { "type": "Point", "coordinates": [ 138.115657, 36.043571 ] } },
{ "type": "Feature", "properties": { "ID": 2057200416610, "正式名称": "ふたば湖南薬局", "機関区分": 5, "都道府県コード": 20, "市区町村コード": 206, "所在地": "長野県諏訪市湖南５９３２－１", "緯度": 35.983869, "経度": 138.090276, "url": "https://www.iryou.teikyouseido.mhlw.go.jp/znk-web/juminkanja/S2430/initialize?prefCd=20&kikanCd=7200416610&kikanKbn=5", "url2": "https://my-futaba.jp/", "内容": "ふたば湖南薬局【5:薬局】長野県諏訪市湖南５９３２－１" }, "geometry": { "type": "Point", "coordinates": [ 138.090276, 35.983869 ] } },
{ "type": "Feature", "properties": { "ID": 2057200416890, "正式名称": "モリキ諏訪城南薬局", "機関区分": 5, "都道府県コード": 20, "市区町村コード": 206, "所在地": "長野県諏訪市城南１丁目２５６１－１", "緯度": 36.032323, "経度": 138.11599, "url": "https://www.iryou.teikyouseido.mhlw.go.jp/znk-web/juminkanja/S2430/initialize?prefCd=20&kikanCd=7200416890&kikanKbn=5", "url2": "http://www.moriki-group.info/", "内容": "モリキ諏訪城南薬局【5:薬局】長野県諏訪市城南１丁目２５６１－１" }, "geometry": { "type": "Point", "coordinates": [ 138.11599, 36.032323 ] } },
{ "type": "Feature", "properties": { "ID": 2057200416980, "正式名称": "薬局マツモトキヨシ　上諏訪駅前店", "機関区分": 5, "都道府県コード": 20, "市区町村コード": 206, "所在地": "長野県諏訪市諏訪１－６－１", "緯度": 36.046193, "経度": 138.117434, "url": "https://www.iryou.teikyouseido.mhlw.go.jp/znk-web/juminkanja/S2430/initialize?prefCd=20&kikanCd=7200416980&kikanKbn=5", "url2": "https://www.matsukiyococokara-online.com/map?kid=20106086", "内容": "薬局マツモトキヨシ　上諏訪駅前店【5:薬局】長野県諏訪市諏訪１－６－１" }, "geometry": { "type": "Point", "coordinates": [ 138.117434, 36.046193 ] } },
{ "type": "Feature", "properties": { "ID": 2057200417040, "正式名称": "ウエルシア薬局諏訪上川店", "機関区分": 5, "都道府県コード": 20, "市区町村コード": 206, "所在地": "長野県諏訪市上川３ー２４５０ー１", "緯度": 36.031042, "経度": 138.117459, "url": "https://www.iryou.teikyouseido.mhlw.go.jp/znk-web/juminkanja/S2430/initialize?prefCd=20&kikanCd=7200417040&kikanKbn=5", "url2": null, "内容": "ウエルシア薬局諏訪上川店【5:薬局】長野県諏訪市上川３ー２４５０ー１" }, "geometry": { "type": "Point", "coordinates": [ 138.117459, 36.031042 ] } },
{ "type": "Feature", "properties": { "ID": 2057200417130, "正式名称": "クスリのアオキ諏訪四賀薬局", "機関区分": 5, "都道府県コード": 20, "市区町村コード": 206, "所在地": "長野県諏訪市大字四賀２４１３番地２", "緯度": 36.012496, "経度": 138.129448, "url": "https://www.iryou.teikyouseido.mhlw.go.jp/znk-web/juminkanja/S2430/initialize?prefCd=20&kikanCd=7200417130&kikanKbn=5", "url2": "https://www.kusuri-aoki.co.jp/", "内容": "クスリのアオキ諏訪四賀薬局【5:薬局】長野県諏訪市大字四賀２４１３番地２" }, "geometry": { "type": "Point", "coordinates": [ 138.129448, 36.012496 ] } },
{ "type": "Feature", "properties": { "ID": 2057200417220, "正式名称": "クスリのアオキ諏訪上川薬局", "機関区分": 5, "都道府県コード": 20, "市区町村コード": 206, "所在地": "長野県諏訪市上川二丁目２１２２番地１", "緯度": 36.032684, "経度": 138.11349, "url": "https://www.iryou.teikyouseido.mhlw.go.jp/znk-web/juminkanja/S2430/initialize?prefCd=20&kikanCd=7200417220&kikanKbn=5", "url2": "https://www.kusuri-aoki.co.jp/", "内容": "クスリのアオキ諏訪上川薬局【5:薬局】長野県諏訪市上川二丁目２１２２番地１" }, "geometry": { "type": "Point", "coordinates": [ 138.11349, 36.032684 ] } },
{ "type": "Feature", "properties": { "ID": 2057200417310, "正式名称": "ウエルシア薬局岡谷長地北店", "機関区分": 5, "都道府県コード": 20, "市区町村コード": 204, "所在地": "長野県岡谷市長地梨久保一丁目６番４０号", "緯度": 36.082342, "経度": 138.063136, "url": "https://www.iryou.teikyouseido.mhlw.go.jp/znk-web/juminkanja/S2430/initialize?prefCd=20&kikanCd=7200417310&kikanKbn=5", "url2": "https://stores.welcia.co.jp", "内容": "ウエルシア薬局岡谷長地北店【5:薬局】長野県岡谷市長地梨久保一丁目６番４０号" }, "geometry": { "type": "Point", "coordinates": [ 138.063136, 36.082342 ] } },
{ "type": "Feature", "properties": { "ID": 2057200417410, "正式名称": "片倉薬局", "機関区分": 5, "都道府県コード": 20, "市区町村コード": 206, "所在地": "長野県諏訪市四賀２２５７ー６", "緯度": 36.018604, "経度": 138.12407, "url": "https://www.iryou.teikyouseido.mhlw.go.jp/znk-web/juminkanja/S2430/initialize?prefCd=20&kikanCd=7200417410&kikanKbn=5", "url2": null, "内容": "片倉薬局【5:薬局】長野県諏訪市四賀２２５７ー６" }, "geometry": { "type": "Point", "coordinates": [ 138.12407, 36.018604 ] } },
{ "type": "Feature", "properties": { "ID": 2057200417500, "正式名称": "片倉フレンド薬局", "機関区分": 5, "都道府県コード": 20, "市区町村コード": 206, "所在地": "長野県諏訪市豊田１２４３－５", "緯度": 36.024864, "経度": 138.105008, "url": "https://www.iryou.teikyouseido.mhlw.go.jp/znk-web/juminkanja/S2430/initialize?prefCd=20&kikanCd=7200417500&kikanKbn=5", "url2": null, "内容": "片倉フレンド薬局【5:薬局】長野県諏訪市豊田１２４３－５" }, "geometry": { "type": "Point", "coordinates": [ 138.105008, 36.024864 ] } },
{ "type": "Feature", "properties": { "ID": 2057200417690, "正式名称": "ミツワ西友薬局", "機関区分": 5, "都道府県コード": 20, "市区町村コード": 362, "所在地": "長野県諏訪郡富士見町落合１００６１－１", "緯度": 35.915436, "経度": 138.241128, "url": "https://www.iryou.teikyouseido.mhlw.go.jp/znk-web/juminkanja/S2430/initialize?prefCd=20&kikanCd=7200417690&kikanKbn=5", "url2": "https://www.mitsuwa-seiyu.com/", "内容": "ミツワ西友薬局【5:薬局】長野県諏訪郡富士見町落合１００６１－１" }, "geometry": { "type": "Point", "coordinates": [ 138.241128, 35.915436 ] } },
{ "type": "Feature", "properties": { "ID": 2057200417780, "正式名称": "しなの調剤薬局　天竜店", "機関区分": 5, "都道府県コード": 20, "市区町村コード": 204, "所在地": "長野県岡谷市天竜町三丁目２ー２２", "緯度": 36.056696, "経度": 138.051888, "url": "https://www.iryou.teikyouseido.mhlw.go.jp/znk-web/juminkanja/S2430/initialize?prefCd=20&kikanCd=7200417780&kikanKbn=5", "url2": null, "内容": "しなの調剤薬局　天竜店【5:薬局】長野県岡谷市天竜町三丁目２ー２２" }, "geometry": { "type": "Point", "coordinates": [ 138.051888, 36.056696 ] } },
{ "type": "Feature", "properties": { "ID": 2057200418020, "正式名称": "ちの薬局", "機関区分": 5, "都道府県コード": 20, "市区町村コード": 214, "所在地": "長野県茅野市ちの渋沢６２８－４", "緯度": 35.996437, "経度": 138.14505, "url": "https://www.iryou.teikyouseido.mhlw.go.jp/znk-web/juminkanja/S2430/initialize?prefCd=20&kikanCd=7200418020&kikanKbn=5", "url2": null, "内容": "ちの薬局【5:薬局】長野県茅野市ちの渋沢６２８－４" }, "geometry": { "type": "Point", "coordinates": [ 138.14505, 35.996437 ] } },
{ "type": "Feature", "properties": { "ID": 2057200418110, "正式名称": "川岸薬局", "機関区分": 5, "都道府県コード": 20, "市区町村コード": 204, "所在地": "長野県岡谷市川岸上３丁目２ー４", "緯度": 36.050814, "経度": 138.027683, "url": "https://www.iryou.teikyouseido.mhlw.go.jp/znk-web/juminkanja/S2430/initialize?prefCd=20&kikanCd=7200418110&kikanKbn=5", "url2": "https://fujimoripharmacy.co.jp/", "内容": "川岸薬局【5:薬局】長野県岡谷市川岸上３丁目２ー４" }, "geometry": { "type": "Point", "coordinates": [ 138.027683, 36.050814 ] } },
{ "type": "Feature", "properties": { "ID": 2057200418210, "正式名称": "しなの調剤薬局赤羽店", "機関区分": 5, "都道府県コード": 20, "市区町村コード": 204, "所在地": "長野県岡谷市赤羽３－７－１", "緯度": 36.076195, "経度": 138.054409, "url": "https://www.iryou.teikyouseido.mhlw.go.jp/znk-web/juminkanja/S2430/initialize?prefCd=20&kikanCd=7200418210&kikanKbn=5", "url2": "https://shinanochozai-akahane.com/", "内容": "しなの調剤薬局赤羽店【5:薬局】長野県岡谷市赤羽３－７－１" }, "geometry": { "type": "Point", "coordinates": [ 138.054409, 36.076195 ] } },
{ "type": "Feature", "properties": { "ID": 2057200418300, "正式名称": "らいおん薬局", "機関区分": 5, "都道府県コード": 20, "市区町村コード": 361, "所在地": "長野県諏訪郡下諏訪町栄町５０３６ー１", "緯度": 36.072884, "経度": 138.08073, "url": "https://www.iryou.teikyouseido.mhlw.go.jp/znk-web/juminkanja/S2430/initialize?prefCd=20&kikanCd=7200418300&kikanKbn=5", "url2": null, "内容": "らいおん薬局【5:薬局】長野県諏訪郡下諏訪町栄町５０３６ー１" }, "geometry": { "type": "Point", "coordinates": [ 138.08073, 36.072884 ] } },
{ "type": "Feature", "properties": { "ID": 2057200418490, "正式名称": "おがわ薬局", "機関区分": 5, "都道府県コード": 20, "市区町村コード": 204, "所在地": "長野県岡谷市湖畔４丁目３ー１９ー１", "緯度": 36.060309, "経度": 138.064362, "url": "https://www.iryou.teikyouseido.mhlw.go.jp/znk-web/juminkanja/S2430/initialize?prefCd=20&kikanCd=7200418490&kikanKbn=5", "url2": null, "内容": "おがわ薬局【5:薬局】長野県岡谷市湖畔４丁目３ー１９ー１" }, "geometry": { "type": "Point", "coordinates": [ 138.064362, 36.060309 ] } },
{ "type": "Feature", "properties": { "ID": 2057200418580, "正式名称": "有限会社柳屋薬局　ライフ薬局諏訪", "機関区分": 5, "都道府県コード": 20, "市区町村コード": 206, "所在地": "長野県諏訪市高島２－１２７９－３", "緯度": 36.040253, "経度": 138.109296, "url": "https://www.iryou.teikyouseido.mhlw.go.jp/znk-web/juminkanja/S2430/initialize?prefCd=20&kikanCd=7200418580&kikanKbn=5", "url2": null, "内容": "有限会社柳屋薬局　ライフ薬局諏訪【5:薬局】長野県諏訪市高島２－１２７９－３" }, "geometry": { "type": "Point", "coordinates": [ 138.109296, 36.040253 ] } },
{ "type": "Feature", "properties": { "ID": 2057200418670, "正式名称": "スギ薬局　岡谷店", "機関区分": 5, "都道府県コード": 20, "市区町村コード": 204, "所在地": "長野県岡谷市郷田２－１－３", "緯度": 36.071597, "経度": 138.050283, "url": "https://www.iryou.teikyouseido.mhlw.go.jp/znk-web/juminkanja/S2430/initialize?prefCd=20&kikanCd=7200418670&kikanKbn=5", "url2": "https://www.sugi-net.jp/stores/001893", "内容": "スギ薬局　岡谷店【5:薬局】長野県岡谷市郷田２－１－３" }, "geometry": { "type": "Point", "coordinates": [ 138.050283, 36.071597 ] } },
{ "type": "Feature", "properties": { "ID": 2057200418760, "正式名称": "はるも薬局", "機関区分": 5, "都道府県コード": 20, "市区町村コード": 362, "所在地": "長野県諏訪郡富士見町落合１０３９９ー８６", "緯度": 35.917453, "経度": 138.238702, "url": "https://www.iryou.teikyouseido.mhlw.go.jp/znk-web/juminkanja/S2430/initialize?prefCd=20&kikanCd=7200418760&kikanKbn=5", "url2": null, "内容": "はるも薬局【5:薬局】長野県諏訪郡富士見町落合１０３９９ー８６" }, "geometry": { "type": "Point", "coordinates": [ 138.238702, 35.917453 ] } },
{ "type": "Feature", "properties": { "ID": 2057200418850, "正式名称": "クスリのサンロード薬局郷田店", "機関区分": 5, "都道府県コード": 20, "市区町村コード": 204, "所在地": "長野県岡谷市郷田２－１－６２", "緯度": 36.071932, "経度": 138.04974, "url": "https://www.iryou.teikyouseido.mhlw.go.jp/znk-web/juminkanja/S2430/initialize?prefCd=20&kikanCd=7200418850&kikanKbn=5", "url2": null, "内容": "クスリのサンロード薬局郷田店【5:薬局】長野県岡谷市郷田２－１－６２" }, "geometry": { "type": "Point", "coordinates": [ 138.04974, 36.071932 ] } },
{ "type": "Feature", "properties": { "ID": 2057200418940, "正式名称": "スギ薬局諏訪インター店", "機関区分": 5, "都道府県コード": 20, "市区町村コード": 206, "所在地": "長野県諏訪市中洲２９３２番地", "緯度": 36.012458, "経度": 138.127119, "url": "https://www.iryou.teikyouseido.mhlw.go.jp/znk-web/juminkanja/S2430/initialize?prefCd=20&kikanCd=7200418940&kikanKbn=5", "url2": "http://www.drug-sugi.co.jp/", "内容": "スギ薬局諏訪インター店【5:薬局】長野県諏訪市中洲２９３２番地" }, "geometry": { "type": "Point", "coordinates": [ 138.127119, 36.012458 ] } },
{ "type": "Feature", "properties": { "ID": 2057200419010, "正式名称": "スギ薬局　岡谷南店", "機関区分": 5, "都道府県コード": 20, "市区町村コード": 204, "所在地": "長野県岡谷市天竜町１丁目２番３１号", "緯度": 36.05523, "経度": 138.045377, "url": "https://www.iryou.teikyouseido.mhlw.go.jp/znk-web/juminkanja/S2430/initialize?prefCd=20&kikanCd=7200419010&kikanKbn=5", "url2": "https://www.drug-sugi.co.jp/", "内容": "スギ薬局　岡谷南店【5:薬局】長野県岡谷市天竜町１丁目２番３１号" }, "geometry": { "type": "Point", "coordinates": [ 138.045377, 36.05523 ] } },
{ "type": "Feature", "properties": { "ID": 2057200419100, "正式名称": "高島スター薬局", "機関区分": 5, "都道府県コード": 20, "市区町村コード": 206, "所在地": "長野県諏訪市高島１丁目１３－１８", "緯度": 36.03892, "経度": 138.110455, "url": "https://www.iryou.teikyouseido.mhlw.go.jp/znk-web/juminkanja/S2430/initialize?prefCd=20&kikanCd=7200419100&kikanKbn=5", "url2": null, "内容": "高島スター薬局【5:薬局】長野県諏訪市高島１丁目１３－１８" }, "geometry": { "type": "Point", "coordinates": [ 138.110455, 36.03892 ] } },
{ "type": "Feature", "properties": { "ID": 2057200419290, "正式名称": "薬局マツモトキヨシ　岡谷長地店", "機関区分": 5, "都道府県コード": 20, "市区町村コード": 204, "所在地": "長野県岡谷市長地片間町二丁目５番２６号", "緯度": 36.079647, "経度": 138.057101, "url": "https://www.iryou.teikyouseido.mhlw.go.jp/znk-web/juminkanja/S2430/initialize?prefCd=20&kikanCd=7200419290&kikanKbn=5", "url2": null, "内容": "薬局マツモトキヨシ　岡谷長地店【5:薬局】長野県岡谷市長地片間町二丁目５番２６号" }, "geometry": { "type": "Point", "coordinates": [ 138.057101, 36.079647 ] } },
{ "type": "Feature", "properties": { "ID": 2057200419380, "正式名称": "コスモファーマ茅野玉川薬局", "機関区分": 5, "都道府県コード": 20, "市区町村コード": 214, "所在地": "長野県茅野市玉川字藤塚３６５５－６", "緯度": 35.989328, "経度": 138.193509, "url": "https://www.iryou.teikyouseido.mhlw.go.jp/znk-web/juminkanja/S2430/initialize?prefCd=20&kikanCd=7200419380&kikanKbn=5", "url2": "https://www.cosmo-ph.co.jp/", "内容": "コスモファーマ茅野玉川薬局【5:薬局】長野県茅野市玉川字藤塚３６５５－６" }, "geometry": { "type": "Point", "coordinates": [ 138.193509, 35.989328 ] } },
{ "type": "Feature", "properties": { "ID": 2057200419470, "正式名称": "パナケア調剤薬局", "機関区分": 5, "都道府県コード": 20, "市区町村コード": 214, "所在地": "長野県茅野市本町東１５番６０－８号", "緯度": 36.000612, "経度": 138.171976, "url": "https://www.iryou.teikyouseido.mhlw.go.jp/znk-web/juminkanja/S2430/initialize?prefCd=20&kikanCd=7200419470&kikanKbn=5", "url2": "https://panaceapharmacy.net/", "内容": "パナケア調剤薬局【5:薬局】長野県茅野市本町東１５番６０－８号" }, "geometry": { "type": "Point", "coordinates": [ 138.171976, 36.000612 ] } },
{ "type": "Feature", "properties": { "ID": 2057200419560, "正式名称": "クスリのサンロード薬局岡谷店", "機関区分": 5, "都道府県コード": 20, "市区町村コード": 361, "所在地": "長野県諏訪郡下諏訪町４３４９－１", "緯度": 36.11612, "経度": 138.11649, "url": "https://www.iryou.teikyouseido.mhlw.go.jp/znk-web/juminkanja/S2430/initialize?prefCd=20&kikanCd=7200419560&kikanKbn=5", "url2": null, "内容": "クスリのサンロード薬局岡谷店【5:薬局】長野県諏訪郡下諏訪町４３４９－１" }, "geometry": { "type": "Point", "coordinates": [ 138.11649, 36.11612 ] } },
{ "type": "Feature", "properties": { "ID": 2057200419650, "正式名称": "ふたば下諏訪薬局", "機関区分": 5, "都道府県コード": 20, "市区町村コード": 361, "所在地": "長野県諏訪郡下諏訪町４８６３－１", "緯度": 36.066432, "経度": 138.084712, "url": "https://www.iryou.teikyouseido.mhlw.go.jp/znk-web/juminkanja/S2430/initialize?prefCd=20&kikanCd=7200419650&kikanKbn=5", "url2": "https://my-futaba.jp/", "内容": "ふたば下諏訪薬局【5:薬局】長野県諏訪郡下諏訪町４８６３－１" }, "geometry": { "type": "Point", "coordinates": [ 138.084712, 36.066432 ] } },
{ "type": "Feature", "properties": { "ID": 2057200419740, "正式名称": "アーク調剤薬局　下諏訪店", "機関区分": 5, "都道府県コード": 20, "市区町村コード": 361, "所在地": "長野県諏訪郡下諏訪町６１７１－１７", "緯度": 36.068162, "経度": 138.091523, "url": "https://www.iryou.teikyouseido.mhlw.go.jp/znk-web/juminkanja/S2430/initialize?prefCd=20&kikanCd=7200419740&kikanKbn=5", "url2": "https://www.arc-m.co.jp/", "内容": "アーク調剤薬局　下諏訪店【5:薬局】長野県諏訪郡下諏訪町６１７１－１７" }, "geometry": { "type": "Point", "coordinates": [ 138.091523, 36.068162 ] } },
{ "type": "Feature", "properties": { "ID": 2057200419830, "正式名称": "こぶし薬局", "機関区分": 5, "都道府県コード": 20, "市区町村コード": 214, "所在地": "長野県茅野市豊平４５３８－１", "緯度": 36.016272, "経度": 138.220872, "url": "https://www.iryou.teikyouseido.mhlw.go.jp/znk-web/juminkanja/S2430/initialize?prefCd=20&kikanCd=7200419830&kikanKbn=5", "url2": null, "内容": "こぶし薬局【5:薬局】長野県茅野市豊平４５３８－１" }, "geometry": { "type": "Point", "coordinates": [ 138.220872, 36.016272 ] } },
{ "type": "Feature", "properties": { "ID": 2057200419920, "正式名称": "のぞみ薬局", "機関区分": 5, "都道府県コード": 20, "市区町村コード": 214, "所在地": "長野県茅野市ちの３３８６", "緯度": 35.994727, "経度": 138.150124, "url": "https://www.iryou.teikyouseido.mhlw.go.jp/znk-web/juminkanja/S2430/initialize?prefCd=20&kikanCd=7200419920&kikanKbn=5", "url2": null, "内容": "のぞみ薬局【5:薬局】長野県茅野市ちの３３８６" }, "geometry": { "type": "Point", "coordinates": [ 138.150124, 35.994727 ] } },
{ "type": "Feature", "properties": { "ID": 2057200420040, "正式名称": "諏訪薬局", "機関区分": 5, "都道府県コード": 20, "市区町村コード": 206, "所在地": "長野県諏訪市豊田２６３－１", "緯度": 36.027191, "経度": 138.107106, "url": "https://www.iryou.teikyouseido.mhlw.go.jp/znk-web/juminkanja/S2430/initialize?prefCd=20&kikanCd=7200420040&kikanKbn=5", "url2": null, "内容": "諏訪薬局【5:薬局】長野県諏訪市豊田２６３－１" }, "geometry": { "type": "Point", "coordinates": [ 138.107106, 36.027191 ] } },
{ "type": "Feature", "properties": { "ID": 2057200420130, "正式名称": "上諏訪薬局", "機関区分": 5, "都道府県コード": 20, "市区町村コード": 206, "所在地": "長野県諏訪市大手２ー３ー１０", "緯度": 36.0428, "経度": 138.116151, "url": "https://www.iryou.teikyouseido.mhlw.go.jp/znk-web/juminkanja/S2430/initialize?prefCd=20&kikanCd=7200420130&kikanKbn=5", "url2": null, "内容": "上諏訪薬局【5:薬局】長野県諏訪市大手２ー３ー１０" }, "geometry": { "type": "Point", "coordinates": [ 138.116151, 36.0428 ] } },
{ "type": "Feature", "properties": { "ID": 2057200420220, "正式名称": "アイン薬局茅野中央店", "機関区分": 5, "都道府県コード": 20, "市区町村コード": 214, "所在地": "長野県茅野市玉川４２７４－１", "緯度": 35.99169, "経度": 138.175154, "url": "https://www.iryou.teikyouseido.mhlw.go.jp/znk-web/juminkanja/S2430/initialize?prefCd=20&kikanCd=7200420220&kikanKbn=5", "url2": "https://www.ainj.co.jp/", "内容": "アイン薬局茅野中央店【5:薬局】長野県茅野市玉川４２７４－１" }, "geometry": { "type": "Point", "coordinates": [ 138.175154, 35.99169 ] } },
{ "type": "Feature", "properties": { "ID": 2057200420310, "正式名称": "アイン薬局　諏訪豊田店", "機関区分": 5, "都道府県コード": 20, "市区町村コード": 206, "所在地": "長野県諏訪市豊田２４３７－２", "緯度": 36.020684, "経度": 138.088411, "url": "https://www.iryou.teikyouseido.mhlw.go.jp/znk-web/juminkanja/S2430/initialize?prefCd=20&kikanCd=7200420310&kikanKbn=5", "url2": "https://www.ainj.co.jp/", "内容": "アイン薬局　諏訪豊田店【5:薬局】長野県諏訪市豊田２４３７－２" }, "geometry": { "type": "Point", "coordinates": [ 138.088411, 36.020684 ] } },
{ "type": "Feature", "properties": { "ID": 2057200420410, "正式名称": "アイン茅野薬局", "機関区分": 5, "都道府県コード": 20, "市区町村コード": 214, "所在地": "長野県茅野市玉川字荒神前４１８３－７", "緯度": 35.994551, "経度": 138.196125, "url": "https://www.iryou.teikyouseido.mhlw.go.jp/znk-web/juminkanja/S2430/initialize?prefCd=20&kikanCd=7200420410&kikanKbn=5", "url2": "http://www.ainj.co.jp", "内容": "アイン茅野薬局【5:薬局】長野県茅野市玉川字荒神前４１８３－７" }, "geometry": { "type": "Point", "coordinates": [ 138.196125, 35.994551 ] } },
{ "type": "Feature", "properties": { "ID": 2057200420500, "正式名称": "アイン岡谷薬局", "機関区分": 5, "都道府県コード": 20, "市区町村コード": 204, "所在地": "長野県岡谷市本町４－１１－５", "緯度": 36.065539, "経度": 138.04769, "url": "https://www.iryou.teikyouseido.mhlw.go.jp/znk-web/juminkanja/S2430/initialize?prefCd=20&kikanCd=7200420500&kikanKbn=5", "url2": "http://ainj.co.jp", "内容": "アイン岡谷薬局【5:薬局】長野県岡谷市本町４－１１－５" }, "geometry": { "type": "Point", "coordinates": [ 138.04769, 36.065539 ] } },
{ "type": "Feature", "properties": { "ID": 2057200420690, "正式名称": "アイン諏訪薬局", "機関区分": 5, "都道府県コード": 20, "市区町村コード": 206, "所在地": "長野県諏訪市湖岸通り５－１１３５－１１", "緯度": 36.042541, "経度": 138.109922, "url": "https://www.iryou.teikyouseido.mhlw.go.jp/znk-web/juminkanja/S2430/initialize?prefCd=20&kikanCd=7200420690&kikanKbn=5", "url2": null, "内容": "アイン諏訪薬局【5:薬局】長野県諏訪市湖岸通り５－１１３５－１１" }, "geometry": { "type": "Point", "coordinates": [ 138.109922, 36.042541 ] } },
{ "type": "Feature", "properties": { "ID": 2057200420780, "正式名称": "かりん薬局", "機関区分": 5, "都道府県コード": 20, "市区町村コード": 206, "所在地": "長野県諏訪市湖岸通り５－１４－１２", "緯度": 36.045265, "経度": 138.113029, "url": "https://www.iryou.teikyouseido.mhlw.go.jp/znk-web/juminkanja/S2430/initialize?prefCd=20&kikanCd=7200420780&kikanKbn=5", "url2": "https://my-futaba.jp/pharmacy_post/%e3%81%8b%e3%82%8a%e3%82%93%e8%96%ac%e5%b1%80/", "内容": "かりん薬局【5:薬局】長野県諏訪市湖岸通り５－１４－１２" }, "geometry": { "type": "Point", "coordinates": [ 138.113029, 36.045265 ] } },
{ "type": "Feature", "properties": { "ID": 2057200420870, "正式名称": "白樺薬局", "機関区分": 5, "都道府県コード": 20, "市区町村コード": 214, "所在地": "長野県茅野市玉川", "緯度": 35.989349, "経度": 138.189139, "url": "https://www.iryou.teikyouseido.mhlw.go.jp/znk-web/juminkanja/S2430/initialize?prefCd=20&kikanCd=7200420870&kikanKbn=5", "url2": null, "内容": "白樺薬局【5:薬局】長野県茅野市玉川" }, "geometry": { "type": "Point", "coordinates": [ 138.189139, 35.989349 ] } },
{ "type": "Feature", "properties": { "ID": 2057200420960, "正式名称": "マリーン薬局諏訪店", "機関区分": 5, "都道府県コード": 20, "市区町村コード": 206, "所在地": "長野県諏訪市高島２丁目１２７９ー３", "緯度": 36.040978, "経度": 138.107821, "url": "https://www.iryou.teikyouseido.mhlw.go.jp/znk-web/juminkanja/S2430/initialize?prefCd=20&kikanCd=7200420960&kikanKbn=5", "url2": null, "内容": "マリーン薬局諏訪店【5:薬局】長野県諏訪市高島２丁目１２７９ー３" }, "geometry": { "type": "Point", "coordinates": [ 138.107821, 36.040978 ] } },
{ "type": "Feature", "properties": { "ID": 2057200421110, "正式名称": "かえで薬局", "機関区分": 5, "都道府県コード": 20, "市区町村コード": 361, "所在地": "長野県諏訪郡下諏訪町４８２３－１０", "緯度": 36.069595, "経度": 138.081493, "url": "https://www.iryou.teikyouseido.mhlw.go.jp/znk-web/juminkanja/S2430/initialize?prefCd=20&kikanCd=7200421110&kikanKbn=5", "url2": "https://www.ainj.co.jp", "内容": "かえで薬局【5:薬局】長野県諏訪郡下諏訪町４８２３－１０" }, "geometry": { "type": "Point", "coordinates": [ 138.081493, 36.069595 ] } },
{ "type": "Feature", "properties": { "ID": 2057200500420, "正式名称": "有限会社　永田薬局", "機関区分": 5, "都道府県コード": 20, "市区町村コード": 361, "所在地": "長野県諏訪郡下諏訪町大社通５５２１", "緯度": 36.074734, "経度": 138.087242, "url": "https://www.iryou.teikyouseido.mhlw.go.jp/znk-web/juminkanja/S2430/initialize?prefCd=20&kikanCd=7200500420&kikanKbn=5", "url2": "http://www.nagata-ph.com", "内容": "有限会社　永田薬局【5:薬局】長野県諏訪郡下諏訪町大社通５５２１" }, "geometry": { "type": "Point", "coordinates": [ 138.087242, 36.074734 ] } },
{ "type": "Feature", "properties": { "ID": 2057200500980, "正式名称": "株式会社　御子柴薬局", "機関区分": 5, "都道府県コード": 20, "市区町村コード": 204, "所在地": "長野県岡谷市長地源二丁目１番２２号", "緯度": 36.077844, "経度": 138.06841, "url": "https://www.iryou.teikyouseido.mhlw.go.jp/znk-web/juminkanja/S2430/initialize?prefCd=20&kikanCd=7200500980&kikanKbn=5", "url2": null, "内容": "株式会社　御子柴薬局【5:薬局】長野県岡谷市長地源二丁目１番２２号" }, "geometry": { "type": "Point", "coordinates": [ 138.06841, 36.077844 ] } },
{ "type": "Feature", "properties": { "ID": 2057200501040, "正式名称": "一二三堂薬局", "機関区分": 5, "都道府県コード": 20, "市区町村コード": 204, "所在地": "長野県岡谷市幸町２－２０", "緯度": 36.063956, "経度": 138.050023, "url": "https://www.iryou.teikyouseido.mhlw.go.jp/znk-web/juminkanja/S2430/initialize?prefCd=20&kikanCd=7200501040&kikanKbn=5", "url2": null, "内容": "一二三堂薬局【5:薬局】長野県岡谷市幸町２－２０" }, "geometry": { "type": "Point", "coordinates": [ 138.050023, 36.063956 ] } },
{ "type": "Feature", "properties": { "ID": 2057200503830, "正式名称": "有限会社矢崎薬局", "機関区分": 5, "都道府県コード": 20, "市区町村コード": 204, "所在地": "長野県岡谷市加茂町２－１６－３", "緯度": 36.074261, "経度": 138.049968, "url": "https://www.iryou.teikyouseido.mhlw.go.jp/znk-web/juminkanja/S2430/initialize?prefCd=20&kikanCd=7200503830&kikanKbn=5", "url2": null, "内容": "有限会社矢崎薬局【5:薬局】長野県岡谷市加茂町２－１６－３" }, "geometry": { "type": "Point", "coordinates": [ 138.049968, 36.074261 ] } },
{ "type": "Feature", "properties": { "ID": 2057200504540, "正式名称": "調剤薬局　マツモトキヨシ岡谷天竜町店", "機関区分": 5, "都道府県コード": 20, "市区町村コード": 204, "所在地": "長野県岡谷市天竜町３－５２２１－１", "緯度": 36.056874, "経度": 138.051163, "url": "https://www.iryou.teikyouseido.mhlw.go.jp/znk-web/juminkanja/S2430/initialize?prefCd=20&kikanCd=7200504540&kikanKbn=5", "url2": "https://www.matsukiyo.co.jp/map/mk-koushinetsu", "内容": "調剤薬局　マツモトキヨシ岡谷天竜町店【5:薬局】長野県岡谷市天竜町３－５２２１－１" }, "geometry": { "type": "Point", "coordinates": [ 138.051163, 36.056874 ] } },
{ "type": "Feature", "properties": { "ID": 2057200504720, "正式名称": "盛栄堂小池薬局", "機関区分": 5, "都道府県コード": 20, "市区町村コード": 361, "所在地": "長野県諏訪郡下諏訪町湯田仲町３１６７", "緯度": 36.077011, "経度": 138.087686, "url": "https://www.iryou.teikyouseido.mhlw.go.jp/znk-web/juminkanja/S2430/initialize?prefCd=20&kikanCd=7200504720&kikanKbn=5", "url2": "https://www.seieido-koike.com", "内容": "盛栄堂小池薬局【5:薬局】長野県諏訪郡下諏訪町湯田仲町３１６７" }, "geometry": { "type": "Point", "coordinates": [ 138.087686, 36.077011 ] } },
{ "type": "Feature", "properties": { "ID": 2057200505250, "正式名称": "やまびこ薬局", "機関区分": 5, "都道府県コード": 20, "市区町村コード": 204, "所在地": "長野県岡谷市本町４ー１１－３６", "緯度": 36.065345, "経度": 138.048468, "url": "https://www.iryou.teikyouseido.mhlw.go.jp/znk-web/juminkanja/S2430/initialize?prefCd=20&kikanCd=7200505250&kikanKbn=5", "url2": "http://www.okayaku.org/yamabiko/index.html", "内容": "やまびこ薬局【5:薬局】長野県岡谷市本町４ー１１－３６" }, "geometry": { "type": "Point", "coordinates": [ 138.048468, 36.065345 ] } },
{ "type": "Feature", "properties": { "ID": 2057200505340, "正式名称": "株式会社　アイビー薬局", "機関区分": 5, "都道府県コード": 20, "市区町村コード": 204, "所在地": "長野県岡谷市長地小萩１‐１２‐１", "緯度": 36.080482, "経度": 138.056744, "url": "https://www.iryou.teikyouseido.mhlw.go.jp/znk-web/juminkanja/S2430/initialize?prefCd=20&kikanCd=7200505340&kikanKbn=5", "url2": null, "内容": "株式会社　アイビー薬局【5:薬局】長野県岡谷市長地小萩１‐１２‐１" }, "geometry": { "type": "Point", "coordinates": [ 138.056744, 36.080482 ] } },
{ "type": "Feature", "properties": { "ID": 2057200505610, "正式名称": "長地中央薬局", "機関区分": 5, "都道府県コード": 20, "市区町村コード": 204, "所在地": "長野県岡谷市長地柴宮１－１８－１３", "緯度": 36.073344, "経度": 138.065605, "url": "https://www.iryou.teikyouseido.mhlw.go.jp/znk-web/juminkanja/S2430/initialize?prefCd=20&kikanCd=7200505610&kikanKbn=5", "url2": null, "内容": "長地中央薬局【5:薬局】長野県岡谷市長地柴宮１－１８－１３" }, "geometry": { "type": "Point", "coordinates": [ 138.065605, 36.073344 ] } },
{ "type": "Feature", "properties": { "ID": 2057200506230, "正式名称": "イズミ薬局", "機関区分": 5, "都道府県コード": 20, "市区町村コード": 361, "所在地": "長野県諏訪郡下諏訪町広瀬町５３２５", "緯度": 36.072498, "経度": 138.085098, "url": "https://www.iryou.teikyouseido.mhlw.go.jp/znk-web/juminkanja/S2430/initialize?prefCd=20&kikanCd=7200506230&kikanKbn=5", "url2": "http://izumipharmacy.wix.com/izumipharmacy", "内容": "イズミ薬局【5:薬局】長野県諏訪郡下諏訪町広瀬町５３２５" }, "geometry": { "type": "Point", "coordinates": [ 138.085098, 36.072498 ] } },
{ "type": "Feature", "properties": { "ID": 2057200506510, "正式名称": "菜の花薬局", "機関区分": 5, "都道府県コード": 20, "市区町村コード": 361, "所在地": "長野県諏訪郡下諏訪町４３４２－６－２", "緯度": 36.067873, "経度": 138.075077, "url": "https://www.iryou.teikyouseido.mhlw.go.jp/znk-web/juminkanja/S2430/initialize?prefCd=20&kikanCd=7200506510&kikanKbn=5", "url2": null, "内容": "菜の花薬局【5:薬局】長野県諏訪郡下諏訪町４３４２－６－２" }, "geometry": { "type": "Point", "coordinates": [ 138.075077, 36.067873 ] } },
{ "type": "Feature", "properties": { "ID": 2057200506880, "正式名称": "ウエルシア薬局岡谷長地店", "機関区分": 5, "都道府県コード": 20, "市区町村コード": 204, "所在地": "長野県岡谷市長地権現町１－７－３２", "緯度": 36.066262, "経度": 138.070244, "url": "https://www.iryou.teikyouseido.mhlw.go.jp/znk-web/juminkanja/S2430/initialize?prefCd=20&kikanCd=7200506880&kikanKbn=5", "url2": null, "内容": "ウエルシア薬局岡谷長地店【5:薬局】長野県岡谷市長地権現町１－７－３２" }, "geometry": { "type": "Point", "coordinates": [ 138.070244, 36.066262 ] } },
{ "type": "Feature", "properties": { "ID": 2057200507120, "正式名称": "ひまわり薬局", "機関区分": 5, "都道府県コード": 20, "市区町村コード": 361, "所在地": "長野県諏訪郡下諏訪町矢木町２１２－２４", "緯度": 36.077539, "経度": 138.081603, "url": "https://www.iryou.teikyouseido.mhlw.go.jp/znk-web/juminkanja/S2430/initialize?prefCd=20&kikanCd=7200507120&kikanKbn=5", "url2": "https://suwa-himawari.co.jp/", "内容": "ひまわり薬局【5:薬局】長野県諏訪郡下諏訪町矢木町２１２－２４" }, "geometry": { "type": "Point", "coordinates": [ 138.081603, 36.077539 ] } },
{ "type": "Feature", "properties": { "ID": 2057200507210, "正式名称": "クラフトさくら薬局　岡谷店", "機関区分": 5, "都道府県コード": 20, "市区町村コード": 204, "所在地": "長野県岡谷市本町４－１１－３２", "緯度": 36.065595, "経度": 138.048912, "url": "https://www.iryou.teikyouseido.mhlw.go.jp/znk-web/juminkanja/S2430/initialize?prefCd=20&kikanCd=7200507210&kikanKbn=5", "url2": "https://www.kraft-net.co.jp/sakura/store/3270/", "内容": "クラフトさくら薬局　岡谷店【5:薬局】長野県岡谷市本町４－１１－３２" }, "geometry": { "type": "Point", "coordinates": [ 138.048912, 36.065595 ] } },
{ "type": "Feature", "properties": { "ID": 2057200507310, "正式名称": "湖北堂薬局", "機関区分": 5, "都道府県コード": 20, "市区町村コード": 204, "所在地": "長野県岡谷市本町１－５－１０", "緯度": 36.058151, "経度": 138.043719, "url": "https://www.iryou.teikyouseido.mhlw.go.jp/znk-web/juminkanja/S2430/initialize?prefCd=20&kikanCd=7200507310&kikanKbn=5", "url2": "http://www.moriki-group.info/", "内容": "湖北堂薬局【5:薬局】長野県岡谷市本町１－５－１０" }, "geometry": { "type": "Point", "coordinates": [ 138.043719, 36.058151 ] } },
{ "type": "Feature", "properties": { "ID": 2057200600940, "正式名称": "ライオン薬局有限会社", "機関区分": 5, "都道府県コード": 20, "市区町村コード": 209, "所在地": "長野県伊那市荒井３４８１", "緯度": 35.839035, "経度": 137.958846, "url": "https://www.iryou.teikyouseido.mhlw.go.jp/znk-web/juminkanja/S2430/initialize?prefCd=20&kikanCd=7200600940&kikanKbn=5", "url2": null, "内容": "ライオン薬局有限会社【5:薬局】長野県伊那市荒井３４８１" }, "geometry": { "type": "Point", "coordinates": [ 137.958846, 35.839035 ] } },
{ "type": "Feature", "properties": { "ID": 2057200601560, "正式名称": "有限会社伊藤薬局", "機関区分": 5, "都道府県コード": 20, "市区町村コード": 382, "所在地": "長野県上伊那郡辰野町辰野１８０５", "緯度": 35.98352, "経度": 137.997003, "url": "https://www.iryou.teikyouseido.mhlw.go.jp/znk-web/juminkanja/S2430/initialize?prefCd=20&kikanCd=7200601560&kikanKbn=5", "url2": null, "内容": "有限会社伊藤薬局【5:薬局】長野県上伊那郡辰野町辰野１８０５" }, "geometry": { "type": "Point", "coordinates": [ 137.997003, 35.98352 ] } },
{ "type": "Feature", "properties": { "ID": 2057200601830, "正式名称": "株式会社　ハヤシ薬局", "機関区分": 5, "都道府県コード": 20, "市区町村コード": 210, "所在地": "長野県駒ヶ根市中央９－１", "緯度": 35.736046, "経度": 137.935463, "url": "https://www.iryou.teikyouseido.mhlw.go.jp/znk-web/juminkanja/S2430/initialize?prefCd=20&kikanCd=7200601830&kikanKbn=5", "url2": "https://hayashi-pharmacy.com", "内容": "株式会社　ハヤシ薬局【5:薬局】長野県駒ヶ根市中央９－１" }, "geometry": { "type": "Point", "coordinates": [ 137.935463, 35.736046 ] } },
{ "type": "Feature", "properties": { "ID": 2057200602450, "正式名称": "ホシ薬局", "機関区分": 5, "都道府県コード": 20, "市区町村コード": 209, "所在地": "長野県伊那市坂下３３０３", "緯度": 35.841757, "経度": 137.961484, "url": "https://www.iryou.teikyouseido.mhlw.go.jp/znk-web/juminkanja/S2430/initialize?prefCd=20&kikanCd=7200602450&kikanKbn=5", "url2": null, "内容": "ホシ薬局【5:薬局】長野県伊那市坂下３３０３" }, "geometry": { "type": "Point", "coordinates": [ 137.961484, 35.841757 ] } },
{ "type": "Feature", "properties": { "ID": 2057200603610, "正式名称": "有限会社田中薬局", "機関区分": 5, "都道府県コード": 20, "市区町村コード": 210, "所在地": "長野県駒ヶ根市中央９－１３", "緯度": 35.735685, "経度": 137.935324, "url": "https://www.iryou.teikyouseido.mhlw.go.jp/znk-web/juminkanja/S2430/initialize?prefCd=20&kikanCd=7200603610&kikanKbn=5", "url2": null, "内容": "有限会社田中薬局【5:薬局】長野県駒ヶ根市中央９－１３" }, "geometry": { "type": "Point", "coordinates": [ 137.935324, 35.735685 ] } },
{ "type": "Feature", "properties": { "ID": 2057200604140, "正式名称": "株式会社　湖北堂薬局", "機関区分": 5, "都道府県コード": 20, "市区町村コード": 210, "所在地": "長野県駒ヶ根市中沢４０５７", "緯度": 35.724521, "経度": 137.987514, "url": "https://www.iryou.teikyouseido.mhlw.go.jp/znk-web/juminkanja/S2430/initialize?prefCd=20&kikanCd=7200604140&kikanKbn=5", "url2": null, "内容": "株式会社　湖北堂薬局【5:薬局】長野県駒ヶ根市中沢４０５７" }, "geometry": { "type": "Point", "coordinates": [ 137.987514, 35.724521 ] } },
{ "type": "Feature", "properties": { "ID": 2057200604510, "正式名称": "小池薬局", "機関区分": 5, "都道府県コード": 20, "市区町村コード": 209, "所在地": "長野県伊那市荒井３４９９", "緯度": 35.839868, "経度": 137.958262, "url": "https://www.iryou.teikyouseido.mhlw.go.jp/znk-web/juminkanja/S2430/initialize?prefCd=20&kikanCd=7200604510&kikanKbn=5", "url2": null, "内容": "小池薬局【5:薬局】長野県伊那市荒井３４９９" }, "geometry": { "type": "Point", "coordinates": [ 137.958262, 35.839868 ] } },
{ "type": "Feature", "properties": { "ID": 2057200607280, "正式名称": "カニサワ薬局", "機関区分": 5, "都道府県コード": 20, "市区町村コード": 383, "所在地": "長野県上伊那郡箕輪町中箕輪１２８１５－２", "緯度": 35.905056, "経度": 137.98448, "url": "https://www.iryou.teikyouseido.mhlw.go.jp/znk-web/juminkanja/S2430/initialize?prefCd=20&kikanCd=7200607280&kikanKbn=5", "url2": null, "内容": "カニサワ薬局【5:薬局】長野県上伊那郡箕輪町中箕輪１２８１５－２" }, "geometry": { "type": "Point", "coordinates": [ 137.98448, 35.905056 ] } },
{ "type": "Feature", "properties": { "ID": 2057200607820, "正式名称": "有限会社　いろは堂薬局", "機関区分": 5, "都道府県コード": 20, "市区町村コード": 209, "所在地": "長野県伊那市高遠町西高遠１７８３－１", "緯度": 35.837038, "経度": 138.057893, "url": "https://www.iryou.teikyouseido.mhlw.go.jp/znk-web/juminkanja/S2430/initialize?prefCd=20&kikanCd=7200607820&kikanKbn=5", "url2": null, "内容": "有限会社　いろは堂薬局【5:薬局】長野県伊那市高遠町西高遠１７８３－１" }, "geometry": { "type": "Point", "coordinates": [ 138.057893, 35.837038 ] } },
{ "type": "Feature", "properties": { "ID": 2057200609330, "正式名称": "有限会社　トノムラヤ薬局", "機関区分": 5, "都道府県コード": 20, "市区町村コード": 388, "所在地": "長野県上伊那郡宮田村３３６１", "緯度": 35.764638, "経度": 137.941221, "url": "https://www.iryou.teikyouseido.mhlw.go.jp/znk-web/juminkanja/S2430/initialize?prefCd=20&kikanCd=7200609330&kikanKbn=5", "url2": "https://tonomuraya.jp", "内容": "有限会社　トノムラヤ薬局【5:薬局】長野県上伊那郡宮田村３３６１" }, "geometry": { "type": "Point", "coordinates": [ 137.941221, 35.764638 ] } },
{ "type": "Feature", "properties": { "ID": 2057200609510, "正式名称": "有限会社ドレミファ薬局", "機関区分": 5, "都道府県コード": 20, "市区町村コード": 210, "所在地": "長野県駒ヶ根市上穂栄町１３－１２", "緯度": 35.737768, "経度": 137.931963, "url": "https://www.iryou.teikyouseido.mhlw.go.jp/znk-web/juminkanja/S2430/initialize?prefCd=20&kikanCd=7200609510&kikanKbn=5", "url2": null, "内容": "有限会社ドレミファ薬局【5:薬局】長野県駒ヶ根市上穂栄町１３－１２" }, "geometry": { "type": "Point", "coordinates": [ 137.931963, 35.737768 ] } },
{ "type": "Feature", "properties": { "ID": 2057200610000, "正式名称": "かなみいろは堂薬局", "機関区分": 5, "都道府県コード": 20, "市区町村コード": 209, "所在地": "長野県伊那市高遠町小原９５１－１", "緯度": 35.832205, "経度": 138.053949, "url": "https://www.iryou.teikyouseido.mhlw.go.jp/znk-web/juminkanja/S2430/initialize?prefCd=20&kikanCd=7200610000&kikanKbn=5", "url2": null, "内容": "かなみいろは堂薬局【5:薬局】長野県伊那市高遠町小原９５１－１" }, "geometry": { "type": "Point", "coordinates": [ 138.053949, 35.832205 ] } },
{ "type": "Feature", "properties": { "ID": 2057200610640, "正式名称": "和光堂薬局", "機関区分": 5, "都道府県コード": 20, "市区町村コード": 209, "所在地": "長野県伊那市上牧６４１３－１", "緯度": 35.851979, "経度": 137.975899, "url": "https://www.iryou.teikyouseido.mhlw.go.jp/znk-web/juminkanja/S2430/initialize?prefCd=20&kikanCd=7200610640&kikanKbn=5", "url2": null, "内容": "和光堂薬局【5:薬局】長野県伊那市上牧６４１３－１" }, "geometry": { "type": "Point", "coordinates": [ 137.975899, 35.851979 ] } },
{ "type": "Feature", "properties": { "ID": 2057200610730, "正式名称": "高仲薬局", "機関区分": 5, "都道府県コード": 20, "市区町村コード": 210, "所在地": "長野県駒ヶ根市赤穂４５７４", "緯度": 35.728186, "経度": 137.931713, "url": "https://www.iryou.teikyouseido.mhlw.go.jp/znk-web/juminkanja/S2430/initialize?prefCd=20&kikanCd=7200610730&kikanKbn=5", "url2": null, "内容": "高仲薬局【5:薬局】長野県駒ヶ根市赤穂４５７４" }, "geometry": { "type": "Point", "coordinates": [ 137.931713, 35.728186 ] } },
{ "type": "Feature", "properties": { "ID": 2057200611170, "正式名称": "駒見薬局", "機関区分": 5, "都道府県コード": 20, "市区町村コード": 210, "所在地": "長野県駒ヶ根市赤穂１４６２４－９", "緯度": 35.74299, "経度": 137.941045, "url": "https://www.iryou.teikyouseido.mhlw.go.jp/znk-web/juminkanja/S2430/initialize?prefCd=20&kikanCd=7200611170&kikanKbn=5", "url2": null, "内容": "駒見薬局【5:薬局】長野県駒ヶ根市赤穂１４６２４－９" }, "geometry": { "type": "Point", "coordinates": [ 137.941045, 35.74299 ] } },
{ "type": "Feature", "properties": { "ID": 2057200611440, "正式名称": "有限会社　くすりのウチダ", "機関区分": 5, "都道府県コード": 20, "市区町村コード": 382, "所在地": "長野県上伊那郡辰野町伊那富４７３６－２", "緯度": 35.974215, "経度": 137.984227, "url": "https://www.iryou.teikyouseido.mhlw.go.jp/znk-web/juminkanja/S2430/initialize?prefCd=20&kikanCd=7200611440&kikanKbn=5", "url2": null, "内容": "有限会社　くすりのウチダ【5:薬局】長野県上伊那郡辰野町伊那富４７３６－２" }, "geometry": { "type": "Point", "coordinates": [ 137.984227, 35.974215 ] } },
{ "type": "Feature", "properties": { "ID": 2057200611620, "正式名称": "有限会社　加藤薬局", "機関区分": 5, "都道府県コード": 20, "市区町村コード": 386, "所在地": "長野県上伊那郡中川村片桐４０００", "緯度": 35.628725, "経度": 137.925634, "url": "https://www.iryou.teikyouseido.mhlw.go.jp/znk-web/juminkanja/S2430/initialize?prefCd=20&kikanCd=7200611620&kikanKbn=5", "url2": null, "内容": "有限会社　加藤薬局【5:薬局】長野県上伊那郡中川村片桐４０００" }, "geometry": { "type": "Point", "coordinates": [ 137.925634, 35.628725 ] } },
{ "type": "Feature", "properties": { "ID": 2057200611710, "正式名称": "上穂みなみ薬局", "機関区分": 5, "都道府県コード": 20, "市区町村コード": 210, "所在地": "長野県駒ヶ根市上穂南１－２１", "緯度": 35.733991, "経度": 137.933213, "url": "https://www.iryou.teikyouseido.mhlw.go.jp/znk-web/juminkanja/S2430/initialize?prefCd=20&kikanCd=7200611710&kikanKbn=5", "url2": null, "内容": "上穂みなみ薬局【5:薬局】長野県駒ヶ根市上穂南１－２１" }, "geometry": { "type": "Point", "coordinates": [ 137.933213, 35.733991 ] } },
{ "type": "Feature", "properties": { "ID": 2057200611900, "正式名称": "アイルニコニコ薬局", "機関区分": 5, "都道府県コード": 20, "市区町村コード": 210, "所在地": "長野県駒ヶ根市赤穂１４６３５－３", "緯度": 35.742935, "経度": 137.941767, "url": "https://www.iryou.teikyouseido.mhlw.go.jp/znk-web/juminkanja/S2430/initialize?prefCd=20&kikanCd=7200611900&kikanKbn=5", "url2": "https://illnikoniko.jimdo.com/", "内容": "アイルニコニコ薬局【5:薬局】長野県駒ヶ根市赤穂１４６３５－３" }, "geometry": { "type": "Point", "coordinates": [ 137.941767, 35.742935 ] } },
{ "type": "Feature", "properties": { "ID": 2057200612330, "正式名称": "やじま薬局", "機関区分": 5, "都道府県コード": 20, "市区町村コード": 210, "所在地": "長野県駒ヶ根市赤穂１１０３−７", "緯度": 35.744906, "経度": 137.919408, "url": "https://www.iryou.teikyouseido.mhlw.go.jp/znk-web/juminkanja/S2430/initialize?prefCd=20&kikanCd=7200612330&kikanKbn=5", "url2": null, "内容": "やじま薬局【5:薬局】長野県駒ヶ根市赤穂１１０３−７" }, "geometry": { "type": "Point", "coordinates": [ 137.919408, 35.744906 ] } },
{ "type": "Feature", "properties": { "ID": 2057200612890, "正式名称": "有限会社　塚本薬局", "機関区分": 5, "都道府県コード": 20, "市区町村コード": 388, "所在地": "長野県上伊那郡宮田村７４５３－１", "緯度": 35.767293, "経度": 137.944322, "url": "https://www.iryou.teikyouseido.mhlw.go.jp/znk-web/juminkanja/S2430/initialize?prefCd=20&kikanCd=7200612890&kikanKbn=5", "url2": "http://www.tukamoto-p.jp", "内容": "有限会社　塚本薬局【5:薬局】長野県上伊那郡宮田村７４５３－１" }, "geometry": { "type": "Point", "coordinates": [ 137.944322, 35.767293 ] } },
{ "type": "Feature", "properties": { "ID": 2057200612980, "正式名称": "赤い屋根のさかい薬局", "機関区分": 5, "都道府県コード": 20, "市区町村コード": 209, "所在地": "長野県伊那市御園１２６０－１", "緯度": 35.855978, "経度": 137.96365, "url": "https://www.iryou.teikyouseido.mhlw.go.jp/znk-web/juminkanja/S2430/initialize?prefCd=20&kikanCd=7200612980&kikanKbn=5", "url2": null, "内容": "赤い屋根のさかい薬局【5:薬局】長野県伊那市御園１２６０－１" }, "geometry": { "type": "Point", "coordinates": [ 137.96365, 35.855978 ] } },
{ "type": "Feature", "properties": { "ID": 2057200613040, "正式名称": "会営いな薬局", "機関区分": 5, "都道府県コード": 20, "市区町村コード": 209, "所在地": "長野県伊那市御園１２６２－１", "緯度": 35.857386, "経度": 137.954496, "url": "https://www.iryou.teikyouseido.mhlw.go.jp/znk-web/juminkanja/S2430/initialize?prefCd=20&kikanCd=7200613040&kikanKbn=5", "url2": "https://kamiyaku.or.jp/HP/%e4%bc%9a%e5%96%b6%e3%81%84%e3%81%aa%e8%96%ac%e5%b1%80/", "内容": "会営いな薬局【5:薬局】長野県伊那市御園１２６２－１" }, "geometry": { "type": "Point", "coordinates": [ 137.954496, 35.857386 ] } },
{ "type": "Feature", "properties": { "ID": 2057200613220, "正式名称": "サンロード小町屋薬局", "機関区分": 5, "都道府県コード": 20, "市区町村コード": 210, "所在地": "長野県駒ヶ根市下市場３２－６", "緯度": 35.725936, "経度": 137.937852, "url": "https://www.iryou.teikyouseido.mhlw.go.jp/znk-web/juminkanja/S2430/initialize?prefCd=20&kikanCd=7200613220&kikanKbn=5", "url2": null, "内容": "サンロード小町屋薬局【5:薬局】長野県駒ヶ根市下市場３２－６" }, "geometry": { "type": "Point", "coordinates": [ 137.937852, 35.725936 ] } },
{ "type": "Feature", "properties": { "ID": 2057200613310, "正式名称": "伊北ハヤシ薬局", "機関区分": 5, "都道府県コード": 20, "市区町村コード": 383, "所在地": "長野県上伊那郡箕輪町中箕輪３３６７－１", "緯度": 35.933302, "経度": 137.973257, "url": "https://www.iryou.teikyouseido.mhlw.go.jp/znk-web/juminkanja/S2430/initialize?prefCd=20&kikanCd=7200613310&kikanKbn=5", "url2": null, "内容": "伊北ハヤシ薬局【5:薬局】長野県上伊那郡箕輪町中箕輪３３６７－１" }, "geometry": { "type": "Point", "coordinates": [ 137.973257, 35.933302 ] } },
{ "type": "Feature", "properties": { "ID": 2057200613500, "正式名称": "飯島亀田薬局", "機関区分": 5, "都道府県コード": 20, "市区町村コード": 384, "所在地": "長野県上伊那郡飯島町飯島２０３８－２", "緯度": 35.683774, "経度": 137.925882, "url": "https://www.iryou.teikyouseido.mhlw.go.jp/znk-web/juminkanja/S2430/initialize?prefCd=20&kikanCd=7200613500&kikanKbn=5", "url2": null, "内容": "飯島亀田薬局【5:薬局】長野県上伊那郡飯島町飯島２０３８－２" }, "geometry": { "type": "Point", "coordinates": [ 137.925882, 35.683774 ] } },
{ "type": "Feature", "properties": { "ID": 2057200614020, "正式名称": "有限会社こまつ薬局こいで薬局", "機関区分": 5, "都道府県コード": 20, "市区町村コード": 210, "所在地": "長野県駒ヶ根市赤穂３２５９", "緯度": 35.737907, "経度": 137.918853, "url": "https://www.iryou.teikyouseido.mhlw.go.jp/znk-web/juminkanja/S2430/initialize?prefCd=20&kikanCd=7200614020&kikanKbn=5", "url2": null, "内容": "有限会社こまつ薬局こいで薬局【5:薬局】長野県駒ヶ根市赤穂３２５９" }, "geometry": { "type": "Point", "coordinates": [ 137.918853, 35.737907 ] } },
{ "type": "Feature", "properties": { "ID": 2057200614110, "正式名称": "興生堂薬局", "機関区分": 5, "都道府県コード": 20, "市区町村コード": 210, "所在地": "長野県駒ヶ根市上穂栄町４－５", "緯度": 35.735768, "経度": 137.933463, "url": "https://www.iryou.teikyouseido.mhlw.go.jp/znk-web/juminkanja/S2430/initialize?prefCd=20&kikanCd=7200614110&kikanKbn=5", "url2": null, "内容": "興生堂薬局【5:薬局】長野県駒ヶ根市上穂栄町４－５" }, "geometry": { "type": "Point", "coordinates": [ 137.933463, 35.735768 ] } },
{ "type": "Feature", "properties": { "ID": 2057200614300, "正式名称": "なかがわ薬局", "機関区分": 5, "都道府県コード": 20, "市区町村コード": 386, "所在地": "長野県上伊那郡中川村大草４０４５－７", "緯度": 35.63453, "経度": 137.945549, "url": "https://www.iryou.teikyouseido.mhlw.go.jp/znk-web/juminkanja/S2430/initialize?prefCd=20&kikanCd=7200614300&kikanKbn=5", "url2": null, "内容": "なかがわ薬局【5:薬局】長野県上伊那郡中川村大草４０４５－７" }, "geometry": { "type": "Point", "coordinates": [ 137.945549, 35.63453 ] } },
{ "type": "Feature", "properties": { "ID": 2057200614580, "正式名称": "遠州屋薬局", "機関区分": 5, "都道府県コード": 20, "市区町村コード": 209, "所在地": "長野県伊那市高遠町西高遠１６３８", "緯度": 35.836232, "経度": 138.058115, "url": "https://www.iryou.teikyouseido.mhlw.go.jp/znk-web/juminkanja/S2430/initialize?prefCd=20&kikanCd=7200614580&kikanKbn=5", "url2": null, "内容": "遠州屋薬局【5:薬局】長野県伊那市高遠町西高遠１６３８" }, "geometry": { "type": "Point", "coordinates": [ 138.058115, 35.836232 ] } },
{ "type": "Feature", "properties": { "ID": 2057200614670, "正式名称": "とちの木薬局", "機関区分": 5, "都道府県コード": 20, "市区町村コード": 209, "所在地": "長野県伊那市長谷非持５５３－３", "緯度": 35.80882, "経度": 138.08328, "url": "https://www.iryou.teikyouseido.mhlw.go.jp/znk-web/juminkanja/S2430/initialize?prefCd=20&kikanCd=7200614670&kikanKbn=5", "url2": null, "内容": "とちの木薬局【5:薬局】長野県伊那市長谷非持５５３－３" }, "geometry": { "type": "Point", "coordinates": [ 138.08328, 35.80882 ] } },
{ "type": "Feature", "properties": { "ID": 2057200614850, "正式名称": "株式会社　アルプス薬局", "機関区分": 5, "都道府県コード": 20, "市区町村コード": 385, "所在地": "長野県上伊那郡南箕輪村１２８４－９", "緯度": 35.894446, "経度": 137.968593, "url": "https://www.iryou.teikyouseido.mhlw.go.jp/znk-web/juminkanja/S2430/initialize?prefCd=20&kikanCd=7200614850&kikanKbn=5", "url2": "https://www.alpspharmacy.net/", "内容": "株式会社　アルプス薬局【5:薬局】長野県上伊那郡南箕輪村１２８４－９" }, "geometry": { "type": "Point", "coordinates": [ 137.968593, 35.894446 ] } },
{ "type": "Feature", "properties": { "ID": 2057200615290, "正式名称": "日本調剤　辰野薬局", "機関区分": 5, "都道府県コード": 20, "市区町村コード": 382, "所在地": "長野県上伊那郡辰野町辰野１４６６－１", "緯度": 35.983742, "経度": 137.993115, "url": "https://www.iryou.teikyouseido.mhlw.go.jp/znk-web/juminkanja/S2430/initialize?prefCd=20&kikanCd=7200615290&kikanKbn=5", "url2": "http://www.nicho.co.jp/tenpo/kantou/", "内容": "日本調剤　辰野薬局【5:薬局】長野県上伊那郡辰野町辰野１４６６－１" }, "geometry": { "type": "Point", "coordinates": [ 137.993115, 35.983742 ] } },
{ "type": "Feature", "properties": { "ID": 2057200615470, "正式名称": "辰野調剤センター薬局病院前", "機関区分": 5, "都道府県コード": 20, "市区町村コード": 382, "所在地": "長野県上伊那郡辰野町辰野１４６３－１", "緯度": 35.984019, "経度": 137.992754, "url": "https://www.iryou.teikyouseido.mhlw.go.jp/znk-web/juminkanja/S2430/initialize?prefCd=20&kikanCd=7200615470&kikanKbn=5", "url2": null, "内容": "辰野調剤センター薬局病院前【5:薬局】長野県上伊那郡辰野町辰野１４６３－１" }, "geometry": { "type": "Point", "coordinates": [ 137.992754, 35.984019 ] } },
{ "type": "Feature", "properties": { "ID": 2057200615560, "正式名称": "ほたる薬局伊北店", "機関区分": 5, "都道府県コード": 20, "市区町村コード": 383, "所在地": "長野県上伊那郡箕輪町中箕輪３００９－１", "緯度": 35.932969, "経度": 137.977618, "url": "https://www.iryou.teikyouseido.mhlw.go.jp/znk-web/juminkanja/S2430/initialize?prefCd=20&kikanCd=7200615560&kikanKbn=5", "url2": "http://www.cureall.co.jp/833153858", "内容": "ほたる薬局伊北店【5:薬局】長野県上伊那郡箕輪町中箕輪３００９－１" }, "geometry": { "type": "Point", "coordinates": [ 137.977618, 35.932969 ] } },
{ "type": "Feature", "properties": { "ID": 2057200615650, "正式名称": "ほたる薬局伊那店", "機関区分": 5, "都道府県コード": 20, "市区町村コード": 209, "所在地": "長野県伊那市中央５０４６－３", "緯度": 35.843435, "経度": 137.967718, "url": "https://www.iryou.teikyouseido.mhlw.go.jp/znk-web/juminkanja/S2430/initialize?prefCd=20&kikanCd=7200615650&kikanKbn=5", "url2": "http://www.cureall.co.jp", "内容": "ほたる薬局伊那店【5:薬局】長野県伊那市中央５０４６－３" }, "geometry": { "type": "Point", "coordinates": [ 137.967718, 35.843435 ] } },
{ "type": "Feature", "properties": { "ID": 2057200615740, "正式名称": "共創未来　駒ヶ根薬局", "機関区分": 5, "都道府県コード": 20, "市区町村コード": 210, "所在地": "長野県駒ヶ根市赤穂１３６２－４", "緯度": 35.739323, "経度": 137.921297, "url": "https://www.iryou.teikyouseido.mhlw.go.jp/znk-web/juminkanja/S2430/initialize?prefCd=20&kikanCd=7200615740&kikanKbn=5", "url2": "http://www.phmirai.co.jp/", "内容": "共創未来　駒ヶ根薬局【5:薬局】長野県駒ヶ根市赤穂１３６２－４" }, "geometry": { "type": "Point", "coordinates": [ 137.921297, 35.739323 ] } },
{ "type": "Feature", "properties": { "ID": 2057200615830, "正式名称": "薬局マツモトキヨシ伊那インター店", "機関区分": 5, "都道府県コード": 20, "市区町村コード": 385, "所在地": "長野県上伊那郡南箕輪村南箕輪村一円１８５９ー１", "緯度": 35.872921, "経度": 137.97501, "url": "https://www.iryou.teikyouseido.mhlw.go.jp/znk-web/juminkanja/S2430/initialize?prefCd=20&kikanCd=7200615830&kikanKbn=5", "url2": null, "内容": "薬局マツモトキヨシ伊那インター店【5:薬局】長野県上伊那郡南箕輪村南箕輪村一円１８５９ー１" }, "geometry": { "type": "Point", "coordinates": [ 137.97501, 35.872921 ] } },
{ "type": "Feature", "properties": { "ID": 2057200615920, "正式名称": "真誠堂薬局", "機関区分": 5, "都道府県コード": 20, "市区町村コード": 209, "所在地": "長野県伊那市中央４８４２", "緯度": 35.840285, "経度": 137.965928, "url": "https://www.iryou.teikyouseido.mhlw.go.jp/znk-web/juminkanja/S2430/initialize?prefCd=20&kikanCd=7200615920&kikanKbn=5", "url2": "https://shinseido-pharmacy.jp/", "内容": "真誠堂薬局【5:薬局】長野県伊那市中央４８４２" }, "geometry": { "type": "Point", "coordinates": [ 137.965928, 35.840285 ] } },
{ "type": "Feature", "properties": { "ID": 2057200616180, "正式名称": "ウエルシア薬局　伊那上牧店", "機関区分": 5, "都道府県コード": 20, "市区町村コード": 209, "所在地": "長野県伊那市上牧６５９０", "緯度": 35.853915, "経度": 137.977246, "url": "https://www.iryou.teikyouseido.mhlw.go.jp/znk-web/juminkanja/S2430/initialize?prefCd=20&kikanCd=7200616180&kikanKbn=5", "url2": "http://www.welcia-yakkyoku.co.jp/", "内容": "ウエルシア薬局　伊那上牧店【5:薬局】長野県伊那市上牧６５９０" }, "geometry": { "type": "Point", "coordinates": [ 137.977246, 35.853915 ] } },
{ "type": "Feature", "properties": { "ID": 2057200616270, "正式名称": "調剤薬局　マツモトキヨシ伊那日影店", "機関区分": 5, "都道府県コード": 20, "市区町村コード": 209, "所在地": "長野県伊那市日影５６", "緯度": 35.824509, "経度": 137.96404, "url": "https://www.iryou.teikyouseido.mhlw.go.jp/znk-web/juminkanja/S2430/initialize?prefCd=20&kikanCd=7200616270&kikanKbn=5", "url2": null, "内容": "調剤薬局　マツモトキヨシ伊那日影店【5:薬局】長野県伊那市日影５６" }, "geometry": { "type": "Point", "coordinates": [ 137.96404, 35.824509 ] } },
{ "type": "Feature", "properties": { "ID": 2057200616450, "正式名称": "ほたる薬局春日街道", "機関区分": 5, "都道府県コード": 20, "市区町村コード": 385, "所在地": "長野県上伊那郡南箕輪村５５８７－５", "緯度": 35.871056, "経度": 137.958063, "url": "https://www.iryou.teikyouseido.mhlw.go.jp/znk-web/juminkanja/S2430/initialize?prefCd=20&kikanCd=7200616450&kikanKbn=5", "url2": "http://www.cureall.co.jp", "内容": "ほたる薬局春日街道【5:薬局】長野県上伊那郡南箕輪村５５８７－５" }, "geometry": { "type": "Point", "coordinates": [ 137.958063, 35.871056 ] } },
{ "type": "Feature", "properties": { "ID": 2057200616540, "正式名称": "南山堂薬局　駒ヶ根店", "機関区分": 5, "都道府県コード": 20, "市区町村コード": 210, "所在地": "長野県駒ヶ根市下平２９３４－３３６", "緯度": 35.74749, "経度": 137.959294, "url": "https://www.iryou.teikyouseido.mhlw.go.jp/znk-web/juminkanja/S2430/initialize?prefCd=20&kikanCd=7200616540&kikanKbn=5", "url2": "http://www.nanzando.co.jp/", "内容": "南山堂薬局　駒ヶ根店【5:薬局】長野県駒ヶ根市下平２９３４－３３６" }, "geometry": { "type": "Point", "coordinates": [ 137.959294, 35.74749 ] } },
{ "type": "Feature", "properties": { "ID": 2057200616630, "正式名称": "共創未来上牧薬局", "機関区分": 5, "都道府県コード": 20, "市区町村コード": 209, "所在地": "長野県伊那市上牧６３３６－５", "緯度": 35.855968, "経度": 137.981244, "url": "https://www.iryou.teikyouseido.mhlw.go.jp/znk-web/juminkanja/S2430/initialize?prefCd=20&kikanCd=7200616630&kikanKbn=5", "url2": "https://phmirai.co.jp/store/440/", "内容": "共創未来上牧薬局【5:薬局】長野県伊那市上牧６３３６－５" }, "geometry": { "type": "Point", "coordinates": [ 137.981244, 35.855968 ] } },
{ "type": "Feature", "properties": { "ID": 2057200616720, "正式名称": "山寺薬局", "機関区分": 5, "都道府県コード": 20, "市区町村コード": 209, "所在地": "長野県伊那市山寺２４６２－９", "緯度": 35.849256, "経度": 137.955318, "url": "https://www.iryou.teikyouseido.mhlw.go.jp/znk-web/juminkanja/S2430/initialize?prefCd=20&kikanCd=7200616720&kikanKbn=5", "url2": null, "内容": "山寺薬局【5:薬局】長野県伊那市山寺２４６２－９" }, "geometry": { "type": "Point", "coordinates": [ 137.955318, 35.849256 ] } },
{ "type": "Feature", "properties": { "ID": 2057200617250, "正式名称": "ウエルシア薬局　伊那上新田店", "機関区分": 5, "都道府県コード": 20, "市区町村コード": 209, "所在地": "長野県伊那市上新田２０２１番地", "緯度": 35.828685, "経度": 137.969686, "url": "https://www.iryou.teikyouseido.mhlw.go.jp/znk-web/juminkanja/S2430/initialize?prefCd=20&kikanCd=7200617250&kikanKbn=5", "url2": "http://www.welcia-yakkyoku.co.jp/", "内容": "ウエルシア薬局　伊那上新田店【5:薬局】長野県伊那市上新田２０２１番地" }, "geometry": { "type": "Point", "coordinates": [ 137.969686, 35.828685 ] } },
{ "type": "Feature", "properties": { "ID": 2057200617430, "正式名称": "アイセイ薬局　伊那店", "機関区分": 5, "都道府県コード": 20, "市区町村コード": 383, "所在地": "長野県上伊那郡箕輪町大字中箕輪９９７９番地１４", "緯度": 35.914868, "経度": 137.985505, "url": "https://www.iryou.teikyouseido.mhlw.go.jp/znk-web/juminkanja/S2430/initialize?prefCd=20&kikanCd=7200617430&kikanKbn=5", "url2": "https://store.aisei.co.jp/detail/388", "内容": "アイセイ薬局　伊那店【5:薬局】長野県上伊那郡箕輪町大字中箕輪９９７９番地１４" }, "geometry": { "type": "Point", "coordinates": [ 137.985505, 35.914868 ] } },
{ "type": "Feature", "properties": { "ID": 2057200617520, "正式名称": "アイセイ薬局　伊那西町店", "機関区分": 5, "都道府県コード": 20, "市区町村コード": 209, "所在地": "長野県伊那市西町５７４６－４", "緯度": 35.839508, "経度": 137.949094, "url": "https://www.iryou.teikyouseido.mhlw.go.jp/znk-web/juminkanja/S2430/initialize?prefCd=20&kikanCd=7200617520&kikanKbn=5", "url2": "www.aisei.co.jp", "内容": "アイセイ薬局　伊那西町店【5:薬局】長野県伊那市西町５７４６－４" }, "geometry": { "type": "Point", "coordinates": [ 137.949094, 35.839508 ] } },
{ "type": "Feature", "properties": { "ID": 2057200617610, "正式名称": "サンロード調剤薬局　南田店", "機関区分": 5, "都道府県コード": 20, "市区町村コード": 210, "所在地": "長野県駒ヶ根市南田１０－１５", "緯度": 35.72962, "経度": 137.937726, "url": "https://www.iryou.teikyouseido.mhlw.go.jp/znk-web/juminkanja/S2430/initialize?prefCd=20&kikanCd=7200617610&kikanKbn=5", "url2": null, "内容": "サンロード調剤薬局　南田店【5:薬局】長野県駒ヶ根市南田１０－１５" }, "geometry": { "type": "Point", "coordinates": [ 137.937726, 35.72962 ] } },
{ "type": "Feature", "properties": { "ID": 2057200617710, "正式名称": "薬局　マツモトキヨシ辰野店", "機関区分": 5, "都道府県コード": 20, "市区町村コード": 382, "所在地": "長野県上伊那郡辰野町伊那富２５８７－１", "緯度": 35.976497, "経度": 137.989203, "url": "https://www.iryou.teikyouseido.mhlw.go.jp/znk-web/juminkanja/S2430/initialize?prefCd=20&kikanCd=7200617710&kikanKbn=5", "url2": null, "内容": "薬局　マツモトキヨシ辰野店【5:薬局】長野県上伊那郡辰野町伊那富２５８７－１" }, "geometry": { "type": "Point", "coordinates": [ 137.989203, 35.976497 ] } },
{ "type": "Feature", "properties": { "ID": 2057200617800, "正式名称": "青い鳥薬局境店", "機関区分": 5, "都道府県コード": 20, "市区町村コード": 209, "所在地": "長野県伊那市境１３９４ー３", "緯度": 35.834131, "経度": 137.970129, "url": "https://www.iryou.teikyouseido.mhlw.go.jp/znk-web/juminkanja/S2430/initialize?prefCd=20&kikanCd=7200617800&kikanKbn=5", "url2": "http://aoitoriyakkyoku.jp", "内容": "青い鳥薬局境店【5:薬局】長野県伊那市境１３９４ー３" }, "geometry": { "type": "Point", "coordinates": [ 137.970129, 35.834131 ] } },
{ "type": "Feature", "properties": { "ID": 2057200617990, "正式名称": "こもれび薬局", "機関区分": 5, "都道府県コード": 20, "市区町村コード": 384, "所在地": "長野県上伊那郡飯島町飯島２５５０－８", "緯度": 35.677084, "経度": 137.919607, "url": "https://www.iryou.teikyouseido.mhlw.go.jp/znk-web/juminkanja/S2430/initialize?prefCd=20&kikanCd=7200617990&kikanKbn=5", "url2": null, "内容": "こもれび薬局【5:薬局】長野県上伊那郡飯島町飯島２５５０－８" }, "geometry": { "type": "Point", "coordinates": [ 137.919607, 35.677084 ] } },
{ "type": "Feature", "properties": { "ID": 2057200618050, "正式名称": "いろどり薬局", "機関区分": 5, "都道府県コード": 20, "市区町村コード": 383, "所在地": "長野県上伊那郡箕輪町大字中箕輪４４７ー１", "緯度": 35.913864, "経度": 137.98575, "url": "https://www.iryou.teikyouseido.mhlw.go.jp/znk-web/juminkanja/S2430/initialize?prefCd=20&kikanCd=7200618050&kikanKbn=5", "url2": null, "内容": "いろどり薬局【5:薬局】長野県上伊那郡箕輪町大字中箕輪４４７ー１" }, "geometry": { "type": "Point", "coordinates": [ 137.98575, 35.913864 ] } },
{ "type": "Feature", "properties": { "ID": 2057200618320, "正式名称": "けやき薬局", "機関区分": 5, "都道府県コード": 20, "市区町村コード": 383, "所在地": "長野県上伊那郡箕輪町中箕輪１１３２８－４　三澤ビル１階", "緯度": 35.902973, "経度": 137.992479, "url": "https://www.iryou.teikyouseido.mhlw.go.jp/znk-web/juminkanja/S2430/initialize?prefCd=20&kikanCd=7200618320&kikanKbn=5", "url2": "http://kamiina-ph.com/", "内容": "けやき薬局【5:薬局】長野県上伊那郡箕輪町中箕輪１１３２８－４　三澤ビル１階" }, "geometry": { "type": "Point", "coordinates": [ 137.992479, 35.902973 ] } },
{ "type": "Feature", "properties": { "ID": 2057200618410, "正式名称": "ソレイユ薬局", "機関区分": 5, "都道府県コード": 20, "市区町村コード": 383, "所在地": "長野県上伊那郡箕輪町中箕輪１２２０８ー３", "緯度": 35.901676, "経度": 137.991399, "url": "https://www.iryou.teikyouseido.mhlw.go.jp/znk-web/juminkanja/S2430/initialize?prefCd=20&kikanCd=7200618410&kikanKbn=5", "url2": "http://kamiina-ph.com/", "内容": "ソレイユ薬局【5:薬局】長野県上伊那郡箕輪町中箕輪１２２０８ー３" }, "geometry": { "type": "Point", "coordinates": [ 137.991399, 35.901676 ] } },
{ "type": "Feature", "properties": { "ID": 2057200618510, "正式名称": "おおがや薬局", "機関区分": 5, "都道府県コード": 20, "市区町村コード": 209, "所在地": "長野県伊那市西箕輪６６９７－１", "緯度": 35.8754, "経度": 137.928374, "url": "https://www.iryou.teikyouseido.mhlw.go.jp/znk-web/juminkanja/S2430/initialize?prefCd=20&kikanCd=7200618510&kikanKbn=5", "url2": "http://www.e-classa.net/oogaya-pharmacy", "内容": "おおがや薬局【5:薬局】長野県伊那市西箕輪６６９７－１" }, "geometry": { "type": "Point", "coordinates": [ 137.928374, 35.8754 ] } },
{ "type": "Feature", "properties": { "ID": 2057200618600, "正式名称": "モリキ伊那インター薬局", "機関区分": 5, "都道府県コード": 20, "市区町村コード": 385, "所在地": "長野県上伊那郡南箕輪村三本木８３０４－２６５", "緯度": 35.862592, "経度": 137.942257, "url": "https://www.iryou.teikyouseido.mhlw.go.jp/znk-web/juminkanja/S2430/initialize?prefCd=20&kikanCd=7200618600&kikanKbn=5", "url2": "http://www.moriki-group.info/moriki-groupsearch/2018/11/post-3022.php", "内容": "モリキ伊那インター薬局【5:薬局】長野県上伊那郡南箕輪村三本木８３０４－２６５" }, "geometry": { "type": "Point", "coordinates": [ 137.942257, 35.862592 ] } },
{ "type": "Feature", "properties": { "ID": 2057200618790, "正式名称": "ひだまり薬局", "機関区分": 5, "都道府県コード": 20, "市区町村コード": 209, "所在地": "長野県伊那市西町４８９７－４", "緯度": 35.836632, "経度": 137.957949, "url": "https://www.iryou.teikyouseido.mhlw.go.jp/znk-web/juminkanja/S2430/initialize?prefCd=20&kikanCd=7200618790&kikanKbn=5", "url2": null, "内容": "ひだまり薬局【5:薬局】長野県伊那市西町４８９７－４" }, "geometry": { "type": "Point", "coordinates": [ 137.957949, 35.836632 ] } },
{ "type": "Feature", "properties": { "ID": 2057200618880, "正式名称": "毛利薬局", "機関区分": 5, "都道府県コード": 20, "市区町村コード": 385, "所在地": "長野県上伊那郡南箕輪村３４６９－１", "緯度": 35.876286, "経度": 137.980891, "url": "https://www.iryou.teikyouseido.mhlw.go.jp/znk-web/juminkanja/S2430/initialize?prefCd=20&kikanCd=7200618880&kikanKbn=5", "url2": null, "内容": "毛利薬局【5:薬局】長野県上伊那郡南箕輪村３４６９－１" }, "geometry": { "type": "Point", "coordinates": [ 137.980891, 35.876286 ] } },
{ "type": "Feature", "properties": { "ID": 2057200619030, "正式名称": "よつば薬局", "機関区分": 5, "都道府県コード": 20, "市区町村コード": 382, "所在地": "長野県上伊那郡辰野町平出２１８２－１", "緯度": 35.97798, "経度": 138.002058, "url": "https://www.iryou.teikyouseido.mhlw.go.jp/znk-web/juminkanja/S2430/initialize?prefCd=20&kikanCd=7200619030&kikanKbn=5", "url2": "https://yotubapharmacy.hp.peraichi.com/tatsuno", "内容": "よつば薬局【5:薬局】長野県上伊那郡辰野町平出２１８２－１" }, "geometry": { "type": "Point", "coordinates": [ 138.002058, 35.97798 ] } },
{ "type": "Feature", "properties": { "ID": 2057200619120, "正式名称": "ウエルシア薬局箕輪店", "機関区分": 5, "都道府県コード": 20, "市区町村コード": 383, "所在地": "長野県上伊那郡箕輪町中箕輪３３６４ー２", "緯度": 35.933185, "経度": 137.974047, "url": "https://www.iryou.teikyouseido.mhlw.go.jp/znk-web/juminkanja/S2430/initialize?prefCd=20&kikanCd=7200619120&kikanKbn=5", "url2": "https://www.welcia-yakkyoku.co.jp/", "内容": "ウエルシア薬局箕輪店【5:薬局】長野県上伊那郡箕輪町中箕輪３３６４ー２" }, "geometry": { "type": "Point", "coordinates": [ 137.974047, 35.933185 ] } },
{ "type": "Feature", "properties": { "ID": 2057200619210, "正式名称": "ほたる薬局辰野店", "機関区分": 5, "都道府県コード": 20, "市区町村コード": 382, "所在地": "長野県上伊那郡辰野町中央１０５ー２", "緯度": 35.982757, "経度": 137.985654, "url": "https://www.iryou.teikyouseido.mhlw.go.jp/znk-web/juminkanja/S2430/initialize?prefCd=20&kikanCd=7200619210&kikanKbn=5", "url2": "http://www.cureall.co.jp", "内容": "ほたる薬局辰野店【5:薬局】長野県上伊那郡辰野町中央１０５ー２" }, "geometry": { "type": "Point", "coordinates": [ 137.985654, 35.982757 ] } },
{ "type": "Feature", "properties": { "ID": 2057200619310, "正式名称": "駒ヶ根みらい薬局", "機関区分": 5, "都道府県コード": 20, "市区町村コード": 210, "所在地": "長野県駒ヶ根市上穂栄町２１９６－１", "緯度": 35.737338, "経度": 137.932908, "url": "https://www.iryou.teikyouseido.mhlw.go.jp/znk-web/juminkanja/S2430/initialize?prefCd=20&kikanCd=7200619310&kikanKbn=5", "url2": "https://www.fmi-mirai.com/", "内容": "駒ヶ根みらい薬局【5:薬局】長野県駒ヶ根市上穂栄町２１９６－１" }, "geometry": { "type": "Point", "coordinates": [ 137.932908, 35.737338 ] } },
{ "type": "Feature", "properties": { "ID": 2057200619400, "正式名称": "ライフ薬局", "機関区分": 5, "都道府県コード": 20, "市区町村コード": 383, "所在地": "長野県上伊那郡箕輪町中箕輪８８１３－１", "緯度": 35.910628, "経度": 137.988868, "url": "https://www.iryou.teikyouseido.mhlw.go.jp/znk-web/juminkanja/S2430/initialize?prefCd=20&kikanCd=7200619400&kikanKbn=5", "url2": "life-pharmacy.net", "内容": "ライフ薬局【5:薬局】長野県上伊那郡箕輪町中箕輪８８１３－１" }, "geometry": { "type": "Point", "coordinates": [ 137.988868, 35.910628 ] } },
{ "type": "Feature", "properties": { "ID": 2057200619590, "正式名称": "薬局マツモトキヨシ南箕輪店", "機関区分": 5, "都道府県コード": 20, "市区町村コード": 385, "所在地": "長野県上伊那郡南箕輪村南箕輪村一円５９７９－５", "緯度": 35.87291, "経度": 137.975015, "url": "https://www.iryou.teikyouseido.mhlw.go.jp/znk-web/juminkanja/S2430/initialize?prefCd=20&kikanCd=7200619590&kikanKbn=5", "url2": null, "内容": "薬局マツモトキヨシ南箕輪店【5:薬局】長野県上伊那郡南箕輪村南箕輪村一円５９７９－５" }, "geometry": { "type": "Point", "coordinates": [ 137.975015, 35.87291 ] } },
{ "type": "Feature", "properties": { "ID": 2057200619680, "正式名称": "クスリのアオキ箕輪薬局", "機関区分": 5, "都道府県コード": 20, "市区町村コード": 383, "所在地": "長野県上伊那郡箕輪町大字中箕輪８０３７番地１", "緯度": 35.905038, "経度": 137.984471, "url": "https://www.iryou.teikyouseido.mhlw.go.jp/znk-web/juminkanja/S2430/initialize?prefCd=20&kikanCd=7200619680&kikanKbn=5", "url2": "https://www.kusuri-aoki.co.jp/", "内容": "クスリのアオキ箕輪薬局【5:薬局】長野県上伊那郡箕輪町大字中箕輪８０３７番地１" }, "geometry": { "type": "Point", "coordinates": [ 137.984471, 35.905038 ] } },
{ "type": "Feature", "properties": { "ID": 2057200619770, "正式名称": "みのわ薬局", "機関区分": 5, "都道府県コード": 20, "市区町村コード": 383, "所在地": "長野県上伊那郡箕輪町三日町９６９－３", "緯度": 35.888764, "経度": 137.989003, "url": "https://www.iryou.teikyouseido.mhlw.go.jp/znk-web/juminkanja/S2430/initialize?prefCd=20&kikanCd=7200619770&kikanKbn=5", "url2": "https://www.nakazawa-ph.com/", "内容": "みのわ薬局【5:薬局】長野県上伊那郡箕輪町三日町９６９－３" }, "geometry": { "type": "Point", "coordinates": [ 137.989003, 35.888764 ] } },
{ "type": "Feature", "properties": { "ID": 2057200619860, "正式名称": "ライフ薬局伊那", "機関区分": 5, "都道府県コード": 20, "市区町村コード": 209, "所在地": "長野県伊那市下新田３１０１－４", "緯度": 35.82864, "経度": 137.956242, "url": "https://www.iryou.teikyouseido.mhlw.go.jp/znk-web/juminkanja/S2430/initialize?prefCd=20&kikanCd=7200619860&kikanKbn=5", "url2": "https://life-pharmacy.net/", "内容": "ライフ薬局伊那【5:薬局】長野県伊那市下新田３１０１－４" }, "geometry": { "type": "Point", "coordinates": [ 137.956242, 35.82864 ] } },
{ "type": "Feature", "properties": { "ID": 2057200619950, "正式名称": "ちとせや薬局", "機関区分": 5, "都道府県コード": 20, "市区町村コード": 383, "所在地": "長野県上伊那郡箕輪町大字中箕輪９６１０", "緯度": 35.912447, "経度": 137.985568, "url": "https://www.iryou.teikyouseido.mhlw.go.jp/znk-web/juminkanja/S2430/initialize?prefCd=20&kikanCd=7200619950&kikanKbn=5", "url2": "http://www.e-classa.net/chitoseya/", "内容": "ちとせや薬局【5:薬局】長野県上伊那郡箕輪町大字中箕輪９６１０" }, "geometry": { "type": "Point", "coordinates": [ 137.985568, 35.912447 ] } },
{ "type": "Feature", "properties": { "ID": 2057200620070, "正式名称": "とまりぎ薬局", "機関区分": 5, "都道府県コード": 20, "市区町村コード": 388, "所在地": "長野県上伊那郡宮田村宮田村９０－７", "緯度": 35.768401, "経度": 137.944364, "url": "https://www.iryou.teikyouseido.mhlw.go.jp/znk-web/juminkanja/S2430/initialize?prefCd=20&kikanCd=7200620070&kikanKbn=5", "url2": null, "内容": "とまりぎ薬局【5:薬局】長野県上伊那郡宮田村宮田村９０－７" }, "geometry": { "type": "Point", "coordinates": [ 137.944364, 35.768401 ] } },
{ "type": "Feature", "properties": { "ID": 2057200620160, "正式名称": "アイン薬局伊那竜東店", "機関区分": 5, "都道府県コード": 20, "市区町村コード": 209, "所在地": "長野県伊那市中央４６０５－２４", "緯度": 35.837733, "経度": 137.971212, "url": "https://www.iryou.teikyouseido.mhlw.go.jp/znk-web/juminkanja/S2430/initialize?prefCd=20&kikanCd=7200620160&kikanKbn=5", "url2": "https://www.ainj.co.jp/", "内容": "アイン薬局伊那竜東店【5:薬局】長野県伊那市中央４６０５－２４" }, "geometry": { "type": "Point", "coordinates": [ 137.971212, 35.837733 ] } },
{ "type": "Feature", "properties": { "ID": 2057200620250, "正式名称": "アイン薬局　みのわ店", "機関区分": 5, "都道府県コード": 20, "市区町村コード": 383, "所在地": "長野県上伊那郡箕輪町中箕輪８６１２－１", "緯度": 35.914083, "経度": 137.987368, "url": "https://www.iryou.teikyouseido.mhlw.go.jp/znk-web/juminkanja/S2430/initialize?prefCd=20&kikanCd=7200620250&kikanKbn=5", "url2": "https://www.ainj.co.jp/", "内容": "アイン薬局　みのわ店【5:薬局】長野県上伊那郡箕輪町中箕輪８６１２－１" }, "geometry": { "type": "Point", "coordinates": [ 137.987368, 35.914083 ] } },
{ "type": "Feature", "properties": { "ID": 2057200620340, "正式名称": "アイン薬局伊那西町店", "機関区分": 5, "都道府県コード": 20, "市区町村コード": 209, "所在地": "長野県伊那市西町５１３８－２０", "緯度": 35.832258, "経度": 137.952097, "url": "https://www.iryou.teikyouseido.mhlw.go.jp/znk-web/juminkanja/S2430/initialize?prefCd=20&kikanCd=7200620340&kikanKbn=5", "url2": "https://www.ainj.co.jp", "内容": "アイン薬局伊那西町店【5:薬局】長野県伊那市西町５１３８－２０" }, "geometry": { "type": "Point", "coordinates": [ 137.952097, 35.832258 ] } },
{ "type": "Feature", "properties": { "ID": 2057200620430, "正式名称": "アイン伊那中央薬局", "機関区分": 5, "都道府県コード": 20, "市区町村コード": 209, "所在地": "長野県伊那市中央４９５８", "緯度": 35.842635, "経度": 137.965689, "url": "https://www.iryou.teikyouseido.mhlw.go.jp/znk-web/juminkanja/S2430/initialize?prefCd=20&kikanCd=7200620430&kikanKbn=5", "url2": "https://www.ainj.co.jp/network/detail.html?pdid=1703", "内容": "アイン伊那中央薬局【5:薬局】長野県伊那市中央４９５８" }, "geometry": { "type": "Point", "coordinates": [ 137.965689, 35.842635 ] } },
{ "type": "Feature", "properties": { "ID": 2057200620520, "正式名称": "アイン薬局荒井橋店", "機関区分": 5, "都道府県コード": 20, "市区町村コード": 209, "所在地": "長野県伊那市荒井３８７１－３", "緯度": 35.848923, "経度": 137.946541, "url": "https://www.iryou.teikyouseido.mhlw.go.jp/znk-web/juminkanja/S2430/initialize?prefCd=20&kikanCd=7200620520&kikanKbn=5", "url2": "https://www.ainj.co.jp/network/list.html?keyword=%e8%8d%92%e4%ba%95&cator=71-25&cmid=545#dnn_ctr544_ModuleContent", "内容": "アイン薬局荒井橋店【5:薬局】長野県伊那市荒井３８７１－３" }, "geometry": { "type": "Point", "coordinates": [ 137.946541, 35.848923 ] } },
{ "type": "Feature", "properties": { "ID": 2057200620610, "正式名称": "アイン両小野薬局", "機関区分": 5, "都道府県コード": 20, "市区町村コード": 382, "所在地": "長野県上伊那郡辰野町大字小野１２９０－３０", "緯度": 36.046178, "経度": 137.969809, "url": "https://www.iryou.teikyouseido.mhlw.go.jp/znk-web/juminkanja/S2430/initialize?prefCd=20&kikanCd=7200620610&kikanKbn=5", "url2": "http://www.ainj.co.jp", "内容": "アイン両小野薬局【5:薬局】長野県上伊那郡辰野町大字小野１２９０－３０" }, "geometry": { "type": "Point", "coordinates": [ 137.969809, 36.046178 ] } },
{ "type": "Feature", "properties": { "ID": 2057200620710, "正式名称": "アイン伊那薬局", "機関区分": 5, "都道府県コード": 20, "市区町村コード": 209, "所在地": "長野県伊那市手良野口２０３７－４", "緯度": 35.861033, "経度": 138.013644, "url": "https://www.iryou.teikyouseido.mhlw.go.jp/znk-web/juminkanja/S2430/initialize?prefCd=20&kikanCd=7200620710&kikanKbn=5", "url2": "http://www.ainj.co.jp/network/ainpharmaciez/ams0041.html", "内容": "アイン伊那薬局【5:薬局】長野県伊那市手良野口２０３７－４" }, "geometry": { "type": "Point", "coordinates": [ 138.013644, 35.861033 ] } },
{ "type": "Feature", "properties": { "ID": 2057200620800, "正式名称": "株式会社アイン中央　アイン薬局伊那東店", "機関区分": 5, "都道府県コード": 20, "市区町村コード": 209, "所在地": "長野県伊那市狐島３７０８－３", "緯度": 35.831925, "経度": 137.962346, "url": "https://www.iryou.teikyouseido.mhlw.go.jp/znk-web/juminkanja/S2430/initialize?prefCd=20&kikanCd=7200620800&kikanKbn=5", "url2": "http://www.ainj.co.jp/", "内容": "株式会社アイン中央　アイン薬局伊那東店【5:薬局】長野県伊那市狐島３７０８－３" }, "geometry": { "type": "Point", "coordinates": [ 137.962346, 35.831925 ] } },
{ "type": "Feature", "properties": { "ID": 2057200620990, "正式名称": "アイン薬局みすず店", "機関区分": 5, "都道府県コード": 20, "市区町村コード": 209, "所在地": "長野県伊那市前原８３７９－７", "緯度": 35.847113, "経度": 137.990599, "url": "https://www.iryou.teikyouseido.mhlw.go.jp/znk-web/juminkanja/S2430/initialize?prefCd=20&kikanCd=7200620990&kikanKbn=5", "url2": "https://store.ainj.co.jp/detail/1101323/", "内容": "アイン薬局みすず店【5:薬局】長野県伊那市前原８３７９－７" }, "geometry": { "type": "Point", "coordinates": [ 137.990599, 35.847113 ] } },
{ "type": "Feature", "properties": { "ID": 2057200701520, "正式名称": "合資会社　小林薬局", "機関区分": 5, "都道府県コード": 20, "市区町村コード": 205, "所在地": "長野県飯田市八幡町２１４９", "緯度": 35.496766, "経度": 137.839952, "url": "https://www.iryou.teikyouseido.mhlw.go.jp/znk-web/juminkanja/S2430/initialize?prefCd=20&kikanCd=7200701520&kikanKbn=5", "url2": "https://www.kobayashi-p.jp/", "内容": "合資会社　小林薬局【5:薬局】長野県飯田市八幡町２１４９" }, "geometry": { "type": "Point", "coordinates": [ 137.839952, 35.496766 ] } },
{ "type": "Feature", "properties": { "ID": 2057200703030, "正式名称": "有限会社中山薬局", "機関区分": 5, "都道府県コード": 20, "市区町村コード": 205, "所在地": "長野県飯田市中央通り２－１４", "緯度": 35.51718, "経度": 137.824759, "url": "https://www.iryou.teikyouseido.mhlw.go.jp/znk-web/juminkanja/S2430/initialize?prefCd=20&kikanCd=7200703030&kikanKbn=5", "url2": "https://mama-kanpo.com/", "内容": "有限会社中山薬局【5:薬局】長野県飯田市中央通り２－１４" }, "geometry": { "type": "Point", "coordinates": [ 137.824759, 35.51718 ] } },
{ "type": "Feature", "properties": { "ID": 2057200704010, "正式名称": "大島　松尾薬局", "機関区分": 5, "都道府県コード": 20, "市区町村コード": 402, "所在地": "長野県下伊那郡松川町元大島３８２６－９", "緯度": 35.597423, "経度": 137.910581, "url": "https://www.iryou.teikyouseido.mhlw.go.jp/znk-web/juminkanja/S2430/initialize?prefCd=20&kikanCd=7200704010&kikanKbn=5", "url2": null, "内容": "大島　松尾薬局【5:薬局】長野県下伊那郡松川町元大島３８２６－９" }, "geometry": { "type": "Point", "coordinates": [ 137.910581, 35.597423 ] } },
{ "type": "Feature", "properties": { "ID": 2057200706260, "正式名称": "下平薬局", "機関区分": 5, "都道府県コード": 20, "市区町村コード": 205, "所在地": "長野県飯田市桐林１０６７－１", "緯度": 35.472879, "経度": 137.824982, "url": "https://www.iryou.teikyouseido.mhlw.go.jp/znk-web/juminkanja/S2430/initialize?prefCd=20&kikanCd=7200706260&kikanKbn=5", "url2": null, "内容": "下平薬局【5:薬局】長野県飯田市桐林１０６７－１" }, "geometry": { "type": "Point", "coordinates": [ 137.824982, 35.472879 ] } },
{ "type": "Feature", "properties": { "ID": 2057200707240, "正式名称": "有限会社　イブキ", "機関区分": 5, "都道府県コード": 20, "市区町村コード": 403, "所在地": "長野県下伊那郡高森町下市田１８０３－２", "緯度": 35.546455, "経度": 137.878336, "url": "https://www.iryou.teikyouseido.mhlw.go.jp/znk-web/juminkanja/S2430/initialize?prefCd=20&kikanCd=7200707240&kikanKbn=5", "url2": null, "内容": "有限会社　イブキ【5:薬局】長野県下伊那郡高森町下市田１８０３－２" }, "geometry": { "type": "Point", "coordinates": [ 137.878336, 35.546455 ] } },
{ "type": "Feature", "properties": { "ID": 2057200707510, "正式名称": "平成堂薬局", "機関区分": 5, "都道府県コード": 20, "市区町村コード": 205, "所在地": "長野県飯田市江戸町３ー２５８－１２", "緯度": 35.516235, "経度": 137.832313, "url": "https://www.iryou.teikyouseido.mhlw.go.jp/znk-web/juminkanja/S2430/initialize?prefCd=20&kikanCd=7200707510&kikanKbn=5", "url2": "https://kanposupport-hei.com/", "内容": "平成堂薬局【5:薬局】長野県飯田市江戸町３ー２５８－１２" }, "geometry": { "type": "Point", "coordinates": [ 137.832313, 35.516235 ] } },
{ "type": "Feature", "properties": { "ID": 2057200708220, "正式名称": "キクリン堂ピカイチ薬局", "機関区分": 5, "都道府県コード": 20, "市区町村コード": 415, "所在地": "長野県下伊那郡喬木村１２９２", "緯度": 35.518958, "経度": 137.874754, "url": "https://www.iryou.teikyouseido.mhlw.go.jp/znk-web/juminkanja/S2430/initialize?prefCd=20&kikanCd=7200708220&kikanKbn=5", "url2": "https://goo.gl/maps/5Yhjg5L4WQiFCmYTA", "内容": "キクリン堂ピカイチ薬局【5:薬局】長野県下伊那郡喬木村１２９２" }, "geometry": { "type": "Point", "coordinates": [ 137.874754, 35.518958 ] } },
{ "type": "Feature", "properties": { "ID": 2057200709940, "正式名称": "調剤薬局　マツモトキヨシ竜丘店", "機関区分": 5, "都道府県コード": 20, "市区町村コード": 205, "所在地": "長野県飯田市駄科１３０１ー１", "緯度": 35.478517, "経度": 137.82976, "url": "https://www.iryou.teikyouseido.mhlw.go.jp/znk-web/juminkanja/S2430/initialize?prefCd=20&kikanCd=7200709940&kikanKbn=5", "url2": "https://www.matsukiy.co.jp/", "内容": "調剤薬局　マツモトキヨシ竜丘店【5:薬局】長野県飯田市駄科１３０１ー１" }, "geometry": { "type": "Point", "coordinates": [ 137.82976, 35.478517 ] } },
{ "type": "Feature", "properties": { "ID": 2057200710420, "正式名称": "つばさ薬局", "機関区分": 5, "都道府県コード": 20, "市区町村コード": 403, "所在地": "長野県下伊那郡高森町下市田２９６４", "緯度": 35.550177, "経度": 137.886196, "url": "https://www.iryou.teikyouseido.mhlw.go.jp/znk-web/juminkanja/S2430/initialize?prefCd=20&kikanCd=7200710420&kikanKbn=5", "url2": null, "内容": "つばさ薬局【5:薬局】長野県下伊那郡高森町下市田２９６４" }, "geometry": { "type": "Point", "coordinates": [ 137.886196, 35.550177 ] } },
{ "type": "Feature", "properties": { "ID": 2057200710510, "正式名称": "ともえ伊賀良薬局", "機関区分": 5, "都道府県コード": 20, "市区町村コード": 205, "所在地": "長野県飯田市育良町２－１２－１", "緯度": 35.503403, "経度": 137.801705, "url": "https://www.iryou.teikyouseido.mhlw.go.jp/znk-web/juminkanja/S2430/initialize?prefCd=20&kikanCd=7200710510&kikanKbn=5", "url2": "http://tomoe-yakkyoku.com", "内容": "ともえ伊賀良薬局【5:薬局】長野県飯田市育良町２－１２－１" }, "geometry": { "type": "Point", "coordinates": [ 137.801705, 35.503403 ] } },
{ "type": "Feature", "properties": { "ID": 2057200710890, "正式名称": "林薬局", "機関区分": 5, "都道府県コード": 20, "市区町村コード": 205, "所在地": "長野県飯田市龍江７１３０ー１", "緯度": 35.442716, "経度": 137.819678, "url": "https://www.iryou.teikyouseido.mhlw.go.jp/znk-web/juminkanja/S2430/initialize?prefCd=20&kikanCd=7200710890&kikanKbn=5", "url2": null, "内容": "林薬局【5:薬局】長野県飯田市龍江７１３０ー１" }, "geometry": { "type": "Point", "coordinates": [ 137.819678, 35.442716 ] } },
{ "type": "Feature", "properties": { "ID": 2057200710980, "正式名称": "ささき薬局", "機関区分": 5, "都道府県コード": 20, "市区町村コード": 407, "所在地": "長野県下伊那郡阿智村駒場４０７ー１８", "緯度": 35.444575, "経度": 137.748573, "url": "https://www.iryou.teikyouseido.mhlw.go.jp/znk-web/juminkanja/S2430/initialize?prefCd=20&kikanCd=7200710980&kikanKbn=5", "url2": null, "内容": "ささき薬局【5:薬局】長野県下伊那郡阿智村駒場４０７ー１８" }, "geometry": { "type": "Point", "coordinates": [ 137.748573, 35.444575 ] } },
{ "type": "Feature", "properties": { "ID": 2057200711500, "正式名称": "アップル薬局", "機関区分": 5, "都道府県コード": 20, "市区町村コード": 402, "所在地": "長野県下伊那郡松川町元大島３２６６－１", "緯度": 35.59945, "経度": 137.911442, "url": "https://www.iryou.teikyouseido.mhlw.go.jp/znk-web/juminkanja/S2430/initialize?prefCd=20&kikanCd=7200711500&kikanKbn=5", "url2": null, "内容": "アップル薬局【5:薬局】長野県下伊那郡松川町元大島３２６６－１" }, "geometry": { "type": "Point", "coordinates": [ 137.911442, 35.59945 ] } },
{ "type": "Feature", "properties": { "ID": 2057200711690, "正式名称": "イサワ薬局", "機関区分": 5, "都道府県コード": 20, "市区町村コード": 402, "所在地": "長野県下伊那郡松川町元大島１４６８ー４", "緯度": 35.595923, "経度": 137.915803, "url": "https://www.iryou.teikyouseido.mhlw.go.jp/znk-web/juminkanja/S2430/initialize?prefCd=20&kikanCd=7200711690&kikanKbn=5", "url2": null, "内容": "イサワ薬局【5:薬局】長野県下伊那郡松川町元大島１４６８ー４" }, "geometry": { "type": "Point", "coordinates": [ 137.915803, 35.595923 ] } },
{ "type": "Feature", "properties": { "ID": 2057200711780, "正式名称": "イサワ名子薬局", "機関区分": 5, "都道府県コード": 20, "市区町村コード": 402, "所在地": "長野県下伊那郡松川町元大島３９０５－１", "緯度": 35.592173, "経度": 137.90836, "url": "https://www.iryou.teikyouseido.mhlw.go.jp/znk-web/juminkanja/S2430/initialize?prefCd=20&kikanCd=7200711780&kikanKbn=5", "url2": null, "内容": "イサワ名子薬局【5:薬局】長野県下伊那郡松川町元大島３９０５－１" }, "geometry": { "type": "Point", "coordinates": [ 137.90836, 35.592173 ] } },
{ "type": "Feature", "properties": { "ID": 2057200712580, "正式名称": "有限会社ウィングライフはらまち薬局", "機関区分": 5, "都道府県コード": 20, "市区町村コード": 403, "所在地": "長野県下伊那郡高森町上市田６３２－１", "緯度": 35.55612, "経度": 137.860059, "url": "https://www.iryou.teikyouseido.mhlw.go.jp/znk-web/juminkanja/S2430/initialize?prefCd=20&kikanCd=7200712580&kikanKbn=5", "url2": "http://www.e-classa.net/shinano-haramachi", "内容": "有限会社ウィングライフはらまち薬局【5:薬局】長野県下伊那郡高森町上市田６３２－１" }, "geometry": { "type": "Point", "coordinates": [ 137.860059, 35.55612 ] } },
{ "type": "Feature", "properties": { "ID": 2057200712670, "正式名称": "飯田下伊那薬剤師会会営やまなみ薬局", "機関区分": 5, "都道府県コード": 20, "市区町村コード": 205, "所在地": "長野県飯田市鼎名古熊２６３９－８", "緯度": 35.499682, "経度": 137.834869, "url": "https://www.iryou.teikyouseido.mhlw.go.jp/znk-web/juminkanja/S2430/initialize?prefCd=20&kikanCd=7200712670&kikanKbn=5", "url2": null, "内容": "飯田下伊那薬剤師会会営やまなみ薬局【5:薬局】長野県飯田市鼎名古熊２６３９－８" }, "geometry": { "type": "Point", "coordinates": [ 137.834869, 35.499682 ] } },
{ "type": "Feature", "properties": { "ID": 2057200712850, "正式名称": "有限会社　北澤薬局", "機関区分": 5, "都道府県コード": 20, "市区町村コード": 205, "所在地": "長野県飯田市鼎切石４３５８－２", "緯度": 35.510624, "経度": 137.80776, "url": "https://www.iryou.teikyouseido.mhlw.go.jp/znk-web/juminkanja/S2430/initialize?prefCd=20&kikanCd=7200712850&kikanKbn=5", "url2": null, "内容": "有限会社　北澤薬局【5:薬局】長野県飯田市鼎切石４３５８－２" }, "geometry": { "type": "Point", "coordinates": [ 137.80776, 35.510624 ] } },
{ "type": "Feature", "properties": { "ID": 2057200712940, "正式名称": "ともえ飯田薬局", "機関区分": 5, "都道府県コード": 20, "市区町村コード": 205, "所在地": "長野県飯田市伝馬町　２－３２－３", "緯度": 35.518791, "経度": 137.827953, "url": "https://www.iryou.teikyouseido.mhlw.go.jp/znk-web/juminkanja/S2430/initialize?prefCd=20&kikanCd=7200712940&kikanKbn=5", "url2": null, "内容": "ともえ飯田薬局【5:薬局】長野県飯田市伝馬町　２－３２－３" }, "geometry": { "type": "Point", "coordinates": [ 137.827953, 35.518791 ] } },
{ "type": "Feature", "properties": { "ID": 2057200713100, "正式名称": "高田薬局", "機関区分": 5, "都道府県コード": 20, "市区町村コード": 205, "所在地": "長野県飯田市中央通り３丁目４４番地３", "緯度": 35.517874, "経度": 137.823397, "url": "https://www.iryou.teikyouseido.mhlw.go.jp/znk-web/juminkanja/S2430/initialize?prefCd=20&kikanCd=7200713100&kikanKbn=5", "url2": null, "内容": "高田薬局【5:薬局】長野県飯田市中央通り３丁目４４番地３" }, "geometry": { "type": "Point", "coordinates": [ 137.823397, 35.517874 ] } },
{ "type": "Feature", "properties": { "ID": 2057200713470, "正式名称": "有限会社ともえ薬局　ともえ東鼎薬局", "機関区分": 5, "都道府県コード": 20, "市区町村コード": 205, "所在地": "長野県飯田市鼎東鼎１０６－２", "緯度": 35.505681, "経度": 137.842063, "url": "https://www.iryou.teikyouseido.mhlw.go.jp/znk-web/juminkanja/S2430/initialize?prefCd=20&kikanCd=7200713470&kikanKbn=5", "url2": null, "内容": "有限会社ともえ薬局　ともえ東鼎薬局【5:薬局】長野県飯田市鼎東鼎１０６－２" }, "geometry": { "type": "Point", "coordinates": [ 137.842063, 35.505681 ] } },
{ "type": "Feature", "properties": { "ID": 2057200713650, "正式名称": "光仙閣薬局", "機関区分": 5, "都道府県コード": 20, "市区町村コード": 205, "所在地": "長野県飯田市座光寺３５０１", "緯度": 35.533984, "経度": 137.861338, "url": "https://www.iryou.teikyouseido.mhlw.go.jp/znk-web/juminkanja/S2430/initialize?prefCd=20&kikanCd=7200713650&kikanKbn=5", "url2": null, "内容": "光仙閣薬局【5:薬局】長野県飯田市座光寺３５０１" }, "geometry": { "type": "Point", "coordinates": [ 137.861338, 35.533984 ] } },
{ "type": "Feature", "properties": { "ID": 2057200713740, "正式名称": "まるやまのサンピヨ薬局", "機関区分": 5, "都道府県コード": 20, "市区町村コード": 205, "所在地": "長野県飯田市丸山町２―６８０４ー１６", "緯度": 35.521651, "経度": 137.809176, "url": "https://www.iryou.teikyouseido.mhlw.go.jp/znk-web/juminkanja/S2430/initialize?prefCd=20&kikanCd=7200713740&kikanKbn=5", "url2": "https://sanpiyo.com/store-list#maruyama", "内容": "まるやまのサンピヨ薬局【5:薬局】長野県飯田市丸山町２―６８０４ー１６" }, "geometry": { "type": "Point", "coordinates": [ 137.809176, 35.521651 ] } },
{ "type": "Feature", "properties": { "ID": 2057200713830, "正式名称": "いいぬまのサンピヨ薬局", "機関区分": 5, "都道府県コード": 20, "市区町村コード": 205, "所在地": "長野県飯田市上郷飯沼１８１７－４", "緯度": 35.52343, "経度": 137.855144, "url": "https://www.iryou.teikyouseido.mhlw.go.jp/znk-web/juminkanja/S2430/initialize?prefCd=20&kikanCd=7200713830&kikanKbn=5", "url2": "https://sanpiyo.com/", "内容": "いいぬまのサンピヨ薬局【5:薬局】長野県飯田市上郷飯沼１８１７－４" }, "geometry": { "type": "Point", "coordinates": [ 137.855144, 35.52343 ] } },
{ "type": "Feature", "properties": { "ID": 2057200714090, "正式名称": "有限会社　川上薬局", "機関区分": 5, "都道府県コード": 20, "市区町村コード": 205, "所在地": "長野県飯田市桜町２－３０－１", "緯度": 35.521874, "経度": 137.82898, "url": "https://www.iryou.teikyouseido.mhlw.go.jp/znk-web/juminkanja/S2430/initialize?prefCd=20&kikanCd=7200714090&kikanKbn=5", "url2": null, "内容": "有限会社　川上薬局【5:薬局】長野県飯田市桜町２－３０－１" }, "geometry": { "type": "Point", "coordinates": [ 137.82898, 35.521874 ] } },
{ "type": "Feature", "properties": { "ID": 2057200714180, "正式名称": "薬局　マツモトキヨシかなえ店", "機関区分": 5, "都道府県コード": 20, "市区町村コード": 205, "所在地": "長野県飯田市鼎名古熊２０８１－１", "緯度": 35.497626, "経度": 137.831286, "url": "https://www.iryou.teikyouseido.mhlw.go.jp/znk-web/juminkanja/S2430/initialize?prefCd=20&kikanCd=7200714180&kikanKbn=5", "url2": "http://www.mk-koushinetsu.co.jp/", "内容": "薬局　マツモトキヨシかなえ店【5:薬局】長野県飯田市鼎名古熊２０８１－１" }, "geometry": { "type": "Point", "coordinates": [ 137.831286, 35.497626 ] } },
{ "type": "Feature", "properties": { "ID": 2057200714270, "正式名称": "こころ鼎薬局", "機関区分": 5, "都道府県コード": 20, "市区町村コード": 205, "所在地": "長野県飯田市鼎名古熊５６５－４", "緯度": 35.500348, "経度": 137.81841, "url": "https://www.iryou.teikyouseido.mhlw.go.jp/znk-web/juminkanja/S2430/initialize?prefCd=20&kikanCd=7200714270&kikanKbn=5", "url2": null, "内容": "こころ鼎薬局【5:薬局】長野県飯田市鼎名古熊５６５－４" }, "geometry": { "type": "Point", "coordinates": [ 137.81841, 35.500348 ] } },
{ "type": "Feature", "properties": { "ID": 2057200714360, "正式名称": "柴田薬局", "機関区分": 5, "都道府県コード": 20, "市区町村コード": 205, "所在地": "長野県飯田市銀座４－１０－３", "緯度": 35.514069, "経度": 137.82637, "url": "https://www.iryou.teikyouseido.mhlw.go.jp/znk-web/juminkanja/S2430/initialize?prefCd=20&kikanCd=7200714360&kikanKbn=5", "url2": null, "内容": "柴田薬局【5:薬局】長野県飯田市銀座４－１０－３" }, "geometry": { "type": "Point", "coordinates": [ 137.82637, 35.514069 ] } },
{ "type": "Feature", "properties": { "ID": 2057200714450, "正式名称": "まつおのサンピヨ薬局", "機関区分": 5, "都道府県コード": 20, "市区町村コード": 205, "所在地": "長野県飯田市松尾代田１５７８－３", "緯度": 35.491155, "経度": 137.838675, "url": "https://www.iryou.teikyouseido.mhlw.go.jp/znk-web/juminkanja/S2430/initialize?prefCd=20&kikanCd=7200714450&kikanKbn=5", "url2": "https://sanpiyo.com", "内容": "まつおのサンピヨ薬局【5:薬局】長野県飯田市松尾代田１５７８－３" }, "geometry": { "type": "Point", "coordinates": [ 137.838675, 35.491155 ] } },
{ "type": "Feature", "properties": { "ID": 2057200714630, "正式名称": "佐藤薬局", "機関区分": 5, "都道府県コード": 20, "市区町村コード": 205, "所在地": "長野県飯田市松尾新井７００８－３", "緯度": 35.500487, "経度": 137.858785, "url": "https://www.iryou.teikyouseido.mhlw.go.jp/znk-web/juminkanja/S2430/initialize?prefCd=20&kikanCd=7200714630&kikanKbn=5", "url2": null, "内容": "佐藤薬局【5:薬局】長野県飯田市松尾新井７００８－３" }, "geometry": { "type": "Point", "coordinates": [ 137.858785, 35.500487 ] } },
{ "type": "Feature", "properties": { "ID": 2057200714720, "正式名称": "高松薬局", "機関区分": 5, "都道府県コード": 20, "市区町村コード": 205, "所在地": "長野県飯田市上郷黒田３３９－２", "緯度": 35.517541, "経度": 137.840396, "url": "https://www.iryou.teikyouseido.mhlw.go.jp/znk-web/juminkanja/S2430/initialize?prefCd=20&kikanCd=7200714720&kikanKbn=5", "url2": "http://www.e-classa.net/iida-takamatsu/", "内容": "高松薬局【5:薬局】長野県飯田市上郷黒田３３９－２" }, "geometry": { "type": "Point", "coordinates": [ 137.840396, 35.517541 ] } },
{ "type": "Feature", "properties": { "ID": 2057200714910, "正式名称": "あおぞら薬局", "機関区分": 5, "都道府県コード": 20, "市区町村コード": 403, "所在地": "長野県下伊那郡高森町山吹４５３４－３", "緯度": 35.574461, "経度": 137.899467, "url": "https://www.iryou.teikyouseido.mhlw.go.jp/znk-web/juminkanja/S2430/initialize?prefCd=20&kikanCd=7200714910&kikanKbn=5", "url2": null, "内容": "あおぞら薬局【5:薬局】長野県下伊那郡高森町山吹４５３４－３" }, "geometry": { "type": "Point", "coordinates": [ 137.899467, 35.574461 ] } },
{ "type": "Feature", "properties": { "ID": 2057200715070, "正式名称": "はばのサンピヨ薬局", "機関区分": 5, "都道府県コード": 20, "市区町村コード": 205, "所在地": "長野県飯田市羽場町１－１９－１０", "緯度": 35.517512, "経度": 137.809482, "url": "https://www.iryou.teikyouseido.mhlw.go.jp/znk-web/juminkanja/S2430/initialize?prefCd=20&kikanCd=7200715070&kikanKbn=5", "url2": null, "内容": "はばのサンピヨ薬局【5:薬局】長野県飯田市羽場町１－１９－１０" }, "geometry": { "type": "Point", "coordinates": [ 137.809482, 35.517512 ] } },
{ "type": "Feature", "properties": { "ID": 2057200715160, "正式名称": "アサヒ薬局", "機関区分": 5, "都道府県コード": 20, "市区町村コード": 205, "所在地": "長野県飯田市上郷別府３３４５－７", "緯度": 35.51132, "経度": 137.841007, "url": "https://www.iryou.teikyouseido.mhlw.go.jp/znk-web/juminkanja/S2430/initialize?prefCd=20&kikanCd=7200715160&kikanKbn=5", "url2": "http://www.e-classa.net/asahi-ph.iida/", "内容": "アサヒ薬局【5:薬局】長野県飯田市上郷別府３３４５－７" }, "geometry": { "type": "Point", "coordinates": [ 137.841007, 35.51132 ] } },
{ "type": "Feature", "properties": { "ID": 2057200715250, "正式名称": "あなん薬局", "機関区分": 5, "都道府県コード": 20, "市区町村コード": 404, "所在地": "長野県下伊那郡阿南町北條２０２７－１", "緯度": 35.334034, "経度": 137.834098, "url": "https://www.iryou.teikyouseido.mhlw.go.jp/znk-web/juminkanja/S2430/initialize?prefCd=20&kikanCd=7200715250&kikanKbn=5", "url2": null, "内容": "あなん薬局【5:薬局】長野県下伊那郡阿南町北條２０２７－１" }, "geometry": { "type": "Point", "coordinates": [ 137.834098, 35.334034 ] } },
{ "type": "Feature", "properties": { "ID": 2057200715340, "正式名称": "おおみやのサンピヨ薬局", "機関区分": 5, "都道府県コード": 20, "市区町村コード": 205, "所在地": "長野県飯田市宮の前４４２１－１", "緯度": 35.523234, "経度": 137.825703, "url": "https://www.iryou.teikyouseido.mhlw.go.jp/znk-web/juminkanja/S2430/initialize?prefCd=20&kikanCd=7200715340&kikanKbn=5", "url2": null, "内容": "おおみやのサンピヨ薬局【5:薬局】長野県飯田市宮の前４４２１－１" }, "geometry": { "type": "Point", "coordinates": [ 137.825703, 35.523234 ] } },
{ "type": "Feature", "properties": { "ID": 2057200715430, "正式名称": "はばざか薬局", "機関区分": 5, "都道府県コード": 20, "市区町村コード": 205, "所在地": "長野県飯田市羽場坂町２３４５－３９", "緯度": 35.513402, "経度": 137.812621, "url": "https://www.iryou.teikyouseido.mhlw.go.jp/znk-web/juminkanja/S2430/initialize?prefCd=20&kikanCd=7200715430&kikanKbn=5", "url2": null, "内容": "はばざか薬局【5:薬局】長野県飯田市羽場坂町２３４５－３９" }, "geometry": { "type": "Point", "coordinates": [ 137.812621, 35.513402 ] } },
{ "type": "Feature", "properties": { "ID": 2057200715610, "正式名称": "飯田下伊那薬剤師会会営薬局", "機関区分": 5, "都道府県コード": 20, "市区町村コード": 205, "所在地": "長野県飯田市知久町４丁目１２１０－１", "緯度": 35.51657, "経度": 137.820284, "url": "https://www.iryou.teikyouseido.mhlw.go.jp/znk-web/juminkanja/S2430/initialize?prefCd=20&kikanCd=7200715610&kikanKbn=5", "url2": null, "内容": "飯田下伊那薬剤師会会営薬局【5:薬局】長野県飯田市知久町４丁目１２１０－１" }, "geometry": { "type": "Point", "coordinates": [ 137.820284, 35.51657 ] } },
{ "type": "Feature", "properties": { "ID": 2057200715710, "正式名称": "ひさの薬局", "機関区分": 5, "都道府県コード": 20, "市区町村コード": 411, "所在地": "長野県下伊那郡下條村陽皐２００６－３", "緯度": 35.386444, "経度": 137.789294, "url": "https://www.iryou.teikyouseido.mhlw.go.jp/znk-web/juminkanja/S2430/initialize?prefCd=20&kikanCd=7200715710&kikanKbn=5", "url2": null, "内容": "ひさの薬局【5:薬局】長野県下伊那郡下條村陽皐２００６－３" }, "geometry": { "type": "Point", "coordinates": [ 137.789294, 35.386444 ] } },
{ "type": "Feature", "properties": { "ID": 2057200715800, "正式名称": "日本調剤　北條薬局", "機関区分": 5, "都道府県コード": 20, "市区町村コード": 404, "所在地": "長野県下伊那郡阿南町北條２０２２", "緯度": 35.340672, "経度": 137.831126, "url": "https://www.iryou.teikyouseido.mhlw.go.jp/znk-web/juminkanja/S2430/initialize?prefCd=20&kikanCd=7200715800&kikanKbn=5", "url2": "http://www.nicho.co.jp/tenpo/kitazyo/", "内容": "日本調剤　北條薬局【5:薬局】長野県下伊那郡阿南町北條２０２２" }, "geometry": { "type": "Point", "coordinates": [ 137.831126, 35.340672 ] } },
{ "type": "Feature", "properties": { "ID": 2057200715990, "正式名称": "ともえ一色薬局", "機関区分": 5, "都道府県コード": 20, "市区町村コード": 205, "所在地": "長野県飯田市鼎一色４４－８", "緯度": 35.50232, "経度": 137.814621, "url": "https://www.iryou.teikyouseido.mhlw.go.jp/znk-web/juminkanja/S2430/initialize?prefCd=20&kikanCd=7200715990&kikanKbn=5", "url2": "https://tomoe-yakkyoku.com/", "内容": "ともえ一色薬局【5:薬局】長野県飯田市鼎一色４４－８" }, "geometry": { "type": "Point", "coordinates": [ 137.814621, 35.50232 ] } },
{ "type": "Feature", "properties": { "ID": 2057200716050, "正式名称": "ふくろう薬局", "機関区分": 5, "都道府県コード": 20, "市区町村コード": 205, "所在地": "長野県飯田市松尾久井２４０８－１", "緯度": 35.500182, "経度": 137.841813, "url": "https://www.iryou.teikyouseido.mhlw.go.jp/znk-web/juminkanja/S2430/initialize?prefCd=20&kikanCd=7200716050&kikanKbn=5", "url2": null, "内容": "ふくろう薬局【5:薬局】長野県飯田市松尾久井２４０８－１" }, "geometry": { "type": "Point", "coordinates": [ 137.841813, 35.500182 ] } },
{ "type": "Feature", "properties": { "ID": 2057200716140, "正式名称": "有限会社　平沢薬局", "機関区分": 5, "都道府県コード": 20, "市区町村コード": 402, "所在地": "長野県下伊那郡松川町元大島１４７６", "緯度": 35.595453, "経度": 137.917228, "url": "https://www.iryou.teikyouseido.mhlw.go.jp/znk-web/juminkanja/S2430/initialize?prefCd=20&kikanCd=7200716140&kikanKbn=5", "url2": null, "内容": "有限会社　平沢薬局【5:薬局】長野県下伊那郡松川町元大島１４７６" }, "geometry": { "type": "Point", "coordinates": [ 137.917228, 35.595453 ] } },
{ "type": "Feature", "properties": { "ID": 2057200716320, "正式名称": "サンピヨ薬局", "機関区分": 5, "都道府県コード": 20, "市区町村コード": 205, "所在地": "長野県飯田市上郷飯沼７４８", "緯度": 35.519236, "経度": 137.852478, "url": "https://www.iryou.teikyouseido.mhlw.go.jp/znk-web/juminkanja/S2430/initialize?prefCd=20&kikanCd=7200716320&kikanKbn=5", "url2": "https://sanpiyo.com/", "内容": "サンピヨ薬局【5:薬局】長野県飯田市上郷飯沼７４８" }, "geometry": { "type": "Point", "coordinates": [ 137.852478, 35.519236 ] } },
{ "type": "Feature", "properties": { "ID": 2057200716410, "正式名称": "こまんば薬局", "機関区分": 5, "都道府県コード": 20, "市区町村コード": 407, "所在地": "長野県下伊那郡阿智村駒場３６２ー１", "緯度": 35.446105, "経度": 137.749925, "url": "https://www.iryou.teikyouseido.mhlw.go.jp/znk-web/juminkanja/S2430/initialize?prefCd=20&kikanCd=7200716410&kikanKbn=5", "url2": "http://www.sasaki-ph.com", "内容": "こまんば薬局【5:薬局】長野県下伊那郡阿智村駒場３６２ー１" }, "geometry": { "type": "Point", "coordinates": [ 137.749925, 35.446105 ] } },
{ "type": "Feature", "properties": { "ID": 2057200716510, "正式名称": "びぜんや薬局", "機関区分": 5, "都道府県コード": 20, "市区町村コード": 416, "所在地": "長野県下伊那郡豊丘村神稲３０２８－３", "緯度": 35.551147, "経度": 137.89459, "url": "https://www.iryou.teikyouseido.mhlw.go.jp/znk-web/juminkanja/S2430/initialize?prefCd=20&kikanCd=7200716510&kikanKbn=5", "url2": null, "内容": "びぜんや薬局【5:薬局】長野県下伊那郡豊丘村神稲３０２８－３" }, "geometry": { "type": "Point", "coordinates": [ 137.89459, 35.551147 ] } },
{ "type": "Feature", "properties": { "ID": 2057200716600, "正式名称": "ともえ名古熊薬局", "機関区分": 5, "都道府県コード": 20, "市区町村コード": 205, "所在地": "長野県飯田市鼎名古熊２５１３ー１", "緯度": 35.49932, "経度": 137.830714, "url": "https://www.iryou.teikyouseido.mhlw.go.jp/znk-web/juminkanja/S2430/initialize?prefCd=20&kikanCd=7200716600&kikanKbn=5", "url2": null, "内容": "ともえ名古熊薬局【5:薬局】長野県飯田市鼎名古熊２５１３ー１" }, "geometry": { "type": "Point", "coordinates": [ 137.830714, 35.49932 ] } },
{ "type": "Feature", "properties": { "ID": 2057200716790, "正式名称": "かなえひまわり薬局", "機関区分": 5, "都道府県コード": 20, "市区町村コード": 205, "所在地": "長野県飯田市鼎中平１８８４－１", "緯度": 35.504957, "経度": 137.825507, "url": "https://www.iryou.teikyouseido.mhlw.go.jp/znk-web/juminkanja/S2430/initialize?prefCd=20&kikanCd=7200716790&kikanKbn=5", "url2": "http://www.i-himawari.co.jp/", "内容": "かなえひまわり薬局【5:薬局】長野県飯田市鼎中平１８８４－１" }, "geometry": { "type": "Point", "coordinates": [ 137.825507, 35.504957 ] } },
{ "type": "Feature", "properties": { "ID": 2057200716880, "正式名称": "松村薬局", "機関区分": 5, "都道府県コード": 20, "市区町村コード": 205, "所在地": "長野県飯田市山本１６４９－３", "緯度": 35.478011, "経度": 137.762868, "url": "https://www.iryou.teikyouseido.mhlw.go.jp/znk-web/juminkanja/S2430/initialize?prefCd=20&kikanCd=7200716880&kikanKbn=5", "url2": "https://www.e-classa.net/ym-mtmr/", "内容": "松村薬局【5:薬局】長野県飯田市山本１６４９－３" }, "geometry": { "type": "Point", "coordinates": [ 137.762868, 35.478011 ] } },
{ "type": "Feature", "properties": { "ID": 2057200716970, "正式名称": "クオール飯田北薬局", "機関区分": 5, "都道府県コード": 20, "市区町村コード": 205, "所在地": "長野県飯田市大通１－１９－１", "緯度": 35.517531, "経度": 137.819091, "url": "https://www.iryou.teikyouseido.mhlw.go.jp/znk-web/juminkanja/S2430/initialize?prefCd=20&kikanCd=7200716970&kikanKbn=5", "url2": "http://www.qol-net.co.jp/", "内容": "クオール飯田北薬局【5:薬局】長野県飯田市大通１－１９－１" }, "geometry": { "type": "Point", "coordinates": [ 137.819091, 35.517531 ] } },
{ "type": "Feature", "properties": { "ID": 2057200717120, "正式名称": "クオールめがね橋薬局", "機関区分": 5, "都道府県コード": 20, "市区町村コード": 205, "所在地": "長野県飯田市伝馬町１－１", "緯度": 35.516152, "経度": 137.827953, "url": "https://www.iryou.teikyouseido.mhlw.go.jp/znk-web/juminkanja/S2430/initialize?prefCd=20&kikanCd=7200717120&kikanKbn=5", "url2": "http://www.qol-net.co.jp/map/nagano/meganebashi.html", "内容": "クオールめがね橋薬局【5:薬局】長野県飯田市伝馬町１－１" }, "geometry": { "type": "Point", "coordinates": [ 137.827953, 35.516152 ] } },
{ "type": "Feature", "properties": { "ID": 2057200717210, "正式名称": "クオールまるやま薬局", "機関区分": 5, "都道府県コード": 20, "市区町村コード": 205, "所在地": "長野県飯田市白山町３丁目東３ー１", "緯度": 35.520102, "経度": 137.814388, "url": "https://www.iryou.teikyouseido.mhlw.go.jp/znk-web/juminkanja/S2430/initialize?prefCd=20&kikanCd=7200717210&kikanKbn=5", "url2": "https://www.qol-net.co.jp/", "内容": "クオールまるやま薬局【5:薬局】長野県飯田市白山町３丁目東３ー１" }, "geometry": { "type": "Point", "coordinates": [ 137.814388, 35.520102 ] } },
{ "type": "Feature", "properties": { "ID": 2057200717310, "正式名称": "クオールひがしの薬局", "機関区分": 5, "都道府県コード": 20, "市区町村コード": 205, "所在地": "長野県飯田市鈴加町１－２１", "緯度": 35.520757, "経度": 137.825099, "url": "https://www.iryou.teikyouseido.mhlw.go.jp/znk-web/juminkanja/S2430/initialize?prefCd=20&kikanCd=7200717310&kikanKbn=5", "url2": "https://store.qol-net.co.jp/detail/463/", "内容": "クオールひがしの薬局【5:薬局】長野県飯田市鈴加町１－２１" }, "geometry": { "type": "Point", "coordinates": [ 137.825099, 35.520757 ] } },
{ "type": "Feature", "properties": { "ID": 2057200717400, "正式名称": "さくら薬局", "機関区分": 5, "都道府県コード": 20, "市区町村コード": 205, "所在地": "長野県飯田市上郷黒田１６３５ー２", "緯度": 35.524535, "経度": 137.844493, "url": "https://www.iryou.teikyouseido.mhlw.go.jp/znk-web/juminkanja/S2430/initialize?prefCd=20&kikanCd=7200717400&kikanKbn=5", "url2": "http://www.cureall.co.jp/", "内容": "さくら薬局【5:薬局】長野県飯田市上郷黒田１６３５ー２" }, "geometry": { "type": "Point", "coordinates": [ 137.844493, 35.524535 ] } },
{ "type": "Feature", "properties": { "ID": 2057200717590, "正式名称": "大瀬木薬局", "機関区分": 5, "都道府県コード": 20, "市区町村コード": 205, "所在地": "長野県飯田市大瀬木１１０６－１７", "緯度": 36.651289, "経度": 138.181224, "url": "https://www.iryou.teikyouseido.mhlw.go.jp/znk-web/juminkanja/S2430/initialize?prefCd=20&kikanCd=7200717590&kikanKbn=5", "url2": "https://www.sunyoulife.com", "内容": "大瀬木薬局【5:薬局】長野県飯田市大瀬木１１０６－１７" }, "geometry": { "type": "Point", "coordinates": [ 138.181224, 36.651289 ] } },
{ "type": "Feature", "properties": { "ID": 2057200717680, "正式名称": "シバタ薬局市役所前店", "機関区分": 5, "都道府県コード": 20, "市区町村コード": 205, "所在地": "長野県飯田市知久町３－４５－１", "緯度": 35.515108, "経度": 137.822605, "url": "https://www.iryou.teikyouseido.mhlw.go.jp/znk-web/juminkanja/S2430/initialize?prefCd=20&kikanCd=7200717680&kikanKbn=5", "url2": null, "内容": "シバタ薬局市役所前店【5:薬局】長野県飯田市知久町３－４５－１" }, "geometry": { "type": "Point", "coordinates": [ 137.822605, 35.515108 ] } },
{ "type": "Feature", "properties": { "ID": 2057200717770, "正式名称": "ほたる薬局飯田店", "機関区分": 5, "都道府県コード": 20, "市区町村コード": 205, "所在地": "長野県飯田市鼎中平１９６７ー５", "緯度": 35.507464, "経度": 137.824991, "url": "https://www.iryou.teikyouseido.mhlw.go.jp/znk-web/juminkanja/S2430/initialize?prefCd=20&kikanCd=7200717770&kikanKbn=5", "url2": "http://www.cureall.co.jp", "内容": "ほたる薬局飯田店【5:薬局】長野県飯田市鼎中平１９６７ー５" }, "geometry": { "type": "Point", "coordinates": [ 137.824991, 35.507464 ] } },
{ "type": "Feature", "properties": { "ID": 2057200717950, "正式名称": "きたがた薬局", "機関区分": 5, "都道府県コード": 20, "市区町村コード": 205, "所在地": "長野県飯田市北方２４２８ー４", "緯度": 35.505767, "経度": 137.796136, "url": "https://www.iryou.teikyouseido.mhlw.go.jp/znk-web/juminkanja/S2430/initialize?prefCd=20&kikanCd=7200717950&kikanKbn=5", "url2": null, "内容": "きたがた薬局【5:薬局】長野県飯田市北方２４２８ー４" }, "geometry": { "type": "Point", "coordinates": [ 137.796136, 35.505767 ] } },
{ "type": "Feature", "properties": { "ID": 2057200718110, "正式名称": "青い鳥薬局松尾店", "機関区分": 5, "都道府県コード": 20, "市区町村コード": 205, "所在地": "長野県飯田市松尾城３９４７ー１", "緯度": 35.492376, "経度": 137.841497, "url": "https://www.iryou.teikyouseido.mhlw.go.jp/znk-web/juminkanja/S2430/initialize?prefCd=20&kikanCd=7200718110&kikanKbn=5", "url2": "https://aoitoriyakkyoku.jp/", "内容": "青い鳥薬局松尾店【5:薬局】長野県飯田市松尾城３９４７ー１" }, "geometry": { "type": "Point", "coordinates": [ 137.841497, 35.492376 ] } },
{ "type": "Feature", "properties": { "ID": 2057200718200, "正式名称": "もとまち漢方薬局", "機関区分": 5, "都道府県コード": 20, "市区町村コード": 205, "所在地": "長野県飯田市桐林１９０５", "緯度": 35.471758, "経度": 137.819464, "url": "https://www.iryou.teikyouseido.mhlw.go.jp/znk-web/juminkanja/S2430/initialize?prefCd=20&kikanCd=7200718200&kikanKbn=5", "url2": "http://www.ne.jp/asahi/med/kampo/", "内容": "もとまち漢方薬局【5:薬局】長野県飯田市桐林１９０５" }, "geometry": { "type": "Point", "coordinates": [ 137.819464, 35.471758 ] } },
{ "type": "Feature", "properties": { "ID": 2057200718390, "正式名称": "クオール飯田薬局", "機関区分": 5, "都道府県コード": 20, "市区町村コード": 205, "所在地": "長野県飯田市大通一丁目１５番地薬局棟", "緯度": 35.516516, "経度": 137.818625, "url": "https://www.iryou.teikyouseido.mhlw.go.jp/znk-web/juminkanja/S2430/initialize?prefCd=20&kikanCd=7200718390&kikanKbn=5", "url2": "https://store.qol-net.co.jp/detail/99999/", "内容": "クオール飯田薬局【5:薬局】長野県飯田市大通一丁目１５番地薬局棟" }, "geometry": { "type": "Point", "coordinates": [ 137.818625, 35.516516 ] } },
{ "type": "Feature", "properties": { "ID": 2057200718480, "正式名称": "ほたる薬局上郷店", "機関区分": 5, "都道府県コード": 20, "市区町村コード": 205, "所在地": "長野県飯田市上郷黒田７８１－１", "緯度": 35.524333, "経度": 137.833588, "url": "https://www.iryou.teikyouseido.mhlw.go.jp/znk-web/juminkanja/S2430/initialize?prefCd=20&kikanCd=7200718480&kikanKbn=5", "url2": "http://www.cureall.co.jp", "内容": "ほたる薬局上郷店【5:薬局】長野県飯田市上郷黒田７８１－１" }, "geometry": { "type": "Point", "coordinates": [ 137.833588, 35.524333 ] } },
{ "type": "Feature", "properties": { "ID": 2057200718570, "正式名称": "有限会社ともえ薬局", "機関区分": 5, "都道府県コード": 20, "市区町村コード": 205, "所在地": "長野県飯田市鼎西鼎６１６－１", "緯度": 35.50931, "経度": 137.835673, "url": "https://www.iryou.teikyouseido.mhlw.go.jp/znk-web/juminkanja/S2430/initialize?prefCd=20&kikanCd=7200718570&kikanKbn=5", "url2": "https://tomoe-yakkyoku.com/", "内容": "有限会社ともえ薬局【5:薬局】長野県飯田市鼎西鼎６１６－１" }, "geometry": { "type": "Point", "coordinates": [ 137.835673, 35.50931 ] } },
{ "type": "Feature", "properties": { "ID": 2057200718660, "正式名称": "ハロー薬局　飯田松尾店", "機関区分": 5, "都道府県コード": 20, "市区町村コード": 205, "所在地": "長野県飯田市松尾上溝６３１７－１", "緯度": 35.504792, "経度": 137.851229, "url": "https://www.iryou.teikyouseido.mhlw.go.jp/znk-web/juminkanja/S2430/initialize?prefCd=20&kikanCd=7200718660&kikanKbn=5", "url2": "https://shop.sogo-pharmacy.jp/detail/622/", "内容": "ハロー薬局　飯田松尾店【5:薬局】長野県飯田市松尾上溝６３１７－１" }, "geometry": { "type": "Point", "coordinates": [ 137.851229, 35.504792 ] } },
{ "type": "Feature", "properties": { "ID": 2057200718750, "正式名称": "イオン薬局飯田アップルロード店", "機関区分": 5, "都道府県コード": 20, "市区町村コード": 205, "所在地": "長野県飯田市鼎一色４５６", "緯度": 35.500767, "経度": 137.816686, "url": "https://www.iryou.teikyouseido.mhlw.go.jp/znk-web/juminkanja/S2430/initialize?prefCd=20&kikanCd=7200718750&kikanKbn=5", "url2": null, "内容": "イオン薬局飯田アップルロード店【5:薬局】長野県飯田市鼎一色４５６" }, "geometry": { "type": "Point", "coordinates": [ 137.816686, 35.500767 ] } },
{ "type": "Feature", "properties": { "ID": 2057200801590, "正式名称": "小林薬局", "機関区分": 5, "都道府県コード": 20, "市区町村コード": 422, "所在地": "長野県木曽郡上松町駅前通り２－２４", "緯度": 35.783118, "経度": 137.694065, "url": "https://www.iryou.teikyouseido.mhlw.go.jp/znk-web/juminkanja/S2430/initialize?prefCd=20&kikanCd=7200801590&kikanKbn=5", "url2": null, "内容": "小林薬局【5:薬局】長野県木曽郡上松町駅前通り２－２４" }, "geometry": { "type": "Point", "coordinates": [ 137.694065, 35.783118 ] } },
{ "type": "Feature", "properties": { "ID": 2057200801950, "正式名称": "カドマ南薬局", "機関区分": 5, "都道府県コード": 20, "市区町村コード": 432, "所在地": "長野県木曽郡木曽町福島６１８１", "緯度": 35.845139, "経度": 137.699868, "url": "https://www.iryou.teikyouseido.mhlw.go.jp/znk-web/juminkanja/S2430/initialize?prefCd=20&kikanCd=7200801950&kikanKbn=5", "url2": "https://www.kadoma-pharamacy.jp", "内容": "カドマ南薬局【5:薬局】長野県木曽郡木曽町福島６１８１" }, "geometry": { "type": "Point", "coordinates": [ 137.699868, 35.845139 ] } },
{ "type": "Feature", "properties": { "ID": 2057200802010, "正式名称": "木曽薬剤師会薬局", "機関区分": 5, "都道府県コード": 20, "市区町村コード": 432, "所在地": "長野県木曽郡木曽町福島６４６０－３", "緯度": 35.837084, "経度": 137.685897, "url": "https://www.iryou.teikyouseido.mhlw.go.jp/znk-web/juminkanja/S2430/initialize?prefCd=20&kikanCd=7200802010&kikanKbn=5", "url2": null, "内容": "木曽薬剤師会薬局【5:薬局】長野県木曽郡木曽町福島６４６０－３" }, "geometry": { "type": "Point", "coordinates": [ 137.685897, 35.837084 ] } },
{ "type": "Feature", "properties": { "ID": 2057200802390, "正式名称": "大桑はなの木薬局", "機関区分": 5, "都道府県コード": 20, "市区町村コード": 430, "所在地": "長野県木曽郡大桑村長野２８６１－４", "緯度": 35.683962, "経度": 137.664377, "url": "https://www.iryou.teikyouseido.mhlw.go.jp/znk-web/juminkanja/S2430/initialize?prefCd=20&kikanCd=7200802390&kikanKbn=5", "url2": "http://www.hananoki-y.com/", "内容": "大桑はなの木薬局【5:薬局】長野県木曽郡大桑村長野２８６１－４" }, "geometry": { "type": "Point", "coordinates": [ 137.664377, 35.683962 ] } },
{ "type": "Feature", "properties": { "ID": 2057200802570, "正式名称": "ヘルシーズみたけ薬局", "機関区分": 5, "都道府県コード": 20, "市区町村コード": 432, "所在地": "長野県木曽郡木曽町三岳６４９７－５", "緯度": 35.839749, "経度": 137.628152, "url": "https://www.iryou.teikyouseido.mhlw.go.jp/znk-web/juminkanja/S2430/initialize?prefCd=20&kikanCd=7200802570&kikanKbn=5", "url2": null, "内容": "ヘルシーズみたけ薬局【5:薬局】長野県木曽郡木曽町三岳６４９７－５" }, "geometry": { "type": "Point", "coordinates": [ 137.628152, 35.839749 ] } },
{ "type": "Feature", "properties": { "ID": 2057200802660, "正式名称": "一ノ瀬薬局", "機関区分": 5, "都道府県コード": 20, "市区町村コード": 425, "所在地": "長野県木曽郡木祖村薮原１０２５", "緯度": 35.936214, "経度": 137.784468, "url": "https://www.iryou.teikyouseido.mhlw.go.jp/znk-web/juminkanja/S2430/initialize?prefCd=20&kikanCd=7200802660&kikanKbn=5", "url2": null, "内容": "一ノ瀬薬局【5:薬局】長野県木曽郡木祖村薮原１０２５" }, "geometry": { "type": "Point", "coordinates": [ 137.784468, 35.936214 ] } },
{ "type": "Feature", "properties": { "ID": 2057200802930, "正式名称": "イオン薬局木曽福島店", "機関区分": 5, "都道府県コード": 20, "市区町村コード": 432, "所在地": "長野県木曽郡木曽町福島５３９８－１", "緯度": 35.845639, "経度": 137.69323, "url": "https://www.iryou.teikyouseido.mhlw.go.jp/znk-web/juminkanja/S2430/initialize?prefCd=20&kikanCd=7200802930&kikanKbn=5", "url2": null, "内容": "イオン薬局木曽福島店【5:薬局】長野県木曽郡木曽町福島５３９８－１" }, "geometry": { "type": "Point", "coordinates": [ 137.69323, 35.845639 ] } },
{ "type": "Feature", "properties": { "ID": 2057200803000, "正式名称": "えのき坂薬局", "機関区分": 5, "都道府県コード": 20, "市区町村コード": 423, "所在地": "長野県木曽郡南木曽町読書３４３６ー３", "緯度": 35.59751, "経度": 137.60735, "url": "https://www.iryou.teikyouseido.mhlw.go.jp/znk-web/juminkanja/S2430/initialize?prefCd=20&kikanCd=7200803000&kikanKbn=5", "url2": null, "内容": "えのき坂薬局【5:薬局】長野県木曽郡南木曽町読書３４３６ー３" }, "geometry": { "type": "Point", "coordinates": [ 137.60735, 35.59751 ] } },
{ "type": "Feature", "properties": { "ID": 2057200803190, "正式名称": "やぶはらマオカ薬局", "機関区分": 5, "都道府県コード": 20, "市区町村コード": 425, "所在地": "長野県木曽郡木祖村薮原１１９１ー１５", "緯度": 35.933235, "経度": 137.783249, "url": "https://www.iryou.teikyouseido.mhlw.go.jp/znk-web/juminkanja/S2430/initialize?prefCd=20&kikanCd=7200803190&kikanKbn=5", "url2": "http://www.myph.jp/f_200094/", "内容": "やぶはらマオカ薬局【5:薬局】長野県木曽郡木祖村薮原１１９１ー１５" }, "geometry": { "type": "Point", "coordinates": [ 137.783249, 35.933235 ] } },
{ "type": "Feature", "properties": { "ID": 2057200901910, "正式名称": "有限会社　立石薬局", "機関区分": 5, "都道府県コード": 20, "市区町村コード": 215, "所在地": "長野県塩尻市大門三番町１番３号", "緯度": 36.111198, "経度": 137.955474, "url": "https://www.iryou.teikyouseido.mhlw.go.jp/znk-web/juminkanja/S2430/initialize?prefCd=20&kikanCd=7200901910&kikanKbn=5", "url2": null, "内容": "有限会社　立石薬局【5:薬局】長野県塩尻市大門三番町１番３号" }, "geometry": { "type": "Point", "coordinates": [ 137.955474, 36.111198 ] } },
{ "type": "Feature", "properties": { "ID": 2057200903980, "正式名称": "有限会社クサマ薬局", "機関区分": 5, "都道府県コード": 20, "市区町村コード": 202, "所在地": "長野県松本市村井町南４－３－３", "緯度": 36.174136, "経度": 137.963499, "url": "https://www.iryou.teikyouseido.mhlw.go.jp/znk-web/juminkanja/S2430/initialize?prefCd=20&kikanCd=7200903980&kikanKbn=5", "url2": null, "内容": "有限会社クサマ薬局【5:薬局】長野県松本市村井町南４－３－３" }, "geometry": { "type": "Point", "coordinates": [ 137.963499, 36.174136 ] } },
{ "type": "Feature", "properties": { "ID": 2057200905300, "正式名称": "日野薬局", "機関区分": 5, "都道府県コード": 20, "市区町村コード": 202, "所在地": "長野県松本市中央１－３－１６", "緯度": 36.231239, "経度": 137.966458, "url": "https://www.iryou.teikyouseido.mhlw.go.jp/znk-web/juminkanja/S2430/initialize?prefCd=20&kikanCd=7200905300&kikanKbn=5", "url2": "http://www.hino-yakkyoku.com", "内容": "日野薬局【5:薬局】長野県松本市中央１－３－１６" }, "geometry": { "type": "Point", "coordinates": [ 137.966458, 36.231239 ] } },
{ "type": "Feature", "properties": { "ID": 2057200906290, "正式名称": "白寿堂カシワ薬局", "機関区分": 5, "都道府県コード": 20, "市区町村コード": 202, "所在地": "長野県松本市桐２－１－２３", "緯度": 36.251988, "経度": 137.976661, "url": "https://www.iryou.teikyouseido.mhlw.go.jp/znk-web/juminkanja/S2430/initialize?prefCd=20&kikanCd=7200906290&kikanKbn=5", "url2": null, "内容": "白寿堂カシワ薬局【5:薬局】長野県松本市桐２－１－２３" }, "geometry": { "type": "Point", "coordinates": [ 137.976661, 36.251988 ] } },
{ "type": "Feature", "properties": { "ID": 2057200907810, "正式名称": "一般社団法人　松本薬剤師会　会営村井薬局", "機関区分": 5, "都道府県コード": 20, "市区町村コード": 202, "所在地": "長野県松本市村井町南４－２－１０", "緯度": 36.174219, "経度": 137.962777, "url": "https://www.iryou.teikyouseido.mhlw.go.jp/znk-web/juminkanja/S2430/initialize?prefCd=20&kikanCd=7200907810&kikanKbn=5", "url2": "http://www.matuyaku.or.jp/murai/index.html", "内容": "一般社団法人　松本薬剤師会　会営村井薬局【5:薬局】長野県松本市村井町南４－２－１０" }, "geometry": { "type": "Point", "coordinates": [ 137.962777, 36.174219 ] } },
{ "type": "Feature", "properties": { "ID": 2057200910090, "正式名称": "有限会社　マスタヤ薬局", "機関区分": 5, "都道府県コード": 20, "市区町村コード": 202, "所在地": "長野県松本市浅間温泉２－４－１４", "緯度": 36.261876, "経度": 137.986854, "url": "https://www.iryou.teikyouseido.mhlw.go.jp/znk-web/juminkanja/S2430/initialize?prefCd=20&kikanCd=7200910090&kikanKbn=5", "url2": "http://www.matuyaku.or.jp/ph_info/masutaya.html", "内容": "有限会社　マスタヤ薬局【5:薬局】長野県松本市浅間温泉２－４－１４" }, "geometry": { "type": "Point", "coordinates": [ 137.986854, 36.261876 ] } },
{ "type": "Feature", "properties": { "ID": 2057200910450, "正式名称": "有限会社　堀内薬局", "機関区分": 5, "都道府県コード": 20, "市区町村コード": 202, "所在地": "長野県松本市北深志３－３－１６", "緯度": 36.246156, "経度": 137.974023, "url": "https://www.iryou.teikyouseido.mhlw.go.jp/znk-web/juminkanja/S2430/initialize?prefCd=20&kikanCd=7200910450&kikanKbn=5", "url2": null, "内容": "有限会社　堀内薬局【5:薬局】長野県松本市北深志３－３－１６" }, "geometry": { "type": "Point", "coordinates": [ 137.974023, 36.246156 ] } },
{ "type": "Feature", "properties": { "ID": 2057200910810, "正式名称": "株式会社小池薬局", "機関区分": 5, "都道府県コード": 20, "市区町村コード": 202, "所在地": "長野県松本市中央３丁目４番１０号", "緯度": 36.232629, "経度": 137.966246, "url": "https://www.iryou.teikyouseido.mhlw.go.jp/znk-web/juminkanja/S2430/initialize?prefCd=20&kikanCd=7200910810&kikanKbn=5", "url2": null, "内容": "株式会社小池薬局【5:薬局】長野県松本市中央３丁目４番１０号" }, "geometry": { "type": "Point", "coordinates": [ 137.966246, 36.232629 ] } },
{ "type": "Feature", "properties": { "ID": 2057200911250, "正式名称": "パルク相談薬局", "機関区分": 5, "都道府県コード": 20, "市区町村コード": 202, "所在地": "長野県松本市南浅間６４５－４９", "緯度": 36.254544, "経度": 137.983411, "url": "https://www.iryou.teikyouseido.mhlw.go.jp/znk-web/juminkanja/S2430/initialize?prefCd=20&kikanCd=7200911250&kikanKbn=5", "url2": null, "内容": "パルク相談薬局【5:薬局】長野県松本市南浅間６４５－４９" }, "geometry": { "type": "Point", "coordinates": [ 137.983411, 36.254544 ] } },
{ "type": "Feature", "properties": { "ID": 2057200911610, "正式名称": "アリガサキ薬局", "機関区分": 5, "都道府県コード": 20, "市区町村コード": 202, "所在地": "長野県松本市蟻ケ崎２－２－１４", "緯度": 36.242045, "経度": 137.966052, "url": "https://www.iryou.teikyouseido.mhlw.go.jp/znk-web/juminkanja/S2430/initialize?prefCd=20&kikanCd=7200911610&kikanKbn=5", "url2": null, "内容": "アリガサキ薬局【5:薬局】長野県松本市蟻ケ崎２－２－１４" }, "geometry": { "type": "Point", "coordinates": [ 137.966052, 36.242045 ] } },
{ "type": "Feature", "properties": { "ID": 2057200912410, "正式名称": "しらかば薬局", "機関区分": 5, "都道府県コード": 20, "市区町村コード": 202, "所在地": "長野県松本市今井３２５７－５", "緯度": 36.160108, "経度": 137.917059, "url": "https://www.iryou.teikyouseido.mhlw.go.jp/znk-web/juminkanja/S2430/initialize?prefCd=20&kikanCd=7200912410&kikanKbn=5", "url2": null, "内容": "しらかば薬局【5:薬局】長野県松本市今井３２５７－５" }, "geometry": { "type": "Point", "coordinates": [ 137.917059, 36.160108 ] } },
{ "type": "Feature", "properties": { "ID": 2057200913400, "正式名称": "平林薬局", "機関区分": 5, "都道府県コード": 20, "市区町村コード": 202, "所在地": "長野県松本市松原１６―２５", "緯度": 36.179061, "経度": 137.988456, "url": "https://www.iryou.teikyouseido.mhlw.go.jp/znk-web/juminkanja/S2430/initialize?prefCd=20&kikanCd=7200913400&kikanKbn=5", "url2": null, "内容": "平林薬局【5:薬局】長野県松本市松原１６―２５" }, "geometry": { "type": "Point", "coordinates": [ 137.988456, 36.179061 ] } },
{ "type": "Feature", "properties": { "ID": 2057200915550, "正式名称": "くすりの志水", "機関区分": 5, "都道府県コード": 20, "市区町村コード": 215, "所在地": "長野県塩尻市宗賀７１­ー６８８", "緯度": 36.11442, "経度": 137.943114, "url": "https://www.iryou.teikyouseido.mhlw.go.jp/znk-web/juminkanja/S2430/initialize?prefCd=20&kikanCd=7200915550&kikanKbn=5", "url2": "https://www.shimizu-yakyoku.com", "内容": "くすりの志水【5:薬局】長野県塩尻市宗賀７１­ー６８８" }, "geometry": { "type": "Point", "coordinates": [ 137.943114, 36.11442 ] } },
{ "type": "Feature", "properties": { "ID": 2057200915910, "正式名称": "有限会社　小松薬局", "機関区分": 5, "都道府県コード": 20, "市区町村コード": 215, "所在地": "長野県塩尻市大門１－７－１", "緯度": 36.111254, "経度": 137.952891, "url": "https://www.iryou.teikyouseido.mhlw.go.jp/znk-web/juminkanja/S2430/initialize?prefCd=20&kikanCd=7200915910&kikanKbn=5", "url2": null, "内容": "有限会社　小松薬局【5:薬局】長野県塩尻市大門１－７－１" }, "geometry": { "type": "Point", "coordinates": [ 137.952891, 36.111254 ] } },
{ "type": "Feature", "properties": { "ID": 2057200916620, "正式名称": "小口薬局", "機関区分": 5, "都道府県コード": 20, "市区町村コード": 215, "所在地": "長野県塩尻市塩尻町３７９－１", "緯度": 36.104894, "経度": 137.972112, "url": "https://www.iryou.teikyouseido.mhlw.go.jp/znk-web/juminkanja/S2430/initialize?prefCd=20&kikanCd=7200916620&kikanKbn=5", "url2": null, "内容": "小口薬局【5:薬局】長野県塩尻市塩尻町３７９－１" }, "geometry": { "type": "Point", "coordinates": [ 137.972112, 36.104894 ] } },
{ "type": "Feature", "properties": { "ID": 2057200916710, "正式名称": "たかみや惠深堂薬局", "機関区分": 5, "都道府県コード": 20, "市区町村コード": 202, "所在地": "長野県松本市中央１－２６－１　畠山ビル１階", "緯度": 36.234073, "経度": 137.964663, "url": "https://www.iryou.teikyouseido.mhlw.go.jp/znk-web/juminkanja/S2430/initialize?prefCd=20&kikanCd=7200916710&kikanKbn=5", "url2": "http://www.keishindo.net", "内容": "たかみや惠深堂薬局【5:薬局】長野県松本市中央１－２６－１　畠山ビル１階" }, "geometry": { "type": "Point", "coordinates": [ 137.964663, 36.234073 ] } },
{ "type": "Feature", "properties": { "ID": 2057200917510, "正式名称": "有限会社　由比ケ浜薬局", "機関区分": 5, "都道府県コード": 20, "市区町村コード": 202, "所在地": "長野県松本市岡田松岡１８０－１", "緯度": 36.262709, "経度": 137.976161, "url": "https://www.iryou.teikyouseido.mhlw.go.jp/znk-web/juminkanja/S2430/initialize?prefCd=20&kikanCd=7200917510&kikanKbn=5", "url2": "https://yuigahama.co.jp/", "内容": "有限会社　由比ケ浜薬局【5:薬局】長野県松本市岡田松岡１８０－１" }, "geometry": { "type": "Point", "coordinates": [ 137.976161, 36.262709 ] } },
{ "type": "Feature", "properties": { "ID": 2057200917610, "正式名称": "太田薬局", "機関区分": 5, "都道府県コード": 20, "市区町村コード": 202, "所在地": "長野県松本市高宮南９－９", "緯度": 36.208854, "経度": 137.956859, "url": "https://www.iryou.teikyouseido.mhlw.go.jp/znk-web/juminkanja/S2430/initialize?prefCd=20&kikanCd=7200917610&kikanKbn=5", "url2": null, "内容": "太田薬局【5:薬局】長野県松本市高宮南９－９" }, "geometry": { "type": "Point", "coordinates": [ 137.956859, 36.208854 ] } },
{ "type": "Feature", "properties": { "ID": 2057200917700, "正式名称": "長野県薬剤師会会営薬局", "機関区分": 5, "都道府県コード": 20, "市区町村コード": 202, "所在地": "長野県松本市旭２－１１－２０", "緯度": 36.248322, "経度": 137.976856, "url": "https://www.iryou.teikyouseido.mhlw.go.jp/znk-web/juminkanja/S2430/initialize?prefCd=20&kikanCd=7200917700&kikanKbn=5", "url2": "http://www.matuyaku.or.jp/2newkaiin/ph-info/A01kenkaiei.html", "内容": "長野県薬剤師会会営薬局【5:薬局】長野県松本市旭２－１１－２０" }, "geometry": { "type": "Point", "coordinates": [ 137.976856, 36.248322 ] } },
{ "type": "Feature", "properties": { "ID": 2057200918040, "正式名称": "有限会社フジハラ薬局", "機関区分": 5, "都道府県コード": 20, "市区町村コード": 202, "所在地": "長野県松本市並柳１－１０－１３", "緯度": 36.212104, "経度": 137.979385, "url": "https://www.iryou.teikyouseido.mhlw.go.jp/znk-web/juminkanja/S2430/initialize?prefCd=20&kikanCd=7200918040&kikanKbn=5", "url2": null, "内容": "有限会社フジハラ薬局【5:薬局】長野県松本市並柳１－１０－１３" }, "geometry": { "type": "Point", "coordinates": [ 137.979385, 36.212104 ] } },
{ "type": "Feature", "properties": { "ID": 2057200918130, "正式名称": "有限会社　ニコニコ薬局", "機関区分": 5, "都道府県コード": 20, "市区町村コード": 202, "所在地": "長野県松本市本庄２丁目１１－１", "緯度": 36.227324, "経度": 137.974607, "url": "https://www.iryou.teikyouseido.mhlw.go.jp/znk-web/juminkanja/S2430/initialize?prefCd=20&kikanCd=7200918130&kikanKbn=5", "url2": "http://www.e-classa.net/niko-nikop/", "内容": "有限会社　ニコニコ薬局【5:薬局】長野県松本市本庄２丁目１１－１" }, "geometry": { "type": "Point", "coordinates": [ 137.974607, 36.227324 ] } },
{ "type": "Feature", "properties": { "ID": 2057200918780, "正式名称": "いろは堂　薬局", "機関区分": 5, "都道府県コード": 20, "市区町村コード": 215, "所在地": "長野県塩尻市大門七番町－１１－１４", "緯度": 36.11517, "経度": 137.949252, "url": "https://www.iryou.teikyouseido.mhlw.go.jp/znk-web/juminkanja/S2430/initialize?prefCd=20&kikanCd=7200918780&kikanKbn=5", "url2": null, "内容": "いろは堂　薬局【5:薬局】長野県塩尻市大門七番町－１１－１４" }, "geometry": { "type": "Point", "coordinates": [ 137.949252, 36.11517 ] } },
{ "type": "Feature", "properties": { "ID": 2057200919210, "正式名称": "株式会社　田多井薬局", "機関区分": 5, "都道府県コード": 20, "市区町村コード": 202, "所在地": "長野県松本市中央１－１９－１８", "緯度": 36.233296, "経度": 137.966774, "url": "https://www.iryou.teikyouseido.mhlw.go.jp/znk-web/juminkanja/S2430/initialize?prefCd=20&kikanCd=7200919210&kikanKbn=5", "url2": "https://www.mcci.or.jp/www/tatai-pmc/", "内容": "株式会社　田多井薬局【5:薬局】長野県松本市中央１－１９－１８" }, "geometry": { "type": "Point", "coordinates": [ 137.966774, 36.233296 ] } },
{ "type": "Feature", "properties": { "ID": 2057200919490, "正式名称": "スズラン薬局", "機関区分": 5, "都道府県コード": 20, "市区町村コード": 202, "所在地": "長野県松本市埋橋２丁目３番６号", "緯度": 36.230935, "経度": 137.981467, "url": "https://www.iryou.teikyouseido.mhlw.go.jp/znk-web/juminkanja/S2430/initialize?prefCd=20&kikanCd=7200919490&kikanKbn=5", "url2": "http://www.mcci.or.jp/www/suzuranp", "内容": "スズラン薬局【5:薬局】長野県松本市埋橋２丁目３番６号" }, "geometry": { "type": "Point", "coordinates": [ 137.981467, 36.230935 ] } },
{ "type": "Feature", "properties": { "ID": 2057200920330, "正式名称": "株式会社日医調剤　波田薬局", "機関区分": 5, "都道府県コード": 20, "市区町村コード": 202, "所在地": "長野県松本市波田４４１７－１２９", "緯度": 36.198951, "経度": 137.855831, "url": "https://www.iryou.teikyouseido.mhlw.go.jp/znk-web/juminkanja/S2430/initialize?prefCd=20&kikanCd=7200920330&kikanKbn=5", "url2": "http://www.nichiiko-yamanashi.co.jp/", "内容": "株式会社日医調剤　波田薬局【5:薬局】長野県松本市波田４４１７－１２９" }, "geometry": { "type": "Point", "coordinates": [ 137.855831, 36.198951 ] } },
{ "type": "Feature", "properties": { "ID": 2057200921310, "正式名称": "株式会社日医調剤　森口薬局", "機関区分": 5, "都道府県コード": 20, "市区町村コード": 202, "所在地": "長野県松本市波田　９８８０－５", "緯度": 36.207963, "経度": 137.879227, "url": "https://www.iryou.teikyouseido.mhlw.go.jp/znk-web/juminkanja/S2430/initialize?prefCd=20&kikanCd=7200921310&kikanKbn=5", "url2": "http://www.nichiiko-yamanashi.co.jp/", "内容": "株式会社日医調剤　森口薬局【5:薬局】長野県松本市波田　９８８０－５" }, "geometry": { "type": "Point", "coordinates": [ 137.879227, 36.207963 ] } },
{ "type": "Feature", "properties": { "ID": 2057200921410, "正式名称": "こみや田多井薬局", "機関区分": 5, "都道府県コード": 20, "市区町村コード": 202, "所在地": "長野県松本市島内４５６－８", "緯度": 36.236294, "経度": 137.925389, "url": "https://www.iryou.teikyouseido.mhlw.go.jp/znk-web/juminkanja/S2430/initialize?prefCd=20&kikanCd=7200921410&kikanKbn=5", "url2": "https://www.mcci.or.jp/www/tatai-pmc/", "内容": "こみや田多井薬局【5:薬局】長野県松本市島内４５６－８" }, "geometry": { "type": "Point", "coordinates": [ 137.925389, 36.236294 ] } },
{ "type": "Feature", "properties": { "ID": 2057200921780, "正式名称": "マトバ薬局", "機関区分": 5, "都道府県コード": 20, "市区町村コード": 202, "所在地": "長野県松本市女鳥羽１－８－２１", "緯度": 36.238795, "経度": 137.976329, "url": "https://www.iryou.teikyouseido.mhlw.go.jp/znk-web/juminkanja/S2430/initialize?prefCd=20&kikanCd=7200921780&kikanKbn=5", "url2": null, "内容": "マトバ薬局【5:薬局】長野県松本市女鳥羽１－８－２１" }, "geometry": { "type": "Point", "coordinates": [ 137.976329, 36.238795 ] } },
{ "type": "Feature", "properties": { "ID": 2057200922110, "正式名称": "サカキタ薬局", "機関区分": 5, "都道府県コード": 20, "市区町村コード": 452, "所在地": "長野県東筑摩郡筑北村坂北２２２３‐１", "緯度": 36.424942, "経度": 138.013179, "url": "https://www.iryou.teikyouseido.mhlw.go.jp/znk-web/juminkanja/S2430/initialize?prefCd=20&kikanCd=7200922110&kikanKbn=5", "url2": null, "内容": "サカキタ薬局【5:薬局】長野県東筑摩郡筑北村坂北２２２３‐１" }, "geometry": { "type": "Point", "coordinates": [ 138.013179, 36.424942 ] } },
{ "type": "Feature", "properties": { "ID": 2057200922300, "正式名称": "新村薬局", "機関区分": 5, "都道府県コード": 20, "市区町村コード": 202, "所在地": "長野県松本市新村１７０３－３", "緯度": 36.221601, "経度": 137.900697, "url": "https://www.iryou.teikyouseido.mhlw.go.jp/znk-web/juminkanja/S2430/initialize?prefCd=20&kikanCd=7200922300&kikanKbn=5", "url2": "http://www.himawari-k.co.jp", "内容": "新村薬局【5:薬局】長野県松本市新村１７０３－３" }, "geometry": { "type": "Point", "coordinates": [ 137.900697, 36.221601 ] } },
{ "type": "Feature", "properties": { "ID": 2057200922670, "正式名称": "松本調剤薬局", "機関区分": 5, "都道府県コード": 20, "市区町村コード": 202, "所在地": "長野県松本市石芝３－５－１", "緯度": 36.204576, "経度": 137.95211, "url": "https://www.iryou.teikyouseido.mhlw.go.jp/znk-web/juminkanja/S2430/initialize?prefCd=20&kikanCd=7200922670&kikanKbn=5", "url2": null, "内容": "松本調剤薬局【5:薬局】長野県松本市石芝３－５－１" }, "geometry": { "type": "Point", "coordinates": [ 137.95211, 36.204576 ] } },
{ "type": "Feature", "properties": { "ID": 2057200923290, "正式名称": "しらかばのみち薬局", "機関区分": 5, "都道府県コード": 20, "市区町村コード": 215, "所在地": "長野県塩尻市大門七番町４－１６", "緯度": 36.116337, "経度": 137.952447, "url": "https://www.iryou.teikyouseido.mhlw.go.jp/znk-web/juminkanja/S2430/initialize?prefCd=20&kikanCd=7200923290&kikanKbn=5", "url2": "http://nagano-pharmacy.com/", "内容": "しらかばのみち薬局【5:薬局】長野県塩尻市大門七番町４－１６" }, "geometry": { "type": "Point", "coordinates": [ 137.952447, 36.116337 ] } },
{ "type": "Feature", "properties": { "ID": 2057200923650, "正式名称": "さくら薬局", "機関区分": 5, "都道府県コード": 20, "市区町村コード": 202, "所在地": "長野県松本市笹賀４３１５－４", "緯度": 36.180523, "経度": 137.93339, "url": "https://www.iryou.teikyouseido.mhlw.go.jp/znk-web/juminkanja/S2430/initialize?prefCd=20&kikanCd=7200923650&kikanKbn=5", "url2": null, "内容": "さくら薬局【5:薬局】長野県松本市笹賀４３１５－４" }, "geometry": { "type": "Point", "coordinates": [ 137.93339, 36.180523 ] } },
{ "type": "Feature", "properties": { "ID": 2057200924450, "正式名称": "二子薬局", "機関区分": 5, "都道府県コード": 20, "市区町村コード": 202, "所在地": "長野県松本市笹賀５５４０－１", "緯度": 36.198397, "経度": 137.941028, "url": "https://www.iryou.teikyouseido.mhlw.go.jp/znk-web/juminkanja/S2430/initialize?prefCd=20&kikanCd=7200924450&kikanKbn=5", "url2": "http://www.himawari-k.co.jp/", "内容": "二子薬局【5:薬局】長野県松本市笹賀５５４０－１" }, "geometry": { "type": "Point", "coordinates": [ 137.941028, 36.198397 ] } },
{ "type": "Feature", "properties": { "ID": 2057200925520, "正式名称": "上條薬局", "機関区分": 5, "都道府県コード": 20, "市区町村コード": 215, "所在地": "長野県塩尻市大門並木町１－２", "緯度": 36.116975, "経度": 137.95253, "url": "https://www.iryou.teikyouseido.mhlw.go.jp/znk-web/juminkanja/S2430/initialize?prefCd=20&kikanCd=7200925520&kikanKbn=5", "url2": null, "内容": "上條薬局【5:薬局】長野県塩尻市大門並木町１－２" }, "geometry": { "type": "Point", "coordinates": [ 137.95253, 36.116975 ] } },
{ "type": "Feature", "properties": { "ID": 2057200926320, "正式名称": "薬局　マツモトキヨシそうざ店", "機関区分": 5, "都道府県コード": 20, "市区町村コード": 202, "所在地": "長野県松本市惣社５１４－１１", "緯度": 36.237851, "経度": 137.989827, "url": "https://www.iryou.teikyouseido.mhlw.go.jp/znk-web/juminkanja/S2430/initialize?prefCd=20&kikanCd=7200926320&kikanKbn=5", "url2": "https://www.matsukiyococokara.com", "内容": "薬局　マツモトキヨシそうざ店【5:薬局】長野県松本市惣社５１４－１１" }, "geometry": { "type": "Point", "coordinates": [ 137.989827, 36.237851 ] } },
{ "type": "Feature", "properties": { "ID": 2057200926410, "正式名称": "塩原薬局", "機関区分": 5, "都道府県コード": 20, "市区町村コード": 202, "所在地": "長野県松本市波田５４４５－４", "緯度": 36.201781, "経度": 137.856485, "url": "https://www.iryou.teikyouseido.mhlw.go.jp/znk-web/juminkanja/S2430/initialize?prefCd=20&kikanCd=7200926410&kikanKbn=5", "url2": null, "内容": "塩原薬局【5:薬局】長野県松本市波田５４４５－４" }, "geometry": { "type": "Point", "coordinates": [ 137.856485, 36.201781 ] } },
{ "type": "Feature", "properties": { "ID": 2057200927590, "正式名称": "大手コトブキ薬局", "機関区分": 5, "都道府県コード": 20, "市区町村コード": 202, "所在地": "長野県松本市大手５－７－１０", "緯度": 36.237462, "経度": 137.976468, "url": "https://www.iryou.teikyouseido.mhlw.go.jp/znk-web/juminkanja/S2430/initialize?prefCd=20&kikanCd=7200927590&kikanKbn=5", "url2": "http://www.e-classa.net/ootekotobuki", "内容": "大手コトブキ薬局【5:薬局】長野県松本市大手５－７－１０" }, "geometry": { "type": "Point", "coordinates": [ 137.976468, 36.237462 ] } },
{ "type": "Feature", "properties": { "ID": 2057200928010, "正式名称": "ほたる薬局", "機関区分": 5, "都道府県コード": 20, "市区町村コード": 202, "所在地": "長野県松本市島立１８４－２４", "緯度": 36.229018, "経度": 137.944276, "url": "https://www.iryou.teikyouseido.mhlw.go.jp/znk-web/juminkanja/S2430/initialize?prefCd=20&kikanCd=7200928010&kikanKbn=5", "url2": null, "内容": "ほたる薬局【5:薬局】長野県松本市島立１８４－２４" }, "geometry": { "type": "Point", "coordinates": [ 137.944276, 36.229018 ] } },
{ "type": "Feature", "properties": { "ID": 2057200928110, "正式名称": "加賀美薬局", "機関区分": 5, "都道府県コード": 20, "市区町村コード": 202, "所在地": "長野県松本市村井町南１ー３６ー１３", "緯度": 36.180135, "経度": 137.959471, "url": "https://www.iryou.teikyouseido.mhlw.go.jp/znk-web/juminkanja/S2430/initialize?prefCd=20&kikanCd=7200928110&kikanKbn=5", "url2": "http://www.e-classa.net/kagami/", "内容": "加賀美薬局【5:薬局】長野県松本市村井町南１ー３６ー１３" }, "geometry": { "type": "Point", "coordinates": [ 137.959471, 36.180135 ] } },
{ "type": "Feature", "properties": { "ID": 2057200928200, "正式名称": "つくし薬局", "機関区分": 5, "都道府県コード": 20, "市区町村コード": 202, "所在地": "長野県松本市桐２－５－２", "緯度": 36.253766, "経度": 137.971662, "url": "https://www.iryou.teikyouseido.mhlw.go.jp/znk-web/juminkanja/S2430/initialize?prefCd=20&kikanCd=7200928200&kikanKbn=5", "url2": "https://www.tsukuship2005.jp/", "内容": "つくし薬局【5:薬局】長野県松本市桐２－５－２" }, "geometry": { "type": "Point", "coordinates": [ 137.971662, 36.253766 ] } },
{ "type": "Feature", "properties": { "ID": 2057200929000, "正式名称": "ききょう薬局", "機関区分": 5, "都道府県コード": 20, "市区町村コード": 215, "所在地": "長野県塩尻市宗賀１２９５－４", "緯度": 36.111094, "経度": 137.933011, "url": "https://www.iryou.teikyouseido.mhlw.go.jp/znk-web/juminkanja/S2430/initialize?prefCd=20&kikanCd=7200929000&kikanKbn=5", "url2": "http://www.himawari-k.co.jp/", "内容": "ききょう薬局【5:薬局】長野県塩尻市宗賀１２９５－４" }, "geometry": { "type": "Point", "coordinates": [ 137.933011, 36.111094 ] } },
{ "type": "Feature", "properties": { "ID": 2057200929190, "正式名称": "有限会社クリーンファーマシー並柳クリーン薬局", "機関区分": 5, "都道府県コード": 20, "市区町村コード": 202, "所在地": "長野県松本市並柳１－２６－１４", "緯度": 36.209493, "経度": 137.979246, "url": "https://www.iryou.teikyouseido.mhlw.go.jp/znk-web/juminkanja/S2430/initialize?prefCd=20&kikanCd=7200929190&kikanKbn=5", "url2": "http://www.apx.co.jp", "内容": "有限会社クリーンファーマシー並柳クリーン薬局【5:薬局】長野県松本市並柳１－２６－１４" }, "geometry": { "type": "Point", "coordinates": [ 137.979246, 36.209493 ] } },
{ "type": "Feature", "properties": { "ID": 2057200929370, "正式名称": "聖南薬局", "機関区分": 5, "都道府県コード": 20, "市区町村コード": 452, "所在地": "長野県東筑摩郡筑北村西条３９１０", "緯度": 36.405945, "経度": 138.012625, "url": "https://www.iryou.teikyouseido.mhlw.go.jp/znk-web/juminkanja/S2430/initialize?prefCd=20&kikanCd=7200929370&kikanKbn=5", "url2": null, "内容": "聖南薬局【5:薬局】長野県東筑摩郡筑北村西条３９１０" }, "geometry": { "type": "Point", "coordinates": [ 138.012625, 36.405945 ] } },
{ "type": "Feature", "properties": { "ID": 2057200929730, "正式名称": "西村薬局", "機関区分": 5, "都道府県コード": 20, "市区町村コード": 215, "所在地": "長野県塩尻市大門三番町６番９号", "緯度": 36.111754, "経度": 137.958752, "url": "https://www.iryou.teikyouseido.mhlw.go.jp/znk-web/juminkanja/S2430/initialize?prefCd=20&kikanCd=7200929730&kikanKbn=5", "url2": null, "内容": "西村薬局【5:薬局】長野県塩尻市大門三番町６番９号" }, "geometry": { "type": "Point", "coordinates": [ 137.958752, 36.111754 ] } },
{ "type": "Feature", "properties": { "ID": 2057200929820, "正式名称": "古林薬局", "機関区分": 5, "都道府県コード": 20, "市区町村コード": 202, "所在地": "長野県松本市梓川倭５３２－１", "緯度": 36.234127, "経度": 137.890253, "url": "https://www.iryou.teikyouseido.mhlw.go.jp/znk-web/juminkanja/S2430/initialize?prefCd=20&kikanCd=7200929820&kikanKbn=5", "url2": null, "内容": "古林薬局【5:薬局】長野県松本市梓川倭５３２－１" }, "geometry": { "type": "Point", "coordinates": [ 137.890253, 36.234127 ] } },
{ "type": "Feature", "properties": { "ID": 2057200930030, "正式名称": "ドレミ薬局", "機関区分": 5, "都道府県コード": 20, "市区町村コード": 202, "所在地": "長野県松本市寿南１－２３－１２", "緯度": 36.177635, "経度": 137.967915, "url": "https://www.iryou.teikyouseido.mhlw.go.jp/znk-web/juminkanja/S2430/initialize?prefCd=20&kikanCd=7200930030&kikanKbn=5", "url2": null, "内容": "ドレミ薬局【5:薬局】長野県松本市寿南１－２３－１２" }, "geometry": { "type": "Point", "coordinates": [ 137.967915, 36.177635 ] } },
{ "type": "Feature", "properties": { "ID": 2057200930770, "正式名称": "豊丘薬局", "機関区分": 5, "都道府県コード": 20, "市区町村コード": 202, "所在地": "長野県松本市寿豊丘１５１９－５", "緯度": 36.182242, "経度": 137.985633, "url": "https://www.iryou.teikyouseido.mhlw.go.jp/znk-web/juminkanja/S2430/initialize?prefCd=20&kikanCd=7200930770&kikanKbn=5", "url2": "http://www.himawari-k.co.jp/", "内容": "豊丘薬局【5:薬局】長野県松本市寿豊丘１５１９－５" }, "geometry": { "type": "Point", "coordinates": [ 137.985633, 36.182242 ] } },
{ "type": "Feature", "properties": { "ID": 2057200930860, "正式名称": "みやざき薬局", "機関区分": 5, "都道府県コード": 20, "市区町村コード": 202, "所在地": "長野県松本市寿中１－８－１６", "緯度": 36.187968, "経度": 137.969859, "url": "https://www.iryou.teikyouseido.mhlw.go.jp/znk-web/juminkanja/S2430/initialize?prefCd=20&kikanCd=7200930860&kikanKbn=5", "url2": null, "内容": "みやざき薬局【5:薬局】長野県松本市寿中１－８－１６" }, "geometry": { "type": "Point", "coordinates": [ 137.969859, 36.187968 ] } },
{ "type": "Feature", "properties": { "ID": 2057200931010, "正式名称": "株式会社ナベリン・ファーマシー", "機関区分": 5, "都道府県コード": 20, "市区町村コード": 202, "所在地": "長野県松本市中央３－６－２１", "緯度": 36.232609, "経度": 137.973118, "url": "https://www.iryou.teikyouseido.mhlw.go.jp/znk-web/juminkanja/S2430/initialize?prefCd=20&kikanCd=7200931010&kikanKbn=5", "url2": "http://www.mcci.or.jp/www/n-pharmacy", "内容": "株式会社ナベリン・ファーマシー【5:薬局】長野県松本市中央３－６－２１" }, "geometry": { "type": "Point", "coordinates": [ 137.973118, 36.232609 ] } },
{ "type": "Feature", "properties": { "ID": 2057200931200, "正式名称": "上杉薬品株式会社薬局", "機関区分": 5, "都道府県コード": 20, "市区町村コード": 202, "所在地": "長野県松本市沢村３－１－５", "緯度": 36.252627, "経度": 137.966662, "url": "https://www.iryou.teikyouseido.mhlw.go.jp/znk-web/juminkanja/S2430/initialize?prefCd=20&kikanCd=7200931200&kikanKbn=5", "url2": null, "内容": "上杉薬品株式会社薬局【5:薬局】長野県松本市沢村３－１－５" }, "geometry": { "type": "Point", "coordinates": [ 137.966662, 36.252627 ] } },
{ "type": "Feature", "properties": { "ID": 2057200931390, "正式名称": "庄内　とをしや薬局", "機関区分": 5, "都道府県コード": 20, "市区町村コード": 202, "所在地": "長野県松本市出川１－１４－１", "緯度": 36.218659, "経度": 137.976385, "url": "https://www.iryou.teikyouseido.mhlw.go.jp/znk-web/juminkanja/S2430/initialize?prefCd=20&kikanCd=7200931390&kikanKbn=5", "url2": "http://www.towoshiya.co.jp/reg40:html", "内容": "庄内　とをしや薬局【5:薬局】長野県松本市出川１－１４－１" }, "geometry": { "type": "Point", "coordinates": [ 137.976385, 36.218659 ] } },
{ "type": "Feature", "properties": { "ID": 2057200931480, "正式名称": "こまつ薬局", "機関区分": 5, "都道府県コード": 20, "市区町村コード": 202, "所在地": "長野県松本市渚１－７－３８　フィオーレ渚１階", "緯度": 36.23469, "経度": 137.954562, "url": "https://www.iryou.teikyouseido.mhlw.go.jp/znk-web/juminkanja/S2430/initialize?prefCd=20&kikanCd=7200931480&kikanKbn=5", "url2": "https://dpc-net.ne.jp/storeinfo/nagano/nagano-komatsu/", "内容": "こまつ薬局【5:薬局】長野県松本市渚１－７－３８　フィオーレ渚１階" }, "geometry": { "type": "Point", "coordinates": [ 137.954562, 36.23469 ] } },
{ "type": "Feature", "properties": { "ID": 2057200931570, "正式名称": "つばめ薬局", "機関区分": 5, "都道府県コード": 20, "市区町村コード": 202, "所在地": "長野県松本市新村５４０－２", "緯度": 36.217403, "経度": 137.90415, "url": "https://www.iryou.teikyouseido.mhlw.go.jp/znk-web/juminkanja/S2430/initialize?prefCd=20&kikanCd=7200931570&kikanKbn=5", "url2": "http://www.himawari-k.co.jp", "内容": "つばめ薬局【5:薬局】長野県松本市新村５４０－２" }, "geometry": { "type": "Point", "coordinates": [ 137.90415, 36.217403 ] } },
{ "type": "Feature", "properties": { "ID": 2057200931930, "正式名称": "しまだち薬局", "機関区分": 5, "都道府県コード": 20, "市区町村コード": 202, "所在地": "長野県松本市島立１７９７ー７", "緯度": 36.225018, "経度": 137.941804, "url": "https://www.iryou.teikyouseido.mhlw.go.jp/znk-web/juminkanja/S2430/initialize?prefCd=20&kikanCd=7200931930&kikanKbn=5", "url2": "http://www.shimadachipharmacy.jp/", "内容": "しまだち薬局【5:薬局】長野県松本市島立１７９７ー７" }, "geometry": { "type": "Point", "coordinates": [ 137.941804, 36.225018 ] } },
{ "type": "Feature", "properties": { "ID": 2057200932000, "正式名称": "あい薬局", "機関区分": 5, "都道府県コード": 20, "市区町村コード": 215, "所在地": "長野県塩尻市大門桔梗町１２－３", "緯度": 36.118142, "経度": 137.949502, "url": "https://www.iryou.teikyouseido.mhlw.go.jp/znk-web/juminkanja/S2430/initialize?prefCd=20&kikanCd=7200932000&kikanKbn=5", "url2": "http://nagano-pharmacy.com/", "内容": "あい薬局【5:薬局】長野県塩尻市大門桔梗町１２－３" }, "geometry": { "type": "Point", "coordinates": [ 137.949502, 36.118142 ] } },
{ "type": "Feature", "properties": { "ID": 2057200932190, "正式名称": "かえで薬局", "機関区分": 5, "都道府県コード": 20, "市区町村コード": 202, "所在地": "長野県松本市清水１－６－１３", "緯度": 36.236685, "経度": 137.980773, "url": "https://www.iryou.teikyouseido.mhlw.go.jp/znk-web/juminkanja/S2430/initialize?prefCd=20&kikanCd=7200932190&kikanKbn=5", "url2": null, "内容": "かえで薬局【5:薬局】長野県松本市清水１－６－１３" }, "geometry": { "type": "Point", "coordinates": [ 137.980773, 36.236685 ] } },
{ "type": "Feature", "properties": { "ID": 2057200932280, "正式名称": "たんぽぽ薬局", "機関区分": 5, "都道府県コード": 20, "市区町村コード": 202, "所在地": "長野県松本市両島６－３８", "緯度": 36.223685, "経度": 137.953192, "url": "https://www.iryou.teikyouseido.mhlw.go.jp/znk-web/juminkanja/S2430/initialize?prefCd=20&kikanCd=7200932280&kikanKbn=5", "url2": "http://nagano-pharmacy.com/", "内容": "たんぽぽ薬局【5:薬局】長野県松本市両島６－３８" }, "geometry": { "type": "Point", "coordinates": [ 137.953192, 36.223685 ] } },
{ "type": "Feature", "properties": { "ID": 2057200932370, "正式名称": "つきひ薬局", "機関区分": 5, "都道府県コード": 20, "市区町村コード": 202, "所在地": "長野県松本市井川城２－１６－１４", "緯度": 36.21802, "経度": 137.966914, "url": "https://www.iryou.teikyouseido.mhlw.go.jp/znk-web/juminkanja/S2430/initialize?prefCd=20&kikanCd=7200932370&kikanKbn=5", "url2": "http://www.maroon.dti.ne.jp/tsukihi/", "内容": "つきひ薬局【5:薬局】長野県松本市井川城２－１６－１４" }, "geometry": { "type": "Point", "coordinates": [ 137.966914, 36.21802 ] } },
{ "type": "Feature", "properties": { "ID": 2057200932550, "正式名称": "くるみ薬局", "機関区分": 5, "都道府県コード": 20, "市区町村コード": 202, "所在地": "長野県松本市高宮北１０－１", "緯度": 36.216853, "経度": 137.958109, "url": "https://www.iryou.teikyouseido.mhlw.go.jp/znk-web/juminkanja/S2430/initialize?prefCd=20&kikanCd=7200932550&kikanKbn=5", "url2": null, "内容": "くるみ薬局【5:薬局】長野県松本市高宮北１０－１" }, "geometry": { "type": "Point", "coordinates": [ 137.958109, 36.216853 ] } },
{ "type": "Feature", "properties": { "ID": 2057200932640, "正式名称": "西口薬局", "機関区分": 5, "都道府県コード": 20, "市区町村コード": 202, "所在地": "長野県松本市巾上３－５", "緯度": 36.230768, "経度": 137.962497, "url": "https://www.iryou.teikyouseido.mhlw.go.jp/znk-web/juminkanja/S2430/initialize?prefCd=20&kikanCd=7200932640&kikanKbn=5", "url2": "http://www.moriki-group.info/", "内容": "西口薬局【5:薬局】長野県松本市巾上３－５" }, "geometry": { "type": "Point", "coordinates": [ 137.962497, 36.230768 ] } },
{ "type": "Feature", "properties": { "ID": 2057200932730, "正式名称": "渚西口薬局", "機関区分": 5, "都道府県コード": 20, "市区町村コード": 202, "所在地": "長野県松本市渚１－７－５０", "緯度": 36.236434, "経度": 137.95472, "url": "https://www.iryou.teikyouseido.mhlw.go.jp/znk-web/juminkanja/S2430/initialize?prefCd=20&kikanCd=7200932730&kikanKbn=5", "url2": "http://www.moriki-group.info/moriki-groupsearch/2012/08/post-119.php", "内容": "渚西口薬局【5:薬局】長野県松本市渚１－７－５０" }, "geometry": { "type": "Point", "coordinates": [ 137.95472, 36.236434 ] } },
{ "type": "Feature", "properties": { "ID": 2057200932820, "正式名称": "城西西口薬局", "機関区分": 5, "都道府県コード": 20, "市区町村コード": 202, "所在地": "長野県松本市蟻ケ崎１‐１‐１５", "緯度": 36.240128, "経度": 137.962663, "url": "https://www.iryou.teikyouseido.mhlw.go.jp/znk-web/juminkanja/S2430/initialize?prefCd=20&kikanCd=7200932820&kikanKbn=5", "url2": "http://www.moriki-group.info/", "内容": "城西西口薬局【5:薬局】長野県松本市蟻ケ崎１‐１‐１５" }, "geometry": { "type": "Point", "coordinates": [ 137.962663, 36.240128 ] } },
{ "type": "Feature", "properties": { "ID": 2057200932910, "正式名称": "浅間西口薬局", "機関区分": 5, "都道府県コード": 20, "市区町村コード": 202, "所在地": "長野県松本市浅間温泉１－１６－２５", "緯度": 36.258627, "経度": 137.984494, "url": "https://www.iryou.teikyouseido.mhlw.go.jp/znk-web/juminkanja/S2430/initialize?prefCd=20&kikanCd=7200932910&kikanKbn=5", "url2": "http://moriki-group.info/", "内容": "浅間西口薬局【5:薬局】長野県松本市浅間温泉１－１６－２５" }, "geometry": { "type": "Point", "coordinates": [ 137.984494, 36.258627 ] } },
{ "type": "Feature", "properties": { "ID": 2057200933080, "正式名称": "波田西口薬局", "機関区分": 5, "都道府県コード": 20, "市区町村コード": 202, "所在地": "長野県松本市波田４４１７－２８　デリシア波田駅前店内", "緯度": 36.200491, "経度": 137.857285, "url": "https://www.iryou.teikyouseido.mhlw.go.jp/znk-web/juminkanja/S2430/initialize?prefCd=20&kikanCd=7200933080&kikanKbn=5", "url2": "http://moriki-group.info/", "内容": "波田西口薬局【5:薬局】長野県松本市波田４４１７－２８　デリシア波田駅前店内" }, "geometry": { "type": "Point", "coordinates": [ 137.857285, 36.200491 ] } },
{ "type": "Feature", "properties": { "ID": 2057200933170, "正式名称": "梓西口薬局", "機関区分": 5, "都道府県コード": 20, "市区町村コード": 202, "所在地": "長野県松本市梓川梓２３４８－４　ＪＡあづみ梓支所梓店内", "緯度": 36.221767, "経度": 137.864867, "url": "https://www.iryou.teikyouseido.mhlw.go.jp/znk-web/juminkanja/S2430/initialize?prefCd=20&kikanCd=7200933170&kikanKbn=5", "url2": "http://www.moriki-group.info/", "内容": "梓西口薬局【5:薬局】長野県松本市梓川梓２３４８－４　ＪＡあづみ梓支所梓店内" }, "geometry": { "type": "Point", "coordinates": [ 137.864867, 36.221767 ] } },
{ "type": "Feature", "properties": { "ID": 2057200933260, "正式名称": "氷室西口薬局", "機関区分": 5, "都道府県コード": 20, "市区町村コード": 202, "所在地": "長野県松本市梓川倭２６５３－３", "緯度": 36.237349, "経度": 137.896725, "url": "https://www.iryou.teikyouseido.mhlw.go.jp/znk-web/juminkanja/S2430/initialize?prefCd=20&kikanCd=7200933260&kikanKbn=5", "url2": "http://www.moriki-group.info/", "内容": "氷室西口薬局【5:薬局】長野県松本市梓川倭２６５３－３" }, "geometry": { "type": "Point", "coordinates": [ 137.896725, 36.237349 ] } },
{ "type": "Feature", "properties": { "ID": 2057200933350, "正式名称": "ウエルシア薬局　松本高宮西店", "機関区分": 5, "都道府県コード": 20, "市区町村コード": 202, "所在地": "長野県松本市高宮西３－１", "緯度": 36.207073, "経度": 137.954246, "url": "https://www.iryou.teikyouseido.mhlw.go.jp/znk-web/juminkanja/S2430/initialize?prefCd=20&kikanCd=7200933350&kikanKbn=5", "url2": "https://stores.welcia.co.jp/8129D", "内容": "ウエルシア薬局　松本高宮西店【5:薬局】長野県松本市高宮西３－１" }, "geometry": { "type": "Point", "coordinates": [ 137.954246, 36.207073 ] } },
{ "type": "Feature", "properties": { "ID": 2057200933440, "正式名称": "さくら薬局　松本本庄店", "機関区分": 5, "都道府県コード": 20, "市区町村コード": 202, "所在地": "長野県松本市本庄２－６－１２", "緯度": 36.227463, "経度": 137.972996, "url": "https://www.iryou.teikyouseido.mhlw.go.jp/znk-web/juminkanja/S2430/initialize?prefCd=20&kikanCd=7200933440&kikanKbn=5", "url2": "https://www.kraft-net.co.jp/sakura/store/3557/", "内容": "さくら薬局　松本本庄店【5:薬局】長野県松本市本庄２－６－１２" }, "geometry": { "type": "Point", "coordinates": [ 137.972996, 36.227463 ] } },
{ "type": "Feature", "properties": { "ID": 2057200933530, "正式名称": "ミズキ薬局", "機関区分": 5, "都道府県コード": 20, "市区町村コード": 202, "所在地": "長野県松本市村井町南１－３４－１９", "緯度": 36.174886, "経度": 137.95861, "url": "https://www.iryou.teikyouseido.mhlw.go.jp/znk-web/juminkanja/S2430/initialize?prefCd=20&kikanCd=7200933530&kikanKbn=5", "url2": null, "内容": "ミズキ薬局【5:薬局】長野県松本市村井町南１－３４－１９" }, "geometry": { "type": "Point", "coordinates": [ 137.95861, 36.174886 ] } },
{ "type": "Feature", "properties": { "ID": 2057200933810, "正式名称": "りんご薬局", "機関区分": 5, "都道府県コード": 20, "市区町村コード": 202, "所在地": "長野県松本市島内３４２７－１２３", "緯度": 36.236739, "経度": 137.93986, "url": "https://www.iryou.teikyouseido.mhlw.go.jp/znk-web/juminkanja/S2430/initialize?prefCd=20&kikanCd=7200933810&kikanKbn=5", "url2": "https://okusuri-honpo.jp", "内容": "りんご薬局【5:薬局】長野県松本市島内３４２７－１２３" }, "geometry": { "type": "Point", "coordinates": [ 137.93986, 36.236739 ] } },
{ "type": "Feature", "properties": { "ID": 2057200933900, "正式名称": "コスコ薬局　桐店", "機関区分": 5, "都道府県コード": 20, "市区町村コード": 202, "所在地": "長野県松本市桐３ー２－４２", "緯度": 36.255238, "経度": 137.974773, "url": "https://www.iryou.teikyouseido.mhlw.go.jp/znk-web/juminkanja/S2430/initialize?prefCd=20&kikanCd=7200933900&kikanKbn=5", "url2": null, "内容": "コスコ薬局　桐店【5:薬局】長野県松本市桐３ー２－４２" }, "geometry": { "type": "Point", "coordinates": [ 137.974773, 36.255238 ] } },
{ "type": "Feature", "properties": { "ID": 2057200934240, "正式名称": "あづみ野　和厚堂薬局", "機関区分": 5, "都道府県コード": 20, "市区町村コード": 220, "所在地": "長野県安曇野市明科中川手４０１５－１", "緯度": 36.355494, "経度": 137.932182, "url": "https://www.iryou.teikyouseido.mhlw.go.jp/znk-web/juminkanja/S2430/initialize?prefCd=20&kikanCd=7200934240&kikanKbn=5", "url2": null, "内容": "あづみ野　和厚堂薬局【5:薬局】長野県安曇野市明科中川手４０１５－１" }, "geometry": { "type": "Point", "coordinates": [ 137.932182, 36.355494 ] } },
{ "type": "Feature", "properties": { "ID": 2057200934420, "正式名称": "そうごう薬局　豊科店", "機関区分": 5, "都道府県コード": 20, "市区町村コード": 220, "所在地": "長野県安曇野市豊科５７３１－１７", "緯度": 36.303092, "経度": 137.904249, "url": "https://www.iryou.teikyouseido.mhlw.go.jp/znk-web/juminkanja/S2430/initialize?prefCd=20&kikanCd=7200934420&kikanKbn=5", "url2": "http://www.sogo-medical.co.jp", "内容": "そうごう薬局　豊科店【5:薬局】長野県安曇野市豊科５７３１－１７" }, "geometry": { "type": "Point", "coordinates": [ 137.904249, 36.303092 ] } },
{ "type": "Feature", "properties": { "ID": 2057200934610, "正式名称": "たまご薬局", "機関区分": 5, "都道府県コード": 20, "市区町村コード": 202, "所在地": "長野県松本市寿豊丘６４４－６", "緯度": 36.179636, "経度": 137.984913, "url": "https://www.iryou.teikyouseido.mhlw.go.jp/znk-web/juminkanja/S2430/initialize?prefCd=20&kikanCd=7200934610&kikanKbn=5", "url2": null, "内容": "たまご薬局【5:薬局】長野県松本市寿豊丘６４４－６" }, "geometry": { "type": "Point", "coordinates": [ 137.984913, 36.179636 ] } },
{ "type": "Feature", "properties": { "ID": 2057200934700, "正式名称": "島内いぬかい薬局", "機関区分": 5, "都道府県コード": 20, "市区町村コード": 202, "所在地": "長野県松本市島内４５９７－５８", "緯度": 36.248016, "経度": 137.944275, "url": "https://www.iryou.teikyouseido.mhlw.go.jp/znk-web/juminkanja/S2430/initialize?prefCd=20&kikanCd=7200934700&kikanKbn=5", "url2": "http://www.inukaiyakkyoku.jp/", "内容": "島内いぬかい薬局【5:薬局】長野県松本市島内４５９７－５８" }, "geometry": { "type": "Point", "coordinates": [ 137.944275, 36.248016 ] } },
{ "type": "Feature", "properties": { "ID": 2057200934890, "正式名称": "いずみ薬局", "機関区分": 5, "都道府県コード": 20, "市区町村コード": 215, "所在地": "長野県塩尻市大門泉町８－１９", "緯度": 36.117725, "経度": 137.958252, "url": "https://www.iryou.teikyouseido.mhlw.go.jp/znk-web/juminkanja/S2430/initialize?prefCd=20&kikanCd=7200934890&kikanKbn=5", "url2": "http://nagano-pharmacy.com/", "内容": "いずみ薬局【5:薬局】長野県塩尻市大門泉町８－１９" }, "geometry": { "type": "Point", "coordinates": [ 137.958252, 36.117725 ] } },
{ "type": "Feature", "properties": { "ID": 2057200935220, "正式名称": "さくら薬局　長野豊科店", "機関区分": 5, "都道府県コード": 20, "市区町村コード": 220, "所在地": "長野県安曇野市豊科南穂高４９４－８", "緯度": 36.30237, "経度": 137.909276, "url": "https://www.iryou.teikyouseido.mhlw.go.jp/znk-web/juminkanja/S2430/initialize?prefCd=20&kikanCd=7200935220&kikanKbn=5", "url2": "https://www.kraft-net.co.jp/sakura/store/3323/", "内容": "さくら薬局　長野豊科店【5:薬局】長野県安曇野市豊科南穂高４９４－８" }, "geometry": { "type": "Point", "coordinates": [ 137.909276, 36.30237 ] } },
{ "type": "Feature", "properties": { "ID": 2057200935310, "正式名称": "株式会社日医調剤　穂高薬局", "機関区分": 5, "都道府県コード": 20, "市区町村コード": 220, "所在地": "長野県安曇野市穂高７６４", "緯度": 36.323672, "経度": 137.895805, "url": "https://www.iryou.teikyouseido.mhlw.go.jp/znk-web/juminkanja/S2430/initialize?prefCd=20&kikanCd=7200935310&kikanKbn=5", "url2": "http://www.nichiiko-yamanashi.co.jp/", "内容": "株式会社日医調剤　穂高薬局【5:薬局】長野県安曇野市穂高７６４" }, "geometry": { "type": "Point", "coordinates": [ 137.895805, 36.323672 ] } },
{ "type": "Feature", "properties": { "ID": 2057200935500, "正式名称": "日本調剤　松本薬局", "機関区分": 5, "都道府県コード": 20, "市区町村コード": 202, "所在地": "長野県松本市島立２１００ー３", "緯度": 36.229462, "経度": 137.937555, "url": "https://www.iryou.teikyouseido.mhlw.go.jp/znk-web/juminkanja/S2430/initialize?prefCd=20&kikanCd=7200935500&kikanKbn=5", "url2": "https://www.nicho.co.jp/tenpo/matumoto/", "内容": "日本調剤　松本薬局【5:薬局】長野県松本市島立２１００ー３" }, "geometry": { "type": "Point", "coordinates": [ 137.937555, 36.229462 ] } },
{ "type": "Feature", "properties": { "ID": 2057200935780, "正式名称": "みどりヶ丘薬局", "機関区分": 5, "都道府県コード": 20, "市区町村コード": 215, "所在地": "長野県塩尻市広丘郷原１７６４－２６", "緯度": 36.129668, "経度": 137.94578, "url": "https://www.iryou.teikyouseido.mhlw.go.jp/znk-web/juminkanja/S2430/initialize?prefCd=20&kikanCd=7200935780&kikanKbn=5", "url2": "http://nagano-pharmacy.com/", "内容": "みどりヶ丘薬局【5:薬局】長野県塩尻市広丘郷原１７６４－２６" }, "geometry": { "type": "Point", "coordinates": [ 137.94578, 36.129668 ] } },
{ "type": "Feature", "properties": { "ID": 2057200936020, "正式名称": "そうごう薬局　堀金店", "機関区分": 5, "都道府県コード": 20, "市区町村コード": 220, "所在地": "長野県安曇野市堀金烏川５０２７－１", "緯度": 36.300897, "経度": 137.876807, "url": "https://www.iryou.teikyouseido.mhlw.go.jp/znk-web/juminkanja/S2430/initialize?prefCd=20&kikanCd=7200936020&kikanKbn=5", "url2": "https://www.sogo-pharmacy.jp/shop/view/468", "内容": "そうごう薬局　堀金店【5:薬局】長野県安曇野市堀金烏川５０２７－１" }, "geometry": { "type": "Point", "coordinates": [ 137.876807, 36.300897 ] } },
{ "type": "Feature", "properties": { "ID": 2057200936110, "正式名称": "漢方まん寿薬局", "機関区分": 5, "都道府県コード": 20, "市区町村コード": 202, "所在地": "長野県松本市中央１－４－１５　ＩＫビル１Ｆ", "緯度": 36.232629, "経度": 137.966246, "url": "https://www.iryou.teikyouseido.mhlw.go.jp/znk-web/juminkanja/S2430/initialize?prefCd=20&kikanCd=7200936110&kikanKbn=5", "url2": "http://www.kanpo-manju.com", "内容": "漢方まん寿薬局【5:薬局】長野県松本市中央１－４－１５　ＩＫビル１Ｆ" }, "geometry": { "type": "Point", "coordinates": [ 137.966246, 36.232629 ] } },
{ "type": "Feature", "properties": { "ID": 2057200936210, "正式名称": "そうごう薬局　穂高店", "機関区分": 5, "都道府県コード": 20, "市区町村コード": 220, "所在地": "長野県安曇野市穂高柏原１１２２－１０", "緯度": 36.324672, "経度": 137.88275, "url": "https://www.iryou.teikyouseido.mhlw.go.jp/znk-web/juminkanja/S2430/initialize?prefCd=20&kikanCd=7200936210&kikanKbn=5", "url2": "https://www.sogo-medical.co.jp/sp/sogopharmacy/shop/view/475", "内容": "そうごう薬局　穂高店【5:薬局】長野県安曇野市穂高柏原１１２２－１０" }, "geometry": { "type": "Point", "coordinates": [ 137.88275, 36.324672 ] } },
{ "type": "Feature", "properties": { "ID": 2057200936300, "正式名称": "あぜがみ薬局", "機関区分": 5, "都道府県コード": 20, "市区町村コード": 202, "所在地": "長野県松本市石芝３－２－２０", "緯度": 36.20441, "経度": 137.949804, "url": "https://www.iryou.teikyouseido.mhlw.go.jp/znk-web/juminkanja/S2430/initialize?prefCd=20&kikanCd=7200936300&kikanKbn=5", "url2": "http://www.azegami-ph.net", "内容": "あぜがみ薬局【5:薬局】長野県松本市石芝３－２－２０" }, "geometry": { "type": "Point", "coordinates": [ 137.949804, 36.20441 ] } },
{ "type": "Feature", "properties": { "ID": 2057200936490, "正式名称": "あおい薬局", "機関区分": 5, "都道府県コード": 20, "市区町村コード": 202, "所在地": "長野県松本市里山辺１２０９０－２", "緯度": 36.232491, "経度": 137.988078, "url": "https://www.iryou.teikyouseido.mhlw.go.jp/znk-web/juminkanja/S2430/initialize?prefCd=20&kikanCd=7200936490&kikanKbn=5", "url2": null, "内容": "あおい薬局【5:薬局】長野県松本市里山辺１２０９０－２" }, "geometry": { "type": "Point", "coordinates": [ 137.988078, 36.232491 ] } },
{ "type": "Feature", "properties": { "ID": 2057200936580, "正式名称": "寿ヶ丘薬局", "機関区分": 5, "都道府県コード": 20, "市区町村コード": 202, "所在地": "長野県松本市村井町南２－１９－１３", "緯度": 36.174275, "経度": 137.965165, "url": "https://www.iryou.teikyouseido.mhlw.go.jp/znk-web/juminkanja/S2430/initialize?prefCd=20&kikanCd=7200936580&kikanKbn=5", "url2": "https://shinseido-pharmacy.jp/", "内容": "寿ヶ丘薬局【5:薬局】長野県松本市村井町南２－１９－１３" }, "geometry": { "type": "Point", "coordinates": [ 137.965165, 36.174275 ] } },
{ "type": "Feature", "properties": { "ID": 2057200936850, "正式名称": "みるく薬局", "機関区分": 5, "都道府県コード": 20, "市区町村コード": 220, "所在地": "長野県安曇野市豊科４０６－２３", "緯度": 36.271179, "経度": 137.911027, "url": "https://www.iryou.teikyouseido.mhlw.go.jp/znk-web/juminkanja/S2430/initialize?prefCd=20&kikanCd=7200936850&kikanKbn=5", "url2": "https://www.milkpharmacy.com/", "内容": "みるく薬局【5:薬局】長野県安曇野市豊科４０６－２３" }, "geometry": { "type": "Point", "coordinates": [ 137.911027, 36.271179 ] } },
{ "type": "Feature", "properties": { "ID": 2057200936940, "正式名称": "よつば薬局", "機関区分": 5, "都道府県コード": 20, "市区町村コード": 220, "所在地": "長野県安曇野市豊科高家５１０６－２", "緯度": 36.257986, "経度": 137.917638, "url": "https://www.iryou.teikyouseido.mhlw.go.jp/znk-web/juminkanja/S2430/initialize?prefCd=20&kikanCd=7200936940&kikanKbn=5", "url2": "http://www.himawari-k.co.jp/", "内容": "よつば薬局【5:薬局】長野県安曇野市豊科高家５１０６－２" }, "geometry": { "type": "Point", "coordinates": [ 137.917638, 36.257986 ] } },
{ "type": "Feature", "properties": { "ID": 2057200937010, "正式名称": "あらかわ薬局", "機関区分": 5, "都道府県コード": 20, "市区町村コード": 202, "所在地": "長野県松本市寿北６－２８－７", "緯度": 36.19451, "経度": 137.973462, "url": "https://www.iryou.teikyouseido.mhlw.go.jp/znk-web/juminkanja/S2430/initialize?prefCd=20&kikanCd=7200937010&kikanKbn=5", "url2": null, "内容": "あらかわ薬局【5:薬局】長野県松本市寿北６－２８－７" }, "geometry": { "type": "Point", "coordinates": [ 137.973462, 36.19451 ] } },
{ "type": "Feature", "properties": { "ID": 2057200937100, "正式名称": "ことり薬局", "機関区分": 5, "都道府県コード": 20, "市区町村コード": 202, "所在地": "長野県松本市浅間温泉１－２４－８", "緯度": 36.267709, "経度": 137.991743, "url": "https://www.iryou.teikyouseido.mhlw.go.jp/znk-web/juminkanja/S2430/initialize?prefCd=20&kikanCd=7200937100&kikanKbn=5", "url2": "https://okusuri-honpo.jp/", "内容": "ことり薬局【5:薬局】長野県松本市浅間温泉１－２４－８" }, "geometry": { "type": "Point", "coordinates": [ 137.991743, 36.267709 ] } },
{ "type": "Feature", "properties": { "ID": 2057200937560, "正式名称": "ももせ薬局", "機関区分": 5, "都道府県コード": 20, "市区町村コード": 202, "所在地": "長野県松本市中山１０１４－２", "緯度": 36.194301, "経度": 138.006772, "url": "https://www.iryou.teikyouseido.mhlw.go.jp/znk-web/juminkanja/S2430/initialize?prefCd=20&kikanCd=7200937560&kikanKbn=5", "url2": "http://www.mcci.or.jp/www/matuyaku/ph-info/010momose.html", "内容": "ももせ薬局【5:薬局】長野県松本市中山１０１４－２" }, "geometry": { "type": "Point", "coordinates": [ 138.006772, 36.194301 ] } },
{ "type": "Feature", "properties": { "ID": 2057200937650, "正式名称": "おかだの薬局", "機関区分": 5, "都道府県コード": 20, "市区町村コード": 202, "所在地": "長野県松本市岡田松岡１２１－５", "緯度": 36.258932, "経度": 137.975383, "url": "https://www.iryou.teikyouseido.mhlw.go.jp/znk-web/juminkanja/S2430/initialize?prefCd=20&kikanCd=7200937650&kikanKbn=5", "url2": "https://yuigahama.co.jp/company", "内容": "おかだの薬局【5:薬局】長野県松本市岡田松岡１２１－５" }, "geometry": { "type": "Point", "coordinates": [ 137.975383, 36.258932 ] } },
{ "type": "Feature", "properties": { "ID": 2057200937740, "正式名称": "つかま東薬局", "機関区分": 5, "都道府県コード": 20, "市区町村コード": 202, "所在地": "長野県松本市筑摩２－３４－１５", "緯度": 36.222714, "経度": 137.978135, "url": "https://www.iryou.teikyouseido.mhlw.go.jp/znk-web/juminkanja/S2430/initialize?prefCd=20&kikanCd=7200937740&kikanKbn=5", "url2": null, "内容": "つかま東薬局【5:薬局】長野県松本市筑摩２－３４－１５" }, "geometry": { "type": "Point", "coordinates": [ 137.978135, 36.222714 ] } },
{ "type": "Feature", "properties": { "ID": 2057200937830, "正式名称": "株式会社日医調剤　塩尻薬局", "機関区分": 5, "都道府県コード": 20, "市区町村コード": 215, "所在地": "長野県塩尻市広丘吉田５５１－７", "緯度": 36.166192, "経度": 137.947612, "url": "https://www.iryou.teikyouseido.mhlw.go.jp/znk-web/juminkanja/S2430/initialize?prefCd=20&kikanCd=7200937830&kikanKbn=5", "url2": "http://www.nichiiko-yamanashi.co.jp/", "内容": "株式会社日医調剤　塩尻薬局【5:薬局】長野県塩尻市広丘吉田５５１－７" }, "geometry": { "type": "Point", "coordinates": [ 137.947612, 36.166192 ] } },
{ "type": "Feature", "properties": { "ID": 2057200937920, "正式名称": "あい波田薬局", "機関区分": 5, "都道府県コード": 20, "市区町村コード": 202, "所在地": "長野県松本市波田４４１７－１８８", "緯度": 36.199769, "経度": 137.856202, "url": "https://www.iryou.teikyouseido.mhlw.go.jp/znk-web/juminkanja/S2430/initialize?prefCd=20&kikanCd=7200937920&kikanKbn=5", "url2": null, "内容": "あい波田薬局【5:薬局】長野県松本市波田４４１７－１８８" }, "geometry": { "type": "Point", "coordinates": [ 137.856202, 36.199769 ] } },
{ "type": "Feature", "properties": { "ID": 2057200938180, "正式名称": "日本調剤信州薬局", "機関区分": 5, "都道府県コード": 20, "市区町村コード": 202, "所在地": "長野県松本市旭３－２－１", "緯度": 36.252711, "経度": 137.981744, "url": "https://www.iryou.teikyouseido.mhlw.go.jp/znk-web/juminkanja/S2430/initialize?prefCd=20&kikanCd=7200938180&kikanKbn=5", "url2": "http://www.nicho.co.jp/tenpo/sinshuu", "内容": "日本調剤信州薬局【5:薬局】長野県松本市旭３－２－１" }, "geometry": { "type": "Point", "coordinates": [ 137.981744, 36.252711 ] } },
{ "type": "Feature", "properties": { "ID": 2057200938360, "正式名称": "ほていや田中薬局", "機関区分": 5, "都道府県コード": 20, "市区町村コード": 202, "所在地": "長野県松本市北深志２－３－３０", "緯度": 36.245183, "経度": 137.973745, "url": "https://www.iryou.teikyouseido.mhlw.go.jp/znk-web/juminkanja/S2430/initialize?prefCd=20&kikanCd=7200938360&kikanKbn=5", "url2": null, "内容": "ほていや田中薬局【5:薬局】長野県松本市北深志２－３－３０" }, "geometry": { "type": "Point", "coordinates": [ 137.973745, 36.245183 ] } },
{ "type": "Feature", "properties": { "ID": 2057200938540, "正式名称": "ウエルシア薬局　安曇野インター店", "機関区分": 5, "都道府県コード": 20, "市区町村コード": 220, "所在地": "長野県安曇野市豊科田沢６９５９－１０", "緯度": 36.300481, "経度": 137.928608, "url": "https://www.iryou.teikyouseido.mhlw.go.jp/znk-web/juminkanja/S2430/initialize?prefCd=20&kikanCd=7200938540&kikanKbn=5", "url2": "http://www.welcia-yakkyoku.co.jp/stores/stores/detail/6312", "内容": "ウエルシア薬局　安曇野インター店【5:薬局】長野県安曇野市豊科田沢６９５９－１０" }, "geometry": { "type": "Point", "coordinates": [ 137.928608, 36.300481 ] } },
{ "type": "Feature", "properties": { "ID": 2057200938630, "正式名称": "てる薬局　蟻ケ崎店", "機関区分": 5, "都道府県コード": 20, "市区町村コード": 202, "所在地": "長野県松本市蟻ケ崎４－１－２７", "緯度": 36.245072, "経度": 137.963996, "url": "https://www.iryou.teikyouseido.mhlw.go.jp/znk-web/juminkanja/S2430/initialize?prefCd=20&kikanCd=7200938630&kikanKbn=5", "url2": "https://teru-p.com", "内容": "てる薬局　蟻ケ崎店【5:薬局】長野県松本市蟻ケ崎４－１－２７" }, "geometry": { "type": "Point", "coordinates": [ 137.963996, 36.245072 ] } },
{ "type": "Feature", "properties": { "ID": 2057200938720, "正式名称": "てる薬局　開智店", "機関区分": 5, "都道府県コード": 20, "市区町村コード": 202, "所在地": "長野県松本市開智２－３－４８－６", "緯度": 36.241739, "経度": 137.970996, "url": "https://www.iryou.teikyouseido.mhlw.go.jp/znk-web/juminkanja/S2430/initialize?prefCd=20&kikanCd=7200938720&kikanKbn=5", "url2": "https://teru-p.com", "内容": "てる薬局　開智店【5:薬局】長野県松本市開智２－３－４８－６" }, "geometry": { "type": "Point", "coordinates": [ 137.970996, 36.241739 ] } },
{ "type": "Feature", "properties": { "ID": 2057200938910, "正式名称": "穂高ナカジマ薬局", "機関区分": 5, "都道府県コード": 20, "市区町村コード": 220, "所在地": "長野県安曇野市穂高５６４１－３", "緯度": 36.341476, "経度": 137.883083, "url": "https://www.iryou.teikyouseido.mhlw.go.jp/znk-web/juminkanja/S2430/initialize?prefCd=20&kikanCd=7200938910&kikanKbn=5", "url2": "http://www.e-classa.net/yakkyoku/", "内容": "穂高ナカジマ薬局【5:薬局】長野県安曇野市穂高５６４１－３" }, "geometry": { "type": "Point", "coordinates": [ 137.883083, 36.341476 ] } },
{ "type": "Feature", "properties": { "ID": 2057200939070, "正式名称": "あんず薬局　あづみ野店", "機関区分": 5, "都道府県コード": 20, "市区町村コード": 220, "所在地": "長野県安曇野市豊科８７７番地４", "緯度": 36.278511, "経度": 137.907944, "url": "https://www.iryou.teikyouseido.mhlw.go.jp/znk-web/juminkanja/S2430/initialize?prefCd=20&kikanCd=7200939070&kikanKbn=5", "url2": null, "内容": "あんず薬局　あづみ野店【5:薬局】長野県安曇野市豊科８７７番地４" }, "geometry": { "type": "Point", "coordinates": [ 137.907944, 36.278511 ] } },
{ "type": "Feature", "properties": { "ID": 2057200939160, "正式名称": "青い鳥薬局庄内店", "機関区分": 5, "都道府県コード": 20, "市区町村コード": 202, "所在地": "長野県松本市筑摩１－１９－１", "緯度": 36.220436, "経度": 137.976468, "url": "https://www.iryou.teikyouseido.mhlw.go.jp/znk-web/juminkanja/S2430/initialize?prefCd=20&kikanCd=7200939160&kikanKbn=5", "url2": "http://aoitoriyakkyoku.jp", "内容": "青い鳥薬局庄内店【5:薬局】長野県松本市筑摩１－１９－１" }, "geometry": { "type": "Point", "coordinates": [ 137.976468, 36.220436 ] } },
{ "type": "Feature", "properties": { "ID": 2057200939250, "正式名称": "神林薬局", "機関区分": 5, "都道府県コード": 20, "市区町村コード": 202, "所在地": "長野県松本市神林１６３９－６", "緯度": 36.189696, "経度": 137.923112, "url": "https://www.iryou.teikyouseido.mhlw.go.jp/znk-web/juminkanja/S2430/initialize?prefCd=20&kikanCd=7200939250&kikanKbn=5", "url2": null, "内容": "神林薬局【5:薬局】長野県松本市神林１６３９－６" }, "geometry": { "type": "Point", "coordinates": [ 137.923112, 36.189696 ] } },
{ "type": "Feature", "properties": { "ID": 2057200939430, "正式名称": "いちい薬局", "機関区分": 5, "都道府県コード": 20, "市区町村コード": 450, "所在地": "長野県東筑摩郡　山形村３９１６ー３", "緯度": 36.167288, "経度": 137.87608, "url": "https://www.iryou.teikyouseido.mhlw.go.jp/znk-web/juminkanja/S2430/initialize?prefCd=20&kikanCd=7200939430&kikanKbn=5", "url2": null, "内容": "いちい薬局【5:薬局】長野県東筑摩郡　山形村３９１６ー３" }, "geometry": { "type": "Point", "coordinates": [ 137.87608, 36.167288 ] } },
{ "type": "Feature", "properties": { "ID": 2057200939520, "正式名称": "モリキ松本鎌田薬局", "機関区分": 5, "都道府県コード": 20, "市区町村コード": 202, "所在地": "長野県松本市鎌田２－２－２", "緯度": 36.224237, "経度": 137.957845, "url": "https://www.iryou.teikyouseido.mhlw.go.jp/znk-web/juminkanja/S2430/initialize?prefCd=20&kikanCd=7200939520&kikanKbn=5", "url2": "http://www.moriki-group.info/moriki-groupsearch/2017/08/post-3016.php", "内容": "モリキ松本鎌田薬局【5:薬局】長野県松本市鎌田２－２－２" }, "geometry": { "type": "Point", "coordinates": [ 137.957845, 36.224237 ] } },
{ "type": "Feature", "properties": { "ID": 2057200939610, "正式名称": "イオン薬局イオンスタイル松本", "機関区分": 5, "都道府県コード": 20, "市区町村コード": 202, "所在地": "長野県松本市中央４－９－５１", "緯度": 36.233689, "経度": 137.979199, "url": "https://www.iryou.teikyouseido.mhlw.go.jp/znk-web/juminkanja/S2430/initialize?prefCd=20&kikanCd=7200939610&kikanKbn=5", "url2": null, "内容": "イオン薬局イオンスタイル松本【5:薬局】長野県松本市中央４－９－５１" }, "geometry": { "type": "Point", "coordinates": [ 137.979199, 36.233689 ] } },
{ "type": "Feature", "properties": { "ID": 2057200939710, "正式名称": "ダイリン薬局", "機関区分": 5, "都道府県コード": 20, "市区町村コード": 215, "所在地": "長野県塩尻市広丘野村１６８８ー１　ＧＡＺＡ　１Ｆ", "緯度": 36.149752, "経度": 137.951872, "url": "https://www.iryou.teikyouseido.mhlw.go.jp/znk-web/juminkanja/S2430/initialize?prefCd=20&kikanCd=7200939710&kikanKbn=5", "url2": "http://www.dairin-ph.com/", "内容": "ダイリン薬局【5:薬局】長野県塩尻市広丘野村１６８８ー１　ＧＡＺＡ　１Ｆ" }, "geometry": { "type": "Point", "coordinates": [ 137.951872, 36.149752 ] } },
{ "type": "Feature", "properties": { "ID": 2057200939990, "正式名称": "梓川ききょう薬局", "機関区分": 5, "都道府県コード": 20, "市区町村コード": 202, "所在地": "長野県松本市梓川倭２２３７－１", "緯度": 36.651289, "経度": 138.181224, "url": "https://www.iryou.teikyouseido.mhlw.go.jp/znk-web/juminkanja/S2430/initialize?prefCd=20&kikanCd=7200939990&kikanKbn=5", "url2": "https://www.kikyouph.com", "内容": "梓川ききょう薬局【5:薬局】長野県松本市梓川倭２２３７－１" }, "geometry": { "type": "Point", "coordinates": [ 138.181224, 36.651289 ] } },
{ "type": "Feature", "properties": { "ID": 2057200940010, "正式名称": "さくら薬局　松本笹部店", "機関区分": 5, "都道府県コード": 20, "市区町村コード": 202, "所在地": "長野県松本市笹部３－１６－２０", "緯度": 36.218364, "経度": 137.947008, "url": "https://www.iryou.teikyouseido.mhlw.go.jp/znk-web/juminkanja/S2430/initialize?prefCd=20&kikanCd=7200940010&kikanKbn=5", "url2": "https://www.kraft-net.co.jp/sakura/store/4137/", "内容": "さくら薬局　松本笹部店【5:薬局】長野県松本市笹部３－１６－２０" }, "geometry": { "type": "Point", "coordinates": [ 137.947008, 36.218364 ] } },
{ "type": "Feature", "properties": { "ID": 2057200940100, "正式名称": "ニコニコ薬局　今井店", "機関区分": 5, "都道府県コード": 20, "市区町村コード": 202, "所在地": "長野県松本市今井１２１４－１", "緯度": 36.149117, "経度": 137.908034, "url": "https://www.iryou.teikyouseido.mhlw.go.jp/znk-web/juminkanja/S2430/initialize?prefCd=20&kikanCd=7200940100&kikanKbn=5", "url2": "https://nikonikopharmacy.com/", "内容": "ニコニコ薬局　今井店【5:薬局】長野県松本市今井１２１４－１" }, "geometry": { "type": "Point", "coordinates": [ 137.908034, 36.149117 ] } },
{ "type": "Feature", "properties": { "ID": 2057200940290, "正式名称": "イオン薬局豊科店", "機関区分": 5, "都道府県コード": 20, "市区町村コード": 220, "所在地": "長野県安曇野市豊科４２７２ー１０", "緯度": 36.301016, "経度": 137.907932, "url": "https://www.iryou.teikyouseido.mhlw.go.jp/znk-web/juminkanja/S2430/initialize?prefCd=20&kikanCd=7200940290&kikanKbn=5", "url2": null, "内容": "イオン薬局豊科店【5:薬局】長野県安曇野市豊科４２７２ー１０" }, "geometry": { "type": "Point", "coordinates": [ 137.907932, 36.301016 ] } },
{ "type": "Feature", "properties": { "ID": 2057200940380, "正式名称": "いでがわ田多井薬局", "機関区分": 5, "都道府県コード": 20, "市区町村コード": 202, "所在地": "長野県松本市出川町６－３０", "緯度": 36.211749, "経度": 137.971674, "url": "https://www.iryou.teikyouseido.mhlw.go.jp/znk-web/juminkanja/S2430/initialize?prefCd=20&kikanCd=7200940380&kikanKbn=5", "url2": null, "内容": "いでがわ田多井薬局【5:薬局】長野県松本市出川町６－３０" }, "geometry": { "type": "Point", "coordinates": [ 137.971674, 36.211749 ] } },
{ "type": "Feature", "properties": { "ID": 2057200940470, "正式名称": "モリキ松本波田薬局", "機関区分": 5, "都道府県コード": 20, "市区町村コード": 202, "所在地": "長野県松本市波田字波多１００５９ー１", "緯度": 36.205369, "経度": 137.866556, "url": "https://www.iryou.teikyouseido.mhlw.go.jp/znk-web/juminkanja/S2430/initialize?prefCd=20&kikanCd=7200940470&kikanKbn=5", "url2": "http://www.moriki-group.info/moriki-groupsearch/2018/10/post-3018.php", "内容": "モリキ松本波田薬局【5:薬局】長野県松本市波田字波多１００５９ー１" }, "geometry": { "type": "Point", "coordinates": [ 137.866556, 36.205369 ] } },
{ "type": "Feature", "properties": { "ID": 2057200940560, "正式名称": "クオール松本薬局", "機関区分": 5, "都道府県コード": 20, "市区町村コード": 202, "所在地": "長野県松本市中央２－５－２０", "緯度": 36.233361, "経度": 137.970455, "url": "https://www.iryou.teikyouseido.mhlw.go.jp/znk-web/juminkanja/S2430/initialize?prefCd=20&kikanCd=7200940560&kikanKbn=5", "url2": "http://www.qol-net.co.jp/", "内容": "クオール松本薬局【5:薬局】長野県松本市中央２－５－２０" }, "geometry": { "type": "Point", "coordinates": [ 137.970455, 36.233361 ] } },
{ "type": "Feature", "properties": { "ID": 2057200940740, "正式名称": "みらい薬局", "機関区分": 5, "都道府県コード": 20, "市区町村コード": 215, "所在地": "長野県塩尻市広丘吉田３０５６", "緯度": 36.159045, "経度": 137.946028, "url": "https://www.iryou.teikyouseido.mhlw.go.jp/znk-web/juminkanja/S2430/initialize?prefCd=20&kikanCd=7200940740&kikanKbn=5", "url2": "https://www.fmi-mirai.com/", "内容": "みらい薬局【5:薬局】長野県塩尻市広丘吉田３０５６" }, "geometry": { "type": "Point", "coordinates": [ 137.946028, 36.159045 ] } },
{ "type": "Feature", "properties": { "ID": 2057200940830, "正式名称": "（有）門十郎薬局", "機関区分": 5, "都道府県コード": 20, "市区町村コード": 202, "所在地": "長野県松本市深志１－５－１３", "緯度": 36.227289, "経度": 137.966919, "url": "https://www.iryou.teikyouseido.mhlw.go.jp/znk-web/juminkanja/S2430/initialize?prefCd=20&kikanCd=7200940830&kikanKbn=5", "url2": null, "内容": "（有）門十郎薬局【5:薬局】長野県松本市深志１－５－１３" }, "geometry": { "type": "Point", "coordinates": [ 137.966919, 36.227289 ] } },
{ "type": "Feature", "properties": { "ID": 2057200940920, "正式名称": "山形はやし薬局", "機関区分": 5, "都道府県コード": 20, "市区町村コード": 450, "所在地": "長野県東筑摩郡山形村５５０６ー１７", "緯度": 36.168092, "経度": 137.878912, "url": "https://www.iryou.teikyouseido.mhlw.go.jp/znk-web/juminkanja/S2430/initialize?prefCd=20&kikanCd=7200940920&kikanKbn=5", "url2": null, "内容": "山形はやし薬局【5:薬局】長野県東筑摩郡山形村５５０６ー１７" }, "geometry": { "type": "Point", "coordinates": [ 137.878912, 36.168092 ] } },
{ "type": "Feature", "properties": { "ID": 2057200941180, "正式名称": "巾上ひまわり薬局", "機関区分": 5, "都道府県コード": 20, "市区町村コード": 202, "所在地": "長野県松本市巾上１０－５", "緯度": 36.229796, "経度": 137.962247, "url": "https://www.iryou.teikyouseido.mhlw.go.jp/znk-web/juminkanja/S2430/initialize?prefCd=20&kikanCd=7200941180&kikanKbn=5", "url2": "http://www.himawari-ph.nagano.jp", "内容": "巾上ひまわり薬局【5:薬局】長野県松本市巾上１０－５" }, "geometry": { "type": "Point", "coordinates": [ 137.962247, 36.229796 ] } },
{ "type": "Feature", "properties": { "ID": 2057200941270, "正式名称": "塩尻ひまわり薬局", "機関区分": 5, "都道府県コード": 20, "市区町村コード": 215, "所在地": "長野県塩尻市長畝２３０－３", "緯度": 36.113873, "経度": 137.9695, "url": "https://www.iryou.teikyouseido.mhlw.go.jp/znk-web/juminkanja/S2430/initialize?prefCd=20&kikanCd=7200941270&kikanKbn=5", "url2": "http://www.himawari-ph.nagano.jp/", "内容": "塩尻ひまわり薬局【5:薬局】長野県塩尻市長畝２３０－３" }, "geometry": { "type": "Point", "coordinates": [ 137.9695, 36.113873 ] } },
{ "type": "Feature", "properties": { "ID": 2057200941450, "正式名称": "ももの木薬局", "機関区分": 5, "都道府県コード": 20, "市区町村コード": 202, "所在地": "長野県松本市寿中２丁目１５４５番４", "緯度": 36.178462, "経度": 137.968678, "url": "https://www.iryou.teikyouseido.mhlw.go.jp/znk-web/juminkanja/S2430/initialize?prefCd=20&kikanCd=7200941450&kikanKbn=5", "url2": null, "内容": "ももの木薬局【5:薬局】長野県松本市寿中２丁目１５４５番４" }, "geometry": { "type": "Point", "coordinates": [ 137.968678, 36.178462 ] } },
{ "type": "Feature", "properties": { "ID": 2057200941630, "正式名称": "カワチ薬局　塩尻店", "機関区分": 5, "都道府県コード": 20, "市区町村コード": 215, "所在地": "長野県塩尻市大門並木町１１ー１０", "緯度": 36.118956, "経度": 137.953623, "url": "https://www.iryou.teikyouseido.mhlw.go.jp/znk-web/juminkanja/S2430/initialize?prefCd=20&kikanCd=7200941630&kikanKbn=5", "url2": "https://www.cawachi.co.jp", "内容": "カワチ薬局　塩尻店【5:薬局】長野県塩尻市大門並木町１１ー１０" }, "geometry": { "type": "Point", "coordinates": [ 137.953623, 36.118956 ] } },
{ "type": "Feature", "properties": { "ID": 2057200941720, "正式名称": "笹賀薬局", "機関区分": 5, "都道府県コード": 20, "市区町村コード": 202, "所在地": "長野県松本市笹賀５４４１－３", "緯度": 36.195358, "経度": 137.939392, "url": "https://www.iryou.teikyouseido.mhlw.go.jp/znk-web/juminkanja/S2430/initialize?prefCd=20&kikanCd=7200941720&kikanKbn=5", "url2": "http://www.himawari-k.co.jp", "内容": "笹賀薬局【5:薬局】長野県松本市笹賀５４４１－３" }, "geometry": { "type": "Point", "coordinates": [ 137.939392, 36.195358 ] } },
{ "type": "Feature", "properties": { "ID": 2057200941810, "正式名称": "あおい波田薬局", "機関区分": 5, "都道府県コード": 20, "市区町村コード": 202, "所在地": "長野県松本市波田５１３２ー４", "緯度": 36.192549, "経度": 137.857043, "url": "https://www.iryou.teikyouseido.mhlw.go.jp/znk-web/juminkanja/S2430/initialize?prefCd=20&kikanCd=7200941810&kikanKbn=5", "url2": "https://www.aoihata-ph.jp/", "内容": "あおい波田薬局【5:薬局】長野県松本市波田５１３２ー４" }, "geometry": { "type": "Point", "coordinates": [ 137.857043, 36.192549 ] } },
{ "type": "Feature", "properties": { "ID": 2057200941910, "正式名称": "しろにしの薬局", "機関区分": 5, "都道府県コード": 20, "市区町村コード": 202, "所在地": "長野県松本市城西１丁目　１８１ー７", "緯度": 36.239579, "経度": 137.961362, "url": "https://www.iryou.teikyouseido.mhlw.go.jp/znk-web/juminkanja/S2430/initialize?prefCd=20&kikanCd=7200941910&kikanKbn=5", "url2": "https://yuigahama.co.jp/", "内容": "しろにしの薬局【5:薬局】長野県松本市城西１丁目　１８１ー７" }, "geometry": { "type": "Point", "coordinates": [ 137.961362, 36.239579 ] } },
{ "type": "Feature", "properties": { "ID": 2057200942070, "正式名称": "クスリのアオキ桔梗ヶ原薬局", "機関区分": 5, "都道府県コード": 20, "市区町村コード": 215, "所在地": "長野県塩尻市大字大門１２０３番地", "緯度": 36.118349, "経度": 137.959701, "url": "https://www.iryou.teikyouseido.mhlw.go.jp/znk-web/juminkanja/S2430/initialize?prefCd=20&kikanCd=7200942070&kikanKbn=5", "url2": "https://www.kusuri-aoki.co.jp/", "内容": "クスリのアオキ桔梗ヶ原薬局【5:薬局】長野県塩尻市大字大門１２０３番地" }, "geometry": { "type": "Point", "coordinates": [ 137.959701, 36.118349 ] } },
{ "type": "Feature", "properties": { "ID": 2057200942250, "正式名称": "北栗コスモス薬局", "機関区分": 5, "都道府県コード": 20, "市区町村コード": 202, "所在地": "長野県松本市島立３８１８－３", "緯度": 36.216281, "経度": 137.935367, "url": "https://www.iryou.teikyouseido.mhlw.go.jp/znk-web/juminkanja/S2430/initialize?prefCd=20&kikanCd=7200942250&kikanKbn=5", "url2": "https://www.k-kosumosuph.com/", "内容": "北栗コスモス薬局【5:薬局】長野県松本市島立３８１８－３" }, "geometry": { "type": "Point", "coordinates": [ 137.935367, 36.216281 ] } },
{ "type": "Feature", "properties": { "ID": 2057200942340, "正式名称": "いしかわ薬局", "機関区分": 5, "都道府県コード": 20, "市区町村コード": 202, "所在地": "長野県松本市清水２ー１ー１０", "緯度": 36.23643, "経度": 137.97975, "url": "https://www.iryou.teikyouseido.mhlw.go.jp/znk-web/juminkanja/S2430/initialize?prefCd=20&kikanCd=7200942340&kikanKbn=5", "url2": "http://www.arc-m.co.jp", "内容": "いしかわ薬局【5:薬局】長野県松本市清水２ー１ー１０" }, "geometry": { "type": "Point", "coordinates": [ 137.97975, 36.23643 ] } },
{ "type": "Feature", "properties": { "ID": 2057200942430, "正式名称": "ウエルシア薬局安曇野豊科店", "機関区分": 5, "都道府県コード": 20, "市区町村コード": 220, "所在地": "長野県安曇野市豊科５４５３", "緯度": 36.309767, "経度": 137.898631, "url": "https://www.iryou.teikyouseido.mhlw.go.jp/znk-web/juminkanja/S2430/initialize?prefCd=20&kikanCd=7200942430&kikanKbn=5", "url2": "https://stores.welcia.co.jp/6389D", "内容": "ウエルシア薬局安曇野豊科店【5:薬局】長野県安曇野市豊科５４５３" }, "geometry": { "type": "Point", "coordinates": [ 137.898631, 36.309767 ] } },
{ "type": "Feature", "properties": { "ID": 2057200942520, "正式名称": "どんぐり薬局", "機関区分": 5, "都道府県コード": 20, "市区町村コード": 220, "所在地": "長野県安曇野市明科中川手　３７３９－１", "緯度": 36.354704, "経度": 137.929604, "url": "https://www.iryou.teikyouseido.mhlw.go.jp/znk-web/juminkanja/S2430/initialize?prefCd=20&kikanCd=7200942520&kikanKbn=5", "url2": null, "内容": "どんぐり薬局【5:薬局】長野県安曇野市明科中川手　３７３９－１" }, "geometry": { "type": "Point", "coordinates": [ 137.929604, 36.354704 ] } },
{ "type": "Feature", "properties": { "ID": 2057200942610, "正式名称": "南の風薬局", "機関区分": 5, "都道府県コード": 20, "市区町村コード": 202, "所在地": "長野県松本市野溝西１－９－３５－８", "緯度": 36.202255, "経度": 137.95163, "url": "https://www.iryou.teikyouseido.mhlw.go.jp/znk-web/juminkanja/S2430/initialize?prefCd=20&kikanCd=7200942610&kikanKbn=5", "url2": null, "内容": "南の風薬局【5:薬局】長野県松本市野溝西１－９－３５－８" }, "geometry": { "type": "Point", "coordinates": [ 137.95163, 36.202255 ] } },
{ "type": "Feature", "properties": { "ID": 2057200942710, "正式名称": "ほそかわ薬局", "機関区分": 5, "都道府県コード": 20, "市区町村コード": 220, "所在地": "長野県安曇野市穂高５６２６－１", "緯度": 36.343255, "経度": 137.883377, "url": "https://www.iryou.teikyouseido.mhlw.go.jp/znk-web/juminkanja/S2430/initialize?prefCd=20&kikanCd=7200942710&kikanKbn=5", "url2": null, "内容": "ほそかわ薬局【5:薬局】長野県安曇野市穂高５６２６－１" }, "geometry": { "type": "Point", "coordinates": [ 137.883377, 36.343255 ] } },
{ "type": "Feature", "properties": { "ID": 2057200942800, "正式名称": "なりあい薬局", "機関区分": 5, "都道府県コード": 20, "市区町村コード": 220, "所在地": "長野県安曇野市豊科４３０３－１４", "緯度": 36.29957, "経度": 137.906096, "url": "https://www.iryou.teikyouseido.mhlw.go.jp/znk-web/juminkanja/S2430/initialize?prefCd=20&kikanCd=7200942800&kikanKbn=5", "url2": null, "内容": "なりあい薬局【5:薬局】長野県安曇野市豊科４３０３－１４" }, "geometry": { "type": "Point", "coordinates": [ 137.906096, 36.29957 ] } },
{ "type": "Feature", "properties": { "ID": 2057200942990, "正式名称": "青い鳥薬局大門店", "機関区分": 5, "都道府県コード": 20, "市区町村コード": 215, "所在地": "長野県塩尻市大門三番町３ー２２", "緯度": 36.111213, "経度": 137.957682, "url": "https://www.iryou.teikyouseido.mhlw.go.jp/znk-web/juminkanja/S2430/initialize?prefCd=20&kikanCd=7200942990&kikanKbn=5", "url2": "https://aoitoriyakkyoku.jp", "内容": "青い鳥薬局大門店【5:薬局】長野県塩尻市大門三番町３ー２２" }, "geometry": { "type": "Point", "coordinates": [ 137.957682, 36.111213 ] } },
{ "type": "Feature", "properties": { "ID": 2057200943050, "正式名称": "おひさま薬局", "機関区分": 5, "都道府県コード": 20, "市区町村コード": 215, "所在地": "長野県塩尻市大字広丘高出１４８６ー４８８", "緯度": 36.124397, "経度": 137.949422, "url": "https://www.iryou.teikyouseido.mhlw.go.jp/znk-web/juminkanja/S2430/initialize?prefCd=20&kikanCd=7200943050&kikanKbn=5", "url2": "http://nagano-pharmacy.com/", "内容": "おひさま薬局【5:薬局】長野県塩尻市大字広丘高出１４８６ー４８８" }, "geometry": { "type": "Point", "coordinates": [ 137.949422, 36.124397 ] } },
{ "type": "Feature", "properties": { "ID": 2057200943140, "正式名称": "まそら薬局", "機関区分": 5, "都道府県コード": 20, "市区町村コード": 220, "所在地": "長野県安曇野市豊科２６４３ー１１", "緯度": 36.29026, "経度": 137.909455, "url": "https://www.iryou.teikyouseido.mhlw.go.jp/znk-web/juminkanja/S2430/initialize?prefCd=20&kikanCd=7200943140&kikanKbn=5", "url2": "https://okusuri-honpo.jp/", "内容": "まそら薬局【5:薬局】長野県安曇野市豊科２６４３ー１１" }, "geometry": { "type": "Point", "coordinates": [ 137.909455, 36.29026 ] } },
{ "type": "Feature", "properties": { "ID": 2057200943230, "正式名称": "スギ薬局　豊科店", "機関区分": 5, "都道府県コード": 20, "市区町村コード": 220, "所在地": "長野県安曇野市豊科４９４６ー１", "緯度": 36.288174, "経度": 137.90761, "url": "https://www.iryou.teikyouseido.mhlw.go.jp/znk-web/juminkanja/S2430/initialize?prefCd=20&kikanCd=7200943230&kikanKbn=5", "url2": "https://www.sugi-net.jp/", "内容": "スギ薬局　豊科店【5:薬局】長野県安曇野市豊科４９４６ー１" }, "geometry": { "type": "Point", "coordinates": [ 137.90761, 36.288174 ] } },
{ "type": "Feature", "properties": { "ID": 2057200943320, "正式名称": "となりの薬局", "機関区分": 5, "都道府県コード": 20, "市区町村コード": 220, "所在地": "長野県安曇野市穂高柏原９７４－３", "緯度": 36.330806, "経度": 137.890498, "url": "https://www.iryou.teikyouseido.mhlw.go.jp/znk-web/juminkanja/S2430/initialize?prefCd=20&kikanCd=7200943320&kikanKbn=5", "url2": null, "内容": "となりの薬局【5:薬局】長野県安曇野市穂高柏原９７４－３" }, "geometry": { "type": "Point", "coordinates": [ 137.890498, 36.330806 ] } },
{ "type": "Feature", "properties": { "ID": 2057200943410, "正式名称": "ふれあいの森薬局", "機関区分": 5, "都道府県コード": 20, "市区町村コード": 215, "所在地": "長野県塩尻市大門六番町３－１５", "緯度": 36.114249, "経度": 137.955395, "url": "https://www.iryou.teikyouseido.mhlw.go.jp/znk-web/juminkanja/S2430/initialize?prefCd=20&kikanCd=7200943410&kikanKbn=5", "url2": null, "内容": "ふれあいの森薬局【5:薬局】長野県塩尻市大門六番町３－１５" }, "geometry": { "type": "Point", "coordinates": [ 137.955395, 36.114249 ] } },
{ "type": "Feature", "properties": { "ID": 2057200943510, "正式名称": "すみれ薬局", "機関区分": 5, "都道府県コード": 20, "市区町村コード": 215, "所在地": "長野県塩尻市広丘高出１９４８－２５", "緯度": 36.127711, "経度": 137.958934, "url": "https://www.iryou.teikyouseido.mhlw.go.jp/znk-web/juminkanja/S2430/initialize?prefCd=20&kikanCd=7200943510&kikanKbn=5", "url2": "http://nagano-pharmacy.com/", "内容": "すみれ薬局【5:薬局】長野県塩尻市広丘高出１９４８－２５" }, "geometry": { "type": "Point", "coordinates": [ 137.958934, 36.127711 ] } },
{ "type": "Feature", "properties": { "ID": 2057200943600, "正式名称": "塩尻大小屋とをしや薬局", "機関区分": 5, "都道府県コード": 20, "市区町村コード": 215, "所在地": "長野県塩尻市大小屋９５－２", "緯度": 36.106581, "経度": 137.967339, "url": "https://www.iryou.teikyouseido.mhlw.go.jp/znk-web/juminkanja/S2430/initialize?prefCd=20&kikanCd=7200943600&kikanKbn=5", "url2": null, "内容": "塩尻大小屋とをしや薬局【5:薬局】長野県塩尻市大小屋９５－２" }, "geometry": { "type": "Point", "coordinates": [ 137.967339, 36.106581 ] } },
{ "type": "Feature", "properties": { "ID": 2057200943790, "正式名称": "桔梗ヶ原とをしや薬局", "機関区分": 5, "都道府県コード": 20, "市区町村コード": 215, "所在地": "長野県塩尻市広丘郷原１９０２", "緯度": 36.123633, "経度": 137.944579, "url": "https://www.iryou.teikyouseido.mhlw.go.jp/znk-web/juminkanja/S2430/initialize?prefCd=20&kikanCd=7200943790&kikanKbn=5", "url2": "https://www.welcia-yakkyoku.co.jp/", "内容": "桔梗ヶ原とをしや薬局【5:薬局】長野県塩尻市広丘郷原１９０２" }, "geometry": { "type": "Point", "coordinates": [ 137.944579, 36.123633 ] } },
{ "type": "Feature", "properties": { "ID": 2057200943880, "正式名称": "広丘駅前とをしや薬局", "機関区分": 5, "都道府県コード": 20, "市区町村コード": 215, "所在地": "長野県塩尻市広丘原新田２１５－８８", "緯度": 36.148887, "経度": 137.946969, "url": "https://www.iryou.teikyouseido.mhlw.go.jp/znk-web/juminkanja/S2430/initialize?prefCd=20&kikanCd=7200943880&kikanKbn=5", "url2": "https://www.welcia-yakkyoku.co.jp/", "内容": "広丘駅前とをしや薬局【5:薬局】長野県塩尻市広丘原新田２１５－８８" }, "geometry": { "type": "Point", "coordinates": [ 137.946969, 36.148887 ] } },
{ "type": "Feature", "properties": { "ID": 2057200943970, "正式名称": "広丘野村とをしや薬局", "機関区分": 5, "都道府県コード": 20, "市区町村コード": 215, "所在地": "長野県塩尻市広丘野村２１８７", "緯度": 36.148035, "経度": 137.958083, "url": "https://www.iryou.teikyouseido.mhlw.go.jp/znk-web/juminkanja/S2430/initialize?prefCd=20&kikanCd=7200943970&kikanKbn=5", "url2": "https://store.welcia.co.jp/welcia/spot/detail?code=8425D", "内容": "広丘野村とをしや薬局【5:薬局】長野県塩尻市広丘野村２１８７" }, "geometry": { "type": "Point", "coordinates": [ 137.958083, 36.148035 ] } },
{ "type": "Feature", "properties": { "ID": 2057200944120, "正式名称": "矢原とをしや薬局", "機関区分": 5, "都道府県コード": 20, "市区町村コード": 220, "所在地": "長野県安曇野市穂高７６９番地２号", "緯度": 36.324672, "経度": 137.896638, "url": "https://www.iryou.teikyouseido.mhlw.go.jp/znk-web/juminkanja/S2430/initialize?prefCd=20&kikanCd=7200944120&kikanKbn=5", "url2": "https://www.welcia-yakkyoku.co.jp/", "内容": "矢原とをしや薬局【5:薬局】長野県安曇野市穂高７６９番地２号" }, "geometry": { "type": "Point", "coordinates": [ 137.896638, 36.324672 ] } },
{ "type": "Feature", "properties": { "ID": 2057200944210, "正式名称": "豊科とをしや薬局", "機関区分": 5, "都道府県コード": 20, "市区町村コード": 220, "所在地": "長野県安曇野市豊科２６３７－４", "緯度": 36.285871, "経度": 137.90936, "url": "https://www.iryou.teikyouseido.mhlw.go.jp/znk-web/juminkanja/S2430/initialize?prefCd=20&kikanCd=7200944210&kikanKbn=5", "url2": "https://www.welcia-yakkyoku.co.jp/", "内容": "豊科とをしや薬局【5:薬局】長野県安曇野市豊科２６３７－４" }, "geometry": { "type": "Point", "coordinates": [ 137.90936, 36.285871 ] } },
{ "type": "Feature", "properties": { "ID": 2057200944310, "正式名称": "有明とをしや薬局", "機関区分": 5, "都道府県コード": 20, "市区町村コード": 220, "所在地": "長野県安曇野市穂高有明１００１９ー１", "緯度": 36.344086, "経度": 137.859168, "url": "https://www.iryou.teikyouseido.mhlw.go.jp/znk-web/juminkanja/S2430/initialize?prefCd=20&kikanCd=7200944310&kikanKbn=5", "url2": "https://store.welcia.co.jp/welcia/spot/detail?code=8421D", "内容": "有明とをしや薬局【5:薬局】長野県安曇野市穂高有明１００１９ー１" }, "geometry": { "type": "Point", "coordinates": [ 137.859168, 36.344086 ] } },
{ "type": "Feature", "properties": { "ID": 2057200944400, "正式名称": "堀金とをしや薬局", "機関区分": 5, "都道府県コード": 20, "市区町村コード": 220, "所在地": "長野県安曇野市堀金烏川５０１０", "緯度": 36.303452, "経度": 137.877501, "url": "https://www.iryou.teikyouseido.mhlw.go.jp/znk-web/juminkanja/S2430/initialize?prefCd=20&kikanCd=7200944400&kikanKbn=5", "url2": "https://www.welcia-yakkyoku.co.jp/", "内容": "堀金とをしや薬局【5:薬局】長野県安曇野市堀金烏川５０１０" }, "geometry": { "type": "Point", "coordinates": [ 137.877501, 36.303452 ] } },
{ "type": "Feature", "properties": { "ID": 2057200944590, "正式名称": "三郷とをしや薬局", "機関区分": 5, "都道府県コード": 20, "市区町村コード": 220, "所在地": "長野県安曇野市三郷温２４２９－２", "緯度": 36.248971, "経度": 137.886403, "url": "https://www.iryou.teikyouseido.mhlw.go.jp/znk-web/juminkanja/S2430/initialize?prefCd=20&kikanCd=7200944590&kikanKbn=5", "url2": "https://store.welcia.co.jp/welcia/spot/detail?code=8422D", "内容": "三郷とをしや薬局【5:薬局】長野県安曇野市三郷温２４２９－２" }, "geometry": { "type": "Point", "coordinates": [ 137.886403, 36.248971 ] } },
{ "type": "Feature", "properties": { "ID": 2057200944680, "正式名称": "アイン薬局麻績店", "機関区分": 5, "都道府県コード": 20, "市区町村コード": 446, "所在地": "長野県東筑摩郡麻績村麻４６３４－６", "緯度": 36.459355, "経度": 138.052147, "url": "https://www.iryou.teikyouseido.mhlw.go.jp/znk-web/juminkanja/S2430/initialize?prefCd=20&kikanCd=7200944680&kikanKbn=5", "url2": "https://www.ainj.co.jp", "内容": "アイン薬局麻績店【5:薬局】長野県東筑摩郡麻績村麻４６３４－６" }, "geometry": { "type": "Point", "coordinates": [ 138.052147, 36.459355 ] } },
{ "type": "Feature", "properties": { "ID": 2057200944770, "正式名称": "スギ薬局　塩尻北店", "機関区分": 5, "都道府県コード": 20, "市区町村コード": 215, "所在地": "長野県塩尻市広丘高出１４８６番地１７９", "緯度": 36.124394, "経度": 137.950165, "url": "https://www.iryou.teikyouseido.mhlw.go.jp/znk-web/juminkanja/S2430/initialize?prefCd=20&kikanCd=7200944770&kikanKbn=5", "url2": "http://www.drug-sugi.co.jp/", "内容": "スギ薬局　塩尻北店【5:薬局】長野県塩尻市広丘高出１４８６番地１７９" }, "geometry": { "type": "Point", "coordinates": [ 137.950165, 36.124394 ] } },
{ "type": "Feature", "properties": { "ID": 2057200944860, "正式名称": "モリキ安曇野穂高薬局", "機関区分": 5, "都道府県コード": 20, "市区町村コード": 220, "所在地": "長野県安曇野市穂高２５７９－１", "緯度": 36.338331, "経度": 137.889161, "url": "https://www.iryou.teikyouseido.mhlw.go.jp/znk-web/juminkanja/S2430/initialize?prefCd=20&kikanCd=7200944860&kikanKbn=5", "url2": null, "内容": "モリキ安曇野穂高薬局【5:薬局】長野県安曇野市穂高２５７９－１" }, "geometry": { "type": "Point", "coordinates": [ 137.889161, 36.338331 ] } },
{ "type": "Feature", "properties": { "ID": 2057200944950, "正式名称": "のぞみ薬局", "機関区分": 5, "都道府県コード": 20, "市区町村コード": 215, "所在地": "長野県塩尻市広丘高出２０８８番４", "緯度": 36.127595, "経度": 137.957239, "url": "https://www.iryou.teikyouseido.mhlw.go.jp/znk-web/juminkanja/S2430/initialize?prefCd=20&kikanCd=7200944950&kikanKbn=5", "url2": "http://nagano-pharmacy.com/", "内容": "のぞみ薬局【5:薬局】長野県塩尻市広丘高出２０８８番４" }, "geometry": { "type": "Point", "coordinates": [ 137.957239, 36.127595 ] } },
{ "type": "Feature", "properties": { "ID": 2057201000820, "正式名称": "株式会社井上薬局", "機関区分": 5, "都道府県コード": 20, "市区町村コード": 220, "所在地": "長野県安曇野市豊科４８０１", "緯度": 36.301786, "経度": 137.903555, "url": "https://www.iryou.teikyouseido.mhlw.go.jp/znk-web/juminkanja/S2430/initialize?prefCd=20&kikanCd=7201000820&kikanKbn=5", "url2": "http://www.shinano-kyorei.jp/members/categories/inoueyakkyoku.html", "内容": "株式会社井上薬局【5:薬局】長野県安曇野市豊科４８０１" }, "geometry": { "type": "Point", "coordinates": [ 137.903555, 36.301786 ] } },
{ "type": "Feature", "properties": { "ID": 2057201002240, "正式名称": "柏原薬局", "機関区分": 5, "都道府県コード": 20, "市区町村コード": 220, "所在地": "長野県安曇野市穂高柏原２８０４－５", "緯度": 36.320478, "経度": 137.875362, "url": "https://www.iryou.teikyouseido.mhlw.go.jp/znk-web/juminkanja/S2430/initialize?prefCd=20&kikanCd=7201002240&kikanKbn=5", "url2": "http://www.e-classa.net/kasiwabara/", "内容": "柏原薬局【5:薬局】長野県安曇野市穂高柏原２８０４－５" }, "geometry": { "type": "Point", "coordinates": [ 137.875362, 36.320478 ] } },
{ "type": "Feature", "properties": { "ID": 2057201002890, "正式名称": "ひまわり薬局", "機関区分": 5, "都道府県コード": 20, "市区町村コード": 220, "所在地": "長野県安曇野市豊科２１３１－２", "緯度": 36.296842, "経度": 137.898472, "url": "https://www.iryou.teikyouseido.mhlw.go.jp/znk-web/juminkanja/S2430/initialize?prefCd=20&kikanCd=7201002890&kikanKbn=5", "url2": null, "内容": "ひまわり薬局【5:薬局】長野県安曇野市豊科２１３１－２" }, "geometry": { "type": "Point", "coordinates": [ 137.898472, 36.296842 ] } },
{ "type": "Feature", "properties": { "ID": 2057201003040, "正式名称": "尾沢薬局", "機関区分": 5, "都道府県コード": 20, "市区町村コード": 220, "所在地": "長野県安曇野市三郷温", "緯度": 36.246181, "経度": 137.889169, "url": "https://www.iryou.teikyouseido.mhlw.go.jp/znk-web/juminkanja/S2430/initialize?prefCd=20&kikanCd=7201003040&kikanKbn=5", "url2": null, "内容": "尾沢薬局【5:薬局】長野県安曇野市三郷温" }, "geometry": { "type": "Point", "coordinates": [ 137.889169, 36.246181 ] } },
{ "type": "Feature", "properties": { "ID": 2057201003780, "正式名称": "三溝薬局株式会社", "機関区分": 5, "都道府県コード": 20, "市区町村コード": 220, "所在地": "長野県安曇野市三郷明盛１６７７ー１", "緯度": 36.257936, "経度": 137.899343, "url": "https://www.iryou.teikyouseido.mhlw.go.jp/znk-web/juminkanja/S2430/initialize?prefCd=20&kikanCd=7201003780&kikanKbn=5", "url2": null, "内容": "三溝薬局株式会社【5:薬局】長野県安曇野市三郷明盛１６７７ー１" }, "geometry": { "type": "Point", "coordinates": [ 137.899343, 36.257936 ] } },
{ "type": "Feature", "properties": { "ID": 2057201005380, "正式名称": "豊科薬局", "機関区分": 5, "都道府県コード": 20, "市区町村コード": 220, "所在地": "長野県安曇野市豊科南穂高２８１９－１", "緯度": 36.308452, "経度": 137.911637, "url": "https://www.iryou.teikyouseido.mhlw.go.jp/znk-web/juminkanja/S2430/initialize?prefCd=20&kikanCd=7201005380&kikanKbn=5", "url2": "http://www.himawari-k.co.jp", "内容": "豊科薬局【5:薬局】長野県安曇野市豊科南穂高２８１９－１" }, "geometry": { "type": "Point", "coordinates": [ 137.911637, 36.308452 ] } },
{ "type": "Feature", "properties": { "ID": 2057201005470, "正式名称": "有限会社　アルプス薬局", "機関区分": 5, "都道府県コード": 20, "市区町村コード": 220, "所在地": "長野県安曇野市豊科４３１８", "緯度": 36.298814, "経度": 137.905332, "url": "https://www.iryou.teikyouseido.mhlw.go.jp/znk-web/juminkanja/S2430/initialize?prefCd=20&kikanCd=7201005470&kikanKbn=5", "url2": "http://www.e-classa.net/alps-p/", "内容": "有限会社　アルプス薬局【5:薬局】長野県安曇野市豊科４３１８" }, "geometry": { "type": "Point", "coordinates": [ 137.905332, 36.298814 ] } },
{ "type": "Feature", "properties": { "ID": 2057201005650, "正式名称": "マルヤマ薬局", "機関区分": 5, "都道府県コード": 20, "市区町村コード": 220, "所在地": "長野県安曇野市穂高５９５９－２", "緯度": 36.340809, "経度": 137.882999, "url": "https://www.iryou.teikyouseido.mhlw.go.jp/znk-web/juminkanja/S2430/initialize?prefCd=20&kikanCd=7201005650&kikanKbn=5", "url2": "http://www.e-classa.net/hotaka-maruyama/sitemap.html", "内容": "マルヤマ薬局【5:薬局】長野県安曇野市穂高５９５９－２" }, "geometry": { "type": "Point", "coordinates": [ 137.882999, 36.340809 ] } },
{ "type": "Feature", "properties": { "ID": 2057201006180, "正式名称": "あゆみ野薬局", "機関区分": 5, "都道府県コード": 20, "市区町村コード": 220, "所在地": "長野県安曇野市豊科４２７０ー３　Ｊビル１Ｆ", "緯度": 36.301794, "経度": 137.908116, "url": "https://www.iryou.teikyouseido.mhlw.go.jp/znk-web/juminkanja/S2430/initialize?prefCd=20&kikanCd=7201006180&kikanKbn=5", "url2": "https://mac-adumino-ph.co.jp", "内容": "あゆみ野薬局【5:薬局】長野県安曇野市豊科４２７０ー３　Ｊビル１Ｆ" }, "geometry": { "type": "Point", "coordinates": [ 137.908116, 36.301794 ] } },
{ "type": "Feature", "properties": { "ID": 2057201006270, "正式名称": "フロンティア薬局穂高店", "機関区分": 5, "都道府県コード": 20, "市区町村コード": 220, "所在地": "長野県安曇野市穂高北穂高２９８４－１", "緯度": 36.371861, "経度": 137.874443, "url": "https://www.iryou.teikyouseido.mhlw.go.jp/znk-web/juminkanja/S2430/initialize?prefCd=20&kikanCd=7201006270&kikanKbn=5", "url2": "http://www.frontier-ph.com/homecare/campany/summary.html", "内容": "フロンティア薬局穂高店【5:薬局】長野県安曇野市穂高北穂高２９８４－１" }, "geometry": { "type": "Point", "coordinates": [ 137.874443, 36.371861 ] } },
{ "type": "Feature", "properties": { "ID": 2057201006450, "正式名称": "有限会社　横林薬局", "機関区分": 5, "都道府県コード": 20, "市区町村コード": 220, "所在地": "長野県安曇野市明科中川手６８１４－２３", "緯度": 36.356003, "経度": 137.92905, "url": "https://www.iryou.teikyouseido.mhlw.go.jp/znk-web/juminkanja/S2430/initialize?prefCd=20&kikanCd=7201006450&kikanKbn=5", "url2": null, "内容": "有限会社　横林薬局【5:薬局】長野県安曇野市明科中川手６８１４－２３" }, "geometry": { "type": "Point", "coordinates": [ 137.92905, 36.356003 ] } },
{ "type": "Feature", "properties": { "ID": 2057201006720, "正式名称": "つばき薬局", "機関区分": 5, "都道府県コード": 20, "市区町村コード": 220, "所在地": "長野県安曇野市三郷明盛４９３５－１３", "緯度": 36.259291, "経度": 137.887697, "url": "https://www.iryou.teikyouseido.mhlw.go.jp/znk-web/juminkanja/S2430/initialize?prefCd=20&kikanCd=7201006720&kikanKbn=5", "url2": null, "内容": "つばき薬局【5:薬局】長野県安曇野市三郷明盛４９３５－１３" }, "geometry": { "type": "Point", "coordinates": [ 137.887697, 36.259291 ] } },
{ "type": "Feature", "properties": { "ID": 2057201006910, "正式名称": "株式会社犬飼薬局", "機関区分": 5, "都道府県コード": 20, "市区町村コード": 220, "所在地": "長野県安曇野市豊科高家５１８８－１４", "緯度": 36.252578, "経度": 137.918698, "url": "https://www.iryou.teikyouseido.mhlw.go.jp/znk-web/juminkanja/S2430/initialize?prefCd=20&kikanCd=7201006910&kikanKbn=5", "url2": "http://www.inukaiyakkyoku.jp/", "内容": "株式会社犬飼薬局【5:薬局】長野県安曇野市豊科高家５１８８－１４" }, "geometry": { "type": "Point", "coordinates": [ 137.918698, 36.252578 ] } },
{ "type": "Feature", "properties": { "ID": 2057201007160, "正式名称": "あかほり薬局", "機関区分": 5, "都道府県コード": 20, "市区町村コード": 220, "所在地": "長野県安曇野市穂高有明１７４８", "緯度": 36.362195, "経度": 137.857362, "url": "https://www.iryou.teikyouseido.mhlw.go.jp/znk-web/juminkanja/S2430/initialize?prefCd=20&kikanCd=7201007160&kikanKbn=5", "url2": null, "内容": "あかほり薬局【5:薬局】長野県安曇野市穂高有明１７４８" }, "geometry": { "type": "Point", "coordinates": [ 137.857362, 36.362195 ] } },
{ "type": "Feature", "properties": { "ID": 2057201007340, "正式名称": "株式会社日医調剤　有明薬局", "機関区分": 5, "都道府県コード": 20, "市区町村コード": 220, "所在地": "長野県安曇野市穂高有明９３９４－８", "緯度": 36.344808, "経度": 137.867612, "url": "https://www.iryou.teikyouseido.mhlw.go.jp/znk-web/juminkanja/S2430/initialize?prefCd=20&kikanCd=7201007340&kikanKbn=5", "url2": "http://www.nichiiko-yamanashi.co.jp/", "内容": "株式会社日医調剤　有明薬局【5:薬局】長野県安曇野市穂高有明９３９４－８" }, "geometry": { "type": "Point", "coordinates": [ 137.867612, 36.344808 ] } },
{ "type": "Feature", "properties": { "ID": 2057201007430, "正式名称": "株式会社日医調剤　あづみ野薬局", "機関区分": 5, "都道府県コード": 20, "市区町村コード": 220, "所在地": "長野県安曇野市豊科４４４３－２", "緯度": 36.295815, "経度": 137.907582, "url": "https://www.iryou.teikyouseido.mhlw.go.jp/znk-web/juminkanja/S2430/initialize?prefCd=20&kikanCd=7201007430&kikanKbn=5", "url2": "http://www.nichiiko-yamanashi.co.jp/", "内容": "株式会社日医調剤　あづみ野薬局【5:薬局】長野県安曇野市豊科４４４３－２" }, "geometry": { "type": "Point", "coordinates": [ 137.907582, 36.295815 ] } },
{ "type": "Feature", "properties": { "ID": 2057201007610, "正式名称": "薬局　マツモトキヨシあづみの堀金店", "機関区分": 5, "都道府県コード": 20, "市区町村コード": 220, "所在地": "長野県安曇野市堀金烏川５０５２－１", "緯度": 36.304341, "経度": 137.876085, "url": "https://www.iryou.teikyouseido.mhlw.go.jp/znk-web/juminkanja/S2430/initialize?prefCd=20&kikanCd=7201007610&kikanKbn=5", "url2": null, "内容": "薬局　マツモトキヨシあづみの堀金店【5:薬局】長野県安曇野市堀金烏川５０５２－１" }, "geometry": { "type": "Point", "coordinates": [ 137.876085, 36.304341 ] } },
{ "type": "Feature", "properties": { "ID": 2057201007990, "正式名称": "シマヤ薬局", "機関区分": 5, "都道府県コード": 20, "市区町村コード": 220, "所在地": "長野県安曇野市穂高２５７９－７", "緯度": 36.338337, "経度": 137.888499, "url": "https://www.iryou.teikyouseido.mhlw.go.jp/znk-web/juminkanja/S2430/initialize?prefCd=20&kikanCd=7201007990&kikanKbn=5", "url2": null, "内容": "シマヤ薬局【5:薬局】長野県安曇野市穂高２５７９－７" }, "geometry": { "type": "Point", "coordinates": [ 137.888499, 36.338337 ] } },
{ "type": "Feature", "properties": { "ID": 2057201008050, "正式名称": "あづみ野西口薬局", "機関区分": 5, "都道府県コード": 20, "市区町村コード": 220, "所在地": "長野県安曇野市穂高４５９８－４", "緯度": 36.343059, "経度": 137.887221, "url": "https://www.iryou.teikyouseido.mhlw.go.jp/znk-web/juminkanja/S2430/initialize?prefCd=20&kikanCd=7201008050&kikanKbn=5", "url2": "http://www.moriki-group.info/", "内容": "あづみ野西口薬局【5:薬局】長野県安曇野市穂高４５９８－４" }, "geometry": { "type": "Point", "coordinates": [ 137.887221, 36.343059 ] } },
{ "type": "Feature", "properties": { "ID": 2057201008140, "正式名称": "芍薬堂", "機関区分": 5, "都道府県コード": 20, "市区町村コード": 220, "所在地": "長野県安曇野市穂高有明７３５４－６", "緯度": 36.3635, "経度": 137.848835, "url": "https://www.iryou.teikyouseido.mhlw.go.jp/znk-web/juminkanja/S2430/initialize?prefCd=20&kikanCd=7201008140&kikanKbn=5", "url2": "http://www.shakuyakudo.com", "内容": "芍薬堂【5:薬局】長野県安曇野市穂高有明７３５４－６" }, "geometry": { "type": "Point", "coordinates": [ 137.848835, 36.3635 ] } },
{ "type": "Feature", "properties": { "ID": 2057201008230, "正式名称": "三郷ナカジマ薬局", "機関区分": 5, "都道府県コード": 20, "市区町村コード": 220, "所在地": "長野県安曇野市三郷温２９８７－１２", "緯度": 36.250625, "経度": 137.883503, "url": "https://www.iryou.teikyouseido.mhlw.go.jp/znk-web/juminkanja/S2430/initialize?prefCd=20&kikanCd=7201008230&kikanKbn=5", "url2": null, "内容": "三郷ナカジマ薬局【5:薬局】長野県安曇野市三郷温２９８７－１２" }, "geometry": { "type": "Point", "coordinates": [ 137.883503, 36.250625 ] } },
{ "type": "Feature", "properties": { "ID": 2057201008320, "正式名称": "株式会社日医調剤　健心堂薬局", "機関区分": 5, "都道府県コード": 20, "市区町村コード": 220, "所在地": "長野県安曇野市穂高８２６４－１", "緯度": 36.332615, "経度": 137.866279, "url": "https://www.iryou.teikyouseido.mhlw.go.jp/znk-web/juminkanja/S2430/initialize?prefCd=20&kikanCd=7201008320&kikanKbn=5", "url2": "http://www.nichiiko-yamanashi.co.jp/", "内容": "株式会社日医調剤　健心堂薬局【5:薬局】長野県安曇野市穂高８２６４－１" }, "geometry": { "type": "Point", "coordinates": [ 137.866279, 36.332615 ] } },
{ "type": "Feature", "properties": { "ID": 2057201101040, "正式名称": "有限会社　林薬局", "機関区分": 5, "都道府県コード": 20, "市区町村コード": 212, "所在地": "長野県大町市大町３１７２－１１", "緯度": 36.499651, "経度": 137.860051, "url": "https://www.iryou.teikyouseido.mhlw.go.jp/znk-web/juminkanja/S2430/initialize?prefCd=20&kikanCd=7201101040&kikanKbn=5", "url2": "https://hayashiyakkyoku.qwc.jp/", "内容": "有限会社　林薬局【5:薬局】長野県大町市大町３１７２－１１" }, "geometry": { "type": "Point", "coordinates": [ 137.860051, 36.499651 ] } },
{ "type": "Feature", "properties": { "ID": 2057201102490, "正式名称": "有限会社カネリキ山口薬局", "機関区分": 5, "都道府県コード": 20, "市区町村コード": 212, "所在地": "長野県大町市大町２２６１－１", "緯度": 36.511262, "経度": 137.857544, "url": "https://www.iryou.teikyouseido.mhlw.go.jp/znk-web/juminkanja/S2430/initialize?prefCd=20&kikanCd=7201102490&kikanKbn=5", "url2": null, "内容": "有限会社カネリキ山口薬局【5:薬局】長野県大町市大町２２６１－１" }, "geometry": { "type": "Point", "coordinates": [ 137.857544, 36.511262 ] } },
{ "type": "Feature", "properties": { "ID": 2057201102580, "正式名称": "有限会社内川薬局板取", "機関区分": 5, "都道府県コード": 20, "市区町村コード": 482, "所在地": "長野県北安曇郡松川村５７２３－２０６", "緯度": 36.424076, "経度": 137.854387, "url": "https://www.iryou.teikyouseido.mhlw.go.jp/znk-web/juminkanja/S2430/initialize?prefCd=20&kikanCd=7201102580&kikanKbn=5", "url2": "https://www.uchikawa-pharmacy.com/", "内容": "有限会社内川薬局板取【5:薬局】長野県北安曇郡松川村５７２３－２０６" }, "geometry": { "type": "Point", "coordinates": [ 137.854387, 36.424076 ] } },
{ "type": "Feature", "properties": { "ID": 2057201102670, "正式名称": "太田薬局", "機関区分": 5, "都道府県コード": 20, "市区町村コード": 485, "所在地": "長野県北安曇郡白馬村北城６０２９番地", "緯度": 36.694679, "経度": 137.862128, "url": "https://www.iryou.teikyouseido.mhlw.go.jp/znk-web/juminkanja/S2430/initialize?prefCd=20&kikanCd=7201102670&kikanKbn=5", "url2": "https://ohta-yakkyoku.com", "内容": "太田薬局【5:薬局】長野県北安曇郡白馬村北城６０２９番地" }, "geometry": { "type": "Point", "coordinates": [ 137.862128, 36.694679 ] } },
{ "type": "Feature", "properties": { "ID": 2057201104090, "正式名称": "スヤマ薬局あいそめ", "機関区分": 5, "都道府県コード": 20, "市区町村コード": 481, "所在地": "長野県北安曇郡池田町会染４８３１－４", "緯度": 36.399886, "経度": 137.883969, "url": "https://www.iryou.teikyouseido.mhlw.go.jp/znk-web/juminkanja/S2430/initialize?prefCd=20&kikanCd=7201104090&kikanKbn=5", "url2": "https://www.fmi-mirai.com/", "内容": "スヤマ薬局あいそめ【5:薬局】長野県北安曇郡池田町会染４８３１－４" }, "geometry": { "type": "Point", "coordinates": [ 137.883969, 36.399886 ] } },
{ "type": "Feature", "properties": { "ID": 2057201104360, "正式名称": "白馬アップル薬局", "機関区分": 5, "都道府県コード": 20, "市区町村コード": 485, "所在地": "長野県北安曇郡白馬村北城８７１８", "緯度": 36.701078, "経度": 137.865168, "url": "https://www.iryou.teikyouseido.mhlw.go.jp/znk-web/juminkanja/S2430/initialize?prefCd=20&kikanCd=7201104360&kikanKbn=5", "url2": null, "内容": "白馬アップル薬局【5:薬局】長野県北安曇郡白馬村北城８７１８" }, "geometry": { "type": "Point", "coordinates": [ 137.865168, 36.701078 ] } },
{ "type": "Feature", "properties": { "ID": 2057201104540, "正式名称": "有限会社　キムラ薬局", "機関区分": 5, "都道府県コード": 20, "市区町村コード": 481, "所在地": "長野県北安曇郡池田町池田３０９４－１", "緯度": 36.423216, "経度": 137.873108, "url": "https://www.iryou.teikyouseido.mhlw.go.jp/znk-web/juminkanja/S2430/initialize?prefCd=20&kikanCd=7201104540&kikanKbn=5", "url2": null, "内容": "有限会社　キムラ薬局【5:薬局】長野県北安曇郡池田町池田３０９４－１" }, "geometry": { "type": "Point", "coordinates": [ 137.873108, 36.423216 ] } },
{ "type": "Feature", "properties": { "ID": 2057201105070, "正式名称": "かみいち林薬局", "機関区分": 5, "都道府県コード": 20, "市区町村コード": 212, "所在地": "長野県大町市常盤５８９７－５５", "緯度": 36.480736, "経度": 137.850636, "url": "https://www.iryou.teikyouseido.mhlw.go.jp/znk-web/juminkanja/S2430/initialize?prefCd=20&kikanCd=7201105070&kikanKbn=5", "url2": "https://hayashiyakkyoku.qwc.jp", "内容": "かみいち林薬局【5:薬局】長野県大町市常盤５８９７－５５" }, "geometry": { "type": "Point", "coordinates": [ 137.850636, 36.480736 ] } },
{ "type": "Feature", "properties": { "ID": 2057201105250, "正式名称": "れんげ薬局", "機関区分": 5, "都道府県コード": 20, "市区町村コード": 212, "所在地": "長野県大町市大町３１１５－７", "緯度": 36.500623, "経度": 137.857273, "url": "https://www.iryou.teikyouseido.mhlw.go.jp/znk-web/juminkanja/S2430/initialize?prefCd=20&kikanCd=7201105250&kikanKbn=5", "url2": "http://www.omachi-renge.com", "内容": "れんげ薬局【5:薬局】長野県大町市大町３１１５－７" }, "geometry": { "type": "Point", "coordinates": [ 137.857273, 36.500623 ] } },
{ "type": "Feature", "properties": { "ID": 2057201105340, "正式名称": "轟薬局", "機関区分": 5, "都道府県コード": 20, "市区町村コード": 212, "所在地": "長野県大町市常盤３５５１－１５", "緯度": 36.471376, "経度": 137.847886, "url": "https://www.iryou.teikyouseido.mhlw.go.jp/znk-web/juminkanja/S2430/initialize?prefCd=20&kikanCd=7201105340&kikanKbn=5", "url2": null, "内容": "轟薬局【5:薬局】長野県大町市常盤３５５１－１５" }, "geometry": { "type": "Point", "coordinates": [ 137.847886, 36.471376 ] } },
{ "type": "Feature", "properties": { "ID": 2057201105520, "正式名称": "フロンティア薬局安曇野店", "機関区分": 5, "都道府県コード": 20, "市区町村コード": 481, "所在地": "長野県北安曇郡池田町池田３－３１５３－１", "緯度": 36.422188, "経度": 137.873997, "url": "https://www.iryou.teikyouseido.mhlw.go.jp/znk-web/juminkanja/S2430/initialize?prefCd=20&kikanCd=7201105520&kikanKbn=5", "url2": null, "内容": "フロンティア薬局安曇野店【5:薬局】長野県北安曇郡池田町池田３－３１５３－１" }, "geometry": { "type": "Point", "coordinates": [ 137.873997, 36.422188 ] } },
{ "type": "Feature", "properties": { "ID": 2057201105800, "正式名称": "高瀬薬局", "機関区分": 5, "都道府県コード": 20, "市区町村コード": 481, "所在地": "長野県北安曇郡池田町池田３１０１－４０", "緯度": 36.422904, "経度": 137.872579, "url": "https://www.iryou.teikyouseido.mhlw.go.jp/znk-web/juminkanja/S2430/initialize?prefCd=20&kikanCd=7201105800&kikanKbn=5", "url2": null, "内容": "高瀬薬局【5:薬局】長野県北安曇郡池田町池田３１０１－４０" }, "geometry": { "type": "Point", "coordinates": [ 137.872579, 36.422904 ] } },
{ "type": "Feature", "properties": { "ID": 2057201106320, "正式名称": "はなのき林薬局", "機関区分": 5, "都道府県コード": 20, "市区町村コード": 212, "所在地": "長野県大町市大町３５０２－１０", "緯度": 36.499457, "経度": 137.854329, "url": "https://www.iryou.teikyouseido.mhlw.go.jp/znk-web/juminkanja/S2430/initialize?prefCd=20&kikanCd=7201106320&kikanKbn=5", "url2": "https://hayashiyakkyoku.qwc.jp/", "内容": "はなのき林薬局【5:薬局】長野県大町市大町３５０２－１０" }, "geometry": { "type": "Point", "coordinates": [ 137.854329, 36.499457 ] } },
{ "type": "Feature", "properties": { "ID": 2057201106410, "正式名称": "フジノヤ薬局", "機関区分": 5, "都道府県コード": 20, "市区町村コード": 485, "所在地": "長野県北安曇郡白馬村神城２２５０１－１", "緯度": 36.648467, "経度": 137.853184, "url": "https://www.iryou.teikyouseido.mhlw.go.jp/znk-web/juminkanja/S2430/initialize?prefCd=20&kikanCd=7201106410&kikanKbn=5", "url2": null, "内容": "フジノヤ薬局【5:薬局】長野県北安曇郡白馬村神城２２５０１－１" }, "geometry": { "type": "Point", "coordinates": [ 137.853184, 36.648467 ] } },
{ "type": "Feature", "properties": { "ID": 2057201106510, "正式名称": "すみれ薬局", "機関区分": 5, "都道府県コード": 20, "市区町村コード": 482, "所在地": "長野県北安曇郡松川村５７２１－２０６７", "緯度": 36.424076, "経度": 137.854387, "url": "https://www.iryou.teikyouseido.mhlw.go.jp/znk-web/juminkanja/S2430/initialize?prefCd=20&kikanCd=7201106510&kikanKbn=5", "url2": "https://www.uchikawa-pharmacy.com", "内容": "すみれ薬局【5:薬局】長野県北安曇郡松川村５７２１－２０６７" }, "geometry": { "type": "Point", "coordinates": [ 137.854387, 36.424076 ] } },
{ "type": "Feature", "properties": { "ID": 2057201106790, "正式名称": "なつめ薬局", "機関区分": 5, "都道府県コード": 20, "市区町村コード": 481, "所在地": "長野県北安曇郡池田町池田２５３７－４０", "緯度": 36.412328, "経度": 137.88083, "url": "https://www.iryou.teikyouseido.mhlw.go.jp/znk-web/juminkanja/S2430/initialize?prefCd=20&kikanCd=7201106790&kikanKbn=5", "url2": null, "内容": "なつめ薬局【5:薬局】長野県北安曇郡池田町池田２５３７－４０" }, "geometry": { "type": "Point", "coordinates": [ 137.88083, 36.412328 ] } },
{ "type": "Feature", "properties": { "ID": 2057201106880, "正式名称": "タカミ薬局", "機関区分": 5, "都道府県コード": 20, "市区町村コード": 212, "所在地": "長野県大町市大町２５４３", "緯度": 36.50537, "経度": 137.859388, "url": "https://www.iryou.teikyouseido.mhlw.go.jp/znk-web/juminkanja/S2430/initialize?prefCd=20&kikanCd=7201106880&kikanKbn=5", "url2": null, "内容": "タカミ薬局【5:薬局】長野県大町市大町２５４３" }, "geometry": { "type": "Point", "coordinates": [ 137.859388, 36.50537 ] } },
{ "type": "Feature", "properties": { "ID": 2057201106970, "正式名称": "いちご薬局", "機関区分": 5, "都道府県コード": 20, "市区町村コード": 212, "所在地": "長野県大町市大町３１４５－２", "緯度": 36.500602, "経度": 137.85893, "url": "https://www.iryou.teikyouseido.mhlw.go.jp/znk-web/juminkanja/S2430/initialize?prefCd=20&kikanCd=7201106970&kikanKbn=5", "url2": "http://ggwh.jp", "内容": "いちご薬局【5:薬局】長野県大町市大町３１４５－２" }, "geometry": { "type": "Point", "coordinates": [ 137.85893, 36.500602 ] } },
{ "type": "Feature", "properties": { "ID": 2057201107030, "正式名称": "アーク調剤薬局　長野大町店", "機関区分": 5, "都道府県コード": 20, "市区町村コード": 212, "所在地": "長野県大町市大町３１９０ー２６", "緯度": 36.500623, "経度": 137.862525, "url": "https://www.iryou.teikyouseido.mhlw.go.jp/znk-web/juminkanja/S2430/initialize?prefCd=20&kikanCd=7201107030&kikanKbn=5", "url2": "http://www.arc-m.co.jp", "内容": "アーク調剤薬局　長野大町店【5:薬局】長野県大町市大町３１９０ー２６" }, "geometry": { "type": "Point", "coordinates": [ 137.862525, 36.500623 ] } },
{ "type": "Feature", "properties": { "ID": 2057201107120, "正式名称": "フロンティア薬局安曇野池田町店", "機関区分": 5, "都道府県コード": 20, "市区町村コード": 481, "所在地": "長野県北安曇郡池田町池田３２０９‐８", "緯度": 36.420819, "経度": 137.874191, "url": "https://www.iryou.teikyouseido.mhlw.go.jp/znk-web/juminkanja/S2430/initialize?prefCd=20&kikanCd=7201107120&kikanKbn=5", "url2": "https://www.frontier-ph.com", "内容": "フロンティア薬局安曇野池田町店【5:薬局】長野県北安曇郡池田町池田３２０９‐８" }, "geometry": { "type": "Point", "coordinates": [ 137.874191, 36.420819 ] } },
{ "type": "Feature", "properties": { "ID": 2057201107210, "正式名称": "日本調剤　北アルプス薬局", "機関区分": 5, "都道府県コード": 20, "市区町村コード": 481, "所在地": "長野県北安曇郡池田町大字池田３１５０番１", "緯度": 36.42266, "経度": 137.878766, "url": "https://www.iryou.teikyouseido.mhlw.go.jp/znk-web/juminkanja/S2430/initialize?prefCd=20&kikanCd=7201107210&kikanKbn=5", "url2": "https://www.nicho.co.jp/tenpo/kitaalps/", "内容": "日本調剤　北アルプス薬局【5:薬局】長野県北安曇郡池田町大字池田３１５０番１" }, "geometry": { "type": "Point", "coordinates": [ 137.878766, 36.42266 ] } },
{ "type": "Feature", "properties": { "ID": 2057201107310, "正式名称": "白樺薬局", "機関区分": 5, "都道府県コード": 20, "市区町村コード": 481, "所在地": "長野県北安曇郡池田町池田３３４２ー１３", "緯度": 36.417578, "経度": 137.876657, "url": "https://www.iryou.teikyouseido.mhlw.go.jp/znk-web/juminkanja/S2430/initialize?prefCd=20&kikanCd=7201107310&kikanKbn=5", "url2": null, "内容": "白樺薬局【5:薬局】長野県北安曇郡池田町池田３３４２ー１３" }, "geometry": { "type": "Point", "coordinates": [ 137.876657, 36.417578 ] } },
{ "type": "Feature", "properties": { "ID": 2057201107400, "正式名称": "ナシダ薬局", "機関区分": 5, "都道府県コード": 20, "市区町村コード": 482, "所在地": "長野県北安曇郡松川村５７８８－３", "緯度": 36.413891, "経度": 137.858654, "url": "https://www.iryou.teikyouseido.mhlw.go.jp/znk-web/juminkanja/S2430/initialize?prefCd=20&kikanCd=7201107400&kikanKbn=5", "url2": "http://ggwh.jp", "内容": "ナシダ薬局【5:薬局】長野県北安曇郡松川村５７８８－３" }, "geometry": { "type": "Point", "coordinates": [ 137.858654, 36.413891 ] } },
{ "type": "Feature", "properties": { "ID": 2057201107680, "正式名称": "大町常盤とをしや薬局", "機関区分": 5, "都道府県コード": 20, "市区町村コード": 212, "所在地": "長野県大町市常盤５８６８－９", "緯度": 36.480625, "経度": 137.852996, "url": "https://www.iryou.teikyouseido.mhlw.go.jp/znk-web/juminkanja/S2430/initialize?prefCd=20&kikanCd=7201107680&kikanKbn=5", "url2": "https://www.welcia-yakkyoku.co.jp/", "内容": "大町常盤とをしや薬局【5:薬局】長野県大町市常盤５８６８－９" }, "geometry": { "type": "Point", "coordinates": [ 137.852996, 36.480625 ] } },
{ "type": "Feature", "properties": { "ID": 2057201107770, "正式名称": "池田とをしや薬局", "機関区分": 5, "都道府県コード": 20, "市区町村コード": 481, "所在地": "長野県北安曇郡池田町大字会染５６０１ー１", "緯度": 36.394152, "経度": 137.8767, "url": "https://www.iryou.teikyouseido.mhlw.go.jp/znk-web/juminkanja/S2430/initialize?prefCd=20&kikanCd=7201107770&kikanKbn=5", "url2": "http://www.towoshiya.com/105/", "内容": "池田とをしや薬局【5:薬局】長野県北安曇郡池田町大字会染５６０１ー１" }, "geometry": { "type": "Point", "coordinates": [ 137.8767, 36.394152 ] } },
{ "type": "Feature", "properties": { "ID": 2057201107860, "正式名称": "松川とをしや薬局", "機関区分": 5, "都道府県コード": 20, "市区町村コード": 482, "所在地": "長野県北安曇郡松川村東川原５７２８ー１８０", "緯度": 36.424076, "経度": 137.854387, "url": "https://www.iryou.teikyouseido.mhlw.go.jp/znk-web/juminkanja/S2430/initialize?prefCd=20&kikanCd=7201107860&kikanKbn=5", "url2": "https://store.welcia.co.jp/welcia/spot/detail?code=8424D", "内容": "松川とをしや薬局【5:薬局】長野県北安曇郡松川村東川原５７２８ー１８０" }, "geometry": { "type": "Point", "coordinates": [ 137.854387, 36.424076 ] } },
{ "type": "Feature", "properties": { "ID": 2057201107950, "正式名称": "アイン薬局あづみ池田店", "機関区分": 5, "都道府県コード": 20, "市区町村コード": 481, "所在地": "長野県北安曇郡池田町池田３１５２－１", "緯度": 36.42241, "経度": 137.873469, "url": "https://www.iryou.teikyouseido.mhlw.go.jp/znk-web/juminkanja/S2430/initialize?prefCd=20&kikanCd=7201107950&kikanKbn=5", "url2": "https://www.ainj.co.jp/", "内容": "アイン薬局あづみ池田店【5:薬局】長野県北安曇郡池田町池田３１５２－１" }, "geometry": { "type": "Point", "coordinates": [ 137.873469, 36.42241 ] } },
{ "type": "Feature", "properties": { "ID": 2057201108010, "正式名称": "クスリのアオキ信濃松川薬局", "機関区分": 5, "都道府県コード": 20, "市区町村コード": 482, "所在地": "長野県北安曇郡松川村５７９４番地４", "緯度": 36.424854, "経度": 137.85515, "url": "https://www.iryou.teikyouseido.mhlw.go.jp/znk-web/juminkanja/S2430/initialize?prefCd=20&kikanCd=7201108010&kikanKbn=5", "url2": "https://www.kusuri-aoki.co.jp/", "内容": "クスリのアオキ信濃松川薬局【5:薬局】長野県北安曇郡松川村５７９４番地４" }, "geometry": { "type": "Point", "coordinates": [ 137.85515, 36.424854 ] } },
{ "type": "Feature", "properties": { "ID": 2057201200110, "正式名称": "海野薬局", "機関区分": 5, "都道府県コード": 20, "市区町村コード": 201, "所在地": "長野県長野市篠ノ井布施高田８４６", "緯度": 36.577483, "経度": 138.141717, "url": "https://www.iryou.teikyouseido.mhlw.go.jp/znk-web/juminkanja/S2430/initialize?prefCd=20&kikanCd=7201200110&kikanKbn=5", "url2": null, "内容": "海野薬局【5:薬局】長野県長野市篠ノ井布施高田８４６" }, "geometry": { "type": "Point", "coordinates": [ 138.141717, 36.577483 ] } },
{ "type": "Feature", "properties": { "ID": 2057201200300, "正式名称": "有限会社　アライ薬局", "機関区分": 5, "都道府県コード": 20, "市区町村コード": 201, "所在地": "長野県長野市篠ノ井布施高田７０６番地１", "緯度": 36.577288, "経度": 138.14244, "url": "https://www.iryou.teikyouseido.mhlw.go.jp/znk-web/juminkanja/S2430/initialize?prefCd=20&kikanCd=7201200300&kikanKbn=5", "url2": null, "内容": "有限会社　アライ薬局【5:薬局】長野県長野市篠ノ井布施高田７０６番地１" }, "geometry": { "type": "Point", "coordinates": [ 138.14244, 36.577288 ] } },
{ "type": "Feature", "properties": { "ID": 2057201201920, "正式名称": "みやいり薬局", "機関区分": 5, "都道府県コード": 20, "市区町村コード": 201, "所在地": "長野県長野市三本柳西１−６８", "緯度": 36.61809, "経度": 138.162769, "url": "https://www.iryou.teikyouseido.mhlw.go.jp/znk-web/juminkanja/S2430/initialize?prefCd=20&kikanCd=7201201920&kikanKbn=5", "url2": null, "内容": "みやいり薬局【5:薬局】長野県長野市三本柳西１−６８" }, "geometry": { "type": "Point", "coordinates": [ 138.162769, 36.61809 ] } },
{ "type": "Feature", "properties": { "ID": 2057201202180, "正式名称": "河野薬局", "機関区分": 5, "都道府県コード": 20, "市区町村コード": 201, "所在地": "長野県長野市川中島町御厨", "緯度": 36.599481, "経度": 138.158548, "url": "https://www.iryou.teikyouseido.mhlw.go.jp/znk-web/juminkanja/S2430/initialize?prefCd=20&kikanCd=7201202180&kikanKbn=5", "url2": null, "内容": "河野薬局【5:薬局】長野県長野市川中島町御厨" }, "geometry": { "type": "Point", "coordinates": [ 138.158548, 36.599481 ] } },
{ "type": "Feature", "properties": { "ID": 2057201203710, "正式名称": "ビヨンド西友南長野薬局", "機関区分": 5, "都道府県コード": 20, "市区町村コード": 201, "所在地": "長野県長野市稲里町中央４ー８－８", "緯度": 36.604036, "経度": 138.168297, "url": "https://www.iryou.teikyouseido.mhlw.go.jp/znk-web/juminkanja/S2430/initialize?prefCd=20&kikanCd=7201203710&kikanKbn=5", "url2": "https://www.beyond-ph.co.jp", "内容": "ビヨンド西友南長野薬局【5:薬局】長野県長野市稲里町中央４ー８－８" }, "geometry": { "type": "Point", "coordinates": [ 138.168297, 36.604036 ] } },
{ "type": "Feature", "properties": { "ID": 2057201203990, "正式名称": "みなみ薬局", "機関区分": 5, "都道府県コード": 20, "市区町村コード": 201, "所在地": "長野県長野市稲里町中央４－１７－８", "緯度": 36.605711, "経度": 138.166173, "url": "https://www.iryou.teikyouseido.mhlw.go.jp/znk-web/juminkanja/S2430/initialize?prefCd=20&kikanCd=7201203990&kikanKbn=5", "url2": "http://minamip.com", "内容": "みなみ薬局【5:薬局】長野県長野市稲里町中央４－１７－８" }, "geometry": { "type": "Point", "coordinates": [ 138.166173, 36.605711 ] } },
{ "type": "Feature", "properties": { "ID": 2057201204050, "正式名称": "有限会社　あかね薬局", "機関区分": 5, "都道府県コード": 20, "市区町村コード": 201, "所在地": "長野県長野市篠ノ井布施高田７８－１", "緯度": 36.575797, "経度": 138.152671, "url": "https://www.iryou.teikyouseido.mhlw.go.jp/znk-web/juminkanja/S2430/initialize?prefCd=20&kikanCd=7201204050&kikanKbn=5", "url2": null, "内容": "有限会社　あかね薬局【5:薬局】長野県長野市篠ノ井布施高田７８－１" }, "geometry": { "type": "Point", "coordinates": [ 138.152671, 36.575797 ] } },
{ "type": "Feature", "properties": { "ID": 2057201204140, "正式名称": "やまびこ薬局", "機関区分": 5, "都道府県コード": 20, "市区町村コード": 201, "所在地": "長野県長野市篠ノ井会１４－８", "緯度": 36.575233, "経度": 138.144939, "url": "https://www.iryou.teikyouseido.mhlw.go.jp/znk-web/juminkanja/S2430/initialize?prefCd=20&kikanCd=7201204140&kikanKbn=5", "url2": null, "内容": "やまびこ薬局【5:薬局】長野県長野市篠ノ井会１４－８" }, "geometry": { "type": "Point", "coordinates": [ 138.144939, 36.575233 ] } },
{ "type": "Feature", "properties": { "ID": 2057201205030, "正式名称": "川中島あすなろ薬局", "機関区分": 5, "都道府県コード": 20, "市区町村コード": 201, "所在地": "長野県長野市川中島町御厨８４９－１", "緯度": 36.601342, "経度": 138.160187, "url": "https://www.iryou.teikyouseido.mhlw.go.jp/znk-web/juminkanja/S2430/initialize?prefCd=20&kikanCd=7201205030&kikanKbn=5", "url2": "http://www.asunaro-ph.com/", "内容": "川中島あすなろ薬局【5:薬局】長野県長野市川中島町御厨８４９－１" }, "geometry": { "type": "Point", "coordinates": [ 138.160187, 36.601342 ] } },
{ "type": "Feature", "properties": { "ID": 2057201205120, "正式名称": "株式会社コーホク薬局", "機関区分": 5, "都道府県コード": 20, "市区町村コード": 201, "所在地": "長野県長野市青木島町青木島乙６２３－１", "緯度": 36.617868, "経度": 138.182073, "url": "https://www.iryou.teikyouseido.mhlw.go.jp/znk-web/juminkanja/S2430/initialize?prefCd=20&kikanCd=7201205120&kikanKbn=5", "url2": null, "内容": "株式会社コーホク薬局【5:薬局】長野県長野市青木島町青木島乙６２３－１" }, "geometry": { "type": "Point", "coordinates": [ 138.182073, 36.617868 ] } },
{ "type": "Feature", "properties": { "ID": 2057201205210, "正式名称": "ましま薬局", "機関区分": 5, "都道府県コード": 20, "市区町村コード": 201, "所在地": "長野県長野市真島町真島２２０７", "緯度": 36.604565, "経度": 138.208433, "url": "https://www.iryou.teikyouseido.mhlw.go.jp/znk-web/juminkanja/S2430/initialize?prefCd=20&kikanCd=7201205210&kikanKbn=5", "url2": "http://www.yoshida-yakugyo.com/", "内容": "ましま薬局【5:薬局】長野県長野市真島町真島２２０７" }, "geometry": { "type": "Point", "coordinates": [ 138.208433, 36.604565 ] } },
{ "type": "Feature", "properties": { "ID": 2057201205770, "正式名称": "関さんの薬局", "機関区分": 5, "都道府県コード": 20, "市区町村コード": 201, "所在地": "長野県長野市篠ノ井杵淵４７－３", "緯度": 36.582206, "経度": 138.18838, "url": "https://www.iryou.teikyouseido.mhlw.go.jp/znk-web/juminkanja/S2430/initialize?prefCd=20&kikanCd=7201205770&kikanKbn=5", "url2": null, "内容": "関さんの薬局【5:薬局】長野県長野市篠ノ井杵淵４７－３" }, "geometry": { "type": "Point", "coordinates": [ 138.18838, 36.582206 ] } },
{ "type": "Feature", "properties": { "ID": 2057201205860, "正式名称": "篠ノ井駅前薬局", "機関区分": 5, "都道府県コード": 20, "市区町村コード": 201, "所在地": "長野県長野市篠ノ井布施高田８７２", "緯度": 36.577455, "経度": 138.139912, "url": "https://www.iryou.teikyouseido.mhlw.go.jp/znk-web/juminkanja/S2430/initialize?prefCd=20&kikanCd=7201205860&kikanKbn=5", "url2": "http://www.iseyayakkyoku.co.jp", "内容": "篠ノ井駅前薬局【5:薬局】長野県長野市篠ノ井布施高田８７２" }, "geometry": { "type": "Point", "coordinates": [ 138.139912, 36.577455 ] } },
{ "type": "Feature", "properties": { "ID": 2057201206200, "正式名称": "川中島ひとみ薬局", "機関区分": 5, "都道府県コード": 20, "市区町村コード": 201, "所在地": "長野県長野市川中島町御厨１１４３", "緯度": 36.59337, "経度": 138.159326, "url": "https://www.iryou.teikyouseido.mhlw.go.jp/znk-web/juminkanja/S2430/initialize?prefCd=20&kikanCd=7201206200&kikanKbn=5", "url2": "http://www.moriki-group.info/moriki-groupsearch/2012/08/post-108.php", "内容": "川中島ひとみ薬局【5:薬局】長野県長野市川中島町御厨１１４３" }, "geometry": { "type": "Point", "coordinates": [ 138.159326, 36.59337 ] } },
{ "type": "Feature", "properties": { "ID": 2057201206390, "正式名称": "西巻薬局", "機関区分": 5, "都道府県コード": 20, "市区町村コード": 201, "所在地": "長野県長野市川中島町上氷鉋８５２－１", "緯度": 36.611174, "経度": 138.159937, "url": "https://www.iryou.teikyouseido.mhlw.go.jp/znk-web/juminkanja/S2430/initialize?prefCd=20&kikanCd=7201206390&kikanKbn=5", "url2": null, "内容": "西巻薬局【5:薬局】長野県長野市川中島町上氷鉋８５２－１" }, "geometry": { "type": "Point", "coordinates": [ 138.159937, 36.611174 ] } },
{ "type": "Feature", "properties": { "ID": 2057201206570, "正式名称": "しんえい薬局", "機関区分": 5, "都道府県コード": 20, "市区町村コード": 201, "所在地": "長野県長野市合戦場", "緯度": 36.579872, "経度": 138.154577, "url": "https://www.iryou.teikyouseido.mhlw.go.jp/znk-web/juminkanja/S2430/initialize?prefCd=20&kikanCd=7201206570&kikanKbn=5", "url2": null, "内容": "しんえい薬局【5:薬局】長野県長野市合戦場" }, "geometry": { "type": "Point", "coordinates": [ 138.154577, 36.579872 ] } },
{ "type": "Feature", "properties": { "ID": 2057201206660, "正式名称": "（有）東和田薬局　こうとく薬局", "機関区分": 5, "都道府県コード": 20, "市区町村コード": 201, "所在地": "長野県長野市稲里町田牧１３２４－１", "緯度": 36.591204, "経度": 138.17402, "url": "https://www.iryou.teikyouseido.mhlw.go.jp/znk-web/juminkanja/S2430/initialize?prefCd=20&kikanCd=7201206660&kikanKbn=5", "url2": null, "内容": "（有）東和田薬局　こうとく薬局【5:薬局】長野県長野市稲里町田牧１３２４－１" }, "geometry": { "type": "Point", "coordinates": [ 138.17402, 36.591204 ] } },
{ "type": "Feature", "properties": { "ID": 2057201206750, "正式名称": "薬局　マツモトキヨシ長野南店", "機関区分": 5, "都道府県コード": 20, "市区町村コード": 201, "所在地": "長野県長野市稲里町中央１－２１－１", "緯度": 36.604369, "経度": 138.172658, "url": "https://www.iryou.teikyouseido.mhlw.go.jp/znk-web/juminkanja/S2430/initialize?prefCd=20&kikanCd=7201206750&kikanKbn=5", "url2": "https://www.matsukiyo.co.jp/map/mk-koushinetsu/", "内容": "薬局　マツモトキヨシ長野南店【5:薬局】長野県長野市稲里町中央１－２１－１" }, "geometry": { "type": "Point", "coordinates": [ 138.172658, 36.604369 ] } },
{ "type": "Feature", "properties": { "ID": 2057201206930, "正式名称": "すみれ調剤薬局", "機関区分": 5, "都道府県コード": 20, "市区町村コード": 201, "所在地": "長野県長野市篠ノ井布施五明３３１２", "緯度": 36.581396, "経度": 138.128729, "url": "https://www.iryou.teikyouseido.mhlw.go.jp/znk-web/juminkanja/S2430/initialize?prefCd=20&kikanCd=7201206930&kikanKbn=5", "url2": null, "内容": "すみれ調剤薬局【5:薬局】長野県長野市篠ノ井布施五明３３１２" }, "geometry": { "type": "Point", "coordinates": [ 138.128729, 36.581396 ] } },
{ "type": "Feature", "properties": { "ID": 2057201207190, "正式名称": "稲里あすなろ薬局", "機関区分": 5, "都道府県コード": 20, "市区町村コード": 201, "所在地": "長野県長野市稲里町中氷鉋２０６４", "緯度": 36.608341, "経度": 138.169686, "url": "https://www.iryou.teikyouseido.mhlw.go.jp/znk-web/juminkanja/S2430/initialize?prefCd=20&kikanCd=7201207190&kikanKbn=5", "url2": "http://www.asunaro-ph.sakura.ne.jp", "内容": "稲里あすなろ薬局【5:薬局】長野県長野市稲里町中氷鉋２０６４" }, "geometry": { "type": "Point", "coordinates": [ 138.169686, 36.608341 ] } },
{ "type": "Feature", "properties": { "ID": 2057201207460, "正式名称": "コスモファーマ　川中島薬局", "機関区分": 5, "都道府県コード": 20, "市区町村コード": 201, "所在地": "長野県長野市川中島町原権現堂沖５５３", "緯度": 36.586038, "経度": 138.148716, "url": "https://www.iryou.teikyouseido.mhlw.go.jp/znk-web/juminkanja/S2430/initialize?prefCd=20&kikanCd=7201207460&kikanKbn=5", "url2": "http://www.cosmo-ph.co.jp/", "内容": "コスモファーマ　川中島薬局【5:薬局】長野県長野市川中島町原権現堂沖５５３" }, "geometry": { "type": "Point", "coordinates": [ 138.148716, 36.586038 ] } },
{ "type": "Feature", "properties": { "ID": 2057201207550, "正式名称": "さくら薬局　長野篠ノ井店", "機関区分": 5, "都道府県コード": 20, "市区町村コード": 201, "所在地": "長野県長野市篠ノ井会２３１－５", "緯度": 36.575928, "経度": 138.148578, "url": "https://www.iryou.teikyouseido.mhlw.go.jp/znk-web/juminkanja/S2430/initialize?prefCd=20&kikanCd=7201207550&kikanKbn=5", "url2": "https://www.kraft-net.co.jp/sakura/store/3210/", "内容": "さくら薬局　長野篠ノ井店【5:薬局】長野県長野市篠ノ井会２３１－５" }, "geometry": { "type": "Point", "coordinates": [ 138.148578, 36.575928 ] } },
{ "type": "Feature", "properties": { "ID": 2057201301990, "正式名称": "小岩薬局", "機関区分": 5, "都道府県コード": 20, "市区町村コード": 218, "所在地": "長野県千曲市桜堂５２１", "緯度": 36.53187, "経度": 138.125476, "url": "https://www.iryou.teikyouseido.mhlw.go.jp/znk-web/juminkanja/S2430/initialize?prefCd=20&kikanCd=7201301990&kikanKbn=5", "url2": null, "内容": "小岩薬局【5:薬局】長野県千曲市桜堂５２１" }, "geometry": { "type": "Point", "coordinates": [ 138.125476, 36.53187 ] } },
{ "type": "Feature", "properties": { "ID": 2057201302050, "正式名称": "西沢薬局株式会社", "機関区分": 5, "都道府県コード": 20, "市区町村コード": 218, "所在地": "長野県千曲市上山田温泉３－１６－７", "緯度": 36.476578, "経度": 138.144527, "url": "https://www.iryou.teikyouseido.mhlw.go.jp/znk-web/juminkanja/S2430/initialize?prefCd=20&kikanCd=7201302050&kikanKbn=5", "url2": null, "内容": "西沢薬局株式会社【5:薬局】長野県千曲市上山田温泉３－１６－７" }, "geometry": { "type": "Point", "coordinates": [ 138.144527, 36.476578 ] } },
{ "type": "Feature", "properties": { "ID": 2057201302790, "正式名称": "大井薬局", "機関区分": 5, "都道府県コード": 20, "市区町村コード": 218, "所在地": "長野県千曲市上山田温泉２－１１－２", "緯度": 36.47955, "経度": 138.143832, "url": "https://www.iryou.teikyouseido.mhlw.go.jp/znk-web/juminkanja/S2430/initialize?prefCd=20&kikanCd=7201302790&kikanKbn=5", "url2": "http://www.ooi-yakkyoku.jp/", "内容": "大井薬局【5:薬局】長野県千曲市上山田温泉２－１１－２" }, "geometry": { "type": "Point", "coordinates": [ 138.143832, 36.47955 ] } },
{ "type": "Feature", "properties": { "ID": 2057201302970, "正式名称": "有限会社　正林堂薬局", "機関区分": 5, "都道府県コード": 20, "市区町村コード": 218, "所在地": "長野県千曲市戸倉", "緯度": 36.48841, "経度": 138.149248, "url": "https://www.iryou.teikyouseido.mhlw.go.jp/znk-web/juminkanja/S2430/initialize?prefCd=20&kikanCd=7201302970&kikanKbn=5", "url2": "https://yellowcow16.sakura.ne.jp/", "内容": "有限会社　正林堂薬局【5:薬局】長野県千曲市戸倉" }, "geometry": { "type": "Point", "coordinates": [ 138.149248, 36.48841 ] } },
{ "type": "Feature", "properties": { "ID": 2057201303030, "正式名称": "有限会社　日野屋薬局", "機関区分": 5, "都道府県コード": 20, "市区町村コード": 218, "所在地": "長野県千曲市戸倉２１３０－１", "緯度": 36.484105, "経度": 138.151359, "url": "https://www.iryou.teikyouseido.mhlw.go.jp/znk-web/juminkanja/S2430/initialize?prefCd=20&kikanCd=7201303030&kikanKbn=5", "url2": null, "内容": "有限会社　日野屋薬局【5:薬局】長野県千曲市戸倉２１３０－１" }, "geometry": { "type": "Point", "coordinates": [ 138.151359, 36.484105 ] } },
{ "type": "Feature", "properties": { "ID": 2057201303310, "正式名称": "あんず薬局", "機関区分": 5, "都道府県コード": 20, "市区町村コード": 218, "所在地": "長野県千曲市桜堂３６２－２", "緯度": 36.529155, "経度": 138.122054, "url": "https://www.iryou.teikyouseido.mhlw.go.jp/znk-web/juminkanja/S2430/initialize?prefCd=20&kikanCd=7201303310&kikanKbn=5", "url2": null, "内容": "あんず薬局【5:薬局】長野県千曲市桜堂３６２－２" }, "geometry": { "type": "Point", "coordinates": [ 138.122054, 36.529155 ] } },
{ "type": "Feature", "properties": { "ID": 2057201304570, "正式名称": "有限会社　日野屋薬局", "機関区分": 5, "都道府県コード": 20, "市区町村コード": 521, "所在地": "長野県埴科郡坂城町坂城６４３６", "緯度": 36.46257, "経度": 138.183342, "url": "https://www.iryou.teikyouseido.mhlw.go.jp/znk-web/juminkanja/S2430/initialize?prefCd=20&kikanCd=7201304570&kikanKbn=5", "url2": null, "内容": "有限会社　日野屋薬局【5:薬局】長野県埴科郡坂城町坂城６４３６" }, "geometry": { "type": "Point", "coordinates": [ 138.183342, 36.46257 ] } },
{ "type": "Feature", "properties": { "ID": 2057201304750, "正式名称": "いせや薬局", "機関区分": 5, "都道府県コード": 20, "市区町村コード": 218, "所在地": "長野県千曲市稲荷山８３５", "緯度": 36.534261, "経度": 138.104181, "url": "https://www.iryou.teikyouseido.mhlw.go.jp/znk-web/juminkanja/S2430/initialize?prefCd=20&kikanCd=7201304750&kikanKbn=5", "url2": "http://www.iseyayakkyoku.co.jp", "内容": "いせや薬局【5:薬局】長野県千曲市稲荷山８３５" }, "geometry": { "type": "Point", "coordinates": [ 138.104181, 36.534261 ] } },
{ "type": "Feature", "properties": { "ID": 2057201304930, "正式名称": "南条薬局", "機関区分": 5, "都道府県コード": 20, "市区町村コード": 521, "所在地": "長野県埴科郡坂城町南条７１６２－１", "緯度": 36.424446, "経度": 138.193413, "url": "https://www.iryou.teikyouseido.mhlw.go.jp/znk-web/juminkanja/S2430/initialize?prefCd=20&kikanCd=7201304930&kikanKbn=5", "url2": "minamjoweb.com", "内容": "南条薬局【5:薬局】長野県埴科郡坂城町南条７１６２－１" }, "geometry": { "type": "Point", "coordinates": [ 138.193413, 36.424446 ] } },
{ "type": "Feature", "properties": { "ID": 2057201305000, "正式名称": "ＪＡあんず　いせや薬局", "機関区分": 5, "都道府県コード": 20, "市区町村コード": 218, "所在地": "長野県千曲市雨宮中原３１７", "緯度": 36.54582, "経度": 138.138358, "url": "https://www.iryou.teikyouseido.mhlw.go.jp/znk-web/juminkanja/S2430/initialize?prefCd=20&kikanCd=7201305000&kikanKbn=5", "url2": "http://www.iseyayakkyoku.co.jp", "内容": "ＪＡあんず　いせや薬局【5:薬局】長野県千曲市雨宮中原３１７" }, "geometry": { "type": "Point", "coordinates": [ 138.138358, 36.54582 ] } },
{ "type": "Feature", "properties": { "ID": 2057201305190, "正式名称": "タカチ薬局", "機関区分": 5, "都道府県コード": 20, "市区町村コード": 218, "所在地": "長野県千曲市内川８０１－１", "緯度": 36.509376, "経度": 138.132648, "url": "https://www.iryou.teikyouseido.mhlw.go.jp/znk-web/juminkanja/S2430/initialize?prefCd=20&kikanCd=7201305190&kikanKbn=5", "url2": "http://www.takachi-ph.jp/", "内容": "タカチ薬局【5:薬局】長野県千曲市内川８０１－１" }, "geometry": { "type": "Point", "coordinates": [ 138.132648, 36.509376 ] } },
{ "type": "Feature", "properties": { "ID": 2057201305280, "正式名称": "お日さま薬局", "機関区分": 5, "都道府県コード": 20, "市区町村コード": 218, "所在地": "長野県千曲市小島３１２８", "緯度": 36.532765, "経度": 138.126915, "url": "https://www.iryou.teikyouseido.mhlw.go.jp/znk-web/juminkanja/S2430/initialize?prefCd=20&kikanCd=7201305280&kikanKbn=5", "url2": "http://www.ohisama-nyan-pha.com", "内容": "お日さま薬局【5:薬局】長野県千曲市小島３１２８" }, "geometry": { "type": "Point", "coordinates": [ 138.126915, 36.532765 ] } },
{ "type": "Feature", "properties": { "ID": 2057201305370, "正式名称": "やしろ薬局", "機関区分": 5, "都道府県コード": 20, "市区町村コード": 218, "所在地": "長野県千曲市屋代８５７－１", "緯度": 36.543542, "経度": 138.133497, "url": "https://www.iryou.teikyouseido.mhlw.go.jp/znk-web/juminkanja/S2430/initialize?prefCd=20&kikanCd=7201305370&kikanKbn=5", "url2": null, "内容": "やしろ薬局【5:薬局】長野県千曲市屋代８５７－１" }, "geometry": { "type": "Point", "coordinates": [ 138.133497, 36.543542 ] } },
{ "type": "Feature", "properties": { "ID": 2057201305640, "正式名称": "やまざき薬局", "機関区分": 5, "都道府県コード": 20, "市区町村コード": 218, "所在地": "長野県千曲市上山田温泉４−２３−１６", "緯度": 36.473467, "経度": 138.144277, "url": "https://www.iryou.teikyouseido.mhlw.go.jp/znk-web/juminkanja/S2430/initialize?prefCd=20&kikanCd=7201305640&kikanKbn=5", "url2": null, "内容": "やまざき薬局【5:薬局】長野県千曲市上山田温泉４−２３−１６" }, "geometry": { "type": "Point", "coordinates": [ 138.144277, 36.473467 ] } },
{ "type": "Feature", "properties": { "ID": 2057201305730, "正式名称": "荒井薬局", "機関区分": 5, "都道府県コード": 20, "市区町村コード": 521, "所在地": "長野県埴科郡坂城町中之条８９７－１", "緯度": 36.447805, "経度": 138.192052, "url": "https://www.iryou.teikyouseido.mhlw.go.jp/znk-web/juminkanja/S2430/initialize?prefCd=20&kikanCd=7201305730&kikanKbn=5", "url2": "http://www.shinano-kyorei.jp/members/categories/arai-sakaki.html", "内容": "荒井薬局【5:薬局】長野県埴科郡坂城町中之条８９７－１" }, "geometry": { "type": "Point", "coordinates": [ 138.192052, 36.447805 ] } },
{ "type": "Feature", "properties": { "ID": 2057201305910, "正式名称": "アイン薬局千曲内川店", "機関区分": 5, "都道府県コード": 20, "市区町村コード": 218, "所在地": "長野県千曲市内川８１８－１", "緯度": 36.507518, "経度": 138.13436, "url": "https://www.iryou.teikyouseido.mhlw.go.jp/znk-web/juminkanja/S2430/initialize?prefCd=20&kikanCd=7201305910&kikanKbn=5", "url2": "https://www.ainj.co.jp/", "内容": "アイン薬局千曲内川店【5:薬局】長野県千曲市内川８１８－１" }, "geometry": { "type": "Point", "coordinates": [ 138.13436, 36.507518 ] } },
{ "type": "Feature", "properties": { "ID": 2057201306080, "正式名称": "上戸倉ノリ薬局", "機関区分": 5, "都道府県コード": 20, "市区町村コード": 218, "所在地": "長野県千曲市戸倉１６７６－１", "緯度": 36.48816, "経度": 138.152998, "url": "https://www.iryou.teikyouseido.mhlw.go.jp/znk-web/juminkanja/S2430/initialize?prefCd=20&kikanCd=7201306080&kikanKbn=5", "url2": "http://www.nori-pharmacy.co.jp/tenpo-annai.html", "内容": "上戸倉ノリ薬局【5:薬局】長野県千曲市戸倉１６７６－１" }, "geometry": { "type": "Point", "coordinates": [ 138.152998, 36.48816 ] } },
{ "type": "Feature", "properties": { "ID": 2057201306170, "正式名称": "戸倉いせや薬局", "機関区分": 5, "都道府県コード": 20, "市区町村コード": 218, "所在地": "長野県千曲市上徳間古屋敷３４６－４", "緯度": 36.496603, "経度": 138.144776, "url": "https://www.iryou.teikyouseido.mhlw.go.jp/znk-web/juminkanja/S2430/initialize?prefCd=20&kikanCd=7201306170&kikanKbn=5", "url2": "http://www.iseyayakkyoku.co.jp", "内容": "戸倉いせや薬局【5:薬局】長野県千曲市上徳間古屋敷３４６－４" }, "geometry": { "type": "Point", "coordinates": [ 138.144776, 36.496603 ] } },
{ "type": "Feature", "properties": { "ID": 2057201306260, "正式名称": "信州調剤薬局", "機関区分": 5, "都道府県コード": 20, "市区町村コード": 218, "所在地": "長野県千曲市杭瀬下３－１８１", "緯度": 36.531821, "経度": 138.116805, "url": "https://www.iryou.teikyouseido.mhlw.go.jp/znk-web/juminkanja/S2430/initialize?prefCd=20&kikanCd=7201306260&kikanKbn=5", "url2": "http://e-pharmacy.co.jp", "内容": "信州調剤薬局【5:薬局】長野県千曲市杭瀬下３－１８１" }, "geometry": { "type": "Point", "coordinates": [ 138.116805, 36.531821 ] } },
{ "type": "Feature", "properties": { "ID": 2057201306530, "正式名称": "幸高中島ファミリー薬局", "機関区分": 5, "都道府県コード": 20, "市区町村コード": 207, "所在地": "長野県須坂市幸高町苅谷２７４ー２", "緯度": 36.639591, "経度": 138.286119, "url": "https://www.iryou.teikyouseido.mhlw.go.jp/znk-web/juminkanja/S2430/initialize?prefCd=20&kikanCd=7201306530&kikanKbn=5", "url2": null, "内容": "幸高中島ファミリー薬局【5:薬局】長野県須坂市幸高町苅谷２７４ー２" }, "geometry": { "type": "Point", "coordinates": [ 138.286119, 36.639591 ] } },
{ "type": "Feature", "properties": { "ID": 2057201306710, "正式名称": "八幡中島ファミリー薬局", "機関区分": 5, "都道府県コード": 20, "市区町村コード": 207, "所在地": "長野県須坂市墨坂２－７－１２", "緯度": 36.647479, "経度": 138.299867, "url": "https://www.iryou.teikyouseido.mhlw.go.jp/znk-web/juminkanja/S2430/initialize?prefCd=20&kikanCd=7201306710&kikanKbn=5", "url2": "http://www.mk-koushinetsu.co.jp", "内容": "八幡中島ファミリー薬局【5:薬局】長野県須坂市墨坂２－７－１２" }, "geometry": { "type": "Point", "coordinates": [ 138.299867, 36.647479 ] } },
{ "type": "Feature", "properties": { "ID": 2057201306810, "正式名称": "パセリ薬局", "機関区分": 5, "都道府県コード": 20, "市区町村コード": 207, "所在地": "長野県須坂市上八町１７５２－６", "緯度": 36.627426, "経度": 138.310923, "url": "https://www.iryou.teikyouseido.mhlw.go.jp/znk-web/juminkanja/S2430/initialize?prefCd=20&kikanCd=7201306810&kikanKbn=5", "url2": "http://www.e-classa.net/parsley-herb/", "内容": "パセリ薬局【5:薬局】長野県須坂市上八町１７５２－６" }, "geometry": { "type": "Point", "coordinates": [ 138.310923, 36.627426 ] } },
{ "type": "Feature", "properties": { "ID": 2057201306900, "正式名称": "クスリのアオキ粟佐薬局", "機関区分": 5, "都道府県コード": 20, "市区町村コード": 218, "所在地": "長野県千曲市大字粟佐字宮西１２５８－１", "緯度": 36.537987, "経度": 138.11986, "url": "https://www.iryou.teikyouseido.mhlw.go.jp/znk-web/juminkanja/S2430/initialize?prefCd=20&kikanCd=7201306900&kikanKbn=5", "url2": "http://www.kusuri-aoki.co.jp/", "内容": "クスリのアオキ粟佐薬局【5:薬局】長野県千曲市大字粟佐字宮西１２５８－１" }, "geometry": { "type": "Point", "coordinates": [ 138.11986, 36.537987 ] } },
{ "type": "Feature", "properties": { "ID": 2057201307060, "正式名称": "ウエルシア薬局飯綱平出店", "機関区分": 5, "都道府県コード": 20, "市区町村コード": 590, "所在地": "長野県上水内郡飯綱町平出２８３８－１", "緯度": 36.736467, "経度": 138.247535, "url": "https://www.iryou.teikyouseido.mhlw.go.jp/znk-web/juminkanja/S2430/initialize?prefCd=20&kikanCd=7201307060&kikanKbn=5", "url2": "http://www.welcia-yakkyoku.co.jp/", "内容": "ウエルシア薬局飯綱平出店【5:薬局】長野県上水内郡飯綱町平出２８３８－１" }, "geometry": { "type": "Point", "coordinates": [ 138.247535, 36.736467 ] } },
{ "type": "Feature", "properties": { "ID": 2057201307150, "正式名称": "ウエルシア薬局　千曲稲荷山店", "機関区分": 5, "都道府県コード": 20, "市区町村コード": 218, "所在地": "長野県千曲市稲荷山治田町１３３２", "緯度": 36.528709, "経度": 138.096029, "url": "https://www.iryou.teikyouseido.mhlw.go.jp/znk-web/juminkanja/S2430/initialize?prefCd=20&kikanCd=7201307150&kikanKbn=5", "url2": "https://store.welcia.co.jp/welcia/spot/detail?code=6200D", "内容": "ウエルシア薬局　千曲稲荷山店【5:薬局】長野県千曲市稲荷山治田町１３３２" }, "geometry": { "type": "Point", "coordinates": [ 138.096029, 36.528709 ] } },
{ "type": "Feature", "properties": { "ID": 2057201307240, "正式名称": "元町薬局", "機関区分": 5, "都道府県コード": 20, "市区町村コード": 218, "所在地": "長野県千曲市稲荷山１２６４－３", "緯度": 36.531765, "経度": 138.097529, "url": "https://www.iryou.teikyouseido.mhlw.go.jp/znk-web/juminkanja/S2430/initialize?prefCd=20&kikanCd=7201307240&kikanKbn=5", "url2": "http://www.iseyayakkyoku.co.jp", "内容": "元町薬局【5:薬局】長野県千曲市稲荷山１２６４－３" }, "geometry": { "type": "Point", "coordinates": [ 138.097529, 36.531765 ] } },
{ "type": "Feature", "properties": { "ID": 2057201307330, "正式名称": "上徳間薬局", "機関区分": 5, "都道府県コード": 20, "市区町村コード": 218, "所在地": "長野県千曲市内川６２９－１", "緯度": 36.508741, "経度": 138.137109, "url": "https://www.iryou.teikyouseido.mhlw.go.jp/znk-web/juminkanja/S2430/initialize?prefCd=20&kikanCd=7201307330&kikanKbn=5", "url2": null, "内容": "上徳間薬局【5:薬局】長野県千曲市内川６２９－１" }, "geometry": { "type": "Point", "coordinates": [ 138.137109, 36.508741 ] } },
{ "type": "Feature", "properties": { "ID": 2057201307420, "正式名称": "須坂まい薬局", "機関区分": 5, "都道府県コード": 20, "市区町村コード": 207, "所在地": "長野県須坂市須坂", "緯度": 36.65434, "経度": 138.314116, "url": "https://www.iryou.teikyouseido.mhlw.go.jp/znk-web/juminkanja/S2430/initialize?prefCd=20&kikanCd=7201307420&kikanKbn=5", "url2": null, "内容": "須坂まい薬局【5:薬局】長野県須坂市須坂" }, "geometry": { "type": "Point", "coordinates": [ 138.314116, 36.65434 ] } },
{ "type": "Feature", "properties": { "ID": 2057201307510, "正式名称": "薬局マツモトキヨシ芝宮前店", "機関区分": 5, "都道府県コード": 20, "市区町村コード": 207, "所在地": "長野県須坂市横町２８８－１", "緯度": 36.656312, "経度": 138.311616, "url": "https://www.iryou.teikyouseido.mhlw.go.jp/znk-web/juminkanja/S2430/initialize?prefCd=20&kikanCd=7201307510&kikanKbn=5", "url2": "https://www.matsukiyo.co.jp/map?kid=20106082", "内容": "薬局マツモトキヨシ芝宮前店【5:薬局】長野県須坂市横町２８８－１" }, "geometry": { "type": "Point", "coordinates": [ 138.311616, 36.656312 ] } },
{ "type": "Feature", "properties": { "ID": 2057201307610, "正式名称": "ウエルシア薬局　千曲内川店", "機関区分": 5, "都道府県コード": 20, "市区町村コード": 218, "所在地": "長野県千曲市内川６７７－１", "緯度": 36.508741, "経度": 138.137109, "url": "https://www.iryou.teikyouseido.mhlw.go.jp/znk-web/juminkanja/S2430/initialize?prefCd=20&kikanCd=7201307610&kikanKbn=5", "url2": "http://www.welcia-yakkyoku.co.jp/stores/stores/detail/6326.html", "内容": "ウエルシア薬局　千曲内川店【5:薬局】長野県千曲市内川６７７－１" }, "geometry": { "type": "Point", "coordinates": [ 138.137109, 36.508741 ] } },
{ "type": "Feature", "properties": { "ID": 2057201307700, "正式名称": "オリジン薬局須坂店", "機関区分": 5, "都道府県コード": 20, "市区町村コード": 207, "所在地": "長野県須坂市大字須坂字青木１３４５－１", "緯度": 36.653498, "経度": 138.310892, "url": "https://www.iryou.teikyouseido.mhlw.go.jp/znk-web/juminkanja/S2430/initialize?prefCd=20&kikanCd=7201307700&kikanKbn=5", "url2": "https://www.originjp1.jp/", "内容": "オリジン薬局須坂店【5:薬局】長野県須坂市大字須坂字青木１３４５－１" }, "geometry": { "type": "Point", "coordinates": [ 138.310892, 36.653498 ] } },
{ "type": "Feature", "properties": { "ID": 2057201307890, "正式名称": "クスリのアオキ墨坂薬局", "機関区分": 5, "都道府県コード": 20, "市区町村コード": 207, "所在地": "長野県須坂市墨坂四丁目３番２８号", "緯度": 36.647535, "経度": 138.303478, "url": "https://www.iryou.teikyouseido.mhlw.go.jp/znk-web/juminkanja/S2430/initialize?prefCd=20&kikanCd=7201307890&kikanKbn=5", "url2": "http://www.kusuri-aoki.co.jp/", "内容": "クスリのアオキ墨坂薬局【5:薬局】長野県須坂市墨坂四丁目３番２８号" }, "geometry": { "type": "Point", "coordinates": [ 138.303478, 36.647535 ] } },
{ "type": "Feature", "properties": { "ID": 2057201307980, "正式名称": "須坂あすなろ薬局", "機関区分": 5, "都道府県コード": 20, "市区町村コード": 207, "所在地": "長野県須坂市北原町５５６－３", "緯度": 36.650363, "経度": 138.313371, "url": "https://www.iryou.teikyouseido.mhlw.go.jp/znk-web/juminkanja/S2430/initialize?prefCd=20&kikanCd=7201307980&kikanKbn=5", "url2": "https://www.asunaro-ph.com", "内容": "須坂あすなろ薬局【5:薬局】長野県須坂市北原町５５６－３" }, "geometry": { "type": "Point", "coordinates": [ 138.313371, 36.650363 ] } },
{ "type": "Feature", "properties": { "ID": 2057201308040, "正式名称": "クスリのアオキ旭ケ丘薬局", "機関区分": 5, "都道府県コード": 20, "市区町村コード": 207, "所在地": "長野県須坂市旭ケ丘２１０２番地１", "緯度": 36.67842, "経度": 138.31081, "url": "https://www.iryou.teikyouseido.mhlw.go.jp/znk-web/juminkanja/S2430/initialize?prefCd=20&kikanCd=7201308040&kikanKbn=5", "url2": "https://www.kusuri-aoki.co.jp/", "内容": "クスリのアオキ旭ケ丘薬局【5:薬局】長野県須坂市旭ケ丘２１０２番地１" }, "geometry": { "type": "Point", "coordinates": [ 138.31081, 36.67842 ] } },
{ "type": "Feature", "properties": { "ID": 2057201308130, "正式名称": "モリキ須坂墨坂薬局", "機関区分": 5, "都道府県コード": 20, "市区町村コード": 207, "所在地": "長野県須坂市墨坂南１８９５－１", "緯度": 36.647287, "経度": 138.298457, "url": "https://www.iryou.teikyouseido.mhlw.go.jp/znk-web/juminkanja/S2430/initialize?prefCd=20&kikanCd=7201308130&kikanKbn=5", "url2": "http://www.moriki-group.info/moriki-groupsearch/2016/11/post-3014.php", "内容": "モリキ須坂墨坂薬局【5:薬局】長野県須坂市墨坂南１８９５－１" }, "geometry": { "type": "Point", "coordinates": [ 138.298457, 36.647287 ] } },
{ "type": "Feature", "properties": { "ID": 2057201308310, "正式名称": "モリキ小布施薬局", "機関区分": 5, "都道府県コード": 20, "市区町村コード": 541, "所在地": "長野県上高井郡小布施町大字小布施９１１－３", "緯度": 36.690708, "経度": 138.315157, "url": "https://www.iryou.teikyouseido.mhlw.go.jp/znk-web/juminkanja/S2430/initialize?prefCd=20&kikanCd=7201308310&kikanKbn=5", "url2": null, "内容": "モリキ小布施薬局【5:薬局】長野県上高井郡小布施町大字小布施９１１－３" }, "geometry": { "type": "Point", "coordinates": [ 138.315157, 36.690708 ] } },
{ "type": "Feature", "properties": { "ID": 2057201308500, "正式名称": "クスリのアオキ戸倉薬局", "機関区分": 5, "都道府県コード": 20, "市区町村コード": 218, "所在地": "長野県千曲市大字戸倉１９１６番地１", "緯度": 36.651289, "経度": 138.181224, "url": "https://www.iryou.teikyouseido.mhlw.go.jp/znk-web/juminkanja/S2430/initialize?prefCd=20&kikanCd=7201308500&kikanKbn=5", "url2": "https://www.kusuri-aoki.co.jp/", "内容": "クスリのアオキ戸倉薬局【5:薬局】長野県千曲市大字戸倉１９１６番地１" }, "geometry": { "type": "Point", "coordinates": [ 138.181224, 36.651289 ] } },
{ "type": "Feature", "properties": { "ID": 2057201308690, "正式名称": "りんどう薬局", "機関区分": 5, "都道府県コード": 20, "市区町村コード": 207, "所在地": "長野県須坂市墨坂５ー２６ー３５", "緯度": 36.643662, "経度": 138.308447, "url": "https://www.iryou.teikyouseido.mhlw.go.jp/znk-web/juminkanja/S2430/initialize?prefCd=20&kikanCd=7201308690&kikanKbn=5", "url2": "https://dpc-net.ne.jp/storeinfo/nagano/nagano-rindou/", "内容": "りんどう薬局【5:薬局】長野県須坂市墨坂５ー２６ー３５" }, "geometry": { "type": "Point", "coordinates": [ 138.308447, 36.643662 ] } },
{ "type": "Feature", "properties": { "ID": 2057201308780, "正式名称": "むすび野薬局", "機関区分": 5, "都道府県コード": 20, "市区町村コード": 583, "所在地": "長野県上水内郡信濃町大字古間８４６", "緯度": 36.79803, "経度": 138.214645, "url": "https://www.iryou.teikyouseido.mhlw.go.jp/znk-web/juminkanja/S2430/initialize?prefCd=20&kikanCd=7201308780&kikanKbn=5", "url2": "https://g-musubino.com/", "内容": "むすび野薬局【5:薬局】長野県上水内郡信濃町大字古間８４６" }, "geometry": { "type": "Point", "coordinates": [ 138.214645, 36.79803 ] } },
{ "type": "Feature", "properties": { "ID": 2057201308870, "正式名称": "薬局マツモトキヨシ　千曲内川店", "機関区分": 5, "都道府県コード": 20, "市区町村コード": 218, "所在地": "長野県千曲市内川７９６番地２", "緯度": 36.5098, "経度": 138.131819, "url": "https://www.iryou.teikyouseido.mhlw.go.jp/znk-web/juminkanja/S2430/initialize?prefCd=20&kikanCd=7201308870&kikanKbn=5", "url2": null, "内容": "薬局マツモトキヨシ　千曲内川店【5:薬局】長野県千曲市内川７９６番地２" }, "geometry": { "type": "Point", "coordinates": [ 138.131819, 36.5098 ] } },
{ "type": "Feature", "properties": { "ID": 2057201308960, "正式名称": "モリキ千曲粟佐薬局", "機関区分": 5, "都道府県コード": 20, "市区町村コード": 218, "所在地": "長野県千曲市粟佐１２１７", "緯度": 36.540464, "経度": 138.121357, "url": "https://www.iryou.teikyouseido.mhlw.go.jp/znk-web/juminkanja/S2430/initialize?prefCd=20&kikanCd=7201308960&kikanKbn=5", "url2": null, "内容": "モリキ千曲粟佐薬局【5:薬局】長野県千曲市粟佐１２１７" }, "geometry": { "type": "Point", "coordinates": [ 138.121357, 36.540464 ] } },
{ "type": "Feature", "properties": { "ID": 2057201309020, "正式名称": "ウエルシア薬局須坂日滝店", "機関区分": 5, "都道府県コード": 20, "市区町村コード": 207, "所在地": "長野県　須坂市　日滝　９７３ー１", "緯度": 36.658019, "経度": 138.322801, "url": "https://www.iryou.teikyouseido.mhlw.go.jp/znk-web/juminkanja/S2430/initialize?prefCd=20&kikanCd=7201309020&kikanKbn=5", "url2": "https://stores.welcia.co.jp/6392D", "内容": "ウエルシア薬局須坂日滝店【5:薬局】長野県　須坂市　日滝　９７３ー１" }, "geometry": { "type": "Point", "coordinates": [ 138.322801, 36.658019 ] } },
{ "type": "Feature", "properties": { "ID": 2057201309110, "正式名称": "まつの木薬局", "機関区分": 5, "都道府県コード": 20, "市区町村コード": 541, "所在地": "長野県上高井郡小布施町大字福原２１５－１", "緯度": 36.689991, "経度": 138.314845, "url": "https://www.iryou.teikyouseido.mhlw.go.jp/znk-web/juminkanja/S2430/initialize?prefCd=20&kikanCd=7201309110&kikanKbn=5", "url2": "https://www.matsunoki-ph.com/", "内容": "まつの木薬局【5:薬局】長野県上高井郡小布施町大字福原２１５－１" }, "geometry": { "type": "Point", "coordinates": [ 138.314845, 36.689991 ] } },
{ "type": "Feature", "properties": { "ID": 2057201309210, "正式名称": "コスモファーマ稲荷山薬局", "機関区分": 5, "都道府県コード": 20, "市区町村コード": 218, "所在地": "長野県千曲市稲荷山字下通５６３－１", "緯度": 36.536908, "経度": 138.10698, "url": "https://www.iryou.teikyouseido.mhlw.go.jp/znk-web/juminkanja/S2430/initialize?prefCd=20&kikanCd=7201309210&kikanKbn=5", "url2": "http://www.cosmo-ph.co.jp/", "内容": "コスモファーマ稲荷山薬局【5:薬局】長野県千曲市稲荷山字下通５６３－１" }, "geometry": { "type": "Point", "coordinates": [ 138.10698, 36.536908 ] } },
{ "type": "Feature", "properties": { "ID": 2057201309300, "正式名称": "Ｍｅｄｉｎｅｔ　あさひ薬局　千曲店", "機関区分": 5, "都道府県コード": 20, "市区町村コード": 218, "所在地": "長野県千曲市桜堂西沖３６４ー７", "緯度": 36.529677, "経度": 138.122773, "url": "https://www.iryou.teikyouseido.mhlw.go.jp/znk-web/juminkanja/S2430/initialize?prefCd=20&kikanCd=7201309300&kikanKbn=5", "url2": "http://www.medinet-pharmacy.co.jp/", "内容": "Ｍｅｄｉｎｅｔ　あさひ薬局　千曲店【5:薬局】長野県千曲市桜堂西沖３６４ー７" }, "geometry": { "type": "Point", "coordinates": [ 138.122773, 36.529677 ] } },
{ "type": "Feature", "properties": { "ID": 2057201309490, "正式名称": "村上日野屋薬局", "機関区分": 5, "都道府県コード": 20, "市区町村コード": 521, "所在地": "長野県埴科郡坂城町上五明６８７－１", "緯度": 36.450539, "経度": 138.169752, "url": "https://www.iryou.teikyouseido.mhlw.go.jp/znk-web/juminkanja/S2430/initialize?prefCd=20&kikanCd=7201309490&kikanKbn=5", "url2": null, "内容": "村上日野屋薬局【5:薬局】長野県埴科郡坂城町上五明６８７－１" }, "geometry": { "type": "Point", "coordinates": [ 138.169752, 36.450539 ] } },
{ "type": "Feature", "properties": { "ID": 2057201309580, "正式名称": "有限会社大丸薬局", "機関区分": 5, "都道府県コード": 20, "市区町村コード": 207, "所在地": "長野県須坂市本上町８６番地１", "緯度": 36.653617, "経度": 138.313199, "url": "https://www.iryou.teikyouseido.mhlw.go.jp/znk-web/juminkanja/S2430/initialize?prefCd=20&kikanCd=7201309580&kikanKbn=5", "url2": "http://daimaruph.com", "内容": "有限会社大丸薬局【5:薬局】長野県須坂市本上町８６番地１" }, "geometry": { "type": "Point", "coordinates": [ 138.313199, 36.653617 ] } },
{ "type": "Feature", "properties": { "ID": 2057201309760, "正式名称": "チューリップ薬局", "機関区分": 5, "都道府県コード": 20, "市区町村コード": 218, "所在地": "長野県千曲市大字屋代９９－１", "緯度": 36.53633, "経度": 138.134093, "url": "https://www.iryou.teikyouseido.mhlw.go.jp/znk-web/juminkanja/S2430/initialize?prefCd=20&kikanCd=7201309760&kikanKbn=5", "url2": null, "内容": "チューリップ薬局【5:薬局】長野県千曲市大字屋代９９－１" }, "geometry": { "type": "Point", "coordinates": [ 138.134093, 36.53633 ] } },
{ "type": "Feature", "properties": { "ID": 2057201309850, "正式名称": "さかき薬局", "機関区分": 5, "都道府県コード": 20, "市区町村コード": 521, "所在地": "長野県埴科郡坂城町坂城１００９１－４", "緯度": 36.462821, "経度": 138.17935, "url": "https://www.iryou.teikyouseido.mhlw.go.jp/znk-web/juminkanja/S2430/initialize?prefCd=20&kikanCd=7201309850&kikanKbn=5", "url2": null, "内容": "さかき薬局【5:薬局】長野県埴科郡坂城町坂城１００９１－４" }, "geometry": { "type": "Point", "coordinates": [ 138.17935, 36.462821 ] } },
{ "type": "Feature", "properties": { "ID": 2057201309940, "正式名称": "ファーマライズ薬局　墨坂店", "機関区分": 5, "都道府県コード": 20, "市区町村コード": 207, "所在地": "長野県須坂市墨坂南２丁目５番５号", "緯度": 36.647743, "経度": 138.298001, "url": "https://www.iryou.teikyouseido.mhlw.go.jp/znk-web/juminkanja/S2430/initialize?prefCd=20&kikanCd=7201309940&kikanKbn=5", "url2": "https://www.pharmarise.com/", "内容": "ファーマライズ薬局　墨坂店【5:薬局】長野県須坂市墨坂南２丁目５番５号" }, "geometry": { "type": "Point", "coordinates": [ 138.298001, 36.647743 ] } },
{ "type": "Feature", "properties": { "ID": 2057201310060, "正式名称": "ファーマライズ薬局　須坂店", "機関区分": 5, "都道府県コード": 20, "市区町村コード": 207, "所在地": "長野県須坂市須坂１２８８－２", "緯度": 36.656589, "経度": 138.304256, "url": "https://www.iryou.teikyouseido.mhlw.go.jp/znk-web/juminkanja/S2430/initialize?prefCd=20&kikanCd=7201310060&kikanKbn=5", "url2": "https://www.pharmarise.co.jp", "内容": "ファーマライズ薬局　須坂店【5:薬局】長野県須坂市須坂１２８８－２" }, "geometry": { "type": "Point", "coordinates": [ 138.304256, 36.656589 ] } },
{ "type": "Feature", "properties": { "ID": 2057201310150, "正式名称": "ファーマライズ薬局　小河原店", "機関区分": 5, "都道府県コード": 20, "市区町村コード": 207, "所在地": "長野県須坂市小河原１８９１－４", "緯度": 36.676754, "経度": 138.317281, "url": "https://www.iryou.teikyouseido.mhlw.go.jp/znk-web/juminkanja/S2430/initialize?prefCd=20&kikanCd=7201310150&kikanKbn=5", "url2": "https://www.pharmarise.com/company/store/store.php?store_id=549", "内容": "ファーマライズ薬局　小河原店【5:薬局】長野県須坂市小河原１８９１－４" }, "geometry": { "type": "Point", "coordinates": [ 138.317281, 36.676754 ] } },
{ "type": "Feature", "properties": { "ID": 2057201310240, "正式名称": "ファーマライズ薬局小布施店", "機関区分": 5, "都道府県コード": 20, "市区町村コード": 541, "所在地": "長野県上高井郡小布施町中松東畑３２４－１", "緯度": 36.697502, "経度": 138.326696, "url": "https://www.iryou.teikyouseido.mhlw.go.jp/znk-web/juminkanja/S2430/initialize?prefCd=20&kikanCd=7201310240&kikanKbn=5", "url2": "https://www.pharmarise.com/", "内容": "ファーマライズ薬局小布施店【5:薬局】長野県上高井郡小布施町中松東畑３２４－１" }, "geometry": { "type": "Point", "coordinates": [ 138.326696, 36.697502 ] } },
{ "type": "Feature", "properties": { "ID": 2057201310330, "正式名称": "モリキ須坂春木町薬局", "機関区分": 5, "都道府県コード": 20, "市区町村コード": 207, "所在地": "長野県須坂市大字須坂９４１－１", "緯度": 36.660699, "経度": 138.314384, "url": "https://www.iryou.teikyouseido.mhlw.go.jp/znk-web/juminkanja/S2430/initialize?prefCd=20&kikanCd=7201310330&kikanKbn=5", "url2": "https://www.moriki-group.info/store_serach/hokushin02/%E3%83%A2%E3%83%AA%E3%82%AD%E9%A0%88%E5%9D%82%E6%98%A5%E6%9C%A8%E7%94%BA%E8%96%AC%E5%B1%80/", "内容": "モリキ須坂春木町薬局【5:薬局】長野県須坂市大字須坂９４１－１" }, "geometry": { "type": "Point", "coordinates": [ 138.314384, 36.660699 ] } },
{ "type": "Feature", "properties": { "ID": 2057201310420, "正式名称": "イオン薬局須坂駅前店", "機関区分": 5, "都道府県コード": 20, "市区町村コード": 207, "所在地": "長野県須坂市馬場町１２８８イオン須坂駅前店２階", "緯度": 36.657348, "経度": 138.30517, "url": "https://www.iryou.teikyouseido.mhlw.go.jp/znk-web/juminkanja/S2430/initialize?prefCd=20&kikanCd=7201310420&kikanKbn=5", "url2": null, "内容": "イオン薬局須坂駅前店【5:薬局】長野県須坂市馬場町１２８８イオン須坂駅前店２階" }, "geometry": { "type": "Point", "coordinates": [ 138.30517, 36.657348 ] } },
{ "type": "Feature", "properties": { "ID": 2057201310510, "正式名称": "立町中央薬局", "機関区分": 5, "都道府県コード": 20, "市区町村コード": 207, "所在地": "長野県須坂市須坂２６３番地６", "緯度": 36.654631, "経度": 138.310961, "url": "https://www.iryou.teikyouseido.mhlw.go.jp/znk-web/juminkanja/S2430/initialize?prefCd=20&kikanCd=7201310510&kikanKbn=5", "url2": null, "内容": "立町中央薬局【5:薬局】長野県須坂市須坂２６３番地６" }, "geometry": { "type": "Point", "coordinates": [ 138.310961, 36.654631 ] } },
{ "type": "Feature", "properties": { "ID": 2057201310700, "正式名称": "アイン薬局千曲磯部店", "機関区分": 5, "都道府県コード": 20, "市区町村コード": 218, "所在地": "長野県千曲市磯部７６８番６", "緯度": 36.483494, "経度": 138.154498, "url": "https://www.iryou.teikyouseido.mhlw.go.jp/znk-web/juminkanja/S2430/initialize?prefCd=20&kikanCd=7201310700&kikanKbn=5", "url2": "https://www.ainj.co.jp/network/detail.html?pdid=1708", "内容": "アイン薬局千曲磯部店【5:薬局】長野県千曲市磯部７６８番６" }, "geometry": { "type": "Point", "coordinates": [ 138.154498, 36.483494 ] } },
{ "type": "Feature", "properties": { "ID": 2057201310890, "正式名称": "アイン薬局　すみさか店", "機関区分": 5, "都道府県コード": 20, "市区町村コード": 207, "所在地": "長野県須坂市墨坂１－４－２", "緯度": 36.652062, "経度": 138.299978, "url": "https://www.iryou.teikyouseido.mhlw.go.jp/znk-web/juminkanja/S2430/initialize?prefCd=20&kikanCd=7201310890&kikanKbn=5", "url2": "https://www.ainj.co.jp/", "内容": "アイン薬局　すみさか店【5:薬局】長野県須坂市墨坂１－４－２" }, "geometry": { "type": "Point", "coordinates": [ 138.299978, 36.652062 ] } },
{ "type": "Feature", "properties": { "ID": 2057201310980, "正式名称": "アイン薬局高梨店", "機関区分": 5, "都道府県コード": 20, "市区町村コード": 207, "所在地": "長野県須坂市高梨２６１", "緯度": 36.656144, "経度": 138.283452, "url": "https://www.iryou.teikyouseido.mhlw.go.jp/znk-web/juminkanja/S2430/initialize?prefCd=20&kikanCd=7201310980&kikanKbn=5", "url2": null, "内容": "アイン薬局高梨店【5:薬局】長野県須坂市高梨２６１" }, "geometry": { "type": "Point", "coordinates": [ 138.283452, 36.656144 ] } },
{ "type": "Feature", "properties": { "ID": 2057201311040, "正式名称": "アイン薬局信越店", "機関区分": 5, "都道府県コード": 20, "市区町村コード": 583, "所在地": "長野県上水内郡信濃町柏原２４３７－３", "緯度": 36.809647, "経度": 138.199738, "url": "https://www.iryou.teikyouseido.mhlw.go.jp/znk-web/juminkanja/S2430/initialize?prefCd=20&kikanCd=7201311040&kikanKbn=5", "url2": "https://store.ainj.co.jp/detail/1101332/", "内容": "アイン薬局信越店【5:薬局】長野県上水内郡信濃町柏原２４３７－３" }, "geometry": { "type": "Point", "coordinates": [ 138.199738, 36.809647 ] } },
{ "type": "Feature", "properties": { "ID": 2057201311130, "正式名称": "イオン薬局須坂店", "機関区分": 5, "都道府県コード": 20, "市区町村コード": 207, "所在地": "長野県須坂市大字福島３８６番地１", "緯度": 36.640816, "経度": 138.2719, "url": "https://www.iryou.teikyouseido.mhlw.go.jp/znk-web/juminkanja/S2430/initialize?prefCd=20&kikanCd=7201311130&kikanKbn=5", "url2": "https://www.aeonretail.jp/syohousen/search.html?prefecture=%E9%95%B7%E9%87%8E%E7%9C%8C&city=%E9%A0%88%E5%9D%82%E5%B8%82", "内容": "イオン薬局須坂店【5:薬局】長野県須坂市大字福島３８６番地１" }, "geometry": { "type": "Point", "coordinates": [ 138.2719, 36.640816 ] } },
{ "type": "Feature", "properties": { "ID": 2057201401400, "正式名称": "有限会社山下薬局", "機関区分": 5, "都道府県コード": 20, "市区町村コード": 207, "所在地": "長野県須坂市中町２０８番地", "緯度": 36.655284, "経度": 138.31356, "url": "https://www.iryou.teikyouseido.mhlw.go.jp/znk-web/juminkanja/S2430/initialize?prefCd=20&kikanCd=7201401400&kikanKbn=5", "url2": null, "内容": "有限会社山下薬局【5:薬局】長野県須坂市中町２０８番地" }, "geometry": { "type": "Point", "coordinates": [ 138.31356, 36.655284 ] } },
{ "type": "Feature", "properties": { "ID": 2057201402750, "正式名称": "アキヤマ薬局", "機関区分": 5, "都道府県コード": 20, "市区町村コード": 207, "所在地": "長野県須坂市横町３０８", "緯度": 36.65595, "経度": 138.311088, "url": "https://www.iryou.teikyouseido.mhlw.go.jp/znk-web/juminkanja/S2430/initialize?prefCd=20&kikanCd=7201402750&kikanKbn=5", "url2": null, "内容": "アキヤマ薬局【5:薬局】長野県須坂市横町３０８" }, "geometry": { "type": "Point", "coordinates": [ 138.311088, 36.65595 ] } },
{ "type": "Feature", "properties": { "ID": 2057201403370, "正式名称": "サンタグリーン薬局", "機関区分": 5, "都道府県コード": 20, "市区町村コード": 541, "所在地": "長野県上高井郡小布施町小布施烏林２２５４－３", "緯度": 36.697501, "経度": 138.312031, "url": "https://www.iryou.teikyouseido.mhlw.go.jp/znk-web/juminkanja/S2430/initialize?prefCd=20&kikanCd=7201403370&kikanKbn=5", "url2": "http://nakajima-pharm.co.jp/", "内容": "サンタグリーン薬局【5:薬局】長野県上高井郡小布施町小布施烏林２２５４－３" }, "geometry": { "type": "Point", "coordinates": [ 138.312031, 36.697501 ] } },
{ "type": "Feature", "properties": { "ID": 2057201403640, "正式名称": "有限会社　田端薬局", "機関区分": 5, "都道府県コード": 20, "市区町村コード": 201, "所在地": "長野県長野市信州新町下市場３５４", "緯度": 36.563147, "経度": 137.994453, "url": "https://www.iryou.teikyouseido.mhlw.go.jp/znk-web/juminkanja/S2430/initialize?prefCd=20&kikanCd=7201403640&kikanKbn=5", "url2": null, "内容": "有限会社　田端薬局【5:薬局】長野県長野市信州新町下市場３５４" }, "geometry": { "type": "Point", "coordinates": [ 137.994453, 36.563147 ] } },
{ "type": "Feature", "properties": { "ID": 2057201403910, "正式名称": "わかば堂薬局", "機関区分": 5, "都道府県コード": 20, "市区町村コード": 590, "所在地": "長野県上水内郡飯綱町牟礼２２１１－４", "緯度": 36.748966, "経度": 138.236702, "url": "https://www.iryou.teikyouseido.mhlw.go.jp/znk-web/juminkanja/S2430/initialize?prefCd=20&kikanCd=7201403910&kikanKbn=5", "url2": "http://wakabadou.co.jp/", "内容": "わかば堂薬局【5:薬局】長野県上水内郡飯綱町牟礼２２１１－４" }, "geometry": { "type": "Point", "coordinates": [ 138.236702, 36.748966 ] } },
{ "type": "Feature", "properties": { "ID": 2057201404530, "正式名称": "飯綱グリーン薬局", "機関区分": 5, "都道府県コード": 20, "市区町村コード": 590, "所在地": "長野県上水内郡飯綱町牟礼２３６７－１", "緯度": 36.750299, "経度": 138.236785, "url": "https://www.iryou.teikyouseido.mhlw.go.jp/znk-web/juminkanja/S2430/initialize?prefCd=20&kikanCd=7201404530&kikanKbn=5", "url2": "http://nakajima-pharm.co.jp/", "内容": "飯綱グリーン薬局【5:薬局】長野県上水内郡飯綱町牟礼２３６７－１" }, "geometry": { "type": "Point", "coordinates": [ 138.236785, 36.750299 ] } },
{ "type": "Feature", "properties": { "ID": 2057201404900, "正式名称": "わかば薬局須坂", "機関区分": 5, "都道府県コード": 20, "市区町村コード": 207, "所在地": "長野県須坂市東横町１４２０ー１６", "緯度": 36.654006, "経度": 138.308061, "url": "https://www.iryou.teikyouseido.mhlw.go.jp/znk-web/juminkanja/S2430/initialize?prefCd=20&kikanCd=7201404900&kikanKbn=5", "url2": "https://wakaba-pharma.jp/", "内容": "わかば薬局須坂【5:薬局】長野県須坂市東横町１４２０ー１６" }, "geometry": { "type": "Point", "coordinates": [ 138.308061, 36.654006 ] } },
{ "type": "Feature", "properties": { "ID": 2057201405510, "正式名称": "三水わかば堂薬局", "機関区分": 5, "都道府県コード": 20, "市区町村コード": 590, "所在地": "長野県上水内郡飯綱町倉井２７７２－１", "緯度": 36.75491, "経度": 138.259033, "url": "https://www.iryou.teikyouseido.mhlw.go.jp/znk-web/juminkanja/S2430/initialize?prefCd=20&kikanCd=7201405510&kikanKbn=5", "url2": "http://www.wakabadou.co.jp/", "内容": "三水わかば堂薬局【5:薬局】長野県上水内郡飯綱町倉井２７７２－１" }, "geometry": { "type": "Point", "coordinates": [ 138.259033, 36.75491 ] } },
{ "type": "Feature", "properties": { "ID": 2057201406040, "正式名称": "新町薬局", "機関区分": 5, "都道府県コード": 20, "市区町村コード": 201, "所在地": "長野県長野市信州新町上条１５３", "緯度": 36.575702, "経度": 138.023367, "url": "https://www.iryou.teikyouseido.mhlw.go.jp/znk-web/juminkanja/S2430/initialize?prefCd=20&kikanCd=7201406040&kikanKbn=5", "url2": null, "内容": "新町薬局【5:薬局】長野県長野市信州新町上条１５３" }, "geometry": { "type": "Point", "coordinates": [ 138.023367, 36.575702 ] } },
{ "type": "Feature", "properties": { "ID": 2057201406130, "正式名称": "グリーン薬局", "機関区分": 5, "都道府県コード": 20, "市区町村コード": 541, "所在地": "長野県上高井郡小布施町小布施３０８", "緯度": 36.690863, "経度": 138.317975, "url": "https://www.iryou.teikyouseido.mhlw.go.jp/znk-web/juminkanja/S2430/initialize?prefCd=20&kikanCd=7201406130&kikanKbn=5", "url2": "http://nakajima-pharm.co.jp/", "内容": "グリーン薬局【5:薬局】長野県上高井郡小布施町小布施３０８" }, "geometry": { "type": "Point", "coordinates": [ 138.317975, 36.690863 ] } },
{ "type": "Feature", "properties": { "ID": 2057201406410, "正式名称": "スザカ岡田薬局", "機関区分": 5, "都道府県コード": 20, "市区町村コード": 207, "所在地": "長野県須坂市相森町２１９１－１３－２", "緯度": 36.668944, "経度": 138.315609, "url": "https://www.iryou.teikyouseido.mhlw.go.jp/znk-web/juminkanja/S2430/initialize?prefCd=20&kikanCd=7201406410&kikanKbn=5", "url2": null, "内容": "スザカ岡田薬局【5:薬局】長野県須坂市相森町２１９１－１３－２" }, "geometry": { "type": "Point", "coordinates": [ 138.315609, 36.668944 ] } },
{ "type": "Feature", "properties": { "ID": 2057201406500, "正式名称": "蔵の町薬局", "機関区分": 5, "都道府県コード": 20, "市区町村コード": 207, "所在地": "長野県須坂市東横町１４２０－１９", "緯度": 36.653701, "経度": 138.309005, "url": "https://www.iryou.teikyouseido.mhlw.go.jp/znk-web/juminkanja/S2430/initialize?prefCd=20&kikanCd=7201406500&kikanKbn=5", "url2": "http://www.fan.hi-ho.ne.jp", "内容": "蔵の町薬局【5:薬局】長野県須坂市東横町１４２０－１９" }, "geometry": { "type": "Point", "coordinates": [ 138.309005, 36.653701 ] } },
{ "type": "Feature", "properties": { "ID": 2057201406960, "正式名称": "須坂いせや薬局", "機関区分": 5, "都道府県コード": 20, "市区町村コード": 207, "所在地": "長野県須坂市井上砂田１７００－１４", "緯度": 36.639229, "経度": 138.277453, "url": "https://www.iryou.teikyouseido.mhlw.go.jp/znk-web/juminkanja/S2430/initialize?prefCd=20&kikanCd=7201406960&kikanKbn=5", "url2": "http://www.iseyayakkyoku.co.jp", "内容": "須坂いせや薬局【5:薬局】長野県須坂市井上砂田１７００－１４" }, "geometry": { "type": "Point", "coordinates": [ 138.277453, 36.639229 ] } },
{ "type": "Feature", "properties": { "ID": 2057201407020, "正式名称": "吉田薬業株式会社　りぼん薬局", "機関区分": 5, "都道府県コード": 20, "市区町村コード": 207, "所在地": "長野県須坂市塩川町７１６－２", "緯度": 36.652645, "経度": 138.294868, "url": "https://www.iryou.teikyouseido.mhlw.go.jp/znk-web/juminkanja/S2430/initialize?prefCd=20&kikanCd=7201407020&kikanKbn=5", "url2": "http://www.yoshida-yakugyo.com/ribon/df.htm", "内容": "吉田薬業株式会社　りぼん薬局【5:薬局】長野県須坂市塩川町７１６－２" }, "geometry": { "type": "Point", "coordinates": [ 138.294868, 36.652645 ] } },
{ "type": "Feature", "properties": { "ID": 2057201407110, "正式名称": "コスモファーマ高山薬局", "機関区分": 5, "都道府県コード": 20, "市区町村コード": 543, "所在地": "長野県上高井郡高山村高井千本前６４３６－４", "緯度": 36.66415, "経度": 138.341711, "url": "https://www.iryou.teikyouseido.mhlw.go.jp/znk-web/juminkanja/S2430/initialize?prefCd=20&kikanCd=7201407110&kikanKbn=5", "url2": "https://www.cosmo-ph.co.jp/shop/t006/", "内容": "コスモファーマ高山薬局【5:薬局】長野県上高井郡高山村高井千本前６４３６－４" }, "geometry": { "type": "Point", "coordinates": [ 138.341711, 36.66415 ] } },
{ "type": "Feature", "properties": { "ID": 2057201407210, "正式名称": "さくら薬局　長野須坂店", "機関区分": 5, "都道府県コード": 20, "市区町村コード": 207, "所在地": "長野県須坂市須坂１３９６", "緯度": 36.653312, "経度": 138.31074, "url": "https://www.iryou.teikyouseido.mhlw.go.jp/znk-web/juminkanja/S2430/initialize?prefCd=20&kikanCd=7201407210&kikanKbn=5", "url2": "https://www.kraft-net.co.jp/sakura/store/3258/", "内容": "さくら薬局　長野須坂店【5:薬局】長野県須坂市須坂１３９６" }, "geometry": { "type": "Point", "coordinates": [ 138.31074, 36.653312 ] } },
{ "type": "Feature", "properties": { "ID": 2057201500660, "正式名称": "ミナミ薬局", "機関区分": 5, "都道府県コード": 20, "市区町村コード": 211, "所在地": "長野県中野市中央３－２－１８", "緯度": 36.746747, "経度": 138.371524, "url": "https://www.iryou.teikyouseido.mhlw.go.jp/znk-web/juminkanja/S2430/initialize?prefCd=20&kikanCd=7201500660&kikanKbn=5", "url2": null, "内容": "ミナミ薬局【5:薬局】長野県中野市中央３－２－１８" }, "geometry": { "type": "Point", "coordinates": [ 138.371524, 36.746747 ] } },
{ "type": "Feature", "properties": { "ID": 2057201501550, "正式名称": "村島　薬局", "機関区分": 5, "都道府県コード": 20, "市区町村コード": 211, "所在地": "長野県中野市大字中野１７４７", "緯度": 36.748934, "経度": 138.369643, "url": "https://www.iryou.teikyouseido.mhlw.go.jp/znk-web/juminkanja/S2430/initialize?prefCd=20&kikanCd=7201501550&kikanKbn=5", "url2": null, "内容": "村島　薬局【5:薬局】長野県中野市大字中野１７４７" }, "geometry": { "type": "Point", "coordinates": [ 138.369643, 36.748934 ] } },
{ "type": "Feature", "properties": { "ID": 2057201502080, "正式名称": "中高保険薬局事業協同組合分業支援センター中高薬局", "機関区分": 5, "都道府県コード": 20, "市区町村コード": 211, "所在地": "長野県中野市西１－１６８４－１", "緯度": 36.746775, "経度": 138.364358, "url": "https://www.iryou.teikyouseido.mhlw.go.jp/znk-web/juminkanja/S2430/initialize?prefCd=20&kikanCd=7201502080&kikanKbn=5", "url2": null, "内容": "中高保険薬局事業協同組合分業支援センター中高薬局【5:薬局】長野県中野市西１－１６８４－１" }, "geometry": { "type": "Point", "coordinates": [ 138.364358, 36.746775 ] } },
{ "type": "Feature", "properties": { "ID": 2057201502530, "正式名称": "西町ヤノ薬局", "機関区分": 5, "都道府県コード": 20, "市区町村コード": 211, "所在地": "長野県中野市西１－５－６２", "緯度": 36.746164, "経度": 138.36683, "url": "https://www.iryou.teikyouseido.mhlw.go.jp/znk-web/juminkanja/S2430/initialize?prefCd=20&kikanCd=7201502530&kikanKbn=5", "url2": null, "内容": "西町ヤノ薬局【5:薬局】長野県中野市西１－５－６２" }, "geometry": { "type": "Point", "coordinates": [ 138.36683, 36.746164 ] } },
{ "type": "Feature", "properties": { "ID": 2057201502620, "正式名称": "中野薬局", "機関区分": 5, "都道府県コード": 20, "市区町村コード": 211, "所在地": "長野県中野市小田中１８３ー３", "緯度": 36.741387, "経度": 138.373829, "url": "https://www.iryou.teikyouseido.mhlw.go.jp/znk-web/juminkanja/S2430/initialize?prefCd=20&kikanCd=7201502620&kikanKbn=5", "url2": "https://www.kijimayakuhin.co.jp", "内容": "中野薬局【5:薬局】長野県中野市小田中１８３ー３" }, "geometry": { "type": "Point", "coordinates": [ 138.373829, 36.741387 ] } },
{ "type": "Feature", "properties": { "ID": 2057201502710, "正式名称": "かすみ薬局　西店", "機関区分": 5, "都道府県コード": 20, "市区町村コード": 211, "所在地": "長野県中野市西１丁目５－１０", "緯度": 36.74633, "経度": 138.364747, "url": "https://www.iryou.teikyouseido.mhlw.go.jp/znk-web/juminkanja/S2430/initialize?prefCd=20&kikanCd=7201502710&kikanKbn=5", "url2": "http://dpc-net.ne.jp/storeInfo/2011/12/post-13.html", "内容": "かすみ薬局　西店【5:薬局】長野県中野市西１丁目５－１０" }, "geometry": { "type": "Point", "coordinates": [ 138.364747, 36.74633 ] } },
{ "type": "Feature", "properties": { "ID": 2057201503060, "正式名称": "中野東薬局", "機関区分": 5, "都道府県コード": 20, "市区町村コード": 211, "所在地": "長野県中野市中野１９３１ー７", "緯度": 36.754302, "経度": 138.378884, "url": "https://www.iryou.teikyouseido.mhlw.go.jp/znk-web/juminkanja/S2430/initialize?prefCd=20&kikanCd=7201503060&kikanKbn=5", "url2": "https://www.kijimayakuhin.co.jp", "内容": "中野東薬局【5:薬局】長野県中野市中野１９３１ー７" }, "geometry": { "type": "Point", "coordinates": [ 138.378884, 36.754302 ] } },
{ "type": "Feature", "properties": { "ID": 2057201503240, "正式名称": "めぐみ薬局", "機関区分": 5, "都道府県コード": 20, "市区町村コード": 211, "所在地": "長野県中野市片塩４１９－６", "緯度": 36.740377, "経度": 138.339125, "url": "https://www.iryou.teikyouseido.mhlw.go.jp/znk-web/juminkanja/S2430/initialize?prefCd=20&kikanCd=7201503240&kikanKbn=5", "url2": null, "内容": "めぐみ薬局【5:薬局】長野県中野市片塩４１９－６" }, "geometry": { "type": "Point", "coordinates": [ 138.339125, 36.740377 ] } },
{ "type": "Feature", "properties": { "ID": 2057201503330, "正式名称": "中野モリキ薬局", "機関区分": 5, "都道府県コード": 20, "市区町村コード": 211, "所在地": "長野県中野市西１－４－７", "緯度": 36.745886, "経度": 138.36683, "url": "https://www.iryou.teikyouseido.mhlw.go.jp/znk-web/juminkanja/S2430/initialize?prefCd=20&kikanCd=7201503330&kikanKbn=5", "url2": null, "内容": "中野モリキ薬局【5:薬局】長野県中野市西１－４－７" }, "geometry": { "type": "Point", "coordinates": [ 138.36683, 36.745886 ] } },
{ "type": "Feature", "properties": { "ID": 2057201503890, "正式名称": "新駅南モリキ薬局", "機関区分": 5, "都道府県コード": 20, "市区町村コード": 211, "所在地": "長野県中野市西条吉原５８７－２", "緯度": 36.73947, "経度": 138.359969, "url": "https://www.iryou.teikyouseido.mhlw.go.jp/znk-web/juminkanja/S2430/initialize?prefCd=20&kikanCd=7201503890&kikanKbn=5", "url2": "http://www.moriki-grbup.co.jp", "内容": "新駅南モリキ薬局【5:薬局】長野県中野市西条吉原５８７－２" }, "geometry": { "type": "Point", "coordinates": [ 138.359969, 36.73947 ] } },
{ "type": "Feature", "properties": { "ID": 2057201503980, "正式名称": "かすみ薬局", "機関区分": 5, "都道府県コード": 20, "市区町村コード": 211, "所在地": "長野県中野市西１－５－６４", "緯度": 36.745997, "経度": 138.366524, "url": "https://www.iryou.teikyouseido.mhlw.go.jp/znk-web/juminkanja/S2430/initialize?prefCd=20&kikanCd=7201503980&kikanKbn=5", "url2": "https://dpc-net.ne.jp/storeinfo/nagano/nagano-kasumi/", "内容": "かすみ薬局【5:薬局】長野県中野市西１－５－６４" }, "geometry": { "type": "Point", "coordinates": [ 138.366524, 36.745997 ] } },
{ "type": "Feature", "properties": { "ID": 2057201504130, "正式名称": "中野西薬局", "機関区分": 5, "都道府県コード": 20, "市区町村コード": 211, "所在地": "長野県中野市吉田１１６６－２", "緯度": 36.750913, "経度": 138.364996, "url": "https://www.iryou.teikyouseido.mhlw.go.jp/znk-web/juminkanja/S2430/initialize?prefCd=20&kikanCd=7201504130&kikanKbn=5", "url2": "https://www.kijimayakuhin.co.jp", "内容": "中野西薬局【5:薬局】長野県中野市吉田１１６６－２" }, "geometry": { "type": "Point", "coordinates": [ 138.364996, 36.750913 ] } },
{ "type": "Feature", "properties": { "ID": 2057201504220, "正式名称": "なのはな薬局", "機関区分": 5, "都道府県コード": 20, "市区町村コード": 211, "所在地": "長野県中野市吉田７７０－３", "緯度": 36.753718, "経度": 138.365441, "url": "https://www.iryou.teikyouseido.mhlw.go.jp/znk-web/juminkanja/S2430/initialize?prefCd=20&kikanCd=7201504220&kikanKbn=5", "url2": null, "内容": "なのはな薬局【5:薬局】長野県中野市吉田７７０－３" }, "geometry": { "type": "Point", "coordinates": [ 138.365441, 36.753718 ] } },
{ "type": "Feature", "properties": { "ID": 2057201504310, "正式名称": "中野南宮薬局", "機関区分": 5, "都道府県コード": 20, "市区町村コード": 211, "所在地": "長野県中野市南宮３３５－２", "緯度": 36.738193, "経度": 138.371052, "url": "https://www.iryou.teikyouseido.mhlw.go.jp/znk-web/juminkanja/S2430/initialize?prefCd=20&kikanCd=7201504310&kikanKbn=5", "url2": null, "内容": "中野南宮薬局【5:薬局】長野県中野市南宮３３５－２" }, "geometry": { "type": "Point", "coordinates": [ 138.371052, 36.738193 ] } },
{ "type": "Feature", "properties": { "ID": 2057201504690, "正式名称": "山崎薬局", "機関区分": 5, "都道府県コード": 20, "市区町村コード": 211, "所在地": "長野県中野市西１ー３ー１４", "緯度": 36.744719, "経度": 138.367108, "url": "https://www.iryou.teikyouseido.mhlw.go.jp/znk-web/juminkanja/S2430/initialize?prefCd=20&kikanCd=7201504690&kikanKbn=5", "url2": "https://www.shinshu-nakano.jp/shop/1yamazakiyakkyoku", "内容": "山崎薬局【5:薬局】長野県中野市西１ー３ー１４" }, "geometry": { "type": "Point", "coordinates": [ 138.367108, 36.744719 ] } },
{ "type": "Feature", "properties": { "ID": 2057201504780, "正式名称": "中野北薬局", "機関区分": 5, "都道府県コード": 20, "市区町村コード": 211, "所在地": "長野県中野市一本木３１９－１", "緯度": 36.758579, "経度": 138.378106, "url": "https://www.iryou.teikyouseido.mhlw.go.jp/znk-web/juminkanja/S2430/initialize?prefCd=20&kikanCd=7201504780&kikanKbn=5", "url2": "https://www.kijimayakuhin.co.jp", "内容": "中野北薬局【5:薬局】長野県中野市一本木３１９－１" }, "geometry": { "type": "Point", "coordinates": [ 138.378106, 36.758579 ] } },
{ "type": "Feature", "properties": { "ID": 2057201504960, "正式名称": "イオン薬局　中野店", "機関区分": 5, "都道府県コード": 20, "市区町村コード": 211, "所在地": "長野県中野市一本木２５２－１", "緯度": 36.758774, "経度": 138.372162, "url": "https://www.iryou.teikyouseido.mhlw.go.jp/znk-web/juminkanja/S2430/initialize?prefCd=20&kikanCd=7201504960&kikanKbn=5", "url2": "https://www.aeon.com/store/%E3%82%A4%E3%82%AA%E3%83%B3/%E3%82%A4%E3%82%AA%E3%83%B3%E4%B8%AD%E9%87%8E%E5%BA%97/", "内容": "イオン薬局　中野店【5:薬局】長野県中野市一本木２５２－１" }, "geometry": { "type": "Point", "coordinates": [ 138.372162, 36.758774 ] } },
{ "type": "Feature", "properties": { "ID": 2057201505210, "正式名称": "薬局　マツモトキヨシ中野吉田店", "機関区分": 5, "都道府県コード": 20, "市区町村コード": 211, "所在地": "長野県中野市吉田１０４９－１", "緯度": 36.746525, "経度": 138.359941, "url": "https://www.iryou.teikyouseido.mhlw.go.jp/znk-web/juminkanja/S2430/initialize?prefCd=20&kikanCd=7201505210&kikanKbn=5", "url2": "http:www.matsukiyo.co.jp/map?kid=20106043", "内容": "薬局　マツモトキヨシ中野吉田店【5:薬局】長野県中野市吉田１０４９－１" }, "geometry": { "type": "Point", "coordinates": [ 138.359941, 36.746525 ] } },
{ "type": "Feature", "properties": { "ID": 2057201505300, "正式名称": "ミナミ一本木薬局", "機関区分": 5, "都道府県コード": 20, "市区町村コード": 211, "所在地": "長野県中野市一本木１５９‐２", "緯度": 36.754135, "経度": 138.37294, "url": "https://www.iryou.teikyouseido.mhlw.go.jp/znk-web/juminkanja/S2430/initialize?prefCd=20&kikanCd=7201505300&kikanKbn=5", "url2": null, "内容": "ミナミ一本木薬局【5:薬局】長野県中野市一本木１５９‐２" }, "geometry": { "type": "Point", "coordinates": [ 138.37294, 36.754135 ] } },
{ "type": "Feature", "properties": { "ID": 2057201505490, "正式名称": "さくら薬局　中野小田中店", "機関区分": 5, "都道府県コード": 20, "市区町村コード": 211, "所在地": "長野県中野市小田中４２３－１", "緯度": 36.738776, "経度": 138.372635, "url": "https://www.iryou.teikyouseido.mhlw.go.jp/znk-web/juminkanja/S2430/initialize?prefCd=20&kikanCd=7201505490&kikanKbn=5", "url2": "https://www.kraft-net.co.jp/sakura/store/3477/", "内容": "さくら薬局　中野小田中店【5:薬局】長野県中野市小田中４２３－１" }, "geometry": { "type": "Point", "coordinates": [ 138.372635, 36.738776 ] } },
{ "type": "Feature", "properties": { "ID": 2057201505580, "正式名称": "まつい薬局", "機関区分": 5, "都道府県コード": 20, "市区町村コード": 211, "所在地": "長野県中野市金井", "緯度": 36.772966, "経度": 138.364357, "url": "https://www.iryou.teikyouseido.mhlw.go.jp/znk-web/juminkanja/S2430/initialize?prefCd=20&kikanCd=7201505580&kikanKbn=5", "url2": null, "内容": "まつい薬局【5:薬局】長野県中野市金井" }, "geometry": { "type": "Point", "coordinates": [ 138.364357, 36.772966 ] } },
{ "type": "Feature", "properties": { "ID": 2057201505670, "正式名称": "ウエルシア薬局　中野駅前店", "機関区分": 5, "都道府県コード": 20, "市区町村コード": 211, "所在地": "長野県中野市西条並柳１２６９", "緯度": 36.74272, "経度": 138.363164, "url": "https://www.iryou.teikyouseido.mhlw.go.jp/znk-web/juminkanja/S2430/initialize?prefCd=20&kikanCd=7201505670&kikanKbn=5", "url2": "http://www.welcia-yakkyoku.co.jp/", "内容": "ウエルシア薬局　中野駅前店【5:薬局】長野県中野市西条並柳１２６９" }, "geometry": { "type": "Point", "coordinates": [ 138.363164, 36.74272 ] } },
{ "type": "Feature", "properties": { "ID": 2057201505760, "正式名称": "マスミツ薬局", "機関区分": 5, "都道府県コード": 20, "市区町村コード": 211, "所在地": "長野県中野市中央２－６－１８", "緯度": 36.744109, "経度": 138.374996, "url": "https://www.iryou.teikyouseido.mhlw.go.jp/znk-web/juminkanja/S2430/initialize?prefCd=20&kikanCd=7201505760&kikanKbn=5", "url2": null, "内容": "マスミツ薬局【5:薬局】長野県中野市中央２－６－１８" }, "geometry": { "type": "Point", "coordinates": [ 138.374996, 36.744109 ] } },
{ "type": "Feature", "properties": { "ID": 2057201505850, "正式名称": "コトブキヤ薬局", "機関区分": 5, "都道府県コード": 20, "市区町村コード": 561, "所在地": "長野県下高井郡山ノ内町平穏３１６９", "緯度": 36.740277, "経度": 138.418992, "url": "https://www.iryou.teikyouseido.mhlw.go.jp/znk-web/juminkanja/S2430/initialize?prefCd=20&kikanCd=7201505850&kikanKbn=5", "url2": null, "内容": "コトブキヤ薬局【5:薬局】長野県下高井郡山ノ内町平穏３１６９" }, "geometry": { "type": "Point", "coordinates": [ 138.418992, 36.740277 ] } },
{ "type": "Feature", "properties": { "ID": 2057201505940, "正式名称": "よませコトブキヤ薬局", "機関区分": 5, "都道府県コード": 20, "市区町村コード": 561, "所在地": "長野県下高井郡山ノ内町夜間瀬２６９５－１", "緯度": 36.757247, "経度": 138.398382, "url": "https://www.iryou.teikyouseido.mhlw.go.jp/znk-web/juminkanja/S2430/initialize?prefCd=20&kikanCd=7201505940&kikanKbn=5", "url2": null, "内容": "よませコトブキヤ薬局【5:薬局】長野県下高井郡山ノ内町夜間瀬２６９５－１" }, "geometry": { "type": "Point", "coordinates": [ 138.398382, 36.757247 ] } },
{ "type": "Feature", "properties": { "ID": 2057201506010, "正式名称": "かすみ薬局トマト店", "機関区分": 5, "都道府県コード": 20, "市区町村コード": 211, "所在地": "長野県中野市岩船４１９−１", "緯度": 36.745625, "経度": 138.36163, "url": "https://www.iryou.teikyouseido.mhlw.go.jp/znk-web/juminkanja/S2430/initialize?prefCd=20&kikanCd=7201506010&kikanKbn=5", "url2": "http://dpc-net.ne.jp/storeInfo/2011/12/post-12.html", "内容": "かすみ薬局トマト店【5:薬局】長野県中野市岩船４１９−１" }, "geometry": { "type": "Point", "coordinates": [ 138.36163, 36.745625 ] } },
{ "type": "Feature", "properties": { "ID": 2057201506100, "正式名称": "吉田モリキ薬局", "機関区分": 5, "都道府県コード": 20, "市区町村コード": 211, "所在地": "長野県中野市吉田７１８ー３", "緯度": 36.754662, "経度": 138.365454, "url": "https://www.iryou.teikyouseido.mhlw.go.jp/znk-web/juminkanja/S2430/initialize?prefCd=20&kikanCd=7201506100&kikanKbn=5", "url2": "https://www.moriki-group.info/store_serach/hokushin02/%e3%82%a2%e3%83%a1%e3%83%aa%e3%82%ab%e3%83%b3%e3%83%89%e3%83%a9%e3%83%83%e3%82%b0%e5%90%89%e7%94%b0%e5%ba%97/", "内容": "吉田モリキ薬局【5:薬局】長野県中野市吉田７１８ー３" }, "geometry": { "type": "Point", "coordinates": [ 138.365454, 36.754662 ] } },
{ "type": "Feature", "properties": { "ID": 2057201506290, "正式名称": "クスリのアオキ西条薬局", "機関区分": 5, "都道府県コード": 20, "市区町村コード": 211, "所在地": "長野県中野市大字西条８６９番地", "緯度": 36.739242, "経度": 138.366025, "url": "https://www.iryou.teikyouseido.mhlw.go.jp/znk-web/juminkanja/S2430/initialize?prefCd=20&kikanCd=7201506290&kikanKbn=5", "url2": "https://www.kusuri-aoki.co.jp/", "内容": "クスリのアオキ西条薬局【5:薬局】長野県中野市大字西条８６９番地" }, "geometry": { "type": "Point", "coordinates": [ 138.366025, 36.739242 ] } },
{ "type": "Feature", "properties": { "ID": 2057201506380, "正式名称": "アーク調剤薬局　中野店", "機関区分": 5, "都道府県コード": 20, "市区町村コード": 211, "所在地": "長野県中野市吉田８９４ー４", "緯度": 36.74769, "経度": 138.35092, "url": "https://www.iryou.teikyouseido.mhlw.go.jp/znk-web/juminkanja/S2430/initialize?prefCd=20&kikanCd=7201506380&kikanKbn=5", "url2": "http://www.arc-m.co.jp", "内容": "アーク調剤薬局　中野店【5:薬局】長野県中野市吉田８９４ー４" }, "geometry": { "type": "Point", "coordinates": [ 138.35092, 36.74769 ] } },
{ "type": "Feature", "properties": { "ID": 2057201506470, "正式名称": "鈴綺薬局　栄村", "機関区分": 5, "都道府県コード": 20, "市区町村コード": 602, "所在地": "長野県下水内郡栄村北信３５８７ー１８", "緯度": 36.988619, "経度": 138.577651, "url": "https://www.iryou.teikyouseido.mhlw.go.jp/znk-web/juminkanja/S2430/initialize?prefCd=20&kikanCd=7201506470&kikanKbn=5", "url2": "https://suzuki-pharmacy.business.site", "内容": "鈴綺薬局　栄村【5:薬局】長野県下水内郡栄村北信３５８７ー１８" }, "geometry": { "type": "Point", "coordinates": [ 138.577651, 36.988619 ] } },
{ "type": "Feature", "properties": { "ID": 2057201506650, "正式名称": "クスリのアオキ中野西薬局", "機関区分": 5, "都道府県コード": 20, "市区町村コード": 211, "所在地": "長野県中野市西二丁目１番２号", "緯度": 36.651289, "経度": 138.181224, "url": "https://www.iryou.teikyouseido.mhlw.go.jp/znk-web/juminkanja/S2430/initialize?prefCd=20&kikanCd=7201506650&kikanKbn=5", "url2": "https://www.kusuri-aoki.co.jp/", "内容": "クスリのアオキ中野西薬局【5:薬局】長野県中野市西二丁目１番２号" }, "geometry": { "type": "Point", "coordinates": [ 138.181224, 36.651289 ] } },
{ "type": "Feature", "properties": { "ID": 2057201506830, "正式名称": "モリキ飯山静間薬局", "機関区分": 5, "都道府県コード": 20, "市区町村コード": 213, "所在地": "長野県飯山市静間郷谷１４８１", "緯度": 36.83465, "経度": 138.35721, "url": "https://www.iryou.teikyouseido.mhlw.go.jp/znk-web/juminkanja/S2430/initialize?prefCd=20&kikanCd=7201506830&kikanKbn=5", "url2": null, "内容": "モリキ飯山静間薬局【5:薬局】長野県飯山市静間郷谷１４８１" }, "geometry": { "type": "Point", "coordinates": [ 138.35721, 36.83465 ] } },
{ "type": "Feature", "properties": { "ID": 2057201506920, "正式名称": "アイン薬局飯山店", "機関区分": 5, "都道府県コード": 20, "市区町村コード": 213, "所在地": "長野県飯山市飯山新町裏１８６－１", "緯度": 36.843708, "経度": 138.362215, "url": "https://www.iryou.teikyouseido.mhlw.go.jp/znk-web/juminkanja/S2430/initialize?prefCd=20&kikanCd=7201506920&kikanKbn=5", "url2": "https://www.ainj.co.jp/network/", "内容": "アイン薬局飯山店【5:薬局】長野県飯山市飯山新町裏１８６－１" }, "geometry": { "type": "Point", "coordinates": [ 138.362215, 36.843708 ] } },
{ "type": "Feature", "properties": { "ID": 2057201507090, "正式名称": "アイン薬局飯山田町店", "機関区分": 5, "都道府県コード": 20, "市区町村コード": 213, "所在地": "長野県飯山市飯山田町２９３８－４", "緯度": 36.84793, "経度": 138.359854, "url": "https://www.iryou.teikyouseido.mhlw.go.jp/znk-web/juminkanja/S2430/initialize?prefCd=20&kikanCd=7201507090&kikanKbn=5", "url2": "https://www.ainj.co.jp", "内容": "アイン薬局飯山田町店【5:薬局】長野県飯山市飯山田町２９３８－４" }, "geometry": { "type": "Point", "coordinates": [ 138.359854, 36.84793 ] } },
{ "type": "Feature", "properties": { "ID": 2057201507180, "正式名称": "アイン薬局　静間店", "機関区分": 5, "都道府県コード": 20, "市区町村コード": 213, "所在地": "長野県飯山市大字静間２０９１－３", "緯度": 36.853501, "経度": 138.363482, "url": "https://www.iryou.teikyouseido.mhlw.go.jp/znk-web/juminkanja/S2430/initialize?prefCd=20&kikanCd=7201507180&kikanKbn=5", "url2": "https://www.ainj.co.jp/network/detail.html?pdid=1991", "内容": "アイン薬局　静間店【5:薬局】長野県飯山市大字静間２０９１－３" }, "geometry": { "type": "Point", "coordinates": [ 138.363482, 36.853501 ] } },
{ "type": "Feature", "properties": { "ID": 2057201507270, "正式名称": "アメリカンドラック飯山本町薬局", "機関区分": 5, "都道府県コード": 20, "市区町村コード": 213, "所在地": "長野県飯山市飯山本町１１８０番地１号", "緯度": 36.8535, "経度": 138.36348, "url": "https://www.iryou.teikyouseido.mhlw.go.jp/znk-web/juminkanja/S2430/initialize?prefCd=20&kikanCd=7201507270&kikanKbn=5", "url2": "https://store.seims.co.jp/map/3879/", "内容": "アメリカンドラック飯山本町薬局【5:薬局】長野県飯山市飯山本町１１８０番地１号" }, "geometry": { "type": "Point", "coordinates": [ 138.36348, 36.8535 ] } },
{ "type": "Feature", "properties": { "ID": 2057201600440, "正式名称": "株式会社　小林薬局", "機関区分": 5, "都道府県コード": 20, "市区町村コード": 201, "所在地": "長野県長野市西後町１５７９－１", "緯度": 36.651642, "経度": 138.187016, "url": "https://www.iryou.teikyouseido.mhlw.go.jp/znk-web/juminkanja/S2430/initialize?prefCd=20&kikanCd=7201600440&kikanKbn=5", "url2": null, "内容": "株式会社　小林薬局【5:薬局】長野県長野市西後町１５７９－１" }, "geometry": { "type": "Point", "coordinates": [ 138.187016, 36.651642 ] } },
{ "type": "Feature", "properties": { "ID": 2057201602500, "正式名称": "有限会社　角大薬局", "機関区分": 5, "都道府県コード": 20, "市区町村コード": 201, "所在地": "長野県長野市新田町１４６５　角大ビル１Ｆ", "緯度": 36.648031, "経度": 138.187349, "url": "https://www.iryou.teikyouseido.mhlw.go.jp/znk-web/juminkanja/S2430/initialize?prefCd=20&kikanCd=7201602500&kikanKbn=5", "url2": "https://kkdi.co.jp/", "内容": "有限会社　角大薬局【5:薬局】長野県長野市新田町１４６５　角大ビル１Ｆ" }, "geometry": { "type": "Point", "coordinates": [ 138.187349, 36.648031 ] } },
{ "type": "Feature", "properties": { "ID": 2057201602690, "正式名称": "有限会社　資生堂　伊東薬局", "機関区分": 5, "都道府県コード": 20, "市区町村コード": 201, "所在地": "長野県長野市権堂町２３２１", "緯度": 36.653253, "経度": 138.187877, "url": "https://www.iryou.teikyouseido.mhlw.go.jp/znk-web/juminkanja/S2430/initialize?prefCd=20&kikanCd=7201602690&kikanKbn=5", "url2": null, "内容": "有限会社　資生堂　伊東薬局【5:薬局】長野県長野市権堂町２３２１" }, "geometry": { "type": "Point", "coordinates": [ 138.187877, 36.653253 ] } },
{ "type": "Feature", "properties": { "ID": 2057201604830, "正式名称": "有限会社山本薬局", "機関区分": 5, "都道府県コード": 20, "市区町村コード": 201, "所在地": "長野県長野市鶴賀田町２１４９", "緯度": 36.65467, "経度": 138.194126, "url": "https://www.iryou.teikyouseido.mhlw.go.jp/znk-web/juminkanja/S2430/initialize?prefCd=20&kikanCd=7201604830&kikanKbn=5", "url2": null, "内容": "有限会社山本薬局【5:薬局】長野県長野市鶴賀田町２１４９" }, "geometry": { "type": "Point", "coordinates": [ 138.194126, 36.65467 ] } },
{ "type": "Feature", "properties": { "ID": 2057201607230, "正式名称": "上林薬局", "機関区分": 5, "都道府県コード": 20, "市区町村コード": 201, "所在地": "長野県長野市若穂保科３０３０－３", "緯度": 36.5964, "経度": 138.25179, "url": "https://www.iryou.teikyouseido.mhlw.go.jp/znk-web/juminkanja/S2430/initialize?prefCd=20&kikanCd=7201607230&kikanKbn=5", "url2": null, "内容": "上林薬局【5:薬局】長野県長野市若穂保科３０３０－３" }, "geometry": { "type": "Point", "coordinates": [ 138.25179, 36.5964 ] } },
{ "type": "Feature", "properties": { "ID": 2057201613000, "正式名称": "三才薬局", "機関区分": 5, "都道府県コード": 20, "市区町村コード": 201, "所在地": "長野県長野市西三才１３６７－１", "緯度": 36.683918, "経度": 138.24076, "url": "https://www.iryou.teikyouseido.mhlw.go.jp/znk-web/juminkanja/S2430/initialize?prefCd=20&kikanCd=7201613000&kikanKbn=5", "url2": null, "内容": "三才薬局【5:薬局】長野県長野市西三才１３６７－１" }, "geometry": { "type": "Point", "coordinates": [ 138.24076, 36.683918 ] } },
{ "type": "Feature", "properties": { "ID": 2057201613640, "正式名称": "コウジヤ薬局", "機関区分": 5, "都道府県コード": 20, "市区町村コード": 201, "所在地": "長野県長野市南石堂町１４２１", "緯度": 36.644643, "経度": 138.186655, "url": "https://www.iryou.teikyouseido.mhlw.go.jp/znk-web/juminkanja/S2430/initialize?prefCd=20&kikanCd=7201613640&kikanKbn=5", "url2": null, "内容": "コウジヤ薬局【5:薬局】長野県長野市南石堂町１４２１" }, "geometry": { "type": "Point", "coordinates": [ 138.186655, 36.644643 ] } },
{ "type": "Feature", "properties": { "ID": 2057201613910, "正式名称": "Ｆ．Ｄ．安田薬局", "機関区分": 5, "都道府県コード": 20, "市区町村コード": 201, "所在地": "長野県長野市上松５－７－１", "緯度": 36.680528, "経度": 138.200597, "url": "https://www.iryou.teikyouseido.mhlw.go.jp/znk-web/juminkanja/S2430/initialize?prefCd=20&kikanCd=7201613910&kikanKbn=5", "url2": null, "内容": "Ｆ．Ｄ．安田薬局【5:薬局】長野県長野市上松５－７－１" }, "geometry": { "type": "Point", "coordinates": [ 138.200597, 36.680528 ] } },
{ "type": "Feature", "properties": { "ID": 2057201614350, "正式名称": "有限会社　永寿堂大門薬局", "機関区分": 5, "都道府県コード": 20, "市区町村コード": 201, "所在地": "長野県長野市大門町５０９", "緯度": 36.657114, "経度": 138.187349, "url": "https://www.iryou.teikyouseido.mhlw.go.jp/znk-web/juminkanja/S2430/initialize?prefCd=20&kikanCd=7201614350&kikanKbn=5", "url2": "https://daimonyakkoku.com/", "内容": "有限会社　永寿堂大門薬局【5:薬局】長野県長野市大門町５０９" }, "geometry": { "type": "Point", "coordinates": [ 138.187349, 36.657114 ] } },
{ "type": "Feature", "properties": { "ID": 2057201614710, "正式名称": "有限会社松澤薬局", "機関区分": 5, "都道府県コード": 20, "市区町村コード": 201, "所在地": "長野県長野市問御所町１２３８－１", "緯度": 36.648726, "経度": 138.187294, "url": "https://www.iryou.teikyouseido.mhlw.go.jp/znk-web/juminkanja/S2430/initialize?prefCd=20&kikanCd=7201614710&kikanKbn=5", "url2": null, "内容": "有限会社松澤薬局【5:薬局】長野県長野市問御所町１２３８－１" }, "geometry": { "type": "Point", "coordinates": [ 138.187294, 36.648726 ] } },
{ "type": "Feature", "properties": { "ID": 2057201615980, "正式名称": "北村薬局", "機関区分": 5, "都道府県コード": 20, "市区町村コード": 201, "所在地": "長野県長野市稲葉上千田沖２９５－３　北村ビル", "緯度": 36.629951, "経度": 138.20021, "url": "https://www.iryou.teikyouseido.mhlw.go.jp/znk-web/juminkanja/S2430/initialize?prefCd=20&kikanCd=7201615980&kikanKbn=5", "url2": "https://kitamura.ph-online.org/", "内容": "北村薬局【5:薬局】長野県長野市稲葉上千田沖２９５－３　北村ビル" }, "geometry": { "type": "Point", "coordinates": [ 138.20021, 36.629951 ] } },
{ "type": "Feature", "properties": { "ID": 2057201616220, "正式名称": "風間薬局", "機関区分": 5, "都道府県コード": 20, "市区町村コード": 201, "所在地": "長野県長野市風間１３８－２", "緯度": 36.635125, "経度": 138.228306, "url": "https://www.iryou.teikyouseido.mhlw.go.jp/znk-web/juminkanja/S2430/initialize?prefCd=20&kikanCd=7201616220&kikanKbn=5", "url2": "http://38mychan.wixsite.com/kazama-pharmacy", "内容": "風間薬局【5:薬局】長野県長野市風間１３８－２" }, "geometry": { "type": "Point", "coordinates": [ 138.228306, 36.635125 ] } },
{ "type": "Feature", "properties": { "ID": 2057201616500, "正式名称": "一般社団法人長野市薬剤師会　医薬分業推進支援センター長野薬局", "機関区分": 5, "都道府県コード": 20, "市区町村コード": 201, "所在地": "長野県長野市大字富竹字宮田１４０６－６", "緯度": 36.670031, "経度": 138.255009, "url": "https://www.iryou.teikyouseido.mhlw.go.jp/znk-web/juminkanja/S2430/initialize?prefCd=20&kikanCd=7201616500&kikanKbn=5", "url2": "http://nagano-shiyaku.org/kaieinaganoyakkyoku/", "内容": "一般社団法人長野市薬剤師会　医薬分業推進支援センター長野薬局【5:薬局】長野県長野市大字富竹字宮田１４０６－６" }, "geometry": { "type": "Point", "coordinates": [ 138.255009, 36.670031 ] } },
{ "type": "Feature", "properties": { "ID": 2057201617210, "正式名称": "天龍堂本郷薬局", "機関区分": 5, "都道府県コード": 20, "市区町村コード": 201, "所在地": "長野県長野市三輪３－１３－１０", "緯度": 36.662114, "経度": 138.205236, "url": "https://www.iryou.teikyouseido.mhlw.go.jp/znk-web/juminkanja/S2430/initialize?prefCd=20&kikanCd=7201617210&kikanKbn=5", "url2": null, "内容": "天龍堂本郷薬局【5:薬局】長野県長野市三輪３－１３－１０" }, "geometry": { "type": "Point", "coordinates": [ 138.205236, 36.662114 ] } },
{ "type": "Feature", "properties": { "ID": 2057201617850, "正式名称": "わかつき大通り薬局", "機関区分": 5, "都道府県コード": 20, "市区町村コード": 201, "所在地": "長野県長野市若槻東条５５１", "緯度": 36.682009, "経度": 138.222376, "url": "https://www.iryou.teikyouseido.mhlw.go.jp/znk-web/juminkanja/S2430/initialize?prefCd=20&kikanCd=7201617850&kikanKbn=5", "url2": null, "内容": "わかつき大通り薬局【5:薬局】長野県長野市若槻東条５５１" }, "geometry": { "type": "Point", "coordinates": [ 138.222376, 36.682009 ] } },
{ "type": "Feature", "properties": { "ID": 2057201617940, "正式名称": "ＳＢＣ通り岡沢薬局", "機関区分": 5, "都道府県コード": 20, "市区町村コード": 201, "所在地": "長野県長野市吉田", "緯度": 36.669863, "経度": 138.215679, "url": "https://www.iryou.teikyouseido.mhlw.go.jp/znk-web/juminkanja/S2430/initialize?prefCd=20&kikanCd=7201617940&kikanKbn=5", "url2": null, "内容": "ＳＢＣ通り岡沢薬局【5:薬局】長野県長野市吉田" }, "geometry": { "type": "Point", "coordinates": [ 138.215679, 36.669863 ] } },
{ "type": "Feature", "properties": { "ID": 2057201618010, "正式名称": "西澤薬局", "機関区分": 5, "都道府県コード": 20, "市区町村コード": 201, "所在地": "長野県長野市柳原１９９８－１４", "緯度": 36.66081, "経度": 138.257121, "url": "https://www.iryou.teikyouseido.mhlw.go.jp/znk-web/juminkanja/S2430/initialize?prefCd=20&kikanCd=7201618010&kikanKbn=5", "url2": "http://www.shinano-kyorei.jp/", "内容": "西澤薬局【5:薬局】長野県長野市柳原１９９８－１４" }, "geometry": { "type": "Point", "coordinates": [ 138.257121, 36.66081 ] } },
{ "type": "Feature", "properties": { "ID": 2057201618380, "正式名称": "あさひ薬局", "機関区分": 5, "都道府県コード": 20, "市区町村コード": 201, "所在地": "長野県長野市上松４－５－２", "緯度": 36.670946, "経度": 138.203097, "url": "https://www.iryou.teikyouseido.mhlw.go.jp/znk-web/juminkanja/S2430/initialize?prefCd=20&kikanCd=7201618380&kikanKbn=5", "url2": "http://www.yoshida-yakugyo.com/", "内容": "あさひ薬局【5:薬局】長野県長野市上松４－５－２" }, "geometry": { "type": "Point", "coordinates": [ 138.203097, 36.670946 ] } },
{ "type": "Feature", "properties": { "ID": 2057201620580, "正式名称": "ビヨンド西友西尾張部薬局", "機関区分": 5, "都道府県コード": 20, "市区町村コード": 201, "所在地": "長野県長野市西尾張部１０６０－１２　西友西尾張部店", "緯度": 36.650477, "経度": 138.228985, "url": "https://www.iryou.teikyouseido.mhlw.go.jp/znk-web/juminkanja/S2430/initialize?prefCd=20&kikanCd=7201620580&kikanKbn=5", "url2": "https://www.beyond-ph.co.jp/", "内容": "ビヨンド西友西尾張部薬局【5:薬局】長野県長野市西尾張部１０６０－１２　西友西尾張部店" }, "geometry": { "type": "Point", "coordinates": [ 138.228985, 36.650477 ] } },
{ "type": "Feature", "properties": { "ID": 2057201620760, "正式名称": "めだか薬局", "機関区分": 5, "都道府県コード": 20, "市区町村コード": 201, "所在地": "長野県長野市神楽橋１０－１１４", "緯度": 36.680806, "経度": 138.211068, "url": "https://www.iryou.teikyouseido.mhlw.go.jp/znk-web/juminkanja/S2430/initialize?prefCd=20&kikanCd=7201620760&kikanKbn=5", "url2": null, "内容": "めだか薬局【5:薬局】長野県長野市神楽橋１０－１１４" }, "geometry": { "type": "Point", "coordinates": [ 138.211068, 36.680806 ] } },
{ "type": "Feature", "properties": { "ID": 2057201620850, "正式名称": "有限会社　後町薬局", "機関区分": 5, "都道府県コード": 20, "市区町村コード": 201, "所在地": "長野県長野市西後町６１０", "緯度": 36.652753, "経度": 138.185877, "url": "https://www.iryou.teikyouseido.mhlw.go.jp/znk-web/juminkanja/S2430/initialize?prefCd=20&kikanCd=7201620850&kikanKbn=5", "url2": null, "内容": "有限会社　後町薬局【5:薬局】長野県長野市西後町６１０" }, "geometry": { "type": "Point", "coordinates": [ 138.185877, 36.652753 ] } },
{ "type": "Feature", "properties": { "ID": 2057201621920, "正式名称": "マーシィー稲田薬局", "機関区分": 5, "都道府県コード": 20, "市区町村コード": 201, "所在地": "長野県長野市稲田１－３９－１", "緯度": 36.675918, "経度": 138.217901, "url": "https://www.iryou.teikyouseido.mhlw.go.jp/znk-web/juminkanja/S2430/initialize?prefCd=20&kikanCd=7201621920&kikanKbn=5", "url2": "https://www.e-mercy.co.jp/company#mercy", "内容": "マーシィー稲田薬局【5:薬局】長野県長野市稲田１－３９－１" }, "geometry": { "type": "Point", "coordinates": [ 138.217901, 36.675918 ] } },
{ "type": "Feature", "properties": { "ID": 2057201622810, "正式名称": "カサイ薬局", "機関区分": 5, "都道府県コード": 20, "市区町村コード": 201, "所在地": "長野県長野市差出南２－１－３６", "緯度": 36.632658, "経度": 138.176036, "url": "https://www.iryou.teikyouseido.mhlw.go.jp/znk-web/juminkanja/S2430/initialize?prefCd=20&kikanCd=7201622810&kikanKbn=5", "url2": "https://kasaiyakkyoku.com/sp/", "内容": "カサイ薬局【5:薬局】長野県長野市差出南２－１－３６" }, "geometry": { "type": "Point", "coordinates": [ 138.176036, 36.632658 ] } },
{ "type": "Feature", "properties": { "ID": 2057201623160, "正式名称": "長池かたぎり薬局", "機関区分": 5, "都道府県コード": 20, "市区町村コード": 201, "所在地": "長野県長野市北長池２０７０－１", "緯度": 36.648172, "経度": 138.235456, "url": "https://www.iryou.teikyouseido.mhlw.go.jp/znk-web/juminkanja/S2430/initialize?prefCd=20&kikanCd=7201623160&kikanKbn=5", "url2": "http://www.genki-katagiri.com/", "内容": "長池かたぎり薬局【5:薬局】長野県長野市北長池２０７０－１" }, "geometry": { "type": "Point", "coordinates": [ 138.235456, 36.648172 ] } },
{ "type": "Feature", "properties": { "ID": 2057201623990, "正式名称": "徳間ひとみ薬局", "機関区分": 5, "都道府県コード": 20, "市区町村コード": 201, "所在地": "長野県長野市徳間３２０７", "緯度": 36.677613, "経度": 138.230705, "url": "https://www.iryou.teikyouseido.mhlw.go.jp/znk-web/juminkanja/S2430/initialize?prefCd=20&kikanCd=7201623990&kikanKbn=5", "url2": null, "内容": "徳間ひとみ薬局【5:薬局】長野県長野市徳間３２０７" }, "geometry": { "type": "Point", "coordinates": [ 138.230705, 36.677613 ] } },
{ "type": "Feature", "properties": { "ID": 2057201624320, "正式名称": "湯谷ひとみ薬局", "機関区分": 5, "都道府県コード": 20, "市区町村コード": 201, "所在地": "長野県長野市上松４－３３－８", "緯度": 36.67614, "経度": 138.20268, "url": "https://www.iryou.teikyouseido.mhlw.go.jp/znk-web/juminkanja/S2430/initialize?prefCd=20&kikanCd=7201624320&kikanKbn=5", "url2": null, "内容": "湯谷ひとみ薬局【5:薬局】長野県長野市上松４－３３－８" }, "geometry": { "type": "Point", "coordinates": [ 138.20268, 36.67614 ] } },
{ "type": "Feature", "properties": { "ID": 2057201624410, "正式名称": "有限会社　サンワ薬局", "機関区分": 5, "都道府県コード": 20, "市区町村コード": 201, "所在地": "長野県長野市若穂川田領家１７６９－３", "緯度": 36.599317, "経度": 138.258206, "url": "https://www.iryou.teikyouseido.mhlw.go.jp/znk-web/juminkanja/S2430/initialize?prefCd=20&kikanCd=7201624410&kikanKbn=5", "url2": null, "内容": "有限会社　サンワ薬局【5:薬局】長野県長野市若穂川田領家１７６９－３" }, "geometry": { "type": "Point", "coordinates": [ 138.258206, 36.599317 ] } },
{ "type": "Feature", "properties": { "ID": 2057201624600, "正式名称": "みのり薬局", "機関区分": 5, "都道府県コード": 20, "市区町村コード": 201, "所在地": "長野県長野市吉田２ー１ー２８", "緯度": 36.669724, "経度": 138.218457, "url": "https://www.iryou.teikyouseido.mhlw.go.jp/znk-web/juminkanja/S2430/initialize?prefCd=20&kikanCd=7201624600&kikanKbn=5", "url2": "http://www.yoshida-yakugyo.com/", "内容": "みのり薬局【5:薬局】長野県長野市吉田２ー１ー２８" }, "geometry": { "type": "Point", "coordinates": [ 138.218457, 36.669724 ] } },
{ "type": "Feature", "properties": { "ID": 2057201625030, "正式名称": "長池ひとみ薬局", "機関区分": 5, "都道府県コード": 20, "市区町村コード": 201, "所在地": "長野県長野市北長池２０４６ー４", "緯度": 36.647894, "経度": 138.235456, "url": "https://www.iryou.teikyouseido.mhlw.go.jp/znk-web/juminkanja/S2430/initialize?prefCd=20&kikanCd=7201625030&kikanKbn=5", "url2": "http://www.moriki-group.co.jp", "内容": "長池ひとみ薬局【5:薬局】長野県長野市北長池２０４６ー４" }, "geometry": { "type": "Point", "coordinates": [ 138.235456, 36.647894 ] } },
{ "type": "Feature", "properties": { "ID": 2057201625400, "正式名称": "花みずき薬局", "機関区分": 5, "都道府県コード": 20, "市区町村コード": 201, "所在地": "長野県長野市檀田２－３２－２２", "緯度": 36.676057, "経度": 138.212124, "url": "https://www.iryou.teikyouseido.mhlw.go.jp/znk-web/juminkanja/S2430/initialize?prefCd=20&kikanCd=7201625400&kikanKbn=5", "url2": null, "内容": "花みずき薬局【5:薬局】長野県長野市檀田２－３２－２２" }, "geometry": { "type": "Point", "coordinates": [ 138.212124, 36.676057 ] } },
{ "type": "Feature", "properties": { "ID": 2057201625860, "正式名称": "有限会社　なかやま薬局", "機関区分": 5, "都道府県コード": 20, "市区町村コード": 201, "所在地": "長野県長野市権堂町１４４９", "緯度": 36.651776, "経度": 138.19151, "url": "https://www.iryou.teikyouseido.mhlw.go.jp/znk-web/juminkanja/S2430/initialize?prefCd=20&kikanCd=7201625860&kikanKbn=5", "url2": null, "内容": "有限会社　なかやま薬局【5:薬局】長野県長野市権堂町１４４９" }, "geometry": { "type": "Point", "coordinates": [ 138.19151, 36.651776 ] } },
{ "type": "Feature", "properties": { "ID": 2057201626110, "正式名称": "国民堂薬局", "機関区分": 5, "都道府県コード": 20, "市区町村コード": 201, "所在地": "長野県長野市豊野町豊野１３０７", "緯度": 36.711054, "経度": 138.271756, "url": "https://www.iryou.teikyouseido.mhlw.go.jp/znk-web/juminkanja/S2430/initialize?prefCd=20&kikanCd=7201626110&kikanKbn=5", "url2": "http://nttbj.itp.ne.jp/0262572027/index.html", "内容": "国民堂薬局【5:薬局】長野県長野市豊野町豊野１３０７" }, "geometry": { "type": "Point", "coordinates": [ 138.271756, 36.711054 ] } },
{ "type": "Feature", "properties": { "ID": 2057201626660, "正式名称": "田町薬局", "機関区分": 5, "都道府県コード": 20, "市区町村コード": 201, "所在地": "長野県長野市田町２１００－１", "緯度": 36.654475, "経度": 138.196904, "url": "https://www.iryou.teikyouseido.mhlw.go.jp/znk-web/juminkanja/S2430/initialize?prefCd=20&kikanCd=7201626660&kikanKbn=5", "url2": null, "内容": "田町薬局【5:薬局】長野県長野市田町２１００－１" }, "geometry": { "type": "Point", "coordinates": [ 138.196904, 36.654475 ] } },
{ "type": "Feature", "properties": { "ID": 2057201626750, "正式名称": "インター松代象山屋薬局", "機関区分": 5, "都道府県コード": 20, "市区町村コード": 201, "所在地": "長野県長野市松代町西寺尾１４６３", "緯度": 36.572679, "経度": 138.201157, "url": "https://www.iryou.teikyouseido.mhlw.go.jp/znk-web/juminkanja/S2430/initialize?prefCd=20&kikanCd=7201626750&kikanKbn=5", "url2": "http://www.moriki-group.info/", "内容": "インター松代象山屋薬局【5:薬局】長野県長野市松代町西寺尾１４６３" }, "geometry": { "type": "Point", "coordinates": [ 138.201157, 36.572679 ] } },
{ "type": "Feature", "properties": { "ID": 2057201626930, "正式名称": "オワリベ象山屋薬局", "機関区分": 5, "都道府県コード": 20, "市区町村コード": 201, "所在地": "長野県長野市西尾張部１０２２－３", "緯度": 36.649366, "経度": 138.228679, "url": "https://www.iryou.teikyouseido.mhlw.go.jp/znk-web/juminkanja/S2430/initialize?prefCd=20&kikanCd=7201626930&kikanKbn=5", "url2": "https://www.moriki-group.info/store_serach/hokushin01/%e3%82%aa%e3%83%af%e3%83%aa%e3%83%99%e8%b1%a1%e5%b1%b1%e5%b1%8b%e8%96%ac%e5%b1%80/", "内容": "オワリベ象山屋薬局【5:薬局】長野県長野市西尾張部１０２２－３" }, "geometry": { "type": "Point", "coordinates": [ 138.228679, 36.649366 ] } },
{ "type": "Feature", "properties": { "ID": 2057201627000, "正式名称": "さなだ薬局", "機関区分": 5, "都道府県コード": 20, "市区町村コード": 201, "所在地": "長野県長野市松代町松代１８１－８", "緯度": 36.563042, "経度": 138.200352, "url": "https://www.iryou.teikyouseido.mhlw.go.jp/znk-web/juminkanja/S2430/initialize?prefCd=20&kikanCd=7201627000&kikanKbn=5", "url2": "http://www.yoshida-yakugyo.com/", "内容": "さなだ薬局【5:薬局】長野県長野市松代町松代１８１－８" }, "geometry": { "type": "Point", "coordinates": [ 138.200352, 36.563042 ] } },
{ "type": "Feature", "properties": { "ID": 2057201627280, "正式名称": "松代モリキ薬局", "機関区分": 5, "都道府県コード": 20, "市区町村コード": 201, "所在地": "長野県長野市松代町松代１６３－１４", "緯度": 36.563319, "経度": 138.200435, "url": "https://www.iryou.teikyouseido.mhlw.go.jp/znk-web/juminkanja/S2430/initialize?prefCd=20&kikanCd=7201627280&kikanKbn=5", "url2": "http://www.avis.ne.jp/~moriki/tyouzaibu/matusiro.html", "内容": "松代モリキ薬局【5:薬局】長野県長野市松代町松代１６３－１４" }, "geometry": { "type": "Point", "coordinates": [ 138.200435, 36.563319 ] } },
{ "type": "Feature", "properties": { "ID": 2057201627370, "正式名称": "まめじま薬局", "機関区分": 5, "都道府県コード": 20, "市区町村コード": 201, "所在地": "長野県長野市松岡２－１２－１０", "緯度": 36.625646, "経度": 138.216626, "url": "https://www.iryou.teikyouseido.mhlw.go.jp/znk-web/juminkanja/S2430/initialize?prefCd=20&kikanCd=7201627370&kikanKbn=5", "url2": "https://www.kusurinomadoguchi.com/nagano/s77624", "内容": "まめじま薬局【5:薬局】長野県長野市松岡２－１２－１０" }, "geometry": { "type": "Point", "coordinates": [ 138.216626, 36.625646 ] } },
{ "type": "Feature", "properties": { "ID": 2057201627550, "正式名称": "長野国民堂薬局", "機関区分": 5, "都道府県コード": 20, "市区町村コード": 201, "所在地": "長野県長野市安茂里犀北団地８０１１", "緯度": 36.626367, "経度": 138.16363, "url": "https://www.iryou.teikyouseido.mhlw.go.jp/znk-web/juminkanja/S2430/initialize?prefCd=20&kikanCd=7201627550&kikanKbn=5", "url2": null, "内容": "長野国民堂薬局【5:薬局】長野県長野市安茂里犀北団地８０１１" }, "geometry": { "type": "Point", "coordinates": [ 138.16363, 36.626367 ] } },
{ "type": "Feature", "properties": { "ID": 2057201628810, "正式名称": "ひより薬局", "機関区分": 5, "都道府県コード": 20, "市区町村コード": 201, "所在地": "長野県長野市若穂牛島村東沖５８３－３", "緯度": 36.612704, "経度": 138.24579, "url": "https://www.iryou.teikyouseido.mhlw.go.jp/znk-web/juminkanja/S2430/initialize?prefCd=20&kikanCd=7201628810&kikanKbn=5", "url2": null, "内容": "ひより薬局【5:薬局】長野県長野市若穂牛島村東沖５８３－３" }, "geometry": { "type": "Point", "coordinates": [ 138.24579, 36.612704 ] } },
{ "type": "Feature", "properties": { "ID": 2057201629420, "正式名称": "小島あすなろ薬局", "機関区分": 5, "都道府県コード": 20, "市区町村コード": 201, "所在地": "長野県長野市小島４０７－８", "緯度": 36.660411, "経度": 138.252212, "url": "https://www.iryou.teikyouseido.mhlw.go.jp/znk-web/juminkanja/S2430/initialize?prefCd=20&kikanCd=7201629420&kikanKbn=5", "url2": "http://www.asunaro-ph.com/pharmacy/", "内容": "小島あすなろ薬局【5:薬局】長野県長野市小島４０７－８" }, "geometry": { "type": "Point", "coordinates": [ 138.252212, 36.660411 ] } },
{ "type": "Feature", "properties": { "ID": 2057201629610, "正式名称": "あいケア薬局　本郷駅前店", "機関区分": 5, "都道府県コード": 20, "市区町村コード": 201, "所在地": "長野県長野市三輪３－１４－７", "緯度": 36.661947, "経度": 138.203736, "url": "https://www.iryou.teikyouseido.mhlw.go.jp/znk-web/juminkanja/S2430/initialize?prefCd=20&kikanCd=7201629610&kikanKbn=5", "url2": "https://aikea.ne.jp", "内容": "あいケア薬局　本郷駅前店【5:薬局】長野県長野市三輪３－１４－７" }, "geometry": { "type": "Point", "coordinates": [ 138.203736, 36.661947 ] } },
{ "type": "Feature", "properties": { "ID": 2057201630190, "正式名称": "株式会社　たかもり薬局", "機関区分": 5, "都道府県コード": 20, "市区町村コード": 201, "所在地": "長野県長野市桜枝町８４６－１", "緯度": 36.659068, "経度": 138.183827, "url": "https://www.iryou.teikyouseido.mhlw.go.jp/znk-web/juminkanja/S2430/initialize?prefCd=20&kikanCd=7201630190&kikanKbn=5", "url2": "https://www.takamori-ph.com/", "内容": "株式会社　たかもり薬局【5:薬局】長野県長野市桜枝町８４６－１" }, "geometry": { "type": "Point", "coordinates": [ 138.183827, 36.659068 ] } },
{ "type": "Feature", "properties": { "ID": 2057201630280, "正式名称": "クスリのアオキ三輪薬局", "機関区分": 5, "都道府県コード": 20, "市区町村コード": 201, "所在地": "長野県長野市三輪九丁目４９番３６号", "緯度": 36.670307, "経度": 138.204541, "url": "https://www.iryou.teikyouseido.mhlw.go.jp/znk-web/juminkanja/S2430/initialize?prefCd=20&kikanCd=7201630280&kikanKbn=5", "url2": "http://www.kusuri-aoki.co.jp", "内容": "クスリのアオキ三輪薬局【5:薬局】長野県長野市三輪九丁目４９番３６号" }, "geometry": { "type": "Point", "coordinates": [ 138.204541, 36.670307 ] } },
{ "type": "Feature", "properties": { "ID": 2057201630370, "正式名称": "長野若里さくら薬局", "機関区分": 5, "都道府県コード": 20, "市区町村コード": 201, "所在地": "長野県長野市若里六丁目１番６号", "緯度": 36.627617, "経度": 138.191267, "url": "https://www.iryou.teikyouseido.mhlw.go.jp/znk-web/juminkanja/S2430/initialize?prefCd=20&kikanCd=7201630370&kikanKbn=5", "url2": "https://www.kraft-net.co.jp/sakura/store/3345/", "内容": "長野若里さくら薬局【5:薬局】長野県長野市若里六丁目１番６号" }, "geometry": { "type": "Point", "coordinates": [ 138.191267, 36.627617 ] } },
{ "type": "Feature", "properties": { "ID": 2057201630460, "正式名称": "クスリのアオキ石渡薬局", "機関区分": 5, "都道府県コード": 20, "市区町村コード": 201, "所在地": "長野県長野市大字石渡字東田５９－２", "緯度": 36.660837, "経度": 138.243788, "url": "https://www.iryou.teikyouseido.mhlw.go.jp/znk-web/juminkanja/S2430/initialize?prefCd=20&kikanCd=7201630460&kikanKbn=5", "url2": "http://www.kusuri-aoki.co.jp/", "内容": "クスリのアオキ石渡薬局【5:薬局】長野県長野市大字石渡字東田５９－２" }, "geometry": { "type": "Point", "coordinates": [ 138.243788, 36.660837 ] } },
{ "type": "Feature", "properties": { "ID": 2057201630550, "正式名称": "クスリのアオキ　若宮薬局", "機関区分": 5, "都道府県コード": 20, "市区町村コード": 201, "所在地": "長野県長野市大字西尾張部字若宮北１９４－１", "緯度": 36.648894, "経度": 138.226263, "url": "https://www.iryou.teikyouseido.mhlw.go.jp/znk-web/juminkanja/S2430/initialize?prefCd=20&kikanCd=7201630550&kikanKbn=5", "url2": "http://www.kusuri-aoki.co.jp", "内容": "クスリのアオキ　若宮薬局【5:薬局】長野県長野市大字西尾張部字若宮北１９４－１" }, "geometry": { "type": "Point", "coordinates": [ 138.226263, 36.648894 ] } },
{ "type": "Feature", "properties": { "ID": 2057201630730, "正式名称": "サンマリーン薬局", "機関区分": 5, "都道府県コード": 20, "市区町村コード": 201, "所在地": "長野県長野市松岡２丁目３９－５", "緯度": 36.625471, "経度": 138.222813, "url": "https://www.iryou.teikyouseido.mhlw.go.jp/znk-web/juminkanja/S2430/initialize?prefCd=20&kikanCd=7201630730&kikanKbn=5", "url2": "https://www.e-classa.net/sunmarine/information.html", "内容": "サンマリーン薬局【5:薬局】長野県長野市松岡２丁目３９－５" }, "geometry": { "type": "Point", "coordinates": [ 138.222813, 36.625471 ] } },
{ "type": "Feature", "properties": { "ID": 2057201630820, "正式名称": "クスリのアオキ稲里薬局", "機関区分": 5, "都道府県コード": 20, "市区町村コード": 201, "所在地": "長野県長野市稲里町中氷鉋２２３８", "緯度": 36.608202, "経度": 138.166881, "url": "https://www.iryou.teikyouseido.mhlw.go.jp/znk-web/juminkanja/S2430/initialize?prefCd=20&kikanCd=7201630820&kikanKbn=5", "url2": "http://www.kusuri-aoki.co.jp", "内容": "クスリのアオキ稲里薬局【5:薬局】長野県長野市稲里町中氷鉋２２３８" }, "geometry": { "type": "Point", "coordinates": [ 138.166881, 36.608202 ] } },
{ "type": "Feature", "properties": { "ID": 2057201630910, "正式名称": "さくら薬局　長野高田店", "機関区分": 5, "都道府県コード": 20, "市区町村コード": 201, "所在地": "長野県長野市高田１２５９", "緯度": 36.641172, "経度": 138.21307, "url": "https://www.iryou.teikyouseido.mhlw.go.jp/znk-web/juminkanja/S2430/initialize?prefCd=20&kikanCd=7201630910&kikanKbn=5", "url2": "http://www.kraft-net.co.jp/sakura/store/3545/", "内容": "さくら薬局　長野高田店【5:薬局】長野県長野市高田１２５９" }, "geometry": { "type": "Point", "coordinates": [ 138.21307, 36.641172 ] } },
{ "type": "Feature", "properties": { "ID": 2057201631170, "正式名称": "クスリのアオキ篠ノ井薬局", "機関区分": 5, "都道府県コード": 20, "市区町村コード": 201, "所在地": "長野県長野市篠ノ井御幣川６１１", "緯度": 36.568151, "経度": 138.140801, "url": "https://www.iryou.teikyouseido.mhlw.go.jp/znk-web/juminkanja/S2430/initialize?prefCd=20&kikanCd=7201631170&kikanKbn=5", "url2": "https://www.kusuri-aoki.co.jp/", "内容": "クスリのアオキ篠ノ井薬局【5:薬局】長野県長野市篠ノ井御幣川６１１" }, "geometry": { "type": "Point", "coordinates": [ 138.140801, 36.568151 ] } },
{ "type": "Feature", "properties": { "ID": 2057201631530, "正式名称": "日本調剤　たかだ白樺薬局", "機関区分": 5, "都道府県コード": 20, "市区町村コード": 201, "所在地": "長野県長野市南高田２－４－２２", "緯度": 36.644144, "経度": 138.224707, "url": "https://www.iryou.teikyouseido.mhlw.go.jp/znk-web/juminkanja/S2430/initialize?prefCd=20&kikanCd=7201631530&kikanKbn=5", "url2": "http://www.nicho.co.jp/tenpo/kantou/nagano/post_397.html", "内容": "日本調剤　たかだ白樺薬局【5:薬局】長野県長野市南高田２－４－２２" }, "geometry": { "type": "Point", "coordinates": [ 138.224707, 36.644144 ] } },
{ "type": "Feature", "properties": { "ID": 2057201632060, "正式名称": "調剤薬局　マツモトキヨシ徳間店", "機関区分": 5, "都道府県コード": 20, "市区町村コード": 201, "所在地": "長野県長野市大字徳間３１０５", "緯度": 36.675961, "経度": 138.228527, "url": "https://www.iryou.teikyouseido.mhlw.go.jp/znk-web/juminkanja/S2430/initialize?prefCd=20&kikanCd=7201632060&kikanKbn=5", "url2": "http://www.matsukiyo.co.jp", "内容": "調剤薬局　マツモトキヨシ徳間店【5:薬局】長野県長野市大字徳間３１０５" }, "geometry": { "type": "Point", "coordinates": [ 138.228527, 36.675961 ] } },
{ "type": "Feature", "properties": { "ID": 2057201632150, "正式名称": "フタキ薬局", "機関区分": 5, "都道府県コード": 20, "市区町村コード": 201, "所在地": "長野県長野市上松４－５－１１", "緯度": 36.670974, "経度": 138.201569, "url": "https://www.iryou.teikyouseido.mhlw.go.jp/znk-web/juminkanja/S2430/initialize?prefCd=20&kikanCd=7201632150&kikanKbn=5", "url2": "http://kirindou.com", "内容": "フタキ薬局【5:薬局】長野県長野市上松４－５－１１" }, "geometry": { "type": "Point", "coordinates": [ 138.201569, 36.670974 ] } },
{ "type": "Feature", "properties": { "ID": 2057201632420, "正式名称": "まるさん堂薬局", "機関区分": 5, "都道府県コード": 20, "市区町村コード": 201, "所在地": "長野県長野市南長池７５６－１", "緯度": 36.644283, "経度": 138.228596, "url": "https://www.iryou.teikyouseido.mhlw.go.jp/znk-web/juminkanja/S2430/initialize?prefCd=20&kikanCd=7201632420&kikanKbn=5", "url2": "http://www.e-classa.net/marusan", "内容": "まるさん堂薬局【5:薬局】長野県長野市南長池７５６－１" }, "geometry": { "type": "Point", "coordinates": [ 138.228596, 36.644283 ] } },
{ "type": "Feature", "properties": { "ID": 2057201632510, "正式名称": "漢方とハーブのお店　なつめや", "機関区分": 5, "都道府県コード": 20, "市区町村コード": 201, "所在地": "長野県長野市桜枝町８９２ー１", "緯度": 36.658141, "経度": 138.18396, "url": "https://www.iryou.teikyouseido.mhlw.go.jp/znk-web/juminkanja/S2430/initialize?prefCd=20&kikanCd=7201632510&kikanKbn=5", "url2": "http://www.natsume-ya.com", "内容": "漢方とハーブのお店　なつめや【5:薬局】長野県長野市桜枝町８９２ー１" }, "geometry": { "type": "Point", "coordinates": [ 138.18396, 36.658141 ] } },
{ "type": "Feature", "properties": { "ID": 2057201632890, "正式名称": "あいケア薬局　西和田店", "機関区分": 5, "都道府県コード": 20, "市区町村コード": 201, "所在地": "長野県長野市西和田１丁目２８－４６", "緯度": 36.653809, "経度": 138.219402, "url": "https://www.iryou.teikyouseido.mhlw.go.jp/znk-web/juminkanja/S2430/initialize?prefCd=20&kikanCd=7201632890&kikanKbn=5", "url2": "http://fujiph.com/", "内容": "あいケア薬局　西和田店【5:薬局】長野県長野市西和田１丁目２８－４６" }, "geometry": { "type": "Point", "coordinates": [ 138.219402, 36.653809 ] } },
{ "type": "Feature", "properties": { "ID": 2057201633040, "正式名称": "日詰モリキ薬局", "機関区分": 5, "都道府県コード": 20, "市区町村コード": 201, "所在地": "長野県長野市稲葉日詰２７７７－１", "緯度": 36.636422, "経度": 138.212487, "url": "https://www.iryou.teikyouseido.mhlw.go.jp/znk-web/juminkanja/S2430/initialize?prefCd=20&kikanCd=7201633040&kikanKbn=5", "url2": null, "内容": "日詰モリキ薬局【5:薬局】長野県長野市稲葉日詰２７７７－１" }, "geometry": { "type": "Point", "coordinates": [ 138.212487, 36.636422 ] } },
{ "type": "Feature", "properties": { "ID": 2057201633130, "正式名称": "井上薬局", "機関区分": 5, "都道府県コード": 20, "市区町村コード": 201, "所在地": "長野県長野市桜新町６６３－１", "緯度": 36.654275, "経度": 138.231623, "url": "https://www.iryou.teikyouseido.mhlw.go.jp/znk-web/juminkanja/S2430/initialize?prefCd=20&kikanCd=7201633130&kikanKbn=5", "url2": "https://www.asunaro-ph.com/pharmacy/", "内容": "井上薬局【5:薬局】長野県長野市桜新町６６３－１" }, "geometry": { "type": "Point", "coordinates": [ 138.231623, 36.654275 ] } },
{ "type": "Feature", "properties": { "ID": 2057201633220, "正式名称": "中沢薬局", "機関区分": 5, "都道府県コード": 20, "市区町村コード": 201, "所在地": "長野県長野市新田町１４７８番地", "緯度": 36.648448, "経度": 138.186905, "url": "https://www.iryou.teikyouseido.mhlw.go.jp/znk-web/juminkanja/S2430/initialize?prefCd=20&kikanCd=7201633220&kikanKbn=5", "url2": null, "内容": "中沢薬局【5:薬局】長野県長野市新田町１４７８番地" }, "geometry": { "type": "Point", "coordinates": [ 138.186905, 36.648448 ] } },
{ "type": "Feature", "properties": { "ID": 2057201633310, "正式名称": "ガーデン薬局", "機関区分": 5, "都道府県コード": 20, "市区町村コード": 201, "所在地": "長野県長野市豊野町豊野５８３－８", "緯度": 36.710555, "経度": 138.282116, "url": "https://www.iryou.teikyouseido.mhlw.go.jp/znk-web/juminkanja/S2430/initialize?prefCd=20&kikanCd=7201633310&kikanKbn=5", "url2": "http://nakajima-pharm.co.jp/", "内容": "ガーデン薬局【5:薬局】長野県長野市豊野町豊野５８３－８" }, "geometry": { "type": "Point", "coordinates": [ 138.282116, 36.710555 ] } },
{ "type": "Feature", "properties": { "ID": 2057201633500, "正式名称": "モリキ薬局三輪店", "機関区分": 5, "都道府県コード": 20, "市区町村コード": 201, "所在地": "長野県長野市三輪３－８１３－１", "緯度": 36.659003, "経度": 138.206403, "url": "https://www.iryou.teikyouseido.mhlw.go.jp/znk-web/juminkanja/S2430/initialize?prefCd=20&kikanCd=7201633500&kikanKbn=5", "url2": "http://www.moriki-group.info/", "内容": "モリキ薬局三輪店【5:薬局】長野県長野市三輪３－８１３－１" }, "geometry": { "type": "Point", "coordinates": [ 138.206403, 36.659003 ] } },
{ "type": "Feature", "properties": { "ID": 2057201633780, "正式名称": "アーク調剤薬局　長野柳原店", "機関区分": 5, "都道府県コード": 20, "市区町村コード": 201, "所在地": "長野県長野市柳原２２２１－１４", "緯度": 36.664115, "経度": 138.258815, "url": "https://www.iryou.teikyouseido.mhlw.go.jp/znk-web/juminkanja/S2430/initialize?prefCd=20&kikanCd=7201633780&kikanKbn=5", "url2": "http://www.arc-m.co.jp/", "内容": "アーク調剤薬局　長野柳原店【5:薬局】長野県長野市柳原２２２１－１４" }, "geometry": { "type": "Point", "coordinates": [ 138.258815, 36.664115 ] } },
{ "type": "Feature", "properties": { "ID": 2057201633870, "正式名称": "長沼調剤薬局　株式会社", "機関区分": 5, "都道府県コード": 20, "市区町村コード": 201, "所在地": "長野県長野市津野８２８－４", "緯度": 36.688168, "経度": 138.274896, "url": "https://www.iryou.teikyouseido.mhlw.go.jp/znk-web/juminkanja/S2430/initialize?prefCd=20&kikanCd=7201633870&kikanKbn=5", "url2": null, "内容": "長沼調剤薬局　株式会社【5:薬局】長野県長野市津野８２８－４" }, "geometry": { "type": "Point", "coordinates": [ 138.274896, 36.688168 ] } },
{ "type": "Feature", "properties": { "ID": 2057201633960, "正式名称": "れんげ薬局", "機関区分": 5, "都道府県コード": 20, "市区町村コード": 201, "所在地": "長野県長野市西鶴賀町１５６７－１２", "緯度": 36.651976, "経度": 138.194182, "url": "https://www.iryou.teikyouseido.mhlw.go.jp/znk-web/juminkanja/S2430/initialize?prefCd=20&kikanCd=7201633960&kikanKbn=5", "url2": "http://www.renge-ph.com/", "内容": "れんげ薬局【5:薬局】長野県長野市西鶴賀町１５６７－１２" }, "geometry": { "type": "Point", "coordinates": [ 138.194182, 36.651976 ] } },
{ "type": "Feature", "properties": { "ID": 2057201634020, "正式名称": "さなえ薬局", "機関区分": 5, "都道府県コード": 20, "市区町村コード": 201, "所在地": "長野県長野市早苗町２５－９", "緯度": 36.650965, "経度": 138.196921, "url": "https://www.iryou.teikyouseido.mhlw.go.jp/znk-web/juminkanja/S2430/initialize?prefCd=20&kikanCd=7201634020&kikanKbn=5", "url2": null, "内容": "さなえ薬局【5:薬局】長野県長野市早苗町２５－９" }, "geometry": { "type": "Point", "coordinates": [ 138.196921, 36.650965 ] } },
{ "type": "Feature", "properties": { "ID": 2057201634110, "正式名称": "わたうち薬局", "機関区分": 5, "都道府県コード": 20, "市区町村コード": 201, "所在地": "長野県長野市若穂綿内８７４６ー１", "緯度": 36.627147, "経度": 138.258094, "url": "https://www.iryou.teikyouseido.mhlw.go.jp/znk-web/juminkanja/S2430/initialize?prefCd=20&kikanCd=7201634110&kikanKbn=5", "url2": null, "内容": "わたうち薬局【5:薬局】長野県長野市若穂綿内８７４６ー１" }, "geometry": { "type": "Point", "coordinates": [ 138.258094, 36.627147 ] } },
{ "type": "Feature", "properties": { "ID": 2057201634300, "正式名称": "まい薬局", "機関区分": 5, "都道府県コード": 20, "市区町村コード": 201, "所在地": "長野県長野市南長池　１８９－７", "緯度": 36.6422, "経度": 138.234762, "url": "https://www.iryou.teikyouseido.mhlw.go.jp/znk-web/juminkanja/S2430/initialize?prefCd=20&kikanCd=7201634300&kikanKbn=5", "url2": null, "内容": "まい薬局【5:薬局】長野県長野市南長池　１８９－７" }, "geometry": { "type": "Point", "coordinates": [ 138.234762, 36.6422 ] } },
{ "type": "Feature", "properties": { "ID": 2057201634490, "正式名称": "クスリのアオキ　三本柳薬局", "機関区分": 5, "都道府県コード": 20, "市区町村コード": 201, "所在地": "長野県長野市川中島町四ツ屋字辺屋新田１０４０番３５", "緯度": 36.616673, "経度": 138.157075, "url": "https://www.iryou.teikyouseido.mhlw.go.jp/znk-web/juminkanja/S2430/initialize?prefCd=20&kikanCd=7201634490&kikanKbn=5", "url2": "http://www.kusuri-aoki.co.jp/", "内容": "クスリのアオキ　三本柳薬局【5:薬局】長野県長野市川中島町四ツ屋字辺屋新田１０４０番３５" }, "geometry": { "type": "Point", "coordinates": [ 138.157075, 36.616673 ] } },
{ "type": "Feature", "properties": { "ID": 2057201634580, "正式名称": "ファーマシー　にしつるが", "機関区分": 5, "都道府県コード": 20, "市区町村コード": 201, "所在地": "長野県長野市鶴賀西鶴賀町１５３０－７", "緯度": 36.651976, "経度": 138.194182, "url": "https://www.iryou.teikyouseido.mhlw.go.jp/znk-web/juminkanja/S2430/initialize?prefCd=20&kikanCd=7201634580&kikanKbn=5", "url2": null, "内容": "ファーマシー　にしつるが【5:薬局】長野県長野市鶴賀西鶴賀町１５３０－７" }, "geometry": { "type": "Point", "coordinates": [ 138.194182, 36.651976 ] } },
{ "type": "Feature", "properties": { "ID": 2057201634670, "正式名称": "三輪薬局", "機関区分": 5, "都道府県コード": 20, "市区町村コード": 201, "所在地": "長野県長野市三輪１－５－１９", "緯度": 36.656614, "経度": 138.206986, "url": "https://www.iryou.teikyouseido.mhlw.go.jp/znk-web/juminkanja/S2430/initialize?prefCd=20&kikanCd=7201634670&kikanKbn=5", "url2": "http://www.yoshida-yakugyo.com/", "内容": "三輪薬局【5:薬局】長野県長野市三輪１－５－１９" }, "geometry": { "type": "Point", "coordinates": [ 138.206986, 36.656614 ] } },
{ "type": "Feature", "properties": { "ID": 2057201634760, "正式名称": "りんどう丹波島薬局", "機関区分": 5, "都道府県コード": 20, "市区町村コード": 201, "所在地": "長野県長野市丹波島２―１０―１２", "緯度": 36.617062, "経度": 138.172602, "url": "https://www.iryou.teikyouseido.mhlw.go.jp/znk-web/juminkanja/S2430/initialize?prefCd=20&kikanCd=7201634760&kikanKbn=5", "url2": null, "内容": "りんどう丹波島薬局【5:薬局】長野県長野市丹波島２―１０―１２" }, "geometry": { "type": "Point", "coordinates": [ 138.172602, 36.617062 ] } },
{ "type": "Feature", "properties": { "ID": 2057201634940, "正式名称": "いまち薬局", "機関区分": 5, "都道府県コード": 20, "市区町村コード": 201, "所在地": "長野県長野市居町７－３", "緯度": 36.649865, "経度": 138.200376, "url": "https://www.iryou.teikyouseido.mhlw.go.jp/znk-web/juminkanja/S2430/initialize?prefCd=20&kikanCd=7201634940&kikanKbn=5", "url2": "https://yoshida-yakugyo.com/", "内容": "いまち薬局【5:薬局】長野県長野市居町７－３" }, "geometry": { "type": "Point", "coordinates": [ 138.200376, 36.649865 ] } },
{ "type": "Feature", "properties": { "ID": 2057201635010, "正式名称": "中島薬局", "機関区分": 5, "都道府県コード": 20, "市区町村コード": 201, "所在地": "長野県長野市豊野町豊野沖５９７－２", "緯度": 36.710606, "経度": 138.28134, "url": "https://www.iryou.teikyouseido.mhlw.go.jp/znk-web/juminkanja/S2430/initialize?prefCd=20&kikanCd=7201635010&kikanKbn=5", "url2": "https://nakajima-pharm.co.jp/", "内容": "中島薬局【5:薬局】長野県長野市豊野町豊野沖５９７－２" }, "geometry": { "type": "Point", "coordinates": [ 138.28134, 36.710606 ] } },
{ "type": "Feature", "properties": { "ID": 2057201635100, "正式名称": "コスモファーマ鍋屋田薬局", "機関区分": 5, "都道府県コード": 20, "市区町村コード": 201, "所在地": "長野県長野市鶴賀問御所町１３４７ー７　セブンビル１Ｆ", "緯度": 36.650476, "経度": 138.188571, "url": "https://www.iryou.teikyouseido.mhlw.go.jp/znk-web/juminkanja/S2430/initialize?prefCd=20&kikanCd=7201635100&kikanKbn=5", "url2": "http://www.cosmo-ph.co.jp", "内容": "コスモファーマ鍋屋田薬局【5:薬局】長野県長野市鶴賀問御所町１３４７ー７　セブンビル１Ｆ" }, "geometry": { "type": "Point", "coordinates": [ 138.188571, 36.650476 ] } },
{ "type": "Feature", "properties": { "ID": 2057201635380, "正式名称": "クスリのアオキ大塚薬局", "機関区分": 5, "都道府県コード": 20, "市区町村コード": 201, "所在地": "長野県長野市青木島町大塚字北島９１６番１", "緯度": 36.609925, "経度": 138.18799, "url": "https://www.iryou.teikyouseido.mhlw.go.jp/znk-web/juminkanja/S2430/initialize?prefCd=20&kikanCd=7201635380&kikanKbn=5", "url2": "https://www.kusuri-aoki.co.jp/", "内容": "クスリのアオキ大塚薬局【5:薬局】長野県長野市青木島町大塚字北島９１６番１" }, "geometry": { "type": "Point", "coordinates": [ 138.18799, 36.609925 ] } },
{ "type": "Feature", "properties": { "ID": 2057201635470, "正式名称": "クスリのアオキ稲葉薬局", "機関区分": 5, "都道府県コード": 20, "市区町村コード": 201, "所在地": "長野県長野市大字稲葉字中河原沖８９６番", "緯度": 36.631895, "経度": 138.205098, "url": "https://www.iryou.teikyouseido.mhlw.go.jp/znk-web/juminkanja/S2430/initialize?prefCd=20&kikanCd=7201635470&kikanKbn=5", "url2": "https://www.kusuri-aoki.co.jp/", "内容": "クスリのアオキ稲葉薬局【5:薬局】長野県長野市大字稲葉字中河原沖８９６番" }, "geometry": { "type": "Point", "coordinates": [ 138.205098, 36.631895 ] } },
{ "type": "Feature", "properties": { "ID": 2057201635650, "正式名称": "モリキ薬局まゆみ田店", "機関区分": 5, "都道府県コード": 20, "市区町村コード": 201, "所在地": "長野県長野市檀田二丁目３０番７号", "緯度": 36.67533, "経度": 138.21268, "url": "https://www.iryou.teikyouseido.mhlw.go.jp/znk-web/juminkanja/S2430/initialize?prefCd=20&kikanCd=7201635650&kikanKbn=5", "url2": "https://www.moriki-group.info/", "内容": "モリキ薬局まゆみ田店【5:薬局】長野県長野市檀田二丁目３０番７号" }, "geometry": { "type": "Point", "coordinates": [ 138.21268, 36.67533 ] } },
{ "type": "Feature", "properties": { "ID": 2057201635830, "正式名称": "アーク調剤薬局　長野上松店", "機関区分": 5, "都道府県コード": 20, "市区町村コード": 201, "所在地": "長野県長野市上松３丁目２３ー２０", "緯度": 36.674445, "経度": 138.199125, "url": "https://www.iryou.teikyouseido.mhlw.go.jp/znk-web/juminkanja/S2430/initialize?prefCd=20&kikanCd=7201635830&kikanKbn=5", "url2": "http://www.arc-m.co.jp", "内容": "アーク調剤薬局　長野上松店【5:薬局】長野県長野市上松３丁目２３ー２０" }, "geometry": { "type": "Point", "coordinates": [ 138.199125, 36.674445 ] } },
{ "type": "Feature", "properties": { "ID": 2057201636090, "正式名称": "薬局　マツモトキヨシ南長野運動公園店", "機関区分": 5, "都道府県コード": 20, "市区町村コード": 201, "所在地": "長野県長野市篠ノ井杵淵字大門西１３４８バンチ", "緯度": 36.580567, "経度": 138.179353, "url": "https://www.iryou.teikyouseido.mhlw.go.jp/znk-web/juminkanja/S2430/initialize?prefCd=20&kikanCd=7201636090&kikanKbn=5", "url2": "http://www.mk-koushinetsu.co.jp", "内容": "薬局　マツモトキヨシ南長野運動公園店【5:薬局】長野県長野市篠ノ井杵淵字大門西１３４８バンチ" }, "geometry": { "type": "Point", "coordinates": [ 138.179353, 36.580567 ] } },
{ "type": "Feature", "properties": { "ID": 2057201636180, "正式名称": "ヨシダ薬局", "機関区分": 5, "都道府県コード": 20, "市区町村コード": 201, "所在地": "長野県長野市吉田５－３１－４５", "緯度": 36.663253, "経度": 138.226401, "url": "https://www.iryou.teikyouseido.mhlw.go.jp/znk-web/juminkanja/S2430/initialize?prefCd=20&kikanCd=7201636180&kikanKbn=5", "url2": "https://www.arc-m.co.jp/", "内容": "ヨシダ薬局【5:薬局】長野県長野市吉田５－３１－４５" }, "geometry": { "type": "Point", "coordinates": [ 138.226401, 36.663253 ] } },
{ "type": "Feature", "properties": { "ID": 2057201636270, "正式名称": "長野市薬剤師会館薬局", "機関区分": 5, "都道府県コード": 20, "市区町村コード": 201, "所在地": "長野県長野市アークス１３－１１", "緯度": 36.624456, "経度": 138.199035, "url": "https://www.iryou.teikyouseido.mhlw.go.jp/znk-web/juminkanja/S2430/initialize?prefCd=20&kikanCd=7201636270&kikanKbn=5", "url2": null, "内容": "長野市薬剤師会館薬局【5:薬局】長野県長野市アークス１３－１１" }, "geometry": { "type": "Point", "coordinates": [ 138.199035, 36.624456 ] } },
{ "type": "Feature", "properties": { "ID": 2057201636360, "正式名称": "調剤薬局　マツモトキヨシ上松店", "機関区分": 5, "都道府県コード": 20, "市区町村コード": 201, "所在地": "長野県長野市上松２－２６－７－１", "緯度": 36.667933, "経度": 138.195869, "url": "https://www.iryou.teikyouseido.mhlw.go.jp/znk-web/juminkanja/S2430/initialize?prefCd=20&kikanCd=7201636360&kikanKbn=5", "url2": null, "内容": "調剤薬局　マツモトキヨシ上松店【5:薬局】長野県長野市上松２－２６－７－１" }, "geometry": { "type": "Point", "coordinates": [ 138.195869, 36.667933 ] } },
{ "type": "Feature", "properties": { "ID": 2057201636720, "正式名称": "あおば薬局", "機関区分": 5, "都道府県コード": 20, "市区町村コード": 201, "所在地": "長野県長野市松代町松代６２１－２", "緯度": 36.564458, "経度": 138.201407, "url": "https://www.iryou.teikyouseido.mhlw.go.jp/znk-web/juminkanja/S2430/initialize?prefCd=20&kikanCd=7201636720&kikanKbn=5", "url2": "http://aoba-pharmacy-n.com/", "内容": "あおば薬局【5:薬局】長野県長野市松代町松代６２１－２" }, "geometry": { "type": "Point", "coordinates": [ 138.201407, 36.564458 ] } },
{ "type": "Feature", "properties": { "ID": 2057201636810, "正式名称": "なごみ薬局", "機関区分": 5, "都道府県コード": 20, "市区町村コード": 201, "所在地": "長野県長野市稲里町田牧１３１１－３", "緯度": 36.591621, "経度": 138.174269, "url": "https://www.iryou.teikyouseido.mhlw.go.jp/znk-web/juminkanja/S2430/initialize?prefCd=20&kikanCd=7201636810&kikanKbn=5", "url2": null, "内容": "なごみ薬局【5:薬局】長野県長野市稲里町田牧１３１１－３" }, "geometry": { "type": "Point", "coordinates": [ 138.174269, 36.591621 ] } },
{ "type": "Feature", "properties": { "ID": 2057201636910, "正式名称": "アイセイ薬局　日赤前店", "機関区分": 5, "都道府県コード": 20, "市区町村コード": 201, "所在地": "長野県長野市若里", "緯度": 36.627617, "経度": 138.191239, "url": "https://www.iryou.teikyouseido.mhlw.go.jp/znk-web/juminkanja/S2430/initialize?prefCd=20&kikanCd=7201636910&kikanKbn=5", "url2": "https://store.aisei.co.jp/detail/0364", "内容": "アイセイ薬局　日赤前店【5:薬局】長野県長野市若里" }, "geometry": { "type": "Point", "coordinates": [ 138.191239, 36.627617 ] } },
{ "type": "Feature", "properties": { "ID": 2057201637160, "正式名称": "三輪かたぎり薬局", "機関区分": 5, "都道府県コード": 20, "市区町村コード": 201, "所在地": "長野県長野市三輪５－４３－２１", "緯度": 36.658102, "経度": 138.202211, "url": "https://www.iryou.teikyouseido.mhlw.go.jp/znk-web/juminkanja/S2430/initialize?prefCd=20&kikanCd=7201637160&kikanKbn=5", "url2": "http://www.genki-katagiri.com", "内容": "三輪かたぎり薬局【5:薬局】長野県長野市三輪５－４３－２１" }, "geometry": { "type": "Point", "coordinates": [ 138.202211, 36.658102 ] } },
{ "type": "Feature", "properties": { "ID": 2057201637250, "正式名称": "クスリのアオキ三輪東薬局", "機関区分": 5, "都道府県コード": 20, "市区町村コード": 201, "所在地": "長野県長野市三輪一丁目８番２６号", "緯度": 36.658644, "経度": 138.209461, "url": "https://www.iryou.teikyouseido.mhlw.go.jp/znk-web/juminkanja/S2430/initialize?prefCd=20&kikanCd=7201637250&kikanKbn=5", "url2": "http://www.kusuri-aoki.co.jp/", "内容": "クスリのアオキ三輪東薬局【5:薬局】長野県長野市三輪一丁目８番２６号" }, "geometry": { "type": "Point", "coordinates": [ 138.209461, 36.658644 ] } },
{ "type": "Feature", "properties": { "ID": 2057201637430, "正式名称": "さくら薬局　長野桜枝町店", "機関区分": 5, "都道府県コード": 20, "市区町村コード": 201, "所在地": "長野県長野市桜枝町１１６９－１", "緯度": 36.658788, "経度": 138.181339, "url": "https://www.iryou.teikyouseido.mhlw.go.jp/znk-web/juminkanja/S2430/initialize?prefCd=20&kikanCd=7201637430&kikanKbn=5", "url2": "https://www.kraft-net.co.jp/sakura/store/3904/", "内容": "さくら薬局　長野桜枝町店【5:薬局】長野県長野市桜枝町１１６９－１" }, "geometry": { "type": "Point", "coordinates": [ 138.181339, 36.658788 ] } },
{ "type": "Feature", "properties": { "ID": 2057201637610, "正式名称": "アイセイ薬局　長野みすゞ店", "機関区分": 5, "都道府県コード": 20, "市区町村コード": 201, "所在地": "長野県長野市南千歳町８８０　しらかばビル１階", "緯度": 36.64688, "経度": 138.188586, "url": "https://www.iryou.teikyouseido.mhlw.go.jp/znk-web/juminkanja/S2430/initialize?prefCd=20&kikanCd=7201637610&kikanKbn=5", "url2": "https://store.aisei.co.jp/detail/931", "内容": "アイセイ薬局　長野みすゞ店【5:薬局】長野県長野市南千歳町８８０　しらかばビル１階" }, "geometry": { "type": "Point", "coordinates": [ 138.188586, 36.64688 ] } },
{ "type": "Feature", "properties": { "ID": 2057201637710, "正式名称": "アイン薬局川中島店", "機関区分": 5, "都道府県コード": 20, "市区町村コード": 201, "所在地": "長野県長野市川中島町御厨　１９４２－２３", "緯度": 36.590028, "経度": 138.157372, "url": "https://www.iryou.teikyouseido.mhlw.go.jp/znk-web/juminkanja/S2430/initialize?prefCd=20&kikanCd=7201637710&kikanKbn=5", "url2": "https://www.ainj.co.jp/", "内容": "アイン薬局川中島店【5:薬局】長野県長野市川中島町御厨　１９４２－２３" }, "geometry": { "type": "Point", "coordinates": [ 138.157372, 36.590028 ] } },
{ "type": "Feature", "properties": { "ID": 2057201637800, "正式名称": "アイン薬局長野大豆島店", "機関区分": 5, "都道府県コード": 20, "市区町村コード": 201, "所在地": "長野県長野市大豆島５４０－２", "緯度": 36.629584, "経度": 138.222182, "url": "https://www.iryou.teikyouseido.mhlw.go.jp/znk-web/juminkanja/S2430/initialize?prefCd=20&kikanCd=7201637800&kikanKbn=5", "url2": "http://www.ainj.co.jp", "内容": "アイン薬局長野大豆島店【5:薬局】長野県長野市大豆島５４０－２" }, "geometry": { "type": "Point", "coordinates": [ 138.222182, 36.629584 ] } },
{ "type": "Feature", "properties": { "ID": 2057201638050, "正式名称": "あおぞら薬局", "機関区分": 5, "都道府県コード": 20, "市区町村コード": 201, "所在地": "長野県長野市鶴賀西鶴賀町１５６５－１", "緯度": 36.651865, "経度": 138.195208, "url": "https://www.iryou.teikyouseido.mhlw.go.jp/znk-web/juminkanja/S2430/initialize?prefCd=20&kikanCd=7201638050&kikanKbn=5", "url2": "http://www.aozora-ph.com", "内容": "あおぞら薬局【5:薬局】長野県長野市鶴賀西鶴賀町１５６５－１" }, "geometry": { "type": "Point", "coordinates": [ 138.195208, 36.651865 ] } },
{ "type": "Feature", "properties": { "ID": 2057201638140, "正式名称": "稲里あおぞら薬局", "機関区分": 5, "都道府県コード": 20, "市区町村コード": 201, "所在地": "長野県長野市稲里町中央２－１６－７", "緯度": 36.602392, "経度": 138.175336, "url": "https://www.iryou.teikyouseido.mhlw.go.jp/znk-web/juminkanja/S2430/initialize?prefCd=20&kikanCd=7201638140&kikanKbn=5", "url2": "http://www.aozora-ph.com", "内容": "稲里あおぞら薬局【5:薬局】長野県長野市稲里町中央２－１６－７" }, "geometry": { "type": "Point", "coordinates": [ 138.175336, 36.602392 ] } },
{ "type": "Feature", "properties": { "ID": 2057201638230, "正式名称": "よりそい薬局", "機関区分": 5, "都道府県コード": 20, "市区町村コード": 201, "所在地": "長野県長野市安茂里小市２－１６－１７", "緯度": 36.65, "経度": 138.18, "url": "https://www.iryou.teikyouseido.mhlw.go.jp/znk-web/juminkanja/S2430/initialize?prefCd=20&kikanCd=7201638230&kikanKbn=5", "url2": "http://www.yorisoi-yakkyoku.com/", "内容": "よりそい薬局【5:薬局】長野県長野市安茂里小市２－１６－１７" }, "geometry": { "type": "Point", "coordinates": [ 138.18, 36.65 ] } },
{ "type": "Feature", "properties": { "ID": 2057201638320, "正式名称": "稲田薬局", "機関区分": 5, "都道府県コード": 20, "市区町村コード": 201, "所在地": "長野県長野市稲田３－２７－１５", "緯度": 36.672419, "経度": 138.230106, "url": "https://www.iryou.teikyouseido.mhlw.go.jp/znk-web/juminkanja/S2430/initialize?prefCd=20&kikanCd=7201638320&kikanKbn=5", "url2": "http://www.yoshida-yakyugyo.com/", "内容": "稲田薬局【5:薬局】長野県長野市稲田３－２７－１５" }, "geometry": { "type": "Point", "coordinates": [ 138.230106, 36.672419 ] } },
{ "type": "Feature", "properties": { "ID": 2057201638510, "正式名称": "吉田薬業株式会社　ひかり薬局", "機関区分": 5, "都道府県コード": 20, "市区町村コード": 201, "所在地": "長野県長野市若里６－１－５", "緯度": 36.627948, "経度": 138.191246, "url": "https://www.iryou.teikyouseido.mhlw.go.jp/znk-web/juminkanja/S2430/initialize?prefCd=20&kikanCd=7201638510&kikanKbn=5", "url2": "http://yoshida-yakugyo.com/", "内容": "吉田薬業株式会社　ひかり薬局【5:薬局】長野県長野市若里６－１－５" }, "geometry": { "type": "Point", "coordinates": [ 138.191246, 36.627948 ] } },
{ "type": "Feature", "properties": { "ID": 2057201638880, "正式名称": "クスリのアオキ中御所薬局", "機関区分": 5, "都道府県コード": 20, "市区町村コード": 201, "所在地": "長野県長野市中御所３丁目５番１８号", "緯度": 36.638217, "経度": 138.183198, "url": "https://www.iryou.teikyouseido.mhlw.go.jp/znk-web/juminkanja/S2430/initialize?prefCd=20&kikanCd=7201638880&kikanKbn=5", "url2": "http://www.kusuri-aoki.co.jp/", "内容": "クスリのアオキ中御所薬局【5:薬局】長野県長野市中御所３丁目５番１８号" }, "geometry": { "type": "Point", "coordinates": [ 138.183198, 36.638217 ] } },
{ "type": "Feature", "properties": { "ID": 2057201638970, "正式名称": "ウエルシア薬局　長野篠ノ井小森店", "機関区分": 5, "都道府県コード": 20, "市区町村コード": 201, "所在地": "長野県長野市篠ノ井小森４７７ー１", "緯度": 36.575688, "経度": 138.152909, "url": "https://www.iryou.teikyouseido.mhlw.go.jp/znk-web/juminkanja/S2430/initialize?prefCd=20&kikanCd=7201638970&kikanKbn=5", "url2": "http://www.welcia-yakkyoku.co.jp/", "内容": "ウエルシア薬局　長野篠ノ井小森店【5:薬局】長野県長野市篠ノ井小森４７７ー１" }, "geometry": { "type": "Point", "coordinates": [ 138.152909, 36.575688 ] } },
{ "type": "Feature", "properties": { "ID": 2057201639030, "正式名称": "クオール北長野薬局", "機関区分": 5, "都道府県コード": 20, "市区町村コード": 201, "所在地": "長野県長野市吉田３ー２２－１２", "緯度": 36.666553, "経度": 138.221138, "url": "https://www.iryou.teikyouseido.mhlw.go.jp/znk-web/juminkanja/S2430/initialize?prefCd=20&kikanCd=7201639030&kikanKbn=5", "url2": "https://store.qol-net.co.jp/detail/509/", "内容": "クオール北長野薬局【5:薬局】長野県長野市吉田３ー２２－１２" }, "geometry": { "type": "Point", "coordinates": [ 138.221138, 36.666553 ] } },
{ "type": "Feature", "properties": { "ID": 2057201639120, "正式名称": "金箱まい薬局", "機関区分": 5, "都道府県コード": 20, "市区町村コード": 201, "所在地": "長野県長野市金箱", "緯度": 36.676195, "経度": 138.249009, "url": "https://www.iryou.teikyouseido.mhlw.go.jp/znk-web/juminkanja/S2430/initialize?prefCd=20&kikanCd=7201639120&kikanKbn=5", "url2": "https://www.marinegroup.jp", "内容": "金箱まい薬局【5:薬局】長野県長野市金箱" }, "geometry": { "type": "Point", "coordinates": [ 138.249009, 36.676195 ] } },
{ "type": "Feature", "properties": { "ID": 2057201639210, "正式名称": "モリキアグリ篠ノ井薬局", "機関区分": 5, "都道府県コード": 20, "市区町村コード": 201, "所在地": "長野県長野市篠ノ井布施五明３２２０", "緯度": 36.582594, "経度": 138.130033, "url": "https://www.iryou.teikyouseido.mhlw.go.jp/znk-web/juminkanja/S2430/initialize?prefCd=20&kikanCd=7201639210&kikanKbn=5", "url2": "http://www.moriki-gruup.jp", "内容": "モリキアグリ篠ノ井薬局【5:薬局】長野県長野市篠ノ井布施五明３２２０" }, "geometry": { "type": "Point", "coordinates": [ 138.130033, 36.582594 ] } },
{ "type": "Feature", "properties": { "ID": 2057201639310, "正式名称": "コスモファーマ富竹薬局", "機関区分": 5, "都道府県コード": 20, "市区町村コード": 201, "所在地": "長野県長野市大字富竹字堰下１６９３番地５", "緯度": 36.671669, "経度": 138.257892, "url": "https://www.iryou.teikyouseido.mhlw.go.jp/znk-web/juminkanja/S2430/initialize?prefCd=20&kikanCd=7201639310&kikanKbn=5", "url2": "http://www.cosmo-ph.co.jp/", "内容": "コスモファーマ富竹薬局【5:薬局】長野県長野市大字富竹字堰下１６９３番地５" }, "geometry": { "type": "Point", "coordinates": [ 138.257892, 36.671669 ] } },
{ "type": "Feature", "properties": { "ID": 2057201639400, "正式名称": "ちとせ薬局", "機関区分": 5, "都道府県コード": 20, "市区町村コード": 201, "所在地": "長野県長野市新諏訪２丁目１－３", "緯度": 36.65886, "経度": 138.175955, "url": "https://www.iryou.teikyouseido.mhlw.go.jp/znk-web/juminkanja/S2430/initialize?prefCd=20&kikanCd=7201639400&kikanKbn=5", "url2": null, "内容": "ちとせ薬局【5:薬局】長野県長野市新諏訪２丁目１－３" }, "geometry": { "type": "Point", "coordinates": [ 138.175955, 36.65886 ] } },
{ "type": "Feature", "properties": { "ID": 2057201639590, "正式名称": "モリキ伊勢宮薬局", "機関区分": 5, "都道府県コード": 20, "市区町村コード": 201, "所在地": "長野県長野市差出南２－２２－６", "緯度": 36.631844, "経度": 138.175431, "url": "https://www.iryou.teikyouseido.mhlw.go.jp/znk-web/juminkanja/S2430/initialize?prefCd=20&kikanCd=7201639590&kikanKbn=5", "url2": "http://www.moriki-group.co.jp/store.html", "内容": "モリキ伊勢宮薬局【5:薬局】長野県長野市差出南２－２２－６" }, "geometry": { "type": "Point", "coordinates": [ 138.175431, 36.631844 ] } },
{ "type": "Feature", "properties": { "ID": 2057201639770, "正式名称": "アーク調剤薬局　長野稲葉店", "機関区分": 5, "都道府県コード": 20, "市区町村コード": 201, "所在地": "長野県長野市稲葉６６４－５", "緯度": 36.629578, "経度": 138.204967, "url": "https://www.iryou.teikyouseido.mhlw.go.jp/znk-web/juminkanja/S2430/initialize?prefCd=20&kikanCd=7201639770&kikanKbn=5", "url2": "http://www.arc-m.co.jp/", "内容": "アーク調剤薬局　長野稲葉店【5:薬局】長野県長野市稲葉６６４－５" }, "geometry": { "type": "Point", "coordinates": [ 138.204967, 36.629578 ] } },
{ "type": "Feature", "properties": { "ID": 2057201639860, "正式名称": "ウエルシア薬局長野川中島店", "機関区分": 5, "都道府県コード": 20, "市区町村コード": 201, "所在地": "長野県長野市稲里町中氷鉋９６３ー１", "緯度": 36.609838, "経度": 138.170283, "url": "https://www.iryou.teikyouseido.mhlw.go.jp/znk-web/juminkanja/S2430/initialize?prefCd=20&kikanCd=7201639860&kikanKbn=5", "url2": "https://www.welcia-yakkyoku.co.jp/", "内容": "ウエルシア薬局長野川中島店【5:薬局】長野県長野市稲里町中氷鉋９６３ー１" }, "geometry": { "type": "Point", "coordinates": [ 138.170283, 36.609838 ] } },
{ "type": "Feature", "properties": { "ID": 2057201639950, "正式名称": "もめんや薬局", "機関区分": 5, "都道府県コード": 20, "市区町村コード": 201, "所在地": "長野県長野市上野１－６－１", "緯度": 36.686067, "経度": 138.227456, "url": "https://www.iryou.teikyouseido.mhlw.go.jp/znk-web/juminkanja/S2430/initialize?prefCd=20&kikanCd=7201639950&kikanKbn=5", "url2": null, "内容": "もめんや薬局【5:薬局】長野県長野市上野１－６－１" }, "geometry": { "type": "Point", "coordinates": [ 138.227456, 36.686067 ] } },
{ "type": "Feature", "properties": { "ID": 2057201640070, "正式名称": "日本調剤　篠ノ井薬局", "機関区分": 5, "都道府県コード": 20, "市区町村コード": 201, "所在地": "長野県長野市篠ノ井会６７０－１０", "緯度": 36.575431, "経度": 138.150035, "url": "https://www.iryou.teikyouseido.mhlw.go.jp/znk-web/juminkanja/S2430/initialize?prefCd=20&kikanCd=7201640070&kikanKbn=5", "url2": "https://www.nicho.co.jp/tenpo/shinonoi/", "内容": "日本調剤　篠ノ井薬局【5:薬局】長野県長野市篠ノ井会６７０－１０" }, "geometry": { "type": "Point", "coordinates": [ 138.150035, 36.575431 ] } },
{ "type": "Feature", "properties": { "ID": 2057201640160, "正式名称": "モリキ大豆島薬局", "機関区分": 5, "都道府県コード": 20, "市区町村コード": 201, "所在地": "長野県長野市大豆島", "緯度": 36.628731, "経度": 138.23859, "url": "https://www.iryou.teikyouseido.mhlw.go.jp/znk-web/juminkanja/S2430/initialize?prefCd=20&kikanCd=7201640160&kikanKbn=5", "url2": "http://www.moriki-group.info/moriki-groupsearch/2020/03/post-3025.php", "内容": "モリキ大豆島薬局【5:薬局】長野県長野市大豆島" }, "geometry": { "type": "Point", "coordinates": [ 138.23859, 36.628731 ] } },
{ "type": "Feature", "properties": { "ID": 2057201640250, "正式名称": "ウエルシア薬局長野若穂店", "機関区分": 5, "都道府県コード": 20, "市区町村コード": 201, "所在地": "長野県長野市若穂綿内４４５", "緯度": 36.632495, "経度": 138.270696, "url": "https://www.iryou.teikyouseido.mhlw.go.jp/znk-web/juminkanja/S2430/initialize?prefCd=20&kikanCd=7201640250&kikanKbn=5", "url2": "https://welcia-yakkyoku.cojp/", "内容": "ウエルシア薬局長野若穂店【5:薬局】長野県長野市若穂綿内４４５" }, "geometry": { "type": "Point", "coordinates": [ 138.270696, 36.632495 ] } },
{ "type": "Feature", "properties": { "ID": 2057201640340, "正式名称": "まごころ薬局", "機関区分": 5, "都道府県コード": 20, "市区町村コード": 201, "所在地": "長野県長野市松代町東寺尾７１５－８", "緯度": 36.569347, "経度": 138.200293, "url": "https://www.iryou.teikyouseido.mhlw.go.jp/znk-web/juminkanja/S2430/initialize?prefCd=20&kikanCd=7201640340&kikanKbn=5", "url2": null, "内容": "まごころ薬局【5:薬局】長野県長野市松代町東寺尾７１５－８" }, "geometry": { "type": "Point", "coordinates": [ 138.200293, 36.569347 ] } },
{ "type": "Feature", "properties": { "ID": 2057201640430, "正式名称": "クスリのアオキ高田薬局", "機関区分": 5, "都道府県コード": 20, "市区町村コード": 201, "所在地": "長野県長野市大字高田４４３番地１", "緯度": 36.651289, "経度": 138.181224, "url": "https://www.iryou.teikyouseido.mhlw.go.jp/znk-web/juminkanja/S2430/initialize?prefCd=20&kikanCd=7201640430&kikanKbn=5", "url2": "https://www.kusuri-aoki.co.jp/", "内容": "クスリのアオキ高田薬局【5:薬局】長野県長野市大字高田４４３番地１" }, "geometry": { "type": "Point", "coordinates": [ 138.181224, 36.651289 ] } },
{ "type": "Feature", "properties": { "ID": 2057201640520, "正式名称": "あずま通り薬局", "機関区分": 5, "都道府県コード": 20, "市区町村コード": 201, "所在地": "長野県長野市鶴賀１４２−６", "緯度": 36.65288, "経度": 138.19012, "url": "https://www.iryou.teikyouseido.mhlw.go.jp/znk-web/juminkanja/S2430/initialize?prefCd=20&kikanCd=7201640520&kikanKbn=5", "url2": "https://www.azumadori-pharmacy.jp/", "内容": "あずま通り薬局【5:薬局】長野県長野市鶴賀１４２−６" }, "geometry": { "type": "Point", "coordinates": [ 138.19012, 36.65288 ] } },
{ "type": "Feature", "properties": { "ID": 2057201640610, "正式名称": "薬局マツモトキヨシ長野栗田店", "機関区分": 5, "都道府県コード": 20, "市区町村コード": 201, "所在地": "長野県長野市栗田１８２４", "緯度": 36.63841, "経度": 138.191823, "url": "https://www.iryou.teikyouseido.mhlw.go.jp/znk-web/juminkanja/S2430/initialize?prefCd=20&kikanCd=7201640610&kikanKbn=5", "url2": null, "内容": "薬局マツモトキヨシ長野栗田店【5:薬局】長野県長野市栗田１８２４" }, "geometry": { "type": "Point", "coordinates": [ 138.191823, 36.63841 ] } },
{ "type": "Feature", "properties": { "ID": 2057201640710, "正式名称": "吉田グリーン薬局", "機関区分": 5, "都道府県コード": 20, "市区町村コード": 201, "所在地": "長野県長野市吉田４－４－３０", "緯度": 36.664024, "経度": 138.230054, "url": "https://www.iryou.teikyouseido.mhlw.go.jp/znk-web/juminkanja/S2430/initialize?prefCd=20&kikanCd=7201640710&kikanKbn=5", "url2": "http://nakajima-pharm.co.jp/", "内容": "吉田グリーン薬局【5:薬局】長野県長野市吉田４－４－３０" }, "geometry": { "type": "Point", "coordinates": [ 138.230054, 36.664024 ] } },
{ "type": "Feature", "properties": { "ID": 2057201640800, "正式名称": "ウエルシア薬局長野三輪店", "機関区分": 5, "都道府県コード": 20, "市区町村コード": 201, "所在地": "長野県長野市三輪６ー１６ー２７", "緯度": 36.658657, "経度": 138.196451, "url": "https://www.iryou.teikyouseido.mhlw.go.jp/znk-web/juminkanja/S2430/initialize?prefCd=20&kikanCd=7201640800&kikanKbn=5", "url2": "https://stores.welcia.co.jp/6302D", "内容": "ウエルシア薬局長野三輪店【5:薬局】長野県長野市三輪６ー１６ー２７" }, "geometry": { "type": "Point", "coordinates": [ 138.196451, 36.658657 ] } },
{ "type": "Feature", "properties": { "ID": 2057201641050, "正式名称": "（株）ミルキーファーマシー小山薬局", "機関区分": 5, "都道府県コード": 20, "市区町村コード": 201, "所在地": "長野県長野市川中島町今井１４７５－３", "緯度": 36.596667, "経度": 138.151536, "url": "https://www.iryou.teikyouseido.mhlw.go.jp/znk-web/juminkanja/S2430/initialize?prefCd=20&kikanCd=7201641050&kikanKbn=5", "url2": "https://www.marinegroup.jp", "内容": "（株）ミルキーファーマシー小山薬局【5:薬局】長野県長野市川中島町今井１４７５－３" }, "geometry": { "type": "Point", "coordinates": [ 138.151536, 36.596667 ] } },
{ "type": "Feature", "properties": { "ID": 2057201641140, "正式名称": "漢方薬の又三郎薬局", "機関区分": 5, "都道府県コード": 20, "市区町村コード": 201, "所在地": "長野県長野市新田町１５２８番地１", "緯度": 36.64946, "経度": 138.18713, "url": "https://www.iryou.teikyouseido.mhlw.go.jp/znk-web/juminkanja/S2430/initialize?prefCd=20&kikanCd=7201641140&kikanKbn=5", "url2": "https://www.kusurinomadoguchi.com/nagano/s1000069308", "内容": "漢方薬の又三郎薬局【5:薬局】長野県長野市新田町１５２８番地１" }, "geometry": { "type": "Point", "coordinates": [ 138.18713, 36.64946 ] } },
{ "type": "Feature", "properties": { "ID": 2057201641230, "正式名称": "吉田南センスビュー薬局", "機関区分": 5, "都道府県コード": 20, "市区町村コード": 201, "所在地": "長野県長野市吉田５ー２３ー１１ー１", "緯度": 36.659282, "経度": 138.225966, "url": "https://www.iryou.teikyouseido.mhlw.go.jp/znk-web/juminkanja/S2430/initialize?prefCd=20&kikanCd=7201641230&kikanKbn=5", "url2": "https://www.wakabadou.co.jp", "内容": "吉田南センスビュー薬局【5:薬局】長野県長野市吉田５ー２３ー１１ー１" }, "geometry": { "type": "Point", "coordinates": [ 138.225966, 36.659282 ] } },
{ "type": "Feature", "properties": { "ID": 2057201641320, "正式名称": "センスビュー薬局", "機関区分": 5, "都道府県コード": 20, "市区町村コード": 201, "所在地": "長野県長野市栗田１９３７", "緯度": 36.639325, "経度": 138.194394, "url": "https://www.iryou.teikyouseido.mhlw.go.jp/znk-web/juminkanja/S2430/initialize?prefCd=20&kikanCd=7201641320&kikanKbn=5", "url2": "https://www.wakabadou.co.jp", "内容": "センスビュー薬局【5:薬局】長野県長野市栗田１９３７" }, "geometry": { "type": "Point", "coordinates": [ 138.194394, 36.639325 ] } },
{ "type": "Feature", "properties": { "ID": 2057201641410, "正式名称": "さゆり薬局", "機関区分": 5, "都道府県コード": 20, "市区町村コード": 201, "所在地": "長野県長野市若槻東条１０８７‐５", "緯度": 36.685444, "経度": 138.220589, "url": "https://www.iryou.teikyouseido.mhlw.go.jp/znk-web/juminkanja/S2430/initialize?prefCd=20&kikanCd=7201641410&kikanKbn=5", "url2": "https://www.kraft-net.co.jp/sakura/store/4277/", "内容": "さゆり薬局【5:薬局】長野県長野市若槻東条１０８７‐５" }, "geometry": { "type": "Point", "coordinates": [ 138.220589, 36.685444 ] } },
{ "type": "Feature", "properties": { "ID": 2057201641510, "正式名称": "ウエルシア薬局長野若槻大通り店", "機関区分": 5, "都道府県コード": 20, "市区町村コード": 201, "所在地": "長野県長野市徳間１ー５ー２６", "緯度": 36.679568, "経度": 138.220413, "url": "https://www.iryou.teikyouseido.mhlw.go.jp/znk-web/juminkanja/S2430/initialize?prefCd=20&kikanCd=7201641510&kikanKbn=5", "url2": "https://stores.welcia.co.jp/6212D", "内容": "ウエルシア薬局長野若槻大通り店【5:薬局】長野県長野市徳間１ー５ー２６" }, "geometry": { "type": "Point", "coordinates": [ 138.220413, 36.679568 ] } },
{ "type": "Feature", "properties": { "ID": 2057201641600, "正式名称": "薬局マツモトキヨシ石渡店", "機関区分": 5, "都道府県コード": 20, "市区町村コード": 201, "所在地": "長野県長野市石渡１３７ー１７", "緯度": 36.66012, "経度": 138.23787, "url": "https://www.iryou.teikyouseido.mhlw.go.jp/znk-web/juminkanja/S2430/initialize?prefCd=20&kikanCd=7201641600&kikanKbn=5", "url2": null, "内容": "薬局マツモトキヨシ石渡店【5:薬局】長野県長野市石渡１３７ー１７" }, "geometry": { "type": "Point", "coordinates": [ 138.23787, 36.66012 ] } },
{ "type": "Feature", "properties": { "ID": 2057201641790, "正式名称": "ビヨンド中御所薬局", "機関区分": 5, "都道府県コード": 20, "市区町村コード": 201, "所在地": "長野県長野市中御所一丁目１２ー７", "緯度": 36.640878, "経度": 138.1836, "url": "https://www.iryou.teikyouseido.mhlw.go.jp/znk-web/juminkanja/S2430/initialize?prefCd=20&kikanCd=7201641790&kikanKbn=5", "url2": "https://www.beyond-ph.co.jp", "内容": "ビヨンド中御所薬局【5:薬局】長野県長野市中御所一丁目１２ー７" }, "geometry": { "type": "Point", "coordinates": [ 138.1836, 36.640878 ] } },
{ "type": "Feature", "properties": { "ID": 2057201641880, "正式名称": "クスリのアオキ南高田薬局", "機関区分": 5, "都道府県コード": 20, "市区町村コード": 201, "所在地": "長野県長野市南高田１丁目１６－１", "緯度": 36.64316, "経度": 138.221824, "url": "https://www.iryou.teikyouseido.mhlw.go.jp/znk-web/juminkanja/S2430/initialize?prefCd=20&kikanCd=7201641880&kikanKbn=5", "url2": "https://www.kusuri-aoki.co.jp/", "内容": "クスリのアオキ南高田薬局【5:薬局】長野県長野市南高田１丁目１６－１" }, "geometry": { "type": "Point", "coordinates": [ 138.221824, 36.64316 ] } },
{ "type": "Feature", "properties": { "ID": 2057201641970, "正式名称": "ツマシナ薬局", "機関区分": 5, "都道府県コード": 20, "市区町村コード": 201, "所在地": "長野県長野市妻科３９１－イー３", "緯度": 36.654095, "経度": 138.180859, "url": "https://www.iryou.teikyouseido.mhlw.go.jp/znk-web/juminkanja/S2430/initialize?prefCd=20&kikanCd=7201641970&kikanKbn=5", "url2": "https://www.impharma.jp/", "内容": "ツマシナ薬局【5:薬局】長野県長野市妻科３９１－イー３" }, "geometry": { "type": "Point", "coordinates": [ 138.180859, 36.654095 ] } },
{ "type": "Feature", "properties": { "ID": 2057201642030, "正式名称": "きりはら薬局", "機関区分": 5, "都道府県コード": 20, "市区町村コード": 201, "所在地": "長野県長野市桐原２－１５－１", "緯度": 36.664124, "経度": 138.214973, "url": "https://www.iryou.teikyouseido.mhlw.go.jp/znk-web/juminkanja/S2430/initialize?prefCd=20&kikanCd=7201642030&kikanKbn=5", "url2": "https://yoshida-yakugyo.com/store/kirihara/", "内容": "きりはら薬局【5:薬局】長野県長野市桐原２－１５－１" }, "geometry": { "type": "Point", "coordinates": [ 138.214973, 36.664124 ] } },
{ "type": "Feature", "properties": { "ID": 2057201642210, "正式名称": "さくら薬局　長野東口店", "機関区分": 5, "都道府県コード": 20, "市区町村コード": 201, "所在地": "長野県長野市栗田１６６０", "緯度": 36.639629, "経度": 138.188515, "url": "https://www.iryou.teikyouseido.mhlw.go.jp/znk-web/juminkanja/S2430/initialize?prefCd=20&kikanCd=7201642210&kikanKbn=5", "url2": "https://www.kraft-net.co.jp/sakura/store/3559/", "内容": "さくら薬局　長野東口店【5:薬局】長野県長野市栗田１６６０" }, "geometry": { "type": "Point", "coordinates": [ 138.188515, 36.639629 ] } },
{ "type": "Feature", "properties": { "ID": 2057201642310, "正式名称": "一文字屋薬局松代みらい店", "機関区分": 5, "都道府県コード": 20, "市区町村コード": 201, "所在地": "長野県長野市松代町松代１７６", "緯度": 36.562973, "経度": 138.19992, "url": "https://www.iryou.teikyouseido.mhlw.go.jp/znk-web/juminkanja/S2430/initialize?prefCd=20&kikanCd=7201642310&kikanKbn=5", "url2": "https://www.ichimonjiya-pharmacy.com/", "内容": "一文字屋薬局松代みらい店【5:薬局】長野県長野市松代町松代１７６" }, "geometry": { "type": "Point", "coordinates": [ 138.19992, 36.562973 ] } },
{ "type": "Feature", "properties": { "ID": 2057201642400, "正式名称": "ウエルシア薬局長野篠ノ井布施高田店", "機関区分": 5, "都道府県コード": 20, "市区町村コード": 201, "所在地": "長野県長野市篠ノ井布施高田３２１番地１", "緯度": 36.581702, "経度": 138.147299, "url": "https://www.iryou.teikyouseido.mhlw.go.jp/znk-web/juminkanja/S2430/initialize?prefCd=20&kikanCd=7201642400&kikanKbn=5", "url2": "https://www.welcia-yakkyoku.co.jp/", "内容": "ウエルシア薬局長野篠ノ井布施高田店【5:薬局】長野県長野市篠ノ井布施高田３２１番地１" }, "geometry": { "type": "Point", "coordinates": [ 138.147299, 36.581702 ] } },
{ "type": "Feature", "properties": { "ID": 2057201642590, "正式名称": "モリキ南長野薬局", "機関区分": 5, "都道府県コード": 20, "市区町村コード": 201, "所在地": "長野県長野市稲里町中央２ー１５ー８", "緯度": 36.603093, "経度": 138.170215, "url": "https://www.iryou.teikyouseido.mhlw.go.jp/znk-web/juminkanja/S2430/initialize?prefCd=20&kikanCd=7201642590&kikanKbn=5", "url2": "https://www.moriki-group.info/", "内容": "モリキ南長野薬局【5:薬局】長野県長野市稲里町中央２ー１５ー８" }, "geometry": { "type": "Point", "coordinates": [ 138.170215, 36.603093 ] } },
{ "type": "Feature", "properties": { "ID": 2057201642680, "正式名称": "アーク調剤薬局　長野栗田店", "機関区分": 5, "都道府県コード": 20, "市区町村コード": 201, "所在地": "長野県長野市栗田２０９２", "緯度": 36.640961, "経度": 138.193122, "url": "https://www.iryou.teikyouseido.mhlw.go.jp/znk-web/juminkanja/S2430/initialize?prefCd=20&kikanCd=7201642680&kikanKbn=5", "url2": "https://www.arc-m.co.jp/", "内容": "アーク調剤薬局　長野栗田店【5:薬局】長野県長野市栗田２０９２" }, "geometry": { "type": "Point", "coordinates": [ 138.193122, 36.640961 ] } },
{ "type": "Feature", "properties": { "ID": 2057201642770, "正式名称": "ひまわり薬局", "機関区分": 5, "都道府県コード": 20, "市区町村コード": 201, "所在地": "長野県長野市信州新町上条１５３", "緯度": 36.5728, "経度": 138.021417, "url": "https://www.iryou.teikyouseido.mhlw.go.jp/znk-web/juminkanja/S2430/initialize?prefCd=20&kikanCd=7201642770&kikanKbn=5", "url2": null, "内容": "ひまわり薬局【5:薬局】長野県長野市信州新町上条１５３" }, "geometry": { "type": "Point", "coordinates": [ 138.021417, 36.5728 ] } },
{ "type": "Feature", "properties": { "ID": 2057201642860, "正式名称": "アーク調剤薬局　ながの東急店", "機関区分": 5, "都道府県コード": 20, "市区町村コード": 201, "所在地": "長野県長野市南千歳１ー１ー１　ながの東急百貨店本館６Ｆ", "緯度": 36.645052, "経度": 138.188676, "url": "https://www.iryou.teikyouseido.mhlw.go.jp/znk-web/juminkanja/S2430/initialize?prefCd=20&kikanCd=7201642860&kikanKbn=5", "url2": "https://www.arc-m.co.jp/shop/naganotokyu", "内容": "アーク調剤薬局　ながの東急店【5:薬局】長野県長野市南千歳１ー１ー１　ながの東急百貨店本館６Ｆ" }, "geometry": { "type": "Point", "coordinates": [ 138.188676, 36.645052 ] } },
{ "type": "Feature", "properties": { "ID": 2057201642950, "正式名称": "ななせ薬局", "機関区分": 5, "都道府県コード": 20, "市区町村コード": 201, "所在地": "長野県長野市七瀬２１－７", "緯度": 36.643817, "経度": 138.194839, "url": "https://www.iryou.teikyouseido.mhlw.go.jp/znk-web/juminkanja/S2430/initialize?prefCd=20&kikanCd=7201642950&kikanKbn=5", "url2": null, "内容": "ななせ薬局【5:薬局】長野県長野市七瀬２１－７" }, "geometry": { "type": "Point", "coordinates": [ 138.194839, 36.643817 ] } },
{ "type": "Feature", "properties": { "ID": 2057201643010, "正式名称": "みやこ薬局", "機関区分": 5, "都道府県コード": 20, "市区町村コード": 201, "所在地": "長野県長野市鶴賀３０２－２", "緯度": 36.643893, "経度": 138.200671, "url": "https://www.iryou.teikyouseido.mhlw.go.jp/znk-web/juminkanja/S2430/initialize?prefCd=20&kikanCd=7201643010&kikanKbn=5", "url2": null, "内容": "みやこ薬局【5:薬局】長野県長野市鶴賀３０２－２" }, "geometry": { "type": "Point", "coordinates": [ 138.200671, 36.643893 ] } },
{ "type": "Feature", "properties": { "ID": 2057201643110, "正式名称": "ウエルシア薬局　ＩＫＯＮＥ　Ｃｉｔｙ長野稲田店", "機関区分": 5, "都道府県コード": 20, "市区町村コード": 201, "所在地": "長野県長野市稲田３－３１－１２", "緯度": 36.670913, "経度": 138.23015, "url": "https://www.iryou.teikyouseido.mhlw.go.jp/znk-web/juminkanja/S2430/initialize?prefCd=20&kikanCd=7201643110&kikanKbn=5", "url2": null, "内容": "ウエルシア薬局　ＩＫＯＮＥ　Ｃｉｔｙ長野稲田店【5:薬局】長野県長野市稲田３－３１－１２" }, "geometry": { "type": "Point", "coordinates": [ 138.23015, 36.670913 ] } },
{ "type": "Feature", "properties": { "ID": 2057201643200, "正式名称": "モリキ長野南長池薬局", "機関区分": 5, "都道府県コード": 20, "市区町村コード": 201, "所在地": "長野県長野市南長池字古新田３７９番地３", "緯度": 36.642829, "経度": 138.239088, "url": "https://www.iryou.teikyouseido.mhlw.go.jp/znk-web/juminkanja/S2430/initialize?prefCd=20&kikanCd=7201643200&kikanKbn=5", "url2": "https://www.moriki-group.info/store_serach/hokushin01/page/3", "内容": "モリキ長野南長池薬局【5:薬局】長野県長野市南長池字古新田３７９番地３" }, "geometry": { "type": "Point", "coordinates": [ 138.239088, 36.642829 ] } },
{ "type": "Feature", "properties": { "ID": 2057201643390, "正式名称": "りんご薬局", "機関区分": 5, "都道府県コード": 20, "市区町村コード": 201, "所在地": "長野県長野市稲田２丁目１４３５番", "緯度": 36.674803, "経度": 138.225126, "url": "https://www.iryou.teikyouseido.mhlw.go.jp/znk-web/juminkanja/S2430/initialize?prefCd=20&kikanCd=7201643390&kikanKbn=5", "url2": "https://yoshida-yakugyo.com", "内容": "りんご薬局【5:薬局】長野県長野市稲田２丁目１４３５番" }, "geometry": { "type": "Point", "coordinates": [ 138.225126, 36.674803 ] } },
{ "type": "Feature", "properties": { "ID": 2057201643480, "正式名称": "わたぴー薬局　権堂店", "機関区分": 5, "都道府県コード": 20, "市区町村コード": 201, "所在地": "長野県長野市権堂町２１９６－１", "緯度": 36.6531, "経度": 138.191592, "url": "https://www.iryou.teikyouseido.mhlw.go.jp/znk-web/juminkanja/S2430/initialize?prefCd=20&kikanCd=7201643480&kikanKbn=5", "url2": "https://watahan.jp/", "内容": "わたぴー薬局　権堂店【5:薬局】長野県長野市権堂町２１９６－１" }, "geometry": { "type": "Point", "coordinates": [ 138.191592, 36.6531 ] } },
{ "type": "Feature", "properties": { "ID": 2057201643570, "正式名称": "いしわた菜の花薬局", "機関区分": 5, "都道府県コード": 20, "市区町村コード": 201, "所在地": "長野県長野市石渡６３－８", "緯度": 36.660354, "経度": 138.244154, "url": "https://www.iryou.teikyouseido.mhlw.go.jp/znk-web/juminkanja/S2430/initialize?prefCd=20&kikanCd=7201643570&kikanKbn=5", "url2": "https://ship-ph.co.jp/", "内容": "いしわた菜の花薬局【5:薬局】長野県長野市石渡６３－８" }, "geometry": { "type": "Point", "coordinates": [ 138.244154, 36.660354 ] } },
{ "type": "Feature", "properties": { "ID": 2057201643660, "正式名称": "公園前薬局", "機関区分": 5, "都道府県コード": 20, "市区町村コード": 201, "所在地": "長野県長野市東和田７０４ー２４", "緯度": 36.656491, "経度": 138.229809, "url": "https://www.iryou.teikyouseido.mhlw.go.jp/znk-web/juminkanja/S2430/initialize?prefCd=20&kikanCd=7201643660&kikanKbn=5", "url2": "https://nakajima-pharm.co.jp/", "内容": "公園前薬局【5:薬局】長野県長野市東和田７０４ー２４" }, "geometry": { "type": "Point", "coordinates": [ 138.229809, 36.656491 ] } },
{ "type": "Feature", "properties": { "ID": 2057201643750, "正式名称": "中央薬局", "機関区分": 5, "都道府県コード": 20, "市区町村コード": 201, "所在地": "長野県長野市徳間５６６ー５", "緯度": 36.677231, "経度": 138.227479, "url": "https://www.iryou.teikyouseido.mhlw.go.jp/znk-web/juminkanja/S2430/initialize?prefCd=20&kikanCd=7201643750&kikanKbn=5", "url2": "https://chuoyakkyoku-093.jimdofree.com/", "内容": "中央薬局【5:薬局】長野県長野市徳間５６６ー５" }, "geometry": { "type": "Point", "coordinates": [ 138.227479, 36.677231 ] } },
{ "type": "Feature", "properties": { "ID": 2057201643840, "正式名称": "さくら薬局長野檀田店", "機関区分": 5, "都道府県コード": 20, "市区町村コード": 201, "所在地": "長野県長野市檀田２－１６－７", "緯度": 36.677073, "経度": 138.209174, "url": "https://www.iryou.teikyouseido.mhlw.go.jp/znk-web/juminkanja/S2430/initialize?prefCd=20&kikanCd=7201643840&kikanKbn=5", "url2": "https://www.kraft-net.co.jp/sakura/store/4182/", "内容": "さくら薬局長野檀田店【5:薬局】長野県長野市檀田２－１６－７" }, "geometry": { "type": "Point", "coordinates": [ 138.209174, 36.677073 ] } },
{ "type": "Feature", "properties": { "ID": 2057201643930, "正式名称": "ふるさと薬局", "機関区分": 5, "都道府県コード": 20, "市区町村コード": 201, "所在地": "長野県長野市上駒沢", "緯度": 36.680679, "経度": 138.246507, "url": "https://www.iryou.teikyouseido.mhlw.go.jp/znk-web/juminkanja/S2430/initialize?prefCd=20&kikanCd=7201643930&kikanKbn=5", "url2": "https://furusatoyakkyoku.jp/", "内容": "ふるさと薬局【5:薬局】長野県長野市上駒沢" }, "geometry": { "type": "Point", "coordinates": [ 138.246507, 36.680679 ] } },
{ "type": "Feature", "properties": { "ID": 2057201644000, "正式名称": "いなだ岡沢薬局", "機関区分": 5, "都道府県コード": 20, "市区町村コード": 201, "所在地": "長野県長野市稲田２丁目７－３４", "緯度": 36.676466, "経度": 138.222002, "url": "https://www.iryou.teikyouseido.mhlw.go.jp/znk-web/juminkanja/S2430/initialize?prefCd=20&kikanCd=7201644000&kikanKbn=5", "url2": null, "内容": "いなだ岡沢薬局【5:薬局】長野県長野市稲田２丁目７－３４" }, "geometry": { "type": "Point", "coordinates": [ 138.222002, 36.676466 ] } },
{ "type": "Feature", "properties": { "ID": 2057201644190, "正式名称": "コスメⅡ薬局", "機関区分": 5, "都道府県コード": 20, "市区町村コード": 201, "所在地": "長野県長野市鶴賀３３１－２", "緯度": 36.642206, "経度": 138.202047, "url": "https://www.iryou.teikyouseido.mhlw.go.jp/znk-web/juminkanja/S2430/initialize?prefCd=20&kikanCd=7201644190&kikanKbn=5", "url2": null, "内容": "コスメⅡ薬局【5:薬局】長野県長野市鶴賀３３１－２" }, "geometry": { "type": "Point", "coordinates": [ 138.202047, 36.642206 ] } },
{ "type": "Feature", "properties": { "ID": 2057201644280, "正式名称": "漢方薬局　弓と糸", "機関区分": 5, "都道府県コード": 20, "市区町村コード": 201, "所在地": "長野県長野市稲葉１２４－３", "緯度": 36.632036, "経度": 138.200714, "url": "https://www.iryou.teikyouseido.mhlw.go.jp/znk-web/juminkanja/S2430/initialize?prefCd=20&kikanCd=7201644280&kikanKbn=5", "url2": null, "内容": "漢方薬局　弓と糸【5:薬局】長野県長野市稲葉１２４－３" }, "geometry": { "type": "Point", "coordinates": [ 138.200714, 36.632036 ] } },
{ "type": "Feature", "properties": { "ID": 2057201644370, "正式名称": "ウエルシア薬局長野東鶴賀店", "機関区分": 5, "都道府県コード": 20, "市区町村コード": 201, "所在地": "長野県長野市東鶴賀町７４番地", "緯度": 36.651449, "経度": 138.199825, "url": "https://www.iryou.teikyouseido.mhlw.go.jp/znk-web/juminkanja/S2430/initialize?prefCd=20&kikanCd=7201644370&kikanKbn=5", "url2": "https://store.welcia.co.jp/welcia/spot/detail?code=8156D", "内容": "ウエルシア薬局長野東鶴賀店【5:薬局】長野県長野市東鶴賀町７４番地" }, "geometry": { "type": "Point", "coordinates": [ 138.199825, 36.651449 ] } },
{ "type": "Feature", "properties": { "ID": 2057201644460, "正式名称": "サン薬局", "機関区分": 5, "都道府県コード": 20, "市区町村コード": 201, "所在地": "長野県長野市鶴賀緑町１３９３－２１", "緯度": 36.648412, "経度": 138.192952, "url": "https://www.iryou.teikyouseido.mhlw.go.jp/znk-web/juminkanja/S2430/initialize?prefCd=20&kikanCd=7201644460&kikanKbn=5", "url2": "yoshida-yakugyo.com", "内容": "サン薬局【5:薬局】長野県長野市鶴賀緑町１３９３－２１" }, "geometry": { "type": "Point", "coordinates": [ 138.192952, 36.648412 ] } },
{ "type": "Feature", "properties": { "ID": 2057201644550, "正式名称": "しなのき調剤薬局", "機関区分": 5, "都道府県コード": 20, "市区町村コード": 201, "所在地": "長野県長野市大字北長池１６０２－１５", "緯度": 36.652811, "経度": 138.241723, "url": "https://www.iryou.teikyouseido.mhlw.go.jp/znk-web/juminkanja/S2430/initialize?prefCd=20&kikanCd=7201644550&kikanKbn=5", "url2": "http://www.Shinanoki.jp", "内容": "しなのき調剤薬局【5:薬局】長野県長野市大字北長池１６０２－１５" }, "geometry": { "type": "Point", "coordinates": [ 138.241723, 36.652811 ] } },
{ "type": "Feature", "properties": { "ID": 2057201644640, "正式名称": "アイン薬局　栗田病院店", "機関区分": 5, "都道府県コード": 20, "市区町村コード": 201, "所在地": "長野県長野市栗田６９５", "緯度": 36.636206, "経度": 138.199228, "url": "https://www.iryou.teikyouseido.mhlw.go.jp/znk-web/juminkanja/S2430/initialize?prefCd=20&kikanCd=7201644640&kikanKbn=5", "url2": "https://store.ainjco.jp/detail/1101677/", "内容": "アイン薬局　栗田病院店【5:薬局】長野県長野市栗田６９５" }, "geometry": { "type": "Point", "coordinates": [ 138.199228, 36.636206 ] } },
{ "type": "Feature", "properties": { "ID": 2057201644730, "正式名称": "モリキ長野柳原薬局", "機関区分": 5, "都道府県コード": 20, "市区町村コード": 201, "所在地": "長野県長野市大字柳原２１０１番地１", "緯度": 36.661161, "経度": 138.257762, "url": "https://www.iryou.teikyouseido.mhlw.go.jp/znk-web/juminkanja/S2430/initialize?prefCd=20&kikanCd=7201644730&kikanKbn=5", "url2": null, "内容": "モリキ長野柳原薬局【5:薬局】長野県長野市大字柳原２１０１番地１" }, "geometry": { "type": "Point", "coordinates": [ 138.257762, 36.661161 ] } },
{ "type": "Feature", "properties": { "ID": 2057201644820, "正式名称": "きたながの岡澤薬局", "機関区分": 5, "都道府県コード": 20, "市区町村コード": 201, "所在地": "長野県長野市吉田３－２２－１６ＪＡながの吉田駅前ビル１階", "緯度": 36.667016, "経度": 138.221017, "url": "https://www.iryou.teikyouseido.mhlw.go.jp/znk-web/juminkanja/S2430/initialize?prefCd=20&kikanCd=7201644820&kikanKbn=5", "url2": null, "内容": "きたながの岡澤薬局【5:薬局】長野県長野市吉田３－２２－１６ＪＡながの吉田駅前ビル１階" }, "geometry": { "type": "Point", "coordinates": [ 138.221017, 36.667016 ] } },
{ "type": "Feature", "properties": { "ID": 2057201644910, "正式名称": "アイン薬局　若里店", "機関区分": 5, "都道府県コード": 20, "市区町村コード": 201, "所在地": "長野県長野市若里６－１－６", "緯度": 36.627617, "経度": 138.191267, "url": "https://www.iryou.teikyouseido.mhlw.go.jp/znk-web/juminkanja/S2430/initialize?prefCd=20&kikanCd=7201644910&kikanKbn=5", "url2": "https://www.g-mis.mhlw.go.jp/s/rpt-page", "内容": "アイン薬局　若里店【5:薬局】長野県長野市若里６－１－６" }, "geometry": { "type": "Point", "coordinates": [ 138.191267, 36.627617 ] } },
{ "type": "Feature", "properties": { "ID": 2057201645080, "正式名称": "アイン薬局若里２号店", "機関区分": 5, "都道府県コード": 20, "市区町村コード": 201, "所在地": "長野県長野市若里６－１－５", "緯度": 36.626368, "経度": 138.19721, "url": "https://www.iryou.teikyouseido.mhlw.go.jp/znk-web/juminkanja/S2430/initialize?prefCd=20&kikanCd=7201645080&kikanKbn=5", "url2": "https://www.ainj.co.jp/network/detail.html?pdid=1689", "内容": "アイン薬局若里２号店【5:薬局】長野県長野市若里６－１－５" }, "geometry": { "type": "Point", "coordinates": [ 138.19721, 36.626368 ] } },
{ "type": "Feature", "properties": { "ID": 2057201645170, "正式名称": "アイン薬局　長野今井店", "機関区分": 5, "都道府県コード": 20, "市区町村コード": 201, "所在地": "長野県長野市川中島町今井３８６", "緯度": 36.596981, "経度": 138.140244, "url": "https://www.iryou.teikyouseido.mhlw.go.jp/znk-web/juminkanja/S2430/initialize?prefCd=20&kikanCd=7201645170&kikanKbn=5", "url2": "https://store.ainj.co.jp/detail/1101298/", "内容": "アイン薬局　長野今井店【5:薬局】長野県長野市川中島町今井３８６" }, "geometry": { "type": "Point", "coordinates": [ 138.140244, 36.596981 ] } },
{ "type": "Feature", "properties": { "ID": 2057201645260, "正式名称": "アイン薬局　みくりや店", "機関区分": 5, "都道府県コード": 20, "市区町村コード": 201, "所在地": "長野県長野市川中島町御厨７１９－３", "緯度": 36.59462, "経度": 138.162382, "url": "https://www.iryou.teikyouseido.mhlw.go.jp/znk-web/juminkanja/S2430/initialize?prefCd=20&kikanCd=7201645260&kikanKbn=5", "url2": null, "内容": "アイン薬局　みくりや店【5:薬局】長野県長野市川中島町御厨７１９－３" }, "geometry": { "type": "Point", "coordinates": [ 138.162382, 36.59462 ] } },
{ "type": "Feature", "properties": { "ID": 2057201645350, "正式名称": "アイン薬局北市店", "機関区分": 5, "都道府県コード": 20, "市区町村コード": 201, "所在地": "長野県長野市若里１－３４－３　東洋若里ビル１Ｆ", "緯度": 36.634533, "経度": 138.190905, "url": "https://www.iryou.teikyouseido.mhlw.go.jp/znk-web/juminkanja/S2430/initialize?prefCd=20&kikanCd=7201645350&kikanKbn=5", "url2": "https://store.ainj.co.jp/detail/1101299/", "内容": "アイン薬局北市店【5:薬局】長野県長野市若里１－３４－３　東洋若里ビル１Ｆ" }, "geometry": { "type": "Point", "coordinates": [ 138.190905, 36.634533 ] } },
{ "type": "Feature", "properties": { "ID": 2057201645440, "正式名称": "アイン薬局長野高田店", "機関区分": 5, "都道府県コード": 20, "市区町村コード": 201, "所在地": "長野県長野市高田５４７－１０", "緯度": 36.646199, "経度": 138.214847, "url": "https://www.iryou.teikyouseido.mhlw.go.jp/znk-web/juminkanja/S2430/initialize?prefCd=20&kikanCd=7201645440&kikanKbn=5", "url2": "https://store.ainj.co.jp/detail/1101308/", "内容": "アイン薬局長野高田店【5:薬局】長野県長野市高田５４７－１０" }, "geometry": { "type": "Point", "coordinates": [ 138.214847, 36.646199 ] } },
{ "type": "Feature", "properties": { "ID": 2057201645530, "正式名称": "アイン薬局篠ノ井西店", "機関区分": 5, "都道府県コード": 20, "市区町村コード": 201, "所在地": "長野県長野市篠ノ井布施高田１１４２－１", "緯度": 36.583355, "経度": 138.138331, "url": "https://www.iryou.teikyouseido.mhlw.go.jp/znk-web/juminkanja/S2430/initialize?prefCd=20&kikanCd=7201645530&kikanKbn=5", "url2": "https://www.ainj.co.jp/network/htm", "内容": "アイン薬局篠ノ井西店【5:薬局】長野県長野市篠ノ井布施高田１１４２－１" }, "geometry": { "type": "Point", "coordinates": [ 138.138331, 36.583355 ] } },
{ "type": "Feature", "properties": { "ID": 2057201645620, "正式名称": "アイン篠ノ井薬局", "機関区分": 5, "都道府県コード": 20, "市区町村コード": 201, "所在地": "長野県長野市篠ノ井会６５３－３", "緯度": 36.576094, "経度": 138.15005, "url": "https://www.iryou.teikyouseido.mhlw.go.jp/znk-web/juminkanja/S2430/initialize?prefCd=20&kikanCd=7201645620&kikanKbn=5", "url2": "http://www.ainj.co.jp", "内容": "アイン篠ノ井薬局【5:薬局】長野県長野市篠ノ井会６５３－３" }, "geometry": { "type": "Point", "coordinates": [ 138.15005, 36.576094 ] } },
{ "type": "Feature", "properties": { "ID": 2057201645710, "正式名称": "アイン薬局ひがの店", "機関区分": 5, "都道府県コード": 20, "市区町村コード": 201, "所在地": "長野県長野市下氷鉋１－１４７６", "緯度": 36.611452, "経度": 138.177157, "url": "https://www.iryou.teikyouseido.mhlw.go.jp/znk-web/juminkanja/S2430/initialize?prefCd=20&kikanCd=7201645710&kikanKbn=5", "url2": "https://store.ainj.co.jp/detail/1101305/", "内容": "アイン薬局ひがの店【5:薬局】長野県長野市下氷鉋１－１４７６" }, "geometry": { "type": "Point", "coordinates": [ 138.177157, 36.611452 ] } },
{ "type": "Feature", "properties": { "ID": 2057201645810, "正式名称": "アイン薬局　稲里店", "機関区分": 5, "都道府県コード": 20, "市区町村コード": 201, "所在地": "長野県長野市下氷鉋１－２－３", "緯度": 36.612841, "経度": 138.175907, "url": "https://www.iryou.teikyouseido.mhlw.go.jp/znk-web/juminkanja/S2430/initialize?prefCd=20&kikanCd=7201645810&kikanKbn=5", "url2": "https://store.ainj.co.jp/detail/1101311/", "内容": "アイン薬局　稲里店【5:薬局】長野県長野市下氷鉋１－２－３" }, "geometry": { "type": "Point", "coordinates": [ 138.175907, 36.612841 ] } },
{ "type": "Feature", "properties": { "ID": 2057201645900, "正式名称": "アイン薬局　松代店", "機関区分": 5, "都道府県コード": 20, "市区町村コード": 201, "所在地": "長野県長野市松代町松代１６３－１２", "緯度": 36.56343, "経度": 138.200935, "url": "https://www.iryou.teikyouseido.mhlw.go.jp/znk-web/juminkanja/S2430/initialize?prefCd=20&kikanCd=7201645900&kikanKbn=5", "url2": "https://store.ainj.co.jp/detail/1101302/", "内容": "アイン薬局　松代店【5:薬局】長野県長野市松代町松代１６３－１２" }, "geometry": { "type": "Point", "coordinates": [ 138.200935, 36.56343 ] } },
{ "type": "Feature", "properties": { "ID": 2057201646060, "正式名称": "アイン薬局里島店", "機関区分": 5, "都道府県コード": 20, "市区町村コード": 201, "所在地": "長野県長野市里島７３", "緯度": 36.582066, "経度": 138.153994, "url": "https://www.iryou.teikyouseido.mhlw.go.jp/znk-web/juminkanja/S2430/initialize?prefCd=20&kikanCd=7201646060&kikanKbn=5", "url2": "https://www.ainj.co.jp/", "内容": "アイン薬局里島店【5:薬局】長野県長野市里島７３" }, "geometry": { "type": "Point", "coordinates": [ 138.153994, 36.582066 ] } },
{ "type": "Feature", "properties": { "ID": 2057201646150, "正式名称": "アイン薬局　若穂店", "機関区分": 5, "都道府県コード": 20, "市区町村コード": 201, "所在地": "長野県長野市若穂綿内７５３０", "緯度": 36.613176, "経度": 138.252456, "url": "https://www.iryou.teikyouseido.mhlw.go.jp/znk-web/juminkanja/S2430/initialize?prefCd=20&kikanCd=7201646150&kikanKbn=5", "url2": "https://www.ainj.co.jp/network/detail.html?pdid=1714", "内容": "アイン薬局　若穂店【5:薬局】長野県長野市若穂綿内７５３０" }, "geometry": { "type": "Point", "coordinates": [ 138.252456, 36.613176 ] } },
{ "type": "Feature", "properties": { "ID": 2057201646240, "正式名称": "アイン薬局長野大塚店", "機関区分": 5, "都道府県コード": 20, "市区町村コード": 201, "所在地": "長野県長野市青木島町大塚１３２６－１", "緯度": 36.610647, "経度": 138.183712, "url": "https://www.iryou.teikyouseido.mhlw.go.jp/znk-web/juminkanja/S2430/initialize?prefCd=20&kikanCd=7201646240&kikanKbn=5", "url2": null, "内容": "アイン薬局長野大塚店【5:薬局】長野県長野市青木島町大塚１３２６－１" }, "geometry": { "type": "Point", "coordinates": [ 138.183712, 36.610647 ] } },
{ "type": "Feature", "properties": { "ID": 2057201646330, "正式名称": "アイン薬局　長野三輪店", "機関区分": 5, "都道府県コード": 20, "市区町村コード": 201, "所在地": "長野県長野市三輪５－４３－１８", "緯度": 36.658753, "経度": 138.201681, "url": "https://www.iryou.teikyouseido.mhlw.go.jp/znk-web/juminkanja/S2430/initialize?prefCd=20&kikanCd=7201646330&kikanKbn=5", "url2": "https://www.ainj.co.jp/", "内容": "アイン薬局　長野三輪店【5:薬局】長野県長野市三輪５－４３－１８" }, "geometry": { "type": "Point", "coordinates": [ 138.201681, 36.658753 ] } },
{ "type": "Feature", "properties": { "ID": 2057201646420, "正式名称": "アイン薬局西鶴賀店", "機関区分": 5, "都道府県コード": 20, "市区町村コード": 201, "所在地": "長野県長野市西鶴賀町１４７３－１", "緯度": 36.651976, "経度": 138.194182, "url": "https://www.iryou.teikyouseido.mhlw.go.jp/znk-web/juminkanja/S2430/initialize?prefCd=20&kikanCd=7201646420&kikanKbn=5", "url2": "https://www.ainj.co.jp/network/detail.html?pdid=1694", "内容": "アイン薬局西鶴賀店【5:薬局】長野県長野市西鶴賀町１４７３－１" }, "geometry": { "type": "Point", "coordinates": [ 138.194182, 36.651976 ] } },
{ "type": "Feature", "properties": { "ID": 2057201646510, "正式名称": "モリキ長野稲葉薬局", "機関区分": 5, "都道府県コード": 20, "市区町村コード": 201, "所在地": "長野県長野市稲葉日詰沖１３９８ー１", "緯度": 36.628803, "経度": 138.20082, "url": "https://www.iryou.teikyouseido.mhlw.go.jp/znk-web/juminkanja/S2430/initialize?prefCd=20&kikanCd=7201646510&kikanKbn=5", "url2": "https://www.moriki-group.info/store_serach/hokushin01/%E3%83%A2%E3%83%AA%E3%82%AD%E9%95%B7%E9%87%8E%E7%A8%B2%E8%91%89%E8%96%AC%E5%B1%80/", "内容": "モリキ長野稲葉薬局【5:薬局】長野県長野市稲葉日詰沖１３９８ー１" }, "geometry": { "type": "Point", "coordinates": [ 138.20082, 36.628803 ] } },
{ "type": "Feature", "properties": { "ID": 2057201646610, "正式名称": "ニシムラ薬局", "機関区分": 5, "都道府県コード": 20, "市区町村コード": 201, "所在地": "長野県長野市丹波島二の十八の十八", "緯度": 36.617062, "経度": 138.171547, "url": "https://www.iryou.teikyouseido.mhlw.go.jp/znk-web/juminkanja/S2430/initialize?prefCd=20&kikanCd=7201646610&kikanKbn=5", "url2": "https://dpc-net.ne.jp/storeinfo/nagano/nagano-nisimura/", "内容": "ニシムラ薬局【5:薬局】長野県長野市丹波島二の十八の十八" }, "geometry": { "type": "Point", "coordinates": [ 138.171547, 36.617062 ] } },
{ "type": "Feature", "properties": { "ID": 2057201646700, "正式名称": "長東薬局", "機関区分": 5, "都道府県コード": 20, "市区町村コード": 201, "所在地": "長野県長野市栗田２１５２　ステラビル１Ｆ", "緯度": 36.642004, "経度": 138.189738, "url": "https://www.iryou.teikyouseido.mhlw.go.jp/znk-web/juminkanja/S2430/initialize?prefCd=20&kikanCd=7201646700&kikanKbn=5", "url2": null, "内容": "長東薬局【5:薬局】長野県長野市栗田２１５２　ステラビル１Ｆ" }, "geometry": { "type": "Point", "coordinates": [ 138.189738, 36.642004 ] } },
{ "type": "Feature", "properties": { "ID": 2057201646890, "正式名称": "わたぴー薬局　長池店", "機関区分": 5, "都道府県コード": 20, "市区町村コード": 201, "所在地": "長野県長野市南長池４８７", "緯度": 36.643139, "経度": 138.236346, "url": "https://www.iryou.teikyouseido.mhlw.go.jp/znk-web/juminkanja/S2430/initialize?prefCd=20&kikanCd=7201646890&kikanKbn=5", "url2": null, "内容": "わたぴー薬局　長池店【5:薬局】長野県長野市南長池４８７" }, "geometry": { "type": "Point", "coordinates": [ 138.236346, 36.643139 ] } },
{ "type": "Feature", "properties": { "ID": 2057201700310, "正式名称": "有限会社岡田薬局", "機関区分": 5, "都道府県コード": 20, "市区町村コード": 213, "所在地": "長野県飯山市飯山１２１０", "緯度": 36.850957, "経度": 138.363548, "url": "https://www.iryou.teikyouseido.mhlw.go.jp/znk-web/juminkanja/S2430/initialize?prefCd=20&kikanCd=7201700310&kikanKbn=5", "url2": null, "内容": "有限会社岡田薬局【5:薬局】長野県飯山市飯山１２１０" }, "geometry": { "type": "Point", "coordinates": [ 138.363548, 36.850957 ] } },
{ "type": "Feature", "properties": { "ID": 2057201700690, "正式名称": "有限会社　足立商店　足立薬局", "機関区分": 5, "都道府県コード": 20, "市区町村コード": 213, "所在地": "長野県飯山市常郷１－１", "緯度": 36.917922, "経度": 138.394292, "url": "https://www.iryou.teikyouseido.mhlw.go.jp/znk-web/juminkanja/S2430/initialize?prefCd=20&kikanCd=7201700690&kikanKbn=5", "url2": null, "内容": "有限会社　足立商店　足立薬局【5:薬局】長野県飯山市常郷１－１" }, "geometry": { "type": "Point", "coordinates": [ 138.394292, 36.917922 ] } },
{ "type": "Feature", "properties": { "ID": 2057201701300, "正式名称": "有限会社　河野薬局", "機関区分": 5, "都道府県コード": 20, "市区町村コード": 563, "所在地": "長野県下高井郡野沢温泉村豊郷９４９４", "緯度": 36.923284, "経度": 138.447649, "url": "https://www.iryou.teikyouseido.mhlw.go.jp/znk-web/juminkanja/S2430/initialize?prefCd=20&kikanCd=7201701300&kikanKbn=5", "url2": null, "内容": "有限会社　河野薬局【5:薬局】長野県下高井郡野沢温泉村豊郷９４９４" }, "geometry": { "type": "Point", "coordinates": [ 138.447649, 36.923284 ] } },
{ "type": "Feature", "properties": { "ID": 2057201701670, "正式名称": "木島薬局", "機関区分": 5, "都道府県コード": 20, "市区町村コード": 562, "所在地": "長野県下高井郡木島平村上木島１９０１", "緯度": 36.839265, "経度": 138.408211, "url": "https://www.iryou.teikyouseido.mhlw.go.jp/znk-web/juminkanja/S2430/initialize?prefCd=20&kikanCd=7201701670&kikanKbn=5", "url2": "https://www.kijimayakuhin.co.jp/store", "内容": "木島薬局【5:薬局】長野県下高井郡木島平村上木島１９０１" }, "geometry": { "type": "Point", "coordinates": [ 138.408211, 36.839265 ] } },
{ "type": "Feature", "properties": { "ID": 2057201701760, "正式名称": "飯山駅前モリキ薬局", "機関区分": 5, "都道府県コード": 20, "市区町村コード": 213, "所在地": "長野県飯山市南町１３－３", "緯度": 36.847319, "経度": 138.360465, "url": "https://www.iryou.teikyouseido.mhlw.go.jp/znk-web/juminkanja/S2430/initialize?prefCd=20&kikanCd=7201701760&kikanKbn=5", "url2": "http://www.moriki-group.co.jp", "内容": "飯山駅前モリキ薬局【5:薬局】長野県飯山市南町１３－３" }, "geometry": { "type": "Point", "coordinates": [ 138.360465, 36.847319 ] } },
{ "type": "Feature", "properties": { "ID": 2057201702100, "正式名称": "木島西薬局", "機関区分": 5, "都道府県コード": 20, "市区町村コード": 562, "所在地": "長野県下高井郡木島平村穂高３１０５－８", "緯度": 36.86279, "経度": 138.405127, "url": "https://www.iryou.teikyouseido.mhlw.go.jp/znk-web/juminkanja/S2430/initialize?prefCd=20&kikanCd=7201702100&kikanKbn=5", "url2": "https://www.kijimayakuhin.co.jp/store", "内容": "木島西薬局【5:薬局】長野県下高井郡木島平村穂高３１０５－８" }, "geometry": { "type": "Point", "coordinates": [ 138.405127, 36.86279 ] } },
{ "type": "Feature", "properties": { "ID": 2057201702380, "正式名称": "たなかや薬局", "機関区分": 5, "都道府県コード": 20, "市区町村コード": 213, "所在地": "長野県飯山市野坂田４１９－１", "緯度": 36.852846, "経度": 138.380685, "url": "https://www.iryou.teikyouseido.mhlw.go.jp/znk-web/juminkanja/S2430/initialize?prefCd=20&kikanCd=7201702380&kikanKbn=5", "url2": null, "内容": "たなかや薬局【5:薬局】長野県飯山市野坂田４１９－１" }, "geometry": { "type": "Point", "coordinates": [ 138.380685, 36.852846 ] } },
{ "type": "Feature", "properties": { "ID": 2057201702470, "正式名称": "飯山新町モリキ薬局", "機関区分": 5, "都道府県コード": 20, "市区町村コード": 213, "所在地": "長野県飯山市飯山２２０－５", "緯度": 36.843958, "経度": 138.361048, "url": "https://www.iryou.teikyouseido.mhlw.go.jp/znk-web/juminkanja/S2430/initialize?prefCd=20&kikanCd=7201702470&kikanKbn=5", "url2": "https://store.seims.co.jp/map/3001", "内容": "飯山新町モリキ薬局【5:薬局】長野県飯山市飯山２２０－５" }, "geometry": { "type": "Point", "coordinates": [ 138.361048, 36.843958 ] } },
{ "type": "Feature", "properties": { "ID": 2057201702830, "正式名称": "飯山薬局", "機関区分": 5, "都道府県コード": 20, "市区町村コード": 213, "所在地": "長野県飯山市飯山２４２－８", "緯度": 36.844763, "経度": 138.360743, "url": "https://www.iryou.teikyouseido.mhlw.go.jp/znk-web/juminkanja/S2430/initialize?prefCd=20&kikanCd=7201702830&kikanKbn=5", "url2": "http://www.moriki-group.co.jp/", "内容": "飯山薬局【5:薬局】長野県飯山市飯山２４２－８" }, "geometry": { "type": "Point", "coordinates": [ 138.360743, 36.844763 ] } },
{ "type": "Feature", "properties": { "ID": 2057202300130, "正式名称": "平田みらい薬局", "機関区分": 5, "都道府県コード": 20, "市区町村コード": 202, "所在地": "長野県松本市小屋北", "緯度": 36.186569, "経度": 137.96047, "url": "https://www.iryou.teikyouseido.mhlw.go.jp/znk-web/juminkanja/S2430/initialize?prefCd=20&kikanCd=7202300130&kikanKbn=5", "url2": "https://www.fmi-mirai.com/hiratamirai", "内容": "平田みらい薬局【5:薬局】長野県松本市小屋北" }, "geometry": { "type": "Point", "coordinates": [ 137.96047, 36.186569 ] } },
{ "type": "Feature", "properties": { "ID": 2057202300310, "正式名称": "クスリのサンロード薬局蟻ケ崎店", "機関区分": 5, "都道府県コード": 20, "市区町村コード": 202, "所在地": "長野県松本市沢村３丁目６９４ー７", "緯度": 36.252825, "経度": 137.965297, "url": "https://www.iryou.teikyouseido.mhlw.go.jp/znk-web/juminkanja/S2430/initialize?prefCd=20&kikanCd=7202300310&kikanKbn=5", "url2": null, "内容": "クスリのサンロード薬局蟻ケ崎店【5:薬局】長野県松本市沢村３丁目６９４ー７" }, "geometry": { "type": "Point", "coordinates": [ 137.965297, 36.252825 ] } },
{ "type": "Feature", "properties": { "ID": 2057202300410, "正式名称": "ウエルシア薬局松本野溝木工店", "機関区分": 5, "都道府県コード": 20, "市区町村コード": 202, "所在地": "長野県松本市野溝木工１－１０－１５", "緯度": 36.20297, "経度": 137.957807, "url": "https://www.iryou.teikyouseido.mhlw.go.jp/znk-web/juminkanja/S2430/initialize?prefCd=20&kikanCd=7202300410&kikanKbn=5", "url2": "https://stores.welcia.co.jp/6395D", "内容": "ウエルシア薬局松本野溝木工店【5:薬局】長野県松本市野溝木工１－１０－１５" }, "geometry": { "type": "Point", "coordinates": [ 137.957807, 36.20297 ] } },
{ "type": "Feature", "properties": { "ID": 2057202300500, "正式名称": "クローバー薬局庄内店", "機関区分": 5, "都道府県コード": 20, "市区町村コード": 202, "所在地": "長野県松本市庄内３－２－２７", "緯度": 36.221333, "経度": 137.971521, "url": "https://www.iryou.teikyouseido.mhlw.go.jp/znk-web/juminkanja/S2430/initialize?prefCd=20&kikanCd=7202300500&kikanKbn=5", "url2": "https://aoitoriyakkyoku.jp", "内容": "クローバー薬局庄内店【5:薬局】長野県松本市庄内３－２－２７" }, "geometry": { "type": "Point", "coordinates": [ 137.971521, 36.221333 ] } },
{ "type": "Feature", "properties": { "ID": 2057202300690, "正式名称": "クスリのアオキ松本芳野薬局", "機関区分": 5, "都道府県コード": 20, "市区町村コード": 202, "所在地": "長野県松本市芳野１７番２１号", "緯度": 36.204184, "経度": 137.964915, "url": "https://www.iryou.teikyouseido.mhlw.go.jp/znk-web/juminkanja/S2430/initialize?prefCd=20&kikanCd=7202300690&kikanKbn=5", "url2": "https://www.kusuri-aoki.co.jp/", "内容": "クスリのアオキ松本芳野薬局【5:薬局】長野県松本市芳野１７番２１号" }, "geometry": { "type": "Point", "coordinates": [ 137.964915, 36.204184 ] } },
{ "type": "Feature", "properties": { "ID": 2057202300780, "正式名称": "ウエルシアイオンタウン松本村井調剤薬局", "機関区分": 5, "都道府県コード": 20, "市区町村コード": 202, "所在地": "長野県松本市村井町南２丁目２１番４５号イオンタウン松本村井１階", "緯度": 36.17517, "経度": 137.962379, "url": "https://www.iryou.teikyouseido.mhlw.go.jp/znk-web/juminkanja/S2430/initialize?prefCd=20&kikanCd=7202300780&kikanKbn=5", "url2": "https://www.welcia-yakkyoku.co.jp", "内容": "ウエルシアイオンタウン松本村井調剤薬局【5:薬局】長野県松本市村井町南２丁目２１番４５号イオンタウン松本村井１階" }, "geometry": { "type": "Point", "coordinates": [ 137.962379, 36.17517 ] } },
{ "type": "Feature", "properties": { "ID": 2057202300870, "正式名称": "スギ薬局　信州大学病院店", "機関区分": 5, "都道府県コード": 20, "市区町村コード": 202, "所在地": "長野県松本市旭３丁目１番１号　信州ＳＵＧＩビル１階", "緯度": 36.250071, "経度": 137.979989, "url": "https://www.iryou.teikyouseido.mhlw.go.jp/znk-web/juminkanja/S2430/initialize?prefCd=20&kikanCd=7202300870&kikanKbn=5", "url2": "https://www.sugi-net.jp/stores/001868", "内容": "スギ薬局　信州大学病院店【5:薬局】長野県松本市旭３丁目１番１号　信州ＳＵＧＩビル１階" }, "geometry": { "type": "Point", "coordinates": [ 137.979989, 36.250071 ] } },
{ "type": "Feature", "properties": { "ID": 2057202300960, "正式名称": "アオキ薬局", "機関区分": 5, "都道府県コード": 20, "市区町村コード": 202, "所在地": "長野県松本市寿台６－１０－１０", "緯度": 36.175761, "経度": 137.98563, "url": "https://www.iryou.teikyouseido.mhlw.go.jp/znk-web/juminkanja/S2430/initialize?prefCd=20&kikanCd=7202300960&kikanKbn=5", "url2": null, "内容": "アオキ薬局【5:薬局】長野県松本市寿台６－１０－１０" }, "geometry": { "type": "Point", "coordinates": [ 137.98563, 36.175761 ] } },
{ "type": "Feature", "properties": { "ID": 2057202301020, "正式名称": "ほんじょう薬局", "機関区分": 5, "都道府県コード": 20, "市区町村コード": 202, "所在地": "長野県松本市本庄２－２－３ヤマサホール１階", "緯度": 36.227251, "経度": 137.97235, "url": "https://www.iryou.teikyouseido.mhlw.go.jp/znk-web/juminkanja/S2430/initialize?prefCd=20&kikanCd=7202301020&kikanKbn=5", "url2": "https://jigyokyo.jp", "内容": "ほんじょう薬局【5:薬局】長野県松本市本庄２－２－３ヤマサホール１階" }, "geometry": { "type": "Point", "coordinates": [ 137.97235, 36.227251 ] } },
{ "type": "Feature", "properties": { "ID": 2057202301210, "正式名称": "イオン薬局南松本店", "機関区分": 5, "都道府県コード": 20, "市区町村コード": 202, "所在地": "長野県松本市双葉５－２０", "緯度": 36.208112, "経度": 137.965586, "url": "https://www.iryou.teikyouseido.mhlw.go.jp/znk-web/juminkanja/S2430/initialize?prefCd=20&kikanCd=7202301210&kikanKbn=5", "url2": null, "内容": "イオン薬局南松本店【5:薬局】長野県松本市双葉５－２０" }, "geometry": { "type": "Point", "coordinates": [ 137.965586, 36.208112 ] } },
{ "type": "Feature", "properties": { "ID": 2057202301580, "正式名称": "あおぞら薬局", "機関区分": 5, "都道府県コード": 20, "市区町村コード": 202, "所在地": "長野県松本市芳野１２－９", "緯度": 36.205568, "経度": 137.965412, "url": "https://www.iryou.teikyouseido.mhlw.go.jp/znk-web/juminkanja/S2430/initialize?prefCd=20&kikanCd=7202301580&kikanKbn=5", "url2": null, "内容": "あおぞら薬局【5:薬局】長野県松本市芳野１２－９" }, "geometry": { "type": "Point", "coordinates": [ 137.965412, 36.205568 ] } },
{ "type": "Feature", "properties": { "ID": 2057202301760, "正式名称": "スギ薬局松本笹部店", "機関区分": 5, "都道府県コード": 20, "市区町村コード": 202, "所在地": "長野県松本市笹部二丁目１番５５号", "緯度": 36.215233, "経度": 137.952255, "url": "https://www.iryou.teikyouseido.mhlw.go.jp/znk-web/juminkanja/S2430/initialize?prefCd=20&kikanCd=7202301760&kikanKbn=5", "url2": "https://www.sugi-net.jp/stores/002131", "内容": "スギ薬局松本笹部店【5:薬局】長野県松本市笹部二丁目１番５５号" }, "geometry": { "type": "Point", "coordinates": [ 137.952255, 36.215233 ] } },
{ "type": "Feature", "properties": { "ID": 2057202301850, "正式名称": "高宮とをしや薬局", "機関区分": 5, "都道府県コード": 20, "市区町村コード": 202, "所在地": "長野県松本市征矢野２－１４－１１", "緯度": 36.212464, "経度": 137.954359, "url": "https://www.iryou.teikyouseido.mhlw.go.jp/znk-web/juminkanja/S2430/initialize?prefCd=20&kikanCd=7202301850&kikanKbn=5", "url2": "https://store.welcia.co.jp/welcia/spot/detail?code=8429D", "内容": "高宮とをしや薬局【5:薬局】長野県松本市征矢野２－１４－１１" }, "geometry": { "type": "Point", "coordinates": [ 137.954359, 36.212464 ] } },
{ "type": "Feature", "properties": { "ID": 2057202301940, "正式名称": "梓川とをしや薬局", "機関区分": 5, "都道府県コード": 20, "市区町村コード": 202, "所在地": "長野県松本市梓川倭９１８－１", "緯度": 36.230961, "経度": 137.893169, "url": "https://www.iryou.teikyouseido.mhlw.go.jp/znk-web/juminkanja/S2430/initialize?prefCd=20&kikanCd=7202301940&kikanKbn=5", "url2": "http://www.towoshiya.co.jp/reg40.html", "内容": "梓川とをしや薬局【5:薬局】長野県松本市梓川倭９１８－１" }, "geometry": { "type": "Point", "coordinates": [ 137.893169, 36.230961 ] } },
{ "type": "Feature", "properties": { "ID": 2057202302010, "正式名称": "島内とをしや薬局", "機関区分": 5, "都道府県コード": 20, "市区町村コード": 202, "所在地": "長野県松本市島内１８４０－７", "緯度": 36.247317, "経度": 137.929125, "url": "https://www.iryou.teikyouseido.mhlw.go.jp/znk-web/juminkanja/S2430/initialize?prefCd=20&kikanCd=7202302010&kikanKbn=5", "url2": "https://store.welcia.co.jp/welcia/spot/detail?code=8432D", "内容": "島内とをしや薬局【5:薬局】長野県松本市島内１８４０－７" }, "geometry": { "type": "Point", "coordinates": [ 137.929125, 36.247317 ] } },
{ "type": "Feature", "properties": { "ID": 2057202302100, "正式名称": "松本村井とをしや薬局", "機関区分": 5, "都道府県コード": 20, "市区町村コード": 202, "所在地": "長野県松本市村井町西２丁目１７番３４号", "緯度": 36.17358, "経度": 137.953167, "url": "https://www.iryou.teikyouseido.mhlw.go.jp/znk-web/juminkanja/S2430/initialize?prefCd=20&kikanCd=7202302100&kikanKbn=5", "url2": "https://www.welcia-yakkyoku.co.jp", "内容": "松本村井とをしや薬局【5:薬局】長野県松本市村井町西２丁目１７番３４号" }, "geometry": { "type": "Point", "coordinates": [ 137.953167, 36.17358 ] } },
{ "type": "Feature", "properties": { "ID": 2057202302290, "正式名称": "平田とをしや薬局", "機関区分": 5, "都道府県コード": 20, "市区町村コード": 202, "所在地": "長野県松本市平田東２－１７－１３", "緯度": 36.194103, "経度": 137.965458, "url": "https://www.iryou.teikyouseido.mhlw.go.jp/znk-web/juminkanja/S2430/initialize?prefCd=20&kikanCd=7202302290&kikanKbn=5", "url2": "https://store.welcia.co.jp/welcia/spot/detail?code=8434D", "内容": "平田とをしや薬局【5:薬局】長野県松本市平田東２－１７－１３" }, "geometry": { "type": "Point", "coordinates": [ 137.965458, 36.194103 ] } },
{ "type": "Feature", "properties": { "ID": 2057202302380, "正式名称": "庄内とをしや薬局", "機関区分": 5, "都道府県コード": 20, "市区町村コード": 202, "所在地": "長野県松本市出川１－１４－１", "緯度": 36.218622, "経度": 137.976397, "url": "https://www.iryou.teikyouseido.mhlw.go.jp/znk-web/juminkanja/S2430/initialize?prefCd=20&kikanCd=7202302380&kikanKbn=5", "url2": "https://www.welcia-yakkyoku.co.jp/", "内容": "庄内とをしや薬局【5:薬局】長野県松本市出川１－１４－１" }, "geometry": { "type": "Point", "coordinates": [ 137.976397, 36.218622 ] } },
{ "type": "Feature", "properties": { "ID": 2057202302470, "正式名称": "松本寿とをしや薬局", "機関区分": 5, "都道府県コード": 20, "市区町村コード": 202, "所在地": "長野県松本市寿南１ー２５４ー１", "緯度": 36.17413, "経度": 137.96695, "url": "https://www.iryou.teikyouseido.mhlw.go.jp/znk-web/juminkanja/S2430/initialize?prefCd=20&kikanCd=7202302470&kikanKbn=5", "url2": "https://www.welcia-yakkyoku.co.jp", "内容": "松本寿とをしや薬局【5:薬局】長野県松本市寿南１ー２５４ー１" }, "geometry": { "type": "Point", "coordinates": [ 137.96695, 36.17413 ] } },
{ "type": "Feature", "properties": { "ID": 2057202302560, "正式名称": "蟻ケ崎とをしや薬局", "機関区分": 5, "都道府県コード": 20, "市区町村コード": 202, "所在地": "長野県松本市蟻ケ崎６丁目２３ー６", "緯度": 36.252047, "経度": 137.965245, "url": "https://www.iryou.teikyouseido.mhlw.go.jp/znk-web/juminkanja/S2430/initialize?prefCd=20&kikanCd=7202302560&kikanKbn=5", "url2": "http://www.towoshiya.com/", "内容": "蟻ケ崎とをしや薬局【5:薬局】長野県松本市蟻ケ崎６丁目２３ー６" }, "geometry": { "type": "Point", "coordinates": [ 137.965245, 36.252047 ] } },
{ "type": "Feature", "properties": { "ID": 2057202302650, "正式名称": "湯の原スズラン薬局", "機関区分": 5, "都道府県コード": 20, "市区町村コード": 202, "所在地": "長野県松本市里山辺１１５６―１", "緯度": 36.244828, "経度": 137.999099, "url": "https://www.iryou.teikyouseido.mhlw.go.jp/znk-web/juminkanja/S2430/initialize?prefCd=20&kikanCd=7202302650&kikanKbn=5", "url2": "https://www.yunoharasuzuran-pharmacy.com", "内容": "湯の原スズラン薬局【5:薬局】長野県松本市里山辺１１５６―１" }, "geometry": { "type": "Point", "coordinates": [ 137.999099, 36.244828 ] } },
{ "type": "Feature", "properties": { "ID": 2057202302740, "正式名称": "田多井薬局みなみ店", "機関区分": 5, "都道府県コード": 20, "市区町村コード": 202, "所在地": "長野県松本市小屋南１－１－６", "緯度": 36.182759, "経度": 137.958779, "url": "https://www.iryou.teikyouseido.mhlw.go.jp/znk-web/juminkanja/S2430/initialize?prefCd=20&kikanCd=7202302740&kikanKbn=5", "url2": "http://www.mcci.or.jp/www/tatai-pmc/", "内容": "田多井薬局みなみ店【5:薬局】長野県松本市小屋南１－１－６" }, "geometry": { "type": "Point", "coordinates": [ 137.958779, 36.182759 ] } },
{ "type": "Feature", "properties": { "ID": 2057202302830, "正式名称": "アイン薬局松本和田店", "機関区分": 5, "都道府県コード": 20, "市区町村コード": 202, "所在地": "長野県松本市和田１８４１－５", "緯度": 36.204262, "経度": 137.919076, "url": "https://www.iryou.teikyouseido.mhlw.go.jp/znk-web/juminkanja/S2430/initialize?prefCd=20&kikanCd=7202302830&kikanKbn=5", "url2": "https://store.ainj.co.jp/detail/1101314/", "内容": "アイン薬局松本和田店【5:薬局】長野県松本市和田１８４１－５" }, "geometry": { "type": "Point", "coordinates": [ 137.919076, 36.204262 ] } },
{ "type": "Feature", "properties": { "ID": 2057202303180, "正式名称": "平田みらい薬局", "機関区分": 5, "都道府県コード": 20, "市区町村コード": 202, "所在地": "長野県松本市小屋北１－１４－１９", "緯度": 36.187343, "経度": 137.960631, "url": "https://www.iryou.teikyouseido.mhlw.go.jp/znk-web/juminkanja/S2430/initialize?prefCd=20&kikanCd=7202303180&kikanKbn=5", "url2": "https://www.fmi-mirai.com/", "内容": "平田みらい薬局【5:薬局】長野県松本市小屋北１－１４－１９" }, "geometry": { "type": "Point", "coordinates": [ 137.960631, 36.187343 ] } },
{ "type": "Feature", "properties": { "ID": 2057202303360, "正式名称": "ウエルシア薬局松本渚店", "機関区分": 5, "都道府県コード": 20, "市区町村コード": 202, "所在地": "長野県松本市渚１丁目７－１", "緯度": 36.233392, "経度": 137.955281, "url": "https://www.iryou.teikyouseido.mhlw.go.jp/znk-web/juminkanja/S2430/initialize?prefCd=20&kikanCd=7202303360&kikanKbn=5", "url2": "'https://store.welcia.co.jp/welcia/spot/detail?code=8159D", "内容": "ウエルシア薬局松本渚店【5:薬局】長野県松本市渚１丁目７－１" }, "geometry": { "type": "Point", "coordinates": [ 137.955281, 36.233392 ] } },
{ "type": "Feature", "properties": { "ID": 2057202303450, "正式名称": "アメリカンドラッグ松本並柳薬局", "機関区分": 5, "都道府県コード": 20, "市区町村コード": 202, "所在地": "長野県松本市並柳１丁目１０番１８号", "緯度": 36.211703, "経度": 137.979231, "url": "https://www.iryou.teikyouseido.mhlw.go.jp/znk-web/juminkanja/S2430/initialize?prefCd=20&kikanCd=7202303450&kikanKbn=5", "url2": null, "内容": "アメリカンドラッグ松本並柳薬局【5:薬局】長野県松本市並柳１丁目１０番１８号" }, "geometry": { "type": "Point", "coordinates": [ 137.979231, 36.211703 ] } },
{ "type": "Feature", "properties": { "ID": 2057202303810, "正式名称": "ほんぽ薬局", "機関区分": 5, "都道府県コード": 20, "市区町村コード": 202, "所在地": "長野県松本市岡田下岡田６－１３", "緯度": 36.26432, "経度": 137.977161, "url": "https://www.iryou.teikyouseido.mhlw.go.jp/znk-web/juminkanja/S2430/initialize?prefCd=20&kikanCd=7202303810&kikanKbn=5", "url2": "https://okusuri-honpo.jp", "内容": "ほんぽ薬局【5:薬局】長野県松本市岡田下岡田６－１３" }, "geometry": { "type": "Point", "coordinates": [ 137.977161, 36.26432 ] } },
{ "type": "Feature", "properties": { "ID": 205721009440, "正式名称": "穂高とをしや薬局", "機関区分": 5, "都道府県コード": 20, "市区町村コード": 220, "所在地": "長野県安曇野市穂高４６４２－５", "緯度": 36.341038, "経度": 137.887992, "url": "https://www.iryou.teikyouseido.mhlw.go.jp/znk-web/juminkanja/S2430/initialize?prefCd=20&kikanCd=721009440&kikanKbn=5", "url2": null, "内容": "穂高とをしや薬局【5:薬局】長野県安曇野市穂高４６４２－５" }, "geometry": { "type": "Point", "coordinates": [ 137.887992, 36.341038 ] } }
]
}
