{
"type": "FeatureCollection",
"name": "geo_20_訪問介護",
"crs": { "type": "name", "properties": { "name": "urn:ogc:def:crs:OGC:1.3:CRS84" } },
"features": [
{ "type": "Feature", "properties": { "内容": "ヘルパーステーション　トレビオ【訪問介護】長野県長野市東後町36-3表参道大門ヒルズ3階", "url": "https://www.kaigokensaku.mhlw.go.jp/20/index.php?action_kouhyou_detail_004_kani=true&JigyosyoCd=2070105099-00&ServiceCd=110&Type=search", "url2": "https://www.famiglia.co.jp/" }, "geometry": { "type": "Point", "coordinates": [ 138.187990270497693, 36.654381844302215 ] } },
{ "type": "Feature", "properties": { "内容": "訪問介護ステーションぽかぽか家族【訪問介護】長野県中越1-5-11ぽかぽかスタイル", "url": "https://www.kaigokensaku.mhlw.go.jp/20/index.php?action_kouhyou_detail_004_kani=true&JigyosyoCd=2070106899-00&ServiceCd=110&Type=search", "url2": null }, "geometry": { "type": "Point", "coordinates": [ 138.221670499999959, 36.6588046 ] } },
{ "type": "Feature", "properties": { "内容": "スマイル訪問介護【訪問介護】長野県長野市稲里町中氷鉋627⁻2マリンハイツ102", "url": "https://www.kaigokensaku.mhlw.go.jp/20/index.php?action_kouhyou_detail_004_kani=true&JigyosyoCd=2070107947-00&ServiceCd=110&Type=search", "url2": "https://smilekaigo.info/index.html" }, "geometry": { "type": "Point", "coordinates": [ 138.1691228, 36.6090086 ] } },
{ "type": "Feature", "properties": { "内容": "ニチリン介護センター【訪問介護】長野県長野市大字長野西町１０４９番地", "url": "https://www.kaigokensaku.mhlw.go.jp/20/index.php?action_kouhyou_detail_004_kani=true&JigyosyoCd=2070103151-00&ServiceCd=110&Type=search", "url2": null }, "geometry": { "type": "Point", "coordinates": [ 138.186260700000048, 36.6553287 ] } },
{ "type": "Feature", "properties": { "内容": "オフィスケア訪問【訪問介護】長野県長野市若里一丁目4-24", "url": "https://www.kaigokensaku.mhlw.go.jp/20/index.php?action_kouhyou_detail_004_kani=true&JigyosyoCd=2070107954-00&ServiceCd=110&Type=search", "url2": null }, "geometry": { "type": "Point", "coordinates": [ 138.1843273, 36.636317 ] } },
{ "type": "Feature", "properties": { "内容": "訪問介護事業所ＫＵＫＵＮＡ【訪問介護】長野県長野市松城町松代149番地和光第2ビル2階北側", "url": "https://www.kaigokensaku.mhlw.go.jp/20/index.php?action_kouhyou_detail_004_kani=true&JigyosyoCd=2070107996-00&ServiceCd=110&Type=search", "url2": "http://www.kukuna-homecare.com/" }, "geometry": { "type": "Point", "coordinates": [ 138.200149289861685, 36.566204022984031 ] } },
{ "type": "Feature", "properties": { "内容": "ヘルパーステーション愛和【訪問介護】長野市大字鶴賀1044-2愛和病院", "url": "https://www.kaigokensaku.mhlw.go.jp/20/index.php?action_kouhyou_detail_004_kani=true&JigyosyoCd=2070107939-00&ServiceCd=110&Type=search", "url2": null }, "geometry": { "type": "Point", "coordinates": [ 138.1950304, 36.646261100000011 ] } },
{ "type": "Feature", "properties": { "内容": "多宝たねむら有限会社【訪問介護】長野県長野市三輪１丁目３番１１号", "url": "https://www.kaigokensaku.mhlw.go.jp/20/index.php?action_kouhyou_detail_004_kani=true&JigyosyoCd=2070102922-00&ServiceCd=110&Type=search", "url2": null }, "geometry": { "type": "Point", "coordinates": [ 138.203481, 36.6567459 ] } },
{ "type": "Feature", "properties": { "内容": "ニチイケアセンター安茂里【訪問介護】長野県長野市大字安茂里1015番地1イソノビル2F", "url": "https://www.kaigokensaku.mhlw.go.jp/20/index.php?action_kouhyou_detail_004_kani=true&JigyosyoCd=2070107269-00&ServiceCd=110&Type=search", "url2": null }, "geometry": { "type": "Point", "coordinates": [ 138.174339, 36.6395281 ] } },
{ "type": "Feature", "properties": { "内容": "ケアステーションおはな【訪問介護】長野県長野市篠ノ井布施高田1369-10", "url": "https://www.kaigokensaku.mhlw.go.jp/20/index.php?action_kouhyou_detail_004_kani=true&JigyosyoCd=2070106709-00&ServiceCd=110&Type=search", "url2": null }, "geometry": { "type": "Point", "coordinates": [ 138.1373764, 36.5795418 ] } },
{ "type": "Feature", "properties": { "内容": "ニチイケアセンター長野【訪問介護】長野県長野市檀田２－５－６", "url": "https://www.kaigokensaku.mhlw.go.jp/20/index.php?action_kouhyou_detail_004_kani=true&JigyosyoCd=2070100892-00&ServiceCd=110&Type=search", "url2": null }, "geometry": { "type": "Point", "coordinates": [ 138.2079895, 36.6781205 ] } },
{ "type": "Feature", "properties": { "内容": "訪問介護ＭＩＲＩＥ若槻【訪問介護】長野県長野市若槻東条１１７４番地２", "url": "https://www.kaigokensaku.mhlw.go.jp/20/index.php?action_kouhyou_detail_004_kani=true&JigyosyoCd=2070104944-00&ServiceCd=110&Type=search", "url2": "http://www.mirie-park.jp/" }, "geometry": { "type": "Point", "coordinates": [ 138.218872490737908, 36.686178261640563 ] } },
{ "type": "Feature", "properties": { "内容": "アイム在宅ケアセンター長野北【訪問介護】長野県長野市三輪８丁目51-36", "url": "https://www.kaigokensaku.mhlw.go.jp/20/index.php?action_kouhyou_detail_004_kani=true&JigyosyoCd=2070103763-00&ServiceCd=110&Type=search", "url2": "https://www.aim-nagano.com" }, "geometry": { "type": "Point", "coordinates": [ 138.203236599999968, 36.667122 ] } },
{ "type": "Feature", "properties": { "内容": "アイム在宅ケアセンター長野【訪問介護】長野県長野市川中島町今井1688-5", "url": "https://www.kaigokensaku.mhlw.go.jp/20/index.php?action_kouhyou_detail_004_kani=true&JigyosyoCd=2070103771-00&ServiceCd=110&Type=search", "url2": "https://www.aim-nagano.com" }, "geometry": { "type": "Point", "coordinates": [ 138.153534300549381, 36.595559382615015 ] } },
{ "type": "Feature", "properties": { "内容": "信州新町介護サービスセンター訪問介護事業所【訪問介護】長野県長野市信州新町新町17番地6", "url": "https://www.kaigokensaku.mhlw.go.jp/20/index.php?action_kouhyou_detail_004_kani=true&JigyosyoCd=2070104415-00&ServiceCd=110&Type=search", "url2": "http://www.csw-naganocity.or.jp/kaigo/homehelp.htm" }, "geometry": { "type": "Point", "coordinates": [ 138.017254, 36.5734858 ] } },
{ "type": "Feature", "properties": { "内容": "かがやき福祉センター長野【訪問介護】長野県長野市南長池761-3", "url": "https://www.kaigokensaku.mhlw.go.jp/20/index.php?action_kouhyou_detail_004_kani=true&JigyosyoCd=2070100413-00&ServiceCd=110&Type=search", "url2": "http://www.nagano-koureikyo.jp" }, "geometry": { "type": "Point", "coordinates": [ 138.228339271827707, 36.64390690395085 ] } },
{ "type": "Feature", "properties": { "内容": "アースサポート長野【訪問介護】長野県長野市中越1丁目2番27号", "url": "https://www.kaigokensaku.mhlw.go.jp/20/index.php?action_kouhyou_detail_004_kani=true&JigyosyoCd=2070102211-00&ServiceCd=110&Type=search", "url2": "http://www.earthsupport.co.jp/" }, "geometry": { "type": "Point", "coordinates": [ 138.218665150331816, 36.658355094584493 ] } },
{ "type": "Feature", "properties": { "内容": "長野医療生活協同組合　在宅総合ステーションながの【訪問介護】長野県長野市東鶴賀町１５４７－１９", "url": "https://www.kaigokensaku.mhlw.go.jp/20/index.php?action_kouhyou_detail_004_kani=true&JigyosyoCd=2070100041-00&ServiceCd=110&Type=search", "url2": "http://www.healthcoop-nagano.or.jp/" }, "geometry": { "type": "Point", "coordinates": [ 138.19652990000003, 36.651794400000014 ] } },
{ "type": "Feature", "properties": { "内容": "戸隠介護サービスセンター訪問介護事業所【訪問介護】長野県長野市戸隠豊岡1533-2番地戸隠介護サービスセンター", "url": "https://www.kaigokensaku.mhlw.go.jp/20/index.php?action_kouhyou_detail_004_kani=true&JigyosyoCd=2073400380-00&ServiceCd=110&Type=search", "url2": null }, "geometry": { "type": "Point", "coordinates": [ 138.088448192729146, 36.703009133477877 ] } },
{ "type": "Feature", "properties": { "内容": "株式会社ジェイハート訪問介護事業所【訪問介護】長野県長野市大字南堀477-1OSビルⅠ202号", "url": "https://www.kaigokensaku.mhlw.go.jp/20/index.php?action_kouhyou_detail_004_kani=true&JigyosyoCd=2070103193-00&ServiceCd=110&Type=search", "url2": "http://j-heart.life.coocan.jp/help.html" }, "geometry": { "type": "Point", "coordinates": [ 138.234604480231155, 36.666033180008974 ] } },
{ "type": "Feature", "properties": { "内容": "ヘルパーステーションとよの【訪問介護】長野県長野市豊野町豊野659-1", "url": "https://www.kaigokensaku.mhlw.go.jp/20/index.php?action_kouhyou_detail_004_kani=true&JigyosyoCd=2070106592-00&ServiceCd=110&Type=search", "url2": "https://www.san-ikukai.or.jp" }, "geometry": { "type": "Point", "coordinates": [ 138.283304700000031, 36.711397700000013 ] } },
{ "type": "Feature", "properties": { "内容": "医心館訪問介護ステーション長野【訪問介護】長野県長野市大字稲葉916-1", "url": "https://www.kaigokensaku.mhlw.go.jp/20/index.php?action_kouhyou_detail_004_kani=true&JigyosyoCd=2070107491-00&ServiceCd=110&Type=search", "url2": null }, "geometry": { "type": "Point", "coordinates": [ 138.212198699999988, 36.6284872 ] } },
{ "type": "Feature", "properties": { "内容": "ヘルパーステーションむすびの森【訪問介護】長野県長野市篠ノ井布施五明3428番地", "url": "https://www.kaigokensaku.mhlw.go.jp/20/index.php?action_kouhyou_detail_004_kani=true&JigyosyoCd=2070107756-00&ServiceCd=110&Type=search", "url2": "http://musubi-houmon.ikeda-kk.com/" }, "geometry": { "type": "Point", "coordinates": [ 138.1290689, 36.5791047 ] } },
{ "type": "Feature", "properties": { "内容": "ニチイケアセンター高田【訪問介護】長野県長野市高田1031番地1", "url": "https://www.kaigokensaku.mhlw.go.jp/20/index.php?action_kouhyou_detail_004_kani=true&JigyosyoCd=2070101049-00&ServiceCd=110&Type=search", "url2": "http://www.nichiigakkan.co.jp/service/care/home/homecare.html" }, "geometry": { "type": "Point", "coordinates": [ 138.2028838, 36.6416733 ] } },
{ "type": "Feature", "properties": { "内容": "訪問介護ステーションあすか【訪問介護】長野県長野市南堀633", "url": "https://www.kaigokensaku.mhlw.go.jp/20/index.php?action_kouhyou_detail_004_kani=true&JigyosyoCd=2070105743-00&ServiceCd=110&Type=search", "url2": null }, "geometry": { "type": "Point", "coordinates": [ 138.23518625811198, 36.666794165158194 ] } },
{ "type": "Feature", "properties": { "内容": "ニチイケアセンター長野若里【訪問介護】長野県長野市若里６－１－６ベルウィング1F1号", "url": "https://www.kaigokensaku.mhlw.go.jp/20/index.php?action_kouhyou_detail_004_kani=true&JigyosyoCd=2070104159-00&ServiceCd=110&Type=search", "url2": null }, "geometry": { "type": "Point", "coordinates": [ 138.191238200000043, 36.6276107 ] } },
{ "type": "Feature", "properties": { "内容": "特定非営利法人　介護サービス・しおざき【訪問介護】長野県長野市篠ノ井塩崎3591番地", "url": "https://www.kaigokensaku.mhlw.go.jp/20/index.php?action_kouhyou_detail_004_kani=true&JigyosyoCd=2070106410-00&ServiceCd=110&Type=search", "url2": null }, "geometry": { "type": "Point", "coordinates": [ 138.111855399999939, 36.550066500000014 ] } },
{ "type": "Feature", "properties": { "内容": "ヘルパーセンター　レインボー【訪問介護】長野県長野市大字吉1827-1", "url": "https://www.kaigokensaku.mhlw.go.jp/20/index.php?action_kouhyou_detail_004_kani=true&JigyosyoCd=2070101718-00&ServiceCd=110&Type=search", "url2": "harmony-rainbou.main.jp" }, "geometry": { "type": "Point", "coordinates": [ 138.240767799999958, 36.6992835 ] } },
{ "type": "Feature", "properties": { "内容": "アップルケア【訪問介護】長野県長野市松代町西寺尾字上高相1047-1", "url": "https://www.kaigokensaku.mhlw.go.jp/20/index.php?action_kouhyou_detail_004_kani=true&JigyosyoCd=2070101742-00&ServiceCd=110&Type=search", "url2": null }, "geometry": { "type": "Point", "coordinates": [ 138.196649532015954, 36.568850477183325 ] } },
{ "type": "Feature", "properties": { "内容": "篠ノ井介護サービスセンター訪問介護事業所【訪問介護】長野県長野市篠ノ井小森587-1", "url": "https://www.kaigokensaku.mhlw.go.jp/20/index.php?action_kouhyou_detail_004_kani=true&JigyosyoCd=2070101916-00&ServiceCd=110&Type=search", "url2": "http://www.csw-naganocity.or.jp/kaigo/homehelp.htm" }, "geometry": { "type": "Point", "coordinates": [ 138.158682499999941, 36.5754289 ] } },
{ "type": "Feature", "properties": { "内容": "ニチイケアセンター長野北【訪問介護】長野県長野市稲田３－２２－１７", "url": "https://www.kaigokensaku.mhlw.go.jp/20/index.php?action_kouhyou_detail_004_kani=true&JigyosyoCd=2070104142-00&ServiceCd=110&Type=search", "url2": null }, "geometry": { "type": "Point", "coordinates": [ 138.230586200000062, 36.6743885 ] } },
{ "type": "Feature", "properties": { "内容": "訪問介護セカンド・ライフ【訪問介護】長野県長野市大字安茂里3601-1西", "url": "https://www.kaigokensaku.mhlw.go.jp/20/index.php?action_kouhyou_detail_004_kani=true&JigyosyoCd=2070106683-00&ServiceCd=110&Type=search", "url2": null }, "geometry": { "type": "Point", "coordinates": [ 138.160591215258819, 36.631015512475606 ] } },
{ "type": "Feature", "properties": { "内容": "ヒューマンネットながの長野ステーション【訪問介護】長野県長野市鶴賀七瀬中町２１１番地－１５ゆたかフレンズ２階", "url": "https://www.kaigokensaku.mhlw.go.jp/20/index.php?action_kouhyou_detail_004_kani=true&JigyosyoCd=2070103540-00&ServiceCd=110&Type=search", "url2": "http://w2.avis.ne.jp/~hynet/" }, "geometry": { "type": "Point", "coordinates": [ 138.196231799999964, 36.6472887 ] } },
{ "type": "Feature", "properties": { "内容": "あさひ訪問介護センター【訪問介護】長野県長野市若里４丁目15－18しなのビル3F", "url": "https://www.kaigokensaku.mhlw.go.jp/20/index.php?action_kouhyou_detail_004_kani=true&JigyosyoCd=2070100264-00&ServiceCd=110&Type=search", "url2": "http://www.asahi-fukusi.jp/" }, "geometry": { "type": "Point", "coordinates": [ 138.186199040536536, 36.628746745713634 ] } },
{ "type": "Feature", "properties": { "内容": "アップルケアみなみながの【訪問介護】長野県長野市篠ノ井東福寺字上庭1405-1", "url": "https://www.kaigokensaku.mhlw.go.jp/20/index.php?action_kouhyou_detail_004_kani=true&JigyosyoCd=2070105230-00&ServiceCd=110&Type=search", "url2": null }, "geometry": { "type": "Point", "coordinates": [ 138.178807808737247, 36.583301450004889 ] } },
{ "type": "Feature", "properties": { "内容": "訪問介護センター　光和【訪問介護】長野県長野市三輪1317-10", "url": "https://www.kaigokensaku.mhlw.go.jp/20/index.php?action_kouhyou_detail_004_kani=true&JigyosyoCd=2070107053-00&ServiceCd=110&Type=search", "url2": "http://kowa-fukushi.or.jp/" }, "geometry": { "type": "Point", "coordinates": [ 138.192512901852382, 36.655253721691487 ] } },
{ "type": "Feature", "properties": { "内容": "ヘルパーステーションコスモス【訪問介護】長野県長野市小島田町４４９番地", "url": "https://www.kaigokensaku.mhlw.go.jp/20/index.php?action_kouhyou_detail_004_kani=true&JigyosyoCd=2070100900-00&ServiceCd=110&Type=search", "url2": "http://www.cosmosnet.or.jp/file/helper.html" }, "geometry": { "type": "Point", "coordinates": [ 138.180415969836417, 36.595989791914761 ] } },
{ "type": "Feature", "properties": { "内容": "ウェルネスライフ北長野【訪問介護】長野県長野市稲田3-33-18", "url": "https://www.kaigokensaku.mhlw.go.jp/20/index.php?action_kouhyou_detail_004_kani=true&JigyosyoCd=2070107665-00&ServiceCd=110&Type=search", "url2": "https://wellnesslife.info/" }, "geometry": { "type": "Point", "coordinates": [ 138.2349677, 36.665938 ] } },
{ "type": "Feature", "properties": { "内容": "アムール長野ヘルパーステーション【訪問介護】長野県長野市大字栗田1568", "url": "https://www.kaigokensaku.mhlw.go.jp/20/index.php?action_kouhyou_detail_004_kani=true&JigyosyoCd=2070106303-00&ServiceCd=110&Type=search", "url2": null }, "geometry": { "type": "Point", "coordinates": [ 138.187440268143263, 36.639464897836845 ] } },
{ "type": "Feature", "properties": { "内容": "ニチイケアセンターとよの【訪問介護】長野県長野市豊野町蟹沢2857番地　ステラ101", "url": "https://www.kaigokensaku.mhlw.go.jp/20/index.php?action_kouhyou_detail_004_kani=true&JigyosyoCd=2070107251-00&ServiceCd=110&Type=search", "url2": null }, "geometry": { "type": "Point", "coordinates": [ 138.3053337, 36.7227967 ] } },
{ "type": "Feature", "properties": { "内容": "さくらえちょう敬老園ヘルパーステーション【訪問介護】長野県長野市桜枝町823-1ハートネットさくらえちょう2F", "url": "https://www.kaigokensaku.mhlw.go.jp/20/index.php?action_kouhyou_detail_004_kani=true&JigyosyoCd=2070106253-00&ServiceCd=110&Type=search", "url2": "http://www.keiroen.or.jp/keiroen/index.shtml" }, "geometry": { "type": "Point", "coordinates": [ 138.184863700000051, 36.6588782 ] } },
{ "type": "Feature", "properties": { "内容": "ヘルパーステーションあゆみ【訪問介護】長野県長野市大字風間1100-415", "url": "https://www.kaigokensaku.mhlw.go.jp/20/index.php?action_kouhyou_detail_004_kani=true&JigyosyoCd=2070107004-00&ServiceCd=110&Type=search", "url2": "https://www.ayumi2798.jp/" }, "geometry": { "type": "Point", "coordinates": [ 138.217701499999947, 36.6340754 ] } },
{ "type": "Feature", "properties": { "内容": "ニチイケアセンターまつしろ【訪問介護】長野県長野市松代町西条３７６４－３中島ハイツＣ棟２Ｆ", "url": "https://www.kaigokensaku.mhlw.go.jp/20/index.php?action_kouhyou_detail_004_kani=true&JigyosyoCd=2070107277-00&ServiceCd=110&Type=search", "url2": null }, "geometry": { "type": "Point", "coordinates": [ 138.1993843, 36.5528292 ] } },
{ "type": "Feature", "properties": { "内容": "Prime’ケアステーション【訪問介護】長野県長野市南堀32-1", "url": "https://www.kaigokensaku.mhlw.go.jp/20/index.php?action_kouhyou_detail_004_kani=true&JigyosyoCd=2070108044-00&ServiceCd=110&Type=search", "url2": null }, "geometry": { "type": "Point", "coordinates": [ 138.2470887, 36.6601355 ] } },
{ "type": "Feature", "properties": { "内容": "指定訪問介護事業所おたすけ・ぴあっと【訪問介護】長野県長野市高田川端西沖９４１－５", "url": "https://www.kaigokensaku.mhlw.go.jp/20/index.php?action_kouhyou_detail_004_kani=true&JigyosyoCd=2070104324-00&ServiceCd=110&Type=search", "url2": "https://mystep.rulez.jp/" }, "geometry": { "type": "Point", "coordinates": [ 138.204994593254128, 36.643175366110469 ] } },
{ "type": "Feature", "properties": { "内容": "ニチイケアセンター篠ノ井【訪問介護】長野県長野市篠ノ井御幣川１２３２-１", "url": "https://www.kaigokensaku.mhlw.go.jp/20/index.php?action_kouhyou_detail_004_kani=true&JigyosyoCd=2070100926-00&ServiceCd=110&Type=search", "url2": "http://www.nichiigakkan.co.jp/service/care/home/homecare.html" }, "geometry": { "type": "Point", "coordinates": [ 138.1414039, 36.5756062 ] } },
{ "type": "Feature", "properties": { "内容": "ユーネットワークそりめ【訪問介護】長野県長野市三輪2-2-29", "url": "https://www.kaigokensaku.mhlw.go.jp/20/index.php?action_kouhyou_detail_004_kani=true&JigyosyoCd=2070103904-00&ServiceCd=110&Type=search", "url2": "https://www.younetwork.co.jp" }, "geometry": { "type": "Point", "coordinates": [ 138.211075759588653, 36.66028099963075 ] } },
{ "type": "Feature", "properties": { "内容": "指定訪問介護事業所介護屋【訪問介護】長野県長野市伊勢宮２丁目21-18", "url": "https://www.kaigokensaku.mhlw.go.jp/20/index.php?action_kouhyou_detail_004_kani=true&JigyosyoCd=2070101155-00&ServiceCd=110&Type=search", "url2": null }, "geometry": { "type": "Point", "coordinates": [ 138.17166229999998, 36.629232 ] } },
{ "type": "Feature", "properties": { "内容": "えにし長野事業所【訪問介護】長野県長野市大字鶴賀権堂町2215-3大通りエムティビル201", "url": "https://www.kaigokensaku.mhlw.go.jp/20/index.php?action_kouhyou_detail_004_kani=true&JigyosyoCd=2070101080-00&ServiceCd=110&Type=search", "url2": "https://www.enishi-web.com" }, "geometry": { "type": "Point", "coordinates": [ 138.192081599999938, 36.6521151 ] } },
{ "type": "Feature", "properties": { "内容": "ヘルパーステーションコスモスプラネットあもり【訪問介護】長野県長野市安茂里5095-1", "url": "https://www.kaigokensaku.mhlw.go.jp/20/index.php?action_kouhyou_detail_004_kani=true&JigyosyoCd=2070106402-00&ServiceCd=110&Type=search", "url2": "http://cosmosnet.or.jp/" }, "geometry": { "type": "Point", "coordinates": [ 138.158465288360617, 36.627947571254523 ] } },
{ "type": "Feature", "properties": { "内容": "ウェルネスライフ川中島【訪問介護】長野県長野市川中島町上氷鉋1119-10", "url": "https://www.kaigokensaku.mhlw.go.jp/20/index.php?action_kouhyou_detail_004_kani=true&JigyosyoCd=2070102401-00&ServiceCd=110&Type=search", "url2": null }, "geometry": { "type": "Point", "coordinates": [ 138.160563799999977, 36.6108783 ] } },
{ "type": "Feature", "properties": { "内容": "コープながの福祉センター長野北ホームヘルプステーション【訪問介護】長野県長野市檀田2丁目6番22号", "url": "https://www.kaigokensaku.mhlw.go.jp/20/index.php?action_kouhyou_detail_004_kani=true&JigyosyoCd=2070106816-00&ServiceCd=110&Type=search", "url2": "http://nagano.coopnet.jp/" }, "geometry": { "type": "Point", "coordinates": [ 138.20797749999997, 36.6792011 ] } },
{ "type": "Feature", "properties": { "内容": "アクア長野訪問介護【訪問介護】長野県長野市西和田1丁目24番16号アクアホーム長野西和田", "url": "https://www.kaigokensaku.mhlw.go.jp/20/index.php?action_kouhyou_detail_004_kani=true&JigyosyoCd=2070108036-00&ServiceCd=110&Type=search", "url2": null }, "geometry": { "type": "Point", "coordinates": [ 138.218734040475454, 36.652665931391866 ] } },
{ "type": "Feature", "properties": { "内容": "東長野介護サービスセンター訪問介護事業所【訪問介護】長野県長野市吉田5丁目9-26", "url": "https://www.kaigokensaku.mhlw.go.jp/20/index.php?action_kouhyou_detail_004_kani=true&JigyosyoCd=2070101973-00&ServiceCd=110&Type=search", "url2": "http://www.csw-naganocity.or.jp/kaigo/homehelp.htm" }, "geometry": { "type": "Point", "coordinates": [ 138.231100842327919, 36.663293769554365 ] } },
{ "type": "Feature", "properties": { "内容": "ニチイケアセンターこうとく【訪問介護】長野県長野市篠ノ井東福寺１３１４－４", "url": "https://www.kaigokensaku.mhlw.go.jp/20/index.php?action_kouhyou_detail_004_kani=true&JigyosyoCd=2070104134-00&ServiceCd=110&Type=search", "url2": "http://www.nichiigakkan.co.jp/service/care/home/day.html" }, "geometry": { "type": "Point", "coordinates": [ 138.1751246, 36.5853424 ] } },
{ "type": "Feature", "properties": { "内容": "ニチイケアセンターまめじま【訪問介護】長野県長野市大豆島５１９０番地", "url": "https://www.kaigokensaku.mhlw.go.jp/20/index.php?action_kouhyou_detail_004_kani=true&JigyosyoCd=2070101775-00&ServiceCd=110&Type=search", "url2": "http://www.nichiigakkan.co.jp/service/care/home/homecare.html" }, "geometry": { "type": "Point", "coordinates": [ 138.237165299999987, 36.6280407 ] } },
{ "type": "Feature", "properties": { "内容": "コープながの福祉センター長野南ホームヘルプステーション【訪問介護】長野県長野市篠ノ井御幣川６６８", "url": "https://www.kaigokensaku.mhlw.go.jp/20/index.php?action_kouhyou_detail_004_kani=true&JigyosyoCd=2070100306-00&ServiceCd=110&Type=search", "url2": "http://nagano.coopnet.jp/" }, "geometry": { "type": "Point", "coordinates": [ 138.141582200000016, 36.5655766 ] } },
{ "type": "Feature", "properties": { "内容": "ニチイケアセンター中越【訪問介護】長野県長野市中越1丁目6番27号", "url": "https://www.kaigokensaku.mhlw.go.jp/20/index.php?action_kouhyou_detail_004_kani=true&JigyosyoCd=2070104175-00&ServiceCd=110&Type=search", "url2": "http://www.nichiigakkan.co.jp" }, "geometry": { "type": "Point", "coordinates": [ 138.2229314, 36.6587935 ] } },
{ "type": "Feature", "properties": { "内容": "ケアステーションさくら【訪問介護】長野県長野市稲田1-42-2ケアステーションさくら", "url": "https://www.kaigokensaku.mhlw.go.jp/20/index.php?action_kouhyou_detail_004_kani=true&JigyosyoCd=2070105511-00&ServiceCd=110&Type=search", "url2": null }, "geometry": { "type": "Point", "coordinates": [ 138.214304559367548, 36.675954329742829 ] } },
{ "type": "Feature", "properties": { "内容": "アズヘルパーステーション【訪問介護】長野県長野市柳町1-2小池ビル1-A", "url": "https://www.kaigokensaku.mhlw.go.jp/20/index.php?action_kouhyou_detail_004_kani=true&JigyosyoCd=2070107640-00&ServiceCd=110&Type=search", "url2": "https://kaigo-az.co.jp/ic/" }, "geometry": { "type": "Point", "coordinates": [ 138.197442, 36.6540616 ] } },
{ "type": "Feature", "properties": { "内容": "訪問介護ファミール三輪【訪問介護】長野県長野市三輪8丁目32-3", "url": "https://www.kaigokensaku.mhlw.go.jp/20/index.php?action_kouhyou_detail_004_kani=true&JigyosyoCd=2070107426-00&ServiceCd=110&Type=search", "url2": "https://www.6sense.jp/?page_id=305" }, "geometry": { "type": "Point", "coordinates": [ 138.202838, 36.6645537 ] } },
{ "type": "Feature", "properties": { "内容": "しなのよしだ敬老園ヘルパーステーション【訪問介護】長野県長野市吉田3丁目9-19", "url": "https://www.kaigokensaku.mhlw.go.jp/20/index.php?action_kouhyou_detail_004_kani=true&JigyosyoCd=2070103755-00&ServiceCd=110&Type=search", "url2": "http://www.keiroen.or.jp/keiroen/html/home-helper.htm" }, "geometry": { "type": "Point", "coordinates": [ 138.220934400000033, 36.6677613 ] } },
{ "type": "Feature", "properties": { "内容": "やさしい手長野栗田訪問介護事業所【訪問介護】長野県長野市大字栗田904-1シニアリビングやさしえ長野栗田", "url": "https://www.kaigokensaku.mhlw.go.jp/20/index.php?action_kouhyou_detail_004_kani=true&JigyosyoCd=2070107475-00&ServiceCd=110&Type=search", "url2": "https://search.yasashiite.com/detail/yasacie_naganokurita/" }, "geometry": { "type": "Point", "coordinates": [ 138.196432, 36.6389217 ] } },
{ "type": "Feature", "properties": { "内容": "ヘルパーステーションエマオ【訪問介護】長野市篠ノ井小森７５１番地の１（ケアハウスエマオ）", "url": "https://www.kaigokensaku.mhlw.go.jp/20/index.php?action_kouhyou_detail_004_kani=true&JigyosyoCd=2070100314-00&ServiceCd=110&Type=search", "url2": "http://www.avis.ne.jp/~j-koyama/" }, "geometry": { "type": "Point", "coordinates": [ 138.156860599999959, 36.5722375 ] } },
{ "type": "Feature", "properties": { "内容": "訪問介護事業所あゆ【訪問介護】長野県長野市大字大豆島1655番地3", "url": "https://www.kaigokensaku.mhlw.go.jp/20/index.php?action_kouhyou_detail_004_kani=true&JigyosyoCd=2070107608-00&ServiceCd=110&Type=search", "url2": null }, "geometry": { "type": "Point", "coordinates": [ 138.23591837674789, 36.630689656090688 ] } },
{ "type": "Feature", "properties": { "内容": "訪問介護事業所　いろは【訪問介護】長野県長野市松代温泉７５番１", "url": "https://www.kaigokensaku.mhlw.go.jp/20/index.php?action_kouhyou_detail_004_kani=true&JigyosyoCd=2070107905-00&ServiceCd=110&Type=search", "url2": "http://kaigo585043852.wordpress.com" }, "geometry": { "type": "Point", "coordinates": [ 138.2103696, 36.5737455 ] } },
{ "type": "Feature", "properties": { "内容": "ヘルパーステーションフォーエバーケア田園【訪問介護】長野県長野市西尾張部1026-1サービス付き高齢者向け住宅フォーエバーケア田園", "url": "https://www.kaigokensaku.mhlw.go.jp/20/index.php?action_kouhyou_detail_004_kani=true&JigyosyoCd=2070106568-00&ServiceCd=110&Type=search", "url2": "http://forever-care.jp" }, "geometry": { "type": "Point", "coordinates": [ 138.225887816532861, 36.648740688732239 ] } },
{ "type": "Feature", "properties": { "内容": "アシスト訪問介護事業所【訪問介護】長野県長野市大字栗田653-96ハイツ山田1階Ｃ号室", "url": "https://www.kaigokensaku.mhlw.go.jp/20/index.php?action_kouhyou_detail_004_kani=true&JigyosyoCd=2070106998-00&ServiceCd=110&Type=search", "url2": null }, "geometry": { "type": "Point", "coordinates": [ 138.198976, 36.6397679 ] } },
{ "type": "Feature", "properties": { "内容": "ヘルパー・ステーション・エール【訪問介護】長野県長野市若里５－１０－４８若里信越ビル２０２号室", "url": "https://www.kaigokensaku.mhlw.go.jp/20/index.php?action_kouhyou_detail_004_kani=true&JigyosyoCd=2070100819-00&ServiceCd=110&Type=search", "url2": null }, "geometry": { "type": "Point", "coordinates": [ 138.184780600000067, 36.6267633 ] } },
{ "type": "Feature", "properties": { "内容": "訪問介護だいち【訪問介護】長野県長野市柳原2283-1ハイムあっぷるアベニュー101号", "url": "https://www.kaigokensaku.mhlw.go.jp/20/index.php?action_kouhyou_detail_004_kani=true&JigyosyoCd=2070106717-00&ServiceCd=110&Type=search", "url2": null }, "geometry": { "type": "Point", "coordinates": [ 138.260574899999938, 36.6650131 ] } },
{ "type": "Feature", "properties": { "内容": "すずらん【訪問介護】長野県長野市高田五分一520-1", "url": "https://www.kaigokensaku.mhlw.go.jp/20/index.php?action_kouhyou_detail_004_kani=true&JigyosyoCd=2070107293-00&ServiceCd=110&Type=search", "url2": null }, "geometry": { "type": "Point", "coordinates": [ 138.215266789564964, 36.647866627412085 ] } },
{ "type": "Feature", "properties": { "内容": "長野高田訪問介護事業所【訪問介護】長野県長野市大字高田65-1グランドマストやさしえ長野", "url": "https://www.kaigokensaku.mhlw.go.jp/20/index.php?action_kouhyou_detail_004_kani=true&JigyosyoCd=2070106196-00&ServiceCd=110&Type=search", "url2": "https://search.yasashiite.com/detail/homonkaigo_naganotakada/" }, "geometry": { "type": "Point", "coordinates": [ 138.20539740000001, 36.6516107 ] } },
{ "type": "Feature", "properties": { "内容": "ニチイケアセンター稲里【訪問介護】長野県長野市稲里町中央1-6-7", "url": "https://www.kaigokensaku.mhlw.go.jp/20/index.php?action_kouhyou_detail_004_kani=true&JigyosyoCd=2070101148-00&ServiceCd=110&Type=search", "url2": "http://www.nichiigakkan.co.jp/" }, "geometry": { "type": "Point", "coordinates": [ 138.1736684, 36.6042017 ] } },
{ "type": "Feature", "properties": { "内容": "訪問介護ステーション　一言一笑【訪問介護】長野県長野市大字稲葉39-1　東側", "url": "https://www.kaigokensaku.mhlw.go.jp/20/index.php?action_kouhyou_detail_004_kani=true&JigyosyoCd=2070107806-00&ServiceCd=110&Type=search", "url2": null }, "geometry": { "type": "Point", "coordinates": [ 138.197831323942552, 36.631806491423688 ] } },
{ "type": "Feature", "properties": { "内容": "訪問介護　晴ればれ【訪問介護】長野県長野市篠ノ井塩崎4645", "url": "https://www.kaigokensaku.mhlw.go.jp/20/index.php?action_kouhyou_detail_004_kani=true&JigyosyoCd=2070106626-00&ServiceCd=110&Type=search", "url2": "ｎｃａｒｅ－ｓｈｉｏｚａｋｉ．ｃｏ．ｊｐ" }, "geometry": { "type": "Point", "coordinates": [ 138.107307663893124, 36.559071275363856 ] } },
{ "type": "Feature", "properties": { "内容": "安茂里介護サービスセンター訪問介護事業所【訪問介護】長野県長野市大字安茂里1775番地安茂里老人福祉センター", "url": "https://www.kaigokensaku.mhlw.go.jp/20/index.php?action_kouhyou_detail_004_kani=true&JigyosyoCd=2070101957-00&ServiceCd=110&Type=search", "url2": "http://www.csw-naganocity.or.jp/kaigo/homehelp.htm" }, "geometry": { "type": "Point", "coordinates": [ 138.172133828836081, 36.637257136550495 ] } },
{ "type": "Feature", "properties": { "内容": "訪問介護ステーションフィオーレ【訪問介護】長野県長野市大字稲葉日詰1988-1", "url": "https://www.kaigokensaku.mhlw.go.jp/20/index.php?action_kouhyou_detail_004_kani=true&JigyosyoCd=2070105917-00&ServiceCd=110&Type=search", "url2": "www.fioer-welfare.jp" }, "geometry": { "type": "Point", "coordinates": [ 138.211065404476926, 36.633919611727215 ] } },
{ "type": "Feature", "properties": { "内容": "訪問介護ステーション白之介【訪問介護】長野県長野市西長野往生地1176-12アップルタウン往生地108", "url": "https://www.kaigokensaku.mhlw.go.jp/20/index.php?action_kouhyou_detail_004_kani=true&JigyosyoCd=2070107459-00&ServiceCd=110&Type=search", "url2": "https://www.prayjaiminesunlove.com/" }, "geometry": { "type": "Point", "coordinates": [ 138.1765667, 36.6651127 ] } },
{ "type": "Feature", "properties": { "内容": "まじょの介護便訪問介護事業所【訪問介護】長野県長野市川中島町原５７５番地１", "url": "https://www.kaigokensaku.mhlw.go.jp/20/index.php?action_kouhyou_detail_004_kani=true&JigyosyoCd=2070105958-00&ServiceCd=110&Type=search", "url2": null }, "geometry": { "type": "Point", "coordinates": [ 138.1510439, 36.5853334 ] } },
{ "type": "Feature", "properties": { "内容": "ケアネット信州【訪問介護】松本市桐１丁目５番３５号２階", "url": "https://www.kaigokensaku.mhlw.go.jp/20/index.php?action_kouhyou_detail_004_kani=true&JigyosyoCd=2070201351-00&ServiceCd=110&Type=search", "url2": "http://yakushin.ptu.jp/carenet/index.htm" }, "geometry": { "type": "Point", "coordinates": [ 137.973679444180334, 36.249621419132595 ] } },
{ "type": "Feature", "properties": { "内容": "訪問介護事業所　良心【訪問介護】長野県松本市井川城2-3-20-2", "url": "https://www.kaigokensaku.mhlw.go.jp/20/index.php?action_kouhyou_detail_004_kani=true&JigyosyoCd=2070204199-00&ServiceCd=110&Type=search", "url2": null }, "geometry": { "type": "Point", "coordinates": [ 137.967454300000014, 36.2214841 ] } },
{ "type": "Feature", "properties": { "内容": "ヘルパーステーションふれあい【訪問介護】長野県松本市大字島立５９－１有料老人ホームふれあい荒井荘内", "url": "https://www.kaigokensaku.mhlw.go.jp/20/index.php?action_kouhyou_detail_004_kani=true&JigyosyoCd=2070202672-00&ServiceCd=110&Type=search", "url2": "http://www.takasawatsusho.co.jp/" }, "geometry": { "type": "Point", "coordinates": [ 137.949276507934513, 36.228897163633278 ] } },
{ "type": "Feature", "properties": { "内容": "訪問介護ＣＯＮ【訪問介護】長野県松本市笹部２丁目10-23モルトクリエンテビル西３", "url": "https://www.kaigokensaku.mhlw.go.jp/20/index.php?action_kouhyou_detail_004_kani=true&JigyosyoCd=2070204470-00&ServiceCd=110&Type=search", "url2": null }, "geometry": { "type": "Point", "coordinates": [ 137.9485515, 36.2125451 ] } },
{ "type": "Feature", "properties": { "内容": "アクア松本寿北訪問介護【訪問介護】長野県松本市寿北5丁目1番9号", "url": "https://www.kaigokensaku.mhlw.go.jp/20/index.php?action_kouhyou_detail_004_kani=true&JigyosyoCd=2070204496-00&ServiceCd=110&Type=search", "url2": "https://www.aquagroup-kaigo.co.jp/" }, "geometry": { "type": "Point", "coordinates": [ 137.980751, 36.2034124 ] } },
{ "type": "Feature", "properties": { "内容": "訪問介護事業所繋ぐ手【訪問介護】長野県松本市白板1‐6‐16白板ハイム１０２号室", "url": "https://www.kaigokensaku.mhlw.go.jp/20/index.php?action_kouhyou_detail_004_kani=true&JigyosyoCd=2070204538-00&ServiceCd=110&Type=search", "url2": "http:www.tu7gute.com/" }, "geometry": { "type": "Point", "coordinates": [ 137.959758775463143, 36.236245968922979 ] } },
{ "type": "Feature", "properties": { "内容": "ドット365松本（訪問介護）【訪問介護】長野県松本市中条2-20マンションロワールモモセ501", "url": "https://www.kaigokensaku.mhlw.go.jp/20/index.php?action_kouhyou_detail_004_kani=true&JigyosyoCd=2070204504-00&ServiceCd=110&Type=search", "url2": "https://www.dotline-jp.com/" }, "geometry": { "type": "Point", "coordinates": [ 137.96260860000001, 36.2276089 ] } },
{ "type": "Feature", "properties": { "内容": "ニチイケアセンター松本もとまち【訪問介護】長野県松本市元町２丁目６番８号パピリオ元町５号室", "url": "https://www.kaigokensaku.mhlw.go.jp/20/index.php?action_kouhyou_detail_004_kani=true&JigyosyoCd=2070204140-00&ServiceCd=110&Type=search", "url2": "hstAM6＠nichiigakkan.co.jp" }, "geometry": { "type": "Point", "coordinates": [ 137.981312, 36.2443514 ] } },
{ "type": "Feature", "properties": { "内容": "ニチイケアセンター松本波田【訪問介護】長野県松本市波田1527-39", "url": "https://www.kaigokensaku.mhlw.go.jp/20/index.php?action_kouhyou_detail_004_kani=true&JigyosyoCd=2070201245-00&ServiceCd=110&Type=search", "url2": "http://www.nichiigakkan.co.jp/service/care/home/homecare.html" }, "geometry": { "type": "Point", "coordinates": [ 137.8746372, 36.203783200000011 ] } },
{ "type": "Feature", "properties": { "内容": "株式会社テイクアイ【訪問介護】長野県松本市島立3324-1", "url": "https://www.kaigokensaku.mhlw.go.jp/20/index.php?action_kouhyou_detail_004_kani=true&JigyosyoCd=2070202433-00&ServiceCd=110&Type=search", "url2": null }, "geometry": { "type": "Point", "coordinates": [ 137.944084553195097, 36.221589305738242 ] } },
{ "type": "Feature", "properties": { "内容": "訪問介護おひさま松原台【訪問介護】長野県松本市松原41-11", "url": "https://www.kaigokensaku.mhlw.go.jp/20/index.php?action_kouhyou_detail_004_kani=true&JigyosyoCd=2070202987-00&ServiceCd=110&Type=search", "url2": "https://ohi-sama.co.jp/" }, "geometry": { "type": "Point", "coordinates": [ 137.987574498776695, 36.176842221759713 ] } },
{ "type": "Feature", "properties": { "内容": "ヘルパーステーションあがた【訪問介護】長野県松本市県二丁目4番地7号三沢医院併設", "url": "https://www.kaigokensaku.mhlw.go.jp/20/index.php?action_kouhyou_detail_004_kani=true&JigyosyoCd=2070203522-00&ServiceCd=110&Type=search", "url2": "http://www.drmisawa.com" }, "geometry": { "type": "Point", "coordinates": [ 137.985241099999939, 36.2336534 ] } },
{ "type": "Feature", "properties": { "内容": "介護クラーク松本【訪問介護】長野県松本市島内3452番地15", "url": "https://www.kaigokensaku.mhlw.go.jp/20/index.php?action_kouhyou_detail_004_kani=true&JigyosyoCd=2070204595-00&ServiceCd=110&Type=search", "url2": null }, "geometry": { "type": "Point", "coordinates": [ 137.9460019, 36.2408094 ] } },
{ "type": "Feature", "properties": { "内容": "ニチイケアセンター松本中央【訪問介護】長野県松本市筑摩2-33-15", "url": "https://www.kaigokensaku.mhlw.go.jp/20/index.php?action_kouhyou_detail_004_kani=true&JigyosyoCd=2070200049-00&ServiceCd=110&Type=search", "url2": "http://www.nichiigakkan.co.jp/service/care/home/homecare.html" }, "geometry": { "type": "Point", "coordinates": [ 137.984208500000022, 36.2225213 ] } },
{ "type": "Feature", "properties": { "内容": "社会福祉法人松本市社会福祉協議会指定訪問介護事業所【訪問介護】長野県松本市双葉４番１６号総合社会福祉センター2階", "url": "https://www.kaigokensaku.mhlw.go.jp/20/index.php?action_kouhyou_detail_004_kani=true&JigyosyoCd=2070200114-00&ServiceCd=110&Type=search", "url2": "http://www.syakyo-matsumoto.or.jp/approach/insurance/kaigohokenjigyou3.php" }, "geometry": { "type": "Point", "coordinates": [ 137.967352600000027, 36.2079031 ] } },
{ "type": "Feature", "properties": { "内容": "はた敬老園ヘルパーステーション【訪問介護】長野県松本市波田3023", "url": "https://www.kaigokensaku.mhlw.go.jp/20/index.php?action_kouhyou_detail_004_kani=true&JigyosyoCd=2072700665-00&ServiceCd=110&Type=search", "url2": "http://www.keiroen.or.jp/keiroen/html/home-helper.htm" }, "geometry": { "type": "Point", "coordinates": [ 137.822193787560963, 36.190766998307552 ] } },
{ "type": "Feature", "properties": { "内容": "つかまの里訪問介護ステーション【訪問介護】長野県松本市筑摩三丁目３６番２０号埴生の宿", "url": "https://www.kaigokensaku.mhlw.go.jp/20/index.php?action_kouhyou_detail_004_kani=true&JigyosyoCd=2070202862-00&ServiceCd=110&Type=search", "url2": "http://www.mhl.janis.or.jp/~kokusai/" }, "geometry": { "type": "Point", "coordinates": [ 137.984655800000041, 36.2196912 ] } },
{ "type": "Feature", "properties": { "内容": "うつくしの里ホームヘルパーステーション【訪問介護】長野県松本市大字里山辺藤井９１０－１", "url": "https://www.kaigokensaku.mhlw.go.jp/20/index.php?action_kouhyou_detail_004_kani=true&JigyosyoCd=2070200221-00&ServiceCd=110&Type=search", "url2": "http://www.ja-naganokai.or.jp/facilities/utsukushi/index.php" }, "geometry": { "type": "Point", "coordinates": [ 138.004144, 36.2434805 ] } },
{ "type": "Feature", "properties": { "内容": "ニチイケアセンター松本まつばら【訪問介護】長野県松本市松原48-3サンサイド6-101", "url": "https://www.kaigokensaku.mhlw.go.jp/20/index.php?action_kouhyou_detail_004_kani=true&JigyosyoCd=2070204207-00&ServiceCd=110&Type=search", "url2": null }, "geometry": { "type": "Point", "coordinates": [ 137.987843530866257, 36.175940786576689 ] } },
{ "type": "Feature", "properties": { "内容": "アイケア訪問介護事業所【訪問介護】長野県松本市大字岡田町１０２番地２", "url": "https://www.kaigokensaku.mhlw.go.jp/20/index.php?action_kouhyou_detail_004_kani=true&JigyosyoCd=2070204264-00&ServiceCd=110&Type=search", "url2": "https://aikea1102.amebaownd.com/" }, "geometry": { "type": "Point", "coordinates": [ 137.975344961901868, 36.272972479229523 ] } },
{ "type": "Feature", "properties": { "内容": "ヘルパーステーションまごのて【訪問介護】長野県松本市里山辺９４－１", "url": "https://www.kaigokensaku.mhlw.go.jp/20/index.php?action_kouhyou_detail_004_kani=true&JigyosyoCd=2070201583-00&ServiceCd=110&Type=search", "url2": null }, "geometry": { "type": "Point", "coordinates": [ 137.998556213935132, 36.246840229175255 ] } },
{ "type": "Feature", "properties": { "内容": "松本協立ホームヘルパーステーション【訪問介護】長野県松本市巾上１１番７号", "url": "https://www.kaigokensaku.mhlw.go.jp/20/index.php?action_kouhyou_detail_004_kani=true&JigyosyoCd=2070200445-00&ServiceCd=110&Type=search", "url2": "http://www.chushin-miniren.gr.jp/dep/helper.php" }, "geometry": { "type": "Point", "coordinates": [ 137.961543556344623, 36.229531318284408 ] } },
{ "type": "Feature", "properties": { "内容": "ウィズ筑摩ヘルパーステーション【訪問介護】長野県松本市筑摩２－２７－３０ウィズ筑摩", "url": "https://www.kaigokensaku.mhlw.go.jp/20/index.php?action_kouhyou_detail_004_kani=true&JigyosyoCd=2070201559-00&ServiceCd=110&Type=search", "url2": "https://socialnetwork.co.jp/nursinghomes/withtsukama" }, "geometry": { "type": "Point", "coordinates": [ 137.983347399999957, 36.2241461 ] } },
{ "type": "Feature", "properties": { "内容": "藤森ヘルパーステーション【訪問介護】長野県松本市中央3丁目2番7号在宅支援センターふじの花", "url": "https://www.kaigokensaku.mhlw.go.jp/20/index.php?action_kouhyou_detail_004_kani=true&JigyosyoCd=2070202540-00&ServiceCd=110&Type=search", "url2": "http://www.fujimori-hosp.jp/" }, "geometry": { "type": "Point", "coordinates": [ 137.971870028836037, 36.233357889195837 ] } },
{ "type": "Feature", "properties": { "内容": "あくとケア南松本【訪問介護】長野県松本市双葉12-25メゾンただちや402号室", "url": "https://www.kaigokensaku.mhlw.go.jp/20/index.php?action_kouhyou_detail_004_kani=true&JigyosyoCd=2070204637-00&ServiceCd=110&Type=search", "url2": "https://actcare.jp/" }, "geometry": { "type": "Point", "coordinates": [ 137.9632081, 36.2076686 ] } },
{ "type": "Feature", "properties": { "内容": "かがやき福祉センター中信【訪問介護】長野県松本市本庄２丁目３番１８号不動産情報センタービル1階東", "url": "https://www.kaigokensaku.mhlw.go.jp/20/index.php?action_kouhyou_detail_004_kani=true&JigyosyoCd=2070200296-00&ServiceCd=110&Type=search", "url2": "http://www.nagano-koureikyo.jp" }, "geometry": { "type": "Point", "coordinates": [ 137.972265571163888, 36.225808027445233 ] } },
{ "type": "Feature", "properties": { "内容": "ニチイケアセンター大手【訪問介護】松本市大手1-3-28神山ビル", "url": "https://www.kaigokensaku.mhlw.go.jp/20/index.php?action_kouhyou_detail_004_kani=true&JigyosyoCd=2070202375-00&ServiceCd=110&Type=search", "url2": "http://sp.chizumaru.com/dbh/nichii/detailmap.aspx?account=nichii&accmd=0&bid=0161505R35&scl=1000&clk=2" }, "geometry": { "type": "Point", "coordinates": [ 137.964871200000061, 36.2358852 ] } },
{ "type": "Feature", "properties": { "内容": "ニチイケアセンター松本寿【訪問介護】長野県松本市寿北6－29－15", "url": "https://www.kaigokensaku.mhlw.go.jp/20/index.php?action_kouhyou_detail_004_kani=true&JigyosyoCd=2070202367-00&ServiceCd=110&Type=search", "url2": "http://www.nichiigakkan.co.jp/service/care/home/homecare.html" }, "geometry": { "type": "Point", "coordinates": [ 137.974046899999962, 36.1946356 ] } },
{ "type": "Feature", "properties": { "内容": "ニチイケアセンター梓川【訪問介護】長野県松本市梓川倭1960V.百仙　雅　2階　203号", "url": "https://www.kaigokensaku.mhlw.go.jp/20/index.php?action_kouhyou_detail_004_kani=true&JigyosyoCd=2070204215-00&ServiceCd=110&Type=search", "url2": null }, "geometry": { "type": "Point", "coordinates": [ 137.893739399999987, 36.2338792 ] } },
{ "type": "Feature", "properties": { "内容": "ツクイ松本【訪問介護】長野県松本市井川城3-4-43", "url": "https://www.kaigokensaku.mhlw.go.jp/20/index.php?action_kouhyou_detail_004_kani=true&JigyosyoCd=2070200197-00&ServiceCd=110&Type=search", "url2": "http://www.tsukui.net/home-care/2021" }, "geometry": { "type": "Point", "coordinates": [ 137.964196899999934, 36.2186404 ] } },
{ "type": "Feature", "properties": { "内容": "訪問介護ステーション明かり【訪問介護】長野県松本市野溝東1-14-3", "url": "https://www.kaigokensaku.mhlw.go.jp/20/index.php?action_kouhyou_detail_004_kani=true&JigyosyoCd=2070203647-00&ServiceCd=110&Type=search", "url2": "http://aki-kaigo.co.jp/" }, "geometry": { "type": "Point", "coordinates": [ 137.9593787, 36.1977153 ] } },
{ "type": "Feature", "properties": { "内容": "訪問介護ケアタウン東御殿の湯【訪問介護】長野県松本市浅間温泉３－３１－２７", "url": "https://www.kaigokensaku.mhlw.go.jp/20/index.php?action_kouhyou_detail_004_kani=true&JigyosyoCd=2070201096-00&ServiceCd=110&Type=search", "url2": "https://www.caretown.org/" }, "geometry": { "type": "Point", "coordinates": [ 137.992117, 36.2656713 ] } },
{ "type": "Feature", "properties": { "内容": "社会福祉法人松本市社会福祉協議会北部ヘルパーステーション【訪問介護】長野県松本市元町３丁目７番１号松本市北部福祉複合施設", "url": "https://www.kaigokensaku.mhlw.go.jp/20/index.php?action_kouhyou_detail_004_kani=true&JigyosyoCd=2070204017-00&ServiceCd=110&Type=search", "url2": "http://www.syakyo-matsumoto.or.jp/approach/insurance/kaigohokeniigvou3.php" }, "geometry": { "type": "Point", "coordinates": [ 137.983641300000045, 36.2504951 ] } },
{ "type": "Feature", "properties": { "内容": "筑摩あんしん館【訪問介護】長野県松本市筑摩4丁目３番６号", "url": "https://www.kaigokensaku.mhlw.go.jp/20/index.php?action_kouhyou_detail_004_kani=true&JigyosyoCd=2070200940-00&ServiceCd=110&Type=search", "url2": null }, "geometry": { "type": "Point", "coordinates": [ 137.985114454908711, 36.225811458984509 ] } },
{ "type": "Feature", "properties": { "内容": "特定非営利活動法人　結いの街【訪問介護】長野県松本市笹部２丁目６番６０－５号", "url": "https://www.kaigokensaku.mhlw.go.jp/20/index.php?action_kouhyou_detail_004_kani=true&JigyosyoCd=2070200783-00&ServiceCd=110&Type=search", "url2": "https://yuinomati.org" }, "geometry": { "type": "Point", "coordinates": [ 137.952148200000011, 36.21431 ] } },
{ "type": "Feature", "properties": { "内容": "くわの実訪問介護【訪問介護】長野県松本市梓川梓2701-1", "url": "https://www.kaigokensaku.mhlw.go.jp/20/index.php?action_kouhyou_detail_004_kani=true&JigyosyoCd=2070203449-00&ServiceCd=110&Type=search", "url2": "http://www.kuwanomi.net" }, "geometry": { "type": "Point", "coordinates": [ 137.869754058827453, 36.232945419029562 ] } },
{ "type": "Feature", "properties": { "内容": "特別養護老人ホーム真寿園ホームヘルパーステーション【訪問介護】長野県松本市寿中2丁目20番1号", "url": "https://www.kaigokensaku.mhlw.go.jp/20/index.php?action_kouhyou_detail_004_kani=true&JigyosyoCd=2070200130-00&ServiceCd=110&Type=search", "url2": "http://www.shinjyuen.net/" }, "geometry": { "type": "Point", "coordinates": [ 137.968675599999983, 36.1788929 ] } },
{ "type": "Feature", "properties": { "内容": "訪問介護ステーション　青葉【訪問介護】長野県松本市横田3丁目19番地7号", "url": "https://www.kaigokensaku.mhlw.go.jp/20/index.php?action_kouhyou_detail_004_kani=true&JigyosyoCd=2070204462-00&ServiceCd=110&Type=search", "url2": null }, "geometry": { "type": "Point", "coordinates": [ 137.986994, 36.2453379 ] } },
{ "type": "Feature", "properties": { "内容": "社会福祉法人松本市社会福祉協議会四賀ヘルパーステーション【訪問介護】長野県松本市会田1001-1", "url": "https://www.kaigokensaku.mhlw.go.jp/20/index.php?action_kouhyou_detail_004_kani=true&JigyosyoCd=2072700202-00&ServiceCd=110&Type=search", "url2": "http://www.syakyo-matsumoto.or.jp/approach/insurance/kaigohokenjigyou3.php" }, "geometry": { "type": "Point", "coordinates": [ 137.991017400000032, 36.349162 ] } },
{ "type": "Feature", "properties": { "内容": "ゆめの里ヘルパーステーション【訪問介護】長野県松本市南松本1－2－16", "url": "https://www.kaigokensaku.mhlw.go.jp/20/index.php?action_kouhyou_detail_004_kani=true&JigyosyoCd=2070203530-00&ServiceCd=110&Type=search", "url2": "https://www.yumenosato.info/helper/" }, "geometry": { "type": "Point", "coordinates": [ 137.969119035582054, 36.214956232132565 ] } },
{ "type": "Feature", "properties": { "内容": "うつくしがはら温泉敬老園　ヘルパーステーション【訪問介護】長野県松本市里山辺67-1", "url": "https://www.kaigokensaku.mhlw.go.jp/20/index.php?action_kouhyou_detail_004_kani=true&JigyosyoCd=2070203514-00&ServiceCd=110&Type=search", "url2": "ｈｔｔｐ//www.keiroen.or.jp" }, "geometry": { "type": "Point", "coordinates": [ 137.997328, 36.2473519 ] } },
{ "type": "Feature", "properties": { "内容": "一之瀬訪問介護ステーション【訪問介護】長野県松本市島立２１０４", "url": "https://www.kaigokensaku.mhlw.go.jp/20/index.php?action_kouhyou_detail_004_kani=true&JigyosyoCd=2070203969-00&ServiceCd=110&Type=search", "url2": "https://inh.or.jp/" }, "geometry": { "type": "Point", "coordinates": [ 137.93741030000001, 36.2295358 ] } },
{ "type": "Feature", "properties": { "内容": "ヘルパーステーションサルビア【訪問介護】長野県松本市梓川倭３２３４番地１５", "url": "https://www.kaigokensaku.mhlw.go.jp/20/index.php?action_kouhyou_detail_004_kani=true&JigyosyoCd=2070202904-00&ServiceCd=110&Type=search", "url2": "http://azusanosato.or.jp" }, "geometry": { "type": "Point", "coordinates": [ 137.912066699999968, 36.2428353 ] } },
{ "type": "Feature", "properties": { "内容": "丸の内ヘルパーステーションほほえみ【訪問介護】長野県松本市島立674-1", "url": "https://www.kaigokensaku.mhlw.go.jp/20/index.php?action_kouhyou_detail_004_kani=true&JigyosyoCd=2070202326-00&ServiceCd=110&Type=search", "url2": "http://www.marunouchi.or.jp/care/help/help01.htm" }, "geometry": { "type": "Point", "coordinates": [ 137.952257331534156, 36.236571848315471 ] } },
{ "type": "Feature", "properties": { "内容": "ニチイケアセンター松本桐【訪問介護】長野県松本市桐3-2-45山本ビル2F", "url": "https://www.kaigokensaku.mhlw.go.jp/20/index.php?action_kouhyou_detail_004_kani=true&JigyosyoCd=2070201260-00&ServiceCd=110&Type=search", "url2": "ｈｓｔＭ20＠ｎｉｃｈｉｉｇａｋｋａｎ.ｃｏ.ｊｐ" }, "geometry": { "type": "Point", "coordinates": [ 137.9761969, 36.2524253 ] } },
{ "type": "Feature", "properties": { "内容": "ななつ星【訪問介護】長野県松本市波田押出10070-7", "url": "https://www.kaigokensaku.mhlw.go.jp/20/index.php?action_kouhyou_detail_004_kani=true&JigyosyoCd=2070203746-00&ServiceCd=110&Type=search", "url2": "http://wwwnanatsuboshi.or.jp" }, "geometry": { "type": "Point", "coordinates": [ 137.863771497088095, 36.204284915501134 ] } },
{ "type": "Feature", "properties": { "内容": "合同会社チェリッシュ【訪問介護】長野県松本市庄内2-5-37千筋屋ビル２Ｆ", "url": "https://www.kaigokensaku.mhlw.go.jp/20/index.php?action_kouhyou_detail_004_kani=true&JigyosyoCd=2070204025-00&ServiceCd=110&Type=search", "url2": "k-cherish.co.jp" }, "geometry": { "type": "Point", "coordinates": [ 137.9731505, 36.2233819 ] } },
{ "type": "Feature", "properties": { "内容": "アクア松本訪問介護【訪問介護】長野県松本市里山辺104-2アクアホーム松本山辺", "url": "https://www.kaigokensaku.mhlw.go.jp/20/index.php?action_kouhyou_detail_004_kani=true&JigyosyoCd=2070204355-00&ServiceCd=110&Type=search", "url2": "http://staff-syuei.biz/" }, "geometry": { "type": "Point", "coordinates": [ 137.997752910450743, 36.247722077130931 ] } },
{ "type": "Feature", "properties": { "内容": "社会福祉法人松本市社会福祉協議会西部ヘルパーステーション【訪問介護】長野県松本市梓川梓2283-2", "url": "https://www.kaigokensaku.mhlw.go.jp/20/index.php?action_kouhyou_detail_004_kani=true&JigyosyoCd=2072800267-00&ServiceCd=110&Type=search", "url2": null }, "geometry": { "type": "Point", "coordinates": [ 137.868365199999971, 36.2250111 ] } },
{ "type": "Feature", "properties": { "内容": "ヘルパーステーション　かけはし【訪問介護】長野県松本市島立1080-1カーサマサキB202", "url": "https://www.kaigokensaku.mhlw.go.jp/20/index.php?action_kouhyou_detail_004_kani=true&JigyosyoCd=2070204421-00&ServiceCd=110&Type=search", "url2": null }, "geometry": { "type": "Point", "coordinates": [ 137.945825, 36.2375255 ] } },
{ "type": "Feature", "properties": { "内容": "ヘルパーステーション「グリーン」【訪問介護】長野県松本市本庄2-10-21", "url": "https://www.kaigokensaku.mhlw.go.jp/20/index.php?action_kouhyou_detail_004_kani=true&JigyosyoCd=2070201492-00&ServiceCd=110&Type=search", "url2": "https://jisenkai.aizawahospital.jp/home_medical/" }, "geometry": { "type": "Point", "coordinates": [ 137.975284403704819, 36.227512086730009 ] } },
{ "type": "Feature", "properties": { "内容": "イー・ライフ松本島内【訪問介護】長野県松本市島内729-3", "url": "https://www.kaigokensaku.mhlw.go.jp/20/index.php?action_kouhyou_detail_004_kani=true&JigyosyoCd=2070201823-00&ServiceCd=110&Type=search", "url2": "https://hot-h.net" }, "geometry": { "type": "Point", "coordinates": [ 137.920213500000045, 36.2333312 ] } },
{ "type": "Feature", "properties": { "内容": "イー・ライフ松本神林【訪問介護】長野県松本市大字神林3561-1有料老人ホームみるもあ神林別館", "url": "https://www.kaigokensaku.mhlw.go.jp/20/index.php?action_kouhyou_detail_004_kani=true&JigyosyoCd=2070203720-00&ServiceCd=110&Type=search", "url2": "http：//elife-matumoto.jp" }, "geometry": { "type": "Point", "coordinates": [ 137.923808799999961, 36.1934731 ] } },
{ "type": "Feature", "properties": { "内容": "イー・ライフ神林本館【訪問介護】長野県松本市大字神林1500番地1", "url": "https://www.kaigokensaku.mhlw.go.jp/20/index.php?action_kouhyou_detail_004_kani=true&JigyosyoCd=2070204256-00&ServiceCd=110&Type=search", "url2": "https://hot-h.net/" }, "geometry": { "type": "Point", "coordinates": [ 137.926767399999989, 36.1879192 ] } },
{ "type": "Feature", "properties": { "内容": "中川ヘルパーステーション【訪問介護】長野県松本市野溝西２丁目３番２３号", "url": "https://www.kaigokensaku.mhlw.go.jp/20/index.php?action_kouhyou_detail_004_kani=true&JigyosyoCd=2070202888-00&ServiceCd=110&Type=search", "url2": "http://www.mnh2001.jp/yuan/" }, "geometry": { "type": "Point", "coordinates": [ 137.953604, 36.2010231 ] } },
{ "type": "Feature", "properties": { "内容": "ヘルパーステーションふれあい波田【訪問介護】長野県松本市波田9848-3", "url": "https://www.kaigokensaku.mhlw.go.jp/20/index.php?action_kouhyou_detail_004_kani=true&JigyosyoCd=2070204413-00&ServiceCd=110&Type=search", "url2": "thttp://akasawatsusho.co.jp/" }, "geometry": { "type": "Point", "coordinates": [ 137.813101, 36.1703072 ] } },
{ "type": "Feature", "properties": { "内容": "ほっと・はあとヘルパーステーション里山辺【訪問介護】長野県松本市里山辺１２９４－１", "url": "https://www.kaigokensaku.mhlw.go.jp/20/index.php?action_kouhyou_detail_004_kani=true&JigyosyoCd=2070202649-00&ServiceCd=110&Type=search", "url2": "http://hot-h.net/satoyamabe.html" }, "geometry": { "type": "Point", "coordinates": [ 137.996133900000018, 36.2436524 ] } },
{ "type": "Feature", "properties": { "内容": "ニチイケアセンター松本笹賀【訪問介護】長野県松本市笹賀３９６７－３", "url": "https://www.kaigokensaku.mhlw.go.jp/20/index.php?action_kouhyou_detail_004_kani=true&JigyosyoCd=2070200593-00&ServiceCd=110&Type=search", "url2": "http://www.nichiigakkan.co.jp" }, "geometry": { "type": "Point", "coordinates": [ 137.93425579999996, 36.1802694 ] } },
{ "type": "Feature", "properties": { "内容": "ケアズリンク安曇【訪問介護】長野県松本市両島13-33", "url": "https://www.kaigokensaku.mhlw.go.jp/20/index.php?action_kouhyou_detail_004_kani=true&JigyosyoCd=2074000312-00&ServiceCd=110&Type=search", "url2": "http://cslink.jp/" }, "geometry": { "type": "Point", "coordinates": [ 137.95110909999994, 36.2230781 ] } },
{ "type": "Feature", "properties": { "内容": "訪問介護ステーション　ふくろうの家横田みなみ【訪問介護】長野県松本市横田4-27-19", "url": "https://www.kaigokensaku.mhlw.go.jp/20/index.php?action_kouhyou_detail_004_kani=true&JigyosyoCd=2070204124-00&ServiceCd=110&Type=search", "url2": "https://www.fukurou-hpme.jp" }, "geometry": { "type": "Point", "coordinates": [ 137.988489499999986, 36.2482229 ] } },
{ "type": "Feature", "properties": { "内容": "松本西訪問介護ステーション　サテライト安曇野北訪問介護ステーション【訪問介護】長野県松本市城西１丁目９番地2", "url": "https://www.kaigokensaku.mhlw.go.jp/20/index.php?action_kouhyou_detail_004_kani=true&JigyosyoCd=2070200510-00&ServiceCd=110&Type=search", "url2": "http://www.shironishi.or.jp/v/kyotaku.htm" }, "geometry": { "type": "Point", "coordinates": [ 130.363239, 33.5816273 ] } },
{ "type": "Feature", "properties": { "内容": "あゆの里訪問介護ステーション【訪問介護】長野県松本市野溝西２丁目２番１５号ドリームタウン１０１", "url": "https://www.kaigokensaku.mhlw.go.jp/20/index.php?action_kouhyou_detail_004_kani=true&JigyosyoCd=2070201690-00&ServiceCd=110&Type=search", "url2": null }, "geometry": { "type": "Point", "coordinates": [ 137.9544568, 36.2012481 ] } },
{ "type": "Feature", "properties": { "内容": "特定非営利活動法人峠茶屋【訪問介護】長野県松本市刈谷原町531-1", "url": "https://www.kaigokensaku.mhlw.go.jp/20/index.php?action_kouhyou_detail_004_kani=true&JigyosyoCd=2070201476-00&ServiceCd=110&Type=search", "url2": "http://www.touge.or.jp" }, "geometry": { "type": "Point", "coordinates": [ 137.991861224536819, 36.31755913949663 ] } },
{ "type": "Feature", "properties": { "内容": "ホームケアヘルパーステーション【訪問介護】長野県松本市征矢野　2-2-29-1　ＡｒｒｏｗＣ", "url": "https://www.kaigokensaku.mhlw.go.jp/20/index.php?action_kouhyou_detail_004_kani=true&JigyosyoCd=2070204686-00&ServiceCd=110&Type=search", "url2": null }, "geometry": { "type": "Point", "coordinates": [ 137.9552026, 36.2186626 ] } },
{ "type": "Feature", "properties": { "内容": "ケア・ブルー【訪問介護】長野県松本市寿北7丁目1番17号", "url": "https://www.kaigokensaku.mhlw.go.jp/20/index.php?action_kouhyou_detail_004_kani=true&JigyosyoCd=2070204579-00&ServiceCd=110&Type=search", "url2": "https://ashlip.com/top-careblue/" }, "geometry": { "type": "Point", "coordinates": [ 137.96979, 36.195122792772075 ] } },
{ "type": "Feature", "properties": { "内容": "訪問介護ステーションクローバー【訪問介護】長野県松本市島内3499-1", "url": "https://www.kaigokensaku.mhlw.go.jp/20/index.php?action_kouhyou_detail_004_kani=true&JigyosyoCd=2070203548-00&ServiceCd=110&Type=search", "url2": null }, "geometry": { "type": "Point", "coordinates": [ 137.944528399999967, 36.2381951 ] } },
{ "type": "Feature", "properties": { "内容": "ニチイケアセンター島立【訪問介護】長野県松本市大字島立字北原1054-2中澤ビル2F　201号室", "url": "https://www.kaigokensaku.mhlw.go.jp/20/index.php?action_kouhyou_detail_004_kani=true&JigyosyoCd=2070204157-00&ServiceCd=110&Type=search", "url2": null }, "geometry": { "type": "Point", "coordinates": [ 137.936662899999988, 36.2190795 ] } },
{ "type": "Feature", "properties": { "内容": "医療法人心泉会上條記念病院【訪問介護】長野県松本市村井町西2-16-1", "url": "https://www.kaigokensaku.mhlw.go.jp/20/index.php?action_kouhyou_detail_004_kani=true&JigyosyoCd=2010217335-00&ServiceCd=110&Type=search", "url2": "http://www.kamijyomhp.or.jp/" }, "geometry": { "type": "Point", "coordinates": [ 137.947433, 36.1724485 ] } },
{ "type": "Feature", "properties": { "内容": "ヘルパーステーションふれあい新橋【訪問介護】長野県松本市大字島内７７７１－１シニアホームふれあい新橋", "url": "https://www.kaigokensaku.mhlw.go.jp/20/index.php?action_kouhyou_detail_004_kani=true&JigyosyoCd=2070204082-00&ServiceCd=110&Type=search", "url2": "http://www.takasawatsusho.co.jp/" }, "geometry": { "type": "Point", "coordinates": [ 137.951079153967271, 36.253909804604632 ] } },
{ "type": "Feature", "properties": { "内容": "訪問介護まごのて松本【訪問介護】長野県松本市井川城3-10-58エスポワールカサイⅡ　1-D号室", "url": "https://www.kaigokensaku.mhlw.go.jp/20/index.php?action_kouhyou_detail_004_kani=true&JigyosyoCd=2070204348-00&ServiceCd=110&Type=search", "url2": "https://coccole.care/" }, "geometry": { "type": "Point", "coordinates": [ 137.9675981, 36.2200489 ] } },
{ "type": "Feature", "properties": { "内容": "訪問介護ステーション　ふくろう【訪問介護】長野県松本市横田4-27-21住宅型有料老人ホーム　ふくろうの家　横田　1F", "url": "https://www.kaigokensaku.mhlw.go.jp/20/index.php?action_kouhyou_detail_004_kani=true&JigyosyoCd=2070203340-00&ServiceCd=110&Type=search", "url2": "http://www.fukurou-home.jp/" }, "geometry": { "type": "Point", "coordinates": [ 137.988354100000038, 36.248207 ] } },
{ "type": "Feature", "properties": { "内容": "NPO法人ラポール　訪問介護事業所【訪問介護】長野県松本市里山辺湯下17322-1", "url": "https://www.kaigokensaku.mhlw.go.jp/20/index.php?action_kouhyou_detail_004_kani=true&JigyosyoCd=2070203639-00&ServiceCd=110&Type=search", "url2": "http://rapport.nagano.jp/" }, "geometry": { "type": "Point", "coordinates": [ 138.000970992953228, 36.245630202029353 ] } },
{ "type": "Feature", "properties": { "内容": "ハピネスケア２４【訪問介護】長野県松本市惣社５１５－２", "url": "https://www.kaigokensaku.mhlw.go.jp/20/index.php?action_kouhyou_detail_004_kani=true&JigyosyoCd=2070202953-00&ServiceCd=110&Type=search", "url2": "http://happyness.kaigo24.net/" }, "geometry": { "type": "Point", "coordinates": [ 137.989196, 36.2372975 ] } },
{ "type": "Feature", "properties": { "内容": "ほほ笑み介護24【訪問介護】上田市福田50-3", "url": "https://www.kaigokensaku.mhlw.go.jp/20/index.php?action_kouhyou_detail_004_kani=true&JigyosyoCd=2070301458-00&ServiceCd=110&Type=search", "url2": "http://hohoemikaigo.com/" }, "geometry": { "type": "Point", "coordinates": [ 138.201882399999931, 36.387451399999989 ] } },
{ "type": "Feature", "properties": { "内容": "ヒューマンネットながの上田ステーション【訪問介護】長野県上田市材木町1-9-15小幡ビル2F", "url": "https://www.kaigokensaku.mhlw.go.jp/20/index.php?action_kouhyou_detail_004_kani=true&JigyosyoCd=2070302308-00&ServiceCd=110&Type=search", "url2": "http://w2.avis.ne.jp/~hynet/" }, "geometry": { "type": "Point", "coordinates": [ 138.2639081, 36.3990827 ] } },
{ "type": "Feature", "properties": { "内容": "訪問介護ステーションさんてらす【訪問介護】長野県上田市小牧３１２番地３", "url": "https://www.kaigokensaku.mhlw.go.jp/20/index.php?action_kouhyou_detail_004_kani=true&JigyosyoCd=2070302407-00&ServiceCd=110&Type=search", "url2": null }, "geometry": { "type": "Point", "coordinates": [ 138.2567717, 36.376317 ] } },
{ "type": "Feature", "properties": { "内容": "コープながの福祉センター上田ホームヘルプステーション【訪問介護】長野県上田市古里742-4コープながの古里事業所", "url": "https://www.kaigokensaku.mhlw.go.jp/20/index.php?action_kouhyou_detail_004_kani=true&JigyosyoCd=2070300773-00&ServiceCd=110&Type=search", "url2": "http://nagano.coopnet.jp/" }, "geometry": { "type": "Point", "coordinates": [ 138.283105512966927, 36.394070521984354 ] } },
{ "type": "Feature", "properties": { "内容": "訪問介護センター大屋【訪問介護】長野県上田市大屋339-1", "url": "https://www.kaigokensaku.mhlw.go.jp/20/index.php?action_kouhyou_detail_004_kani=true&JigyosyoCd=2070301904-00&ServiceCd=110&Type=search", "url2": null }, "geometry": { "type": "Point", "coordinates": [ 138.287418041603132, 36.373420588660096 ] } },
{ "type": "Feature", "properties": { "内容": "ほうもんかいごすてーしょんはるかぜ【訪問介護】長野県上田市保野803-1", "url": "https://www.kaigokensaku.mhlw.go.jp/20/index.php?action_kouhyou_detail_004_kani=true&JigyosyoCd=2070302233-00&ServiceCd=110&Type=search", "url2": null }, "geometry": { "type": "Point", "coordinates": [ 138.201255, 36.373988 ] } },
{ "type": "Feature", "properties": { "内容": "ヘルパーステーションこしごえ【訪問介護】長野県上田市腰越１５８７－５", "url": "https://www.kaigokensaku.mhlw.go.jp/20/index.php?action_kouhyou_detail_004_kani=true&JigyosyoCd=2072200740-00&ServiceCd=110&Type=search", "url2": "https://www.hi-yorokonde.com/detail/1925/index.html" }, "geometry": { "type": "Point", "coordinates": [ 138.266766100000041, 36.3163331 ] } },
{ "type": "Feature", "properties": { "内容": "「陽だまり」訪問介護事業所【訪問介護】長野県上田市上田２５２８－１サービス付き高齢者向け住宅「陽だまり」内", "url": "https://www.kaigokensaku.mhlw.go.jp/20/index.php?action_kouhyou_detail_004_kani=true&JigyosyoCd=2070301979-00&ServiceCd=110&Type=search", "url2": null }, "geometry": { "type": "Point", "coordinates": [ 138.256458733548811, 36.417287306101095 ] } },
{ "type": "Feature", "properties": { "内容": "訪問介護事業所やさしい手信州【訪問介護】長野県上田市芳田1463-12", "url": "https://www.kaigokensaku.mhlw.go.jp/20/index.php?action_kouhyou_detail_004_kani=true&JigyosyoCd=2070301862-00&ServiceCd=110&Type=search", "url2": null }, "geometry": { "type": "Point", "coordinates": [ 138.300485, 36.3885887 ] } },
{ "type": "Feature", "properties": { "内容": "ツクイ上田原【訪問介護】長野県上田市上田原１２２２－１４", "url": "https://www.kaigokensaku.mhlw.go.jp/20/index.php?action_kouhyou_detail_004_kani=true&JigyosyoCd=2070301060-00&ServiceCd=110&Type=search", "url2": "http://www.tsukui.net/search/detail.php?officeid=348" }, "geometry": { "type": "Point", "coordinates": [ 138.223030599999987, 36.3863407 ] } },
{ "type": "Feature", "properties": { "内容": "上田中央ホームヘルパーステーション【訪問介護】長野県上田市中央１－３－３上田病院複合施設", "url": "https://www.kaigokensaku.mhlw.go.jp/20/index.php?action_kouhyou_detail_004_kani=true&JigyosyoCd=2070300377-00&ServiceCd=110&Type=search", "url2": "http://www.ueda-hp.or.jp/section7.html" }, "geometry": { "type": "Point", "coordinates": [ 138.251434350401269, 36.398373836517848 ] } },
{ "type": "Feature", "properties": { "内容": "あいヘルパーステーション【訪問介護】長野県上田市下之条804-39", "url": "https://www.kaigokensaku.mhlw.go.jp/20/index.php?action_kouhyou_detail_004_kani=true&JigyosyoCd=2070301748-00&ServiceCd=110&Type=search", "url2": "http://ls-ashi.sakura.ne.jp" }, "geometry": { "type": "Point", "coordinates": [ 138.219715244365744, 36.403066913518522 ] } },
{ "type": "Feature", "properties": { "内容": "特定非営利活動法人わっこ自立福祉会訪問介護事業所【訪問介護】長野県上田市保野８３０－１", "url": "https://www.kaigokensaku.mhlw.go.jp/20/index.php?action_kouhyou_detail_004_kani=true&JigyosyoCd=2070300385-00&ServiceCd=110&Type=search", "url2": "https://npo-wakko.jp" }, "geometry": { "type": "Point", "coordinates": [ 138.202769200000034, 36.3743723 ] } },
{ "type": "Feature", "properties": { "内容": "ローマンうえだヘルパーステーション【訪問介護】長野県上田市殿城250番地1", "url": "https://www.kaigokensaku.mhlw.go.jp/20/index.php?action_kouhyou_detail_004_kani=true&JigyosyoCd=2070300492-00&ServiceCd=110&Type=search", "url2": null }, "geometry": { "type": "Point", "coordinates": [ 138.300659200000041, 36.4027841 ] } },
{ "type": "Feature", "properties": { "内容": "ヘルパーステーションにじ【訪問介護】長野県上田市上塩尻393番地1東信医療生活協同組合", "url": "https://www.kaigokensaku.mhlw.go.jp/20/index.php?action_kouhyou_detail_004_kani=true&JigyosyoCd=2070300328-00&ServiceCd=110&Type=search", "url2": "https://www.toshin-iryou.com/" }, "geometry": { "type": "Point", "coordinates": [ 138.220943988090482, 36.415039304011685 ] } },
{ "type": "Feature", "properties": { "内容": "ヘルパーステーションこすもす【訪問介護】長野県上田市下武石771-1", "url": "https://www.kaigokensaku.mhlw.go.jp/20/index.php?action_kouhyou_detail_004_kani=true&JigyosyoCd=2072200161-00&ServiceCd=110&Type=search", "url2": "http://www.yodakubofukushikai.jp" }, "geometry": { "type": "Point", "coordinates": [ 138.229822055958465, 36.285692901675837 ] } },
{ "type": "Feature", "properties": { "内容": "ニチイケアセンターときわぎ【訪問介護】長野県上田市常磐城654-4", "url": "https://www.kaigokensaku.mhlw.go.jp/20/index.php?action_kouhyou_detail_004_kani=true&JigyosyoCd=2070300294-00&ServiceCd=110&Type=search", "url2": null }, "geometry": { "type": "Point", "coordinates": [ 138.24253049999993, 36.4073248 ] } },
{ "type": "Feature", "properties": { "内容": "ニチイケアセンター上丸子【訪問介護】長野県上田市上丸子1653-1古川ビル201", "url": "https://www.kaigokensaku.mhlw.go.jp/20/index.php?action_kouhyou_detail_004_kani=true&JigyosyoCd=2070301433-00&ServiceCd=110&Type=search", "url2": "http://www.nichiigakkan.co.jp/service/care/home/homecare.html" }, "geometry": { "type": "Point", "coordinates": [ 138.270153941662102, 36.325531211005625 ] } },
{ "type": "Feature", "properties": { "内容": "うえだ敬老園ヘルパーステーション【訪問介護】長野県上田市常磐城2256-1", "url": "https://www.kaigokensaku.mhlw.go.jp/20/index.php?action_kouhyou_detail_004_kani=true&JigyosyoCd=2070300567-00&ServiceCd=110&Type=search", "url2": "http://www.keiroen.or.jp/keiroen/html/home-helper.htm" }, "geometry": { "type": "Point", "coordinates": [ 138.23223669999993, 36.407722 ] } },
{ "type": "Feature", "properties": { "内容": "エフビー訪問介護うえだ【訪問介護】長野県上田市古里９１４番地６", "url": "https://www.kaigokensaku.mhlw.go.jp/20/index.php?action_kouhyou_detail_004_kani=true&JigyosyoCd=2070300997-00&ServiceCd=110&Type=search", "url2": "http://www.fb-kaigo.co.jp/service/help.php" }, "geometry": { "type": "Point", "coordinates": [ 138.283289200000013, 36.392246 ] } },
{ "type": "Feature", "properties": { "内容": "ニチイケアセンター上田城下【訪問介護】長野県上田市天神　2丁目4-59アイランドビル101", "url": "https://www.kaigokensaku.mhlw.go.jp/20/index.php?action_kouhyou_detail_004_kani=true&JigyosyoCd=2070302217-00&ServiceCd=110&Type=search", "url2": null }, "geometry": { "type": "Point", "coordinates": [ 138.24291, 36.4024025 ] } },
{ "type": "Feature", "properties": { "内容": "しおがわ敬老園ヘルパーステーション【訪問介護】長野県上田市塩川１００１番地", "url": "https://www.kaigokensaku.mhlw.go.jp/20/index.php?action_kouhyou_detail_004_kani=true&JigyosyoCd=2072200039-00&ServiceCd=110&Type=search", "url2": "http://www.keiroen.or.jp/keiroen/html/home-helper.htm" }, "geometry": { "type": "Point", "coordinates": [ 138.309871700000031, 36.3530189 ] } },
{ "type": "Feature", "properties": { "内容": "うえだはら敬老園ヘルパーステーション【訪問介護】長野県上田市上田原1050", "url": "https://www.kaigokensaku.mhlw.go.jp/20/index.php?action_kouhyou_detail_004_kani=true&JigyosyoCd=2070300443-00&ServiceCd=110&Type=search", "url2": "http://www.keiroen.or.jp/" }, "geometry": { "type": "Point", "coordinates": [ 138.228538299999968, 36.3889794 ] } },
{ "type": "Feature", "properties": { "内容": "ニチイケアセンターこさと【訪問介護】長野県上田市上野60-7", "url": "https://www.kaigokensaku.mhlw.go.jp/20/index.php?action_kouhyou_detail_004_kani=true&JigyosyoCd=2070300757-00&ServiceCd=110&Type=search", "url2": "http://www.nichiigakkan.co.jp/service/care/home/homecare.html" }, "geometry": { "type": "Point", "coordinates": [ 138.289682399999947, 36.4036975 ] } },
{ "type": "Feature", "properties": { "内容": "しおだヘルパーステーション【訪問介護】長野県上田市中野64番地1", "url": "https://www.kaigokensaku.mhlw.go.jp/20/index.php?action_kouhyou_detail_004_kani=true&JigyosyoCd=2070302423-00&ServiceCd=110&Type=search", "url2": null }, "geometry": { "type": "Point", "coordinates": [ 138.1988599, 36.363048 ] } },
{ "type": "Feature", "properties": { "内容": "ホームヘルパーステーションアザレアン【訪問介護】長野県上田市真田町長7329－4ｻｰﾋﾞｽ付き高齢者向け住宅アザレアン内", "url": "https://www.kaigokensaku.mhlw.go.jp/20/index.php?action_kouhyou_detail_004_kani=true&JigyosyoCd=2072200385-00&ServiceCd=110&Type=search", "url2": "http://www.azarean.jp/" }, "geometry": { "type": "Point", "coordinates": [ 138.307822272105369, 36.443354730754926 ] } },
{ "type": "Feature", "properties": { "内容": "ウェルネスライフ上田【訪問介護】長野県上田市下之条636-1", "url": "https://www.kaigokensaku.mhlw.go.jp/20/index.php?action_kouhyou_detail_004_kani=true&JigyosyoCd=2070300849-00&ServiceCd=110&Type=search", "url2": null }, "geometry": { "type": "Point", "coordinates": [ 138.214511673519183, 36.401425257083609 ] } },
{ "type": "Feature", "properties": { "内容": "フローレンス上田【訪問介護】長野県上田市諏訪形1459番地5", "url": "https://www.kaigokensaku.mhlw.go.jp/20/index.php?action_kouhyou_detail_004_kani=true&JigyosyoCd=2070302142-00&ServiceCd=110&Type=search", "url2": "https://www.6sense.jp/?page_id=1370" }, "geometry": { "type": "Point", "coordinates": [ 138.238254668122863, 36.386147515492013 ] } },
{ "type": "Feature", "properties": { "内容": "Aライン訪問介護事業所【訪問介護】長野県上田市古安曽2042-6", "url": "https://www.kaigokensaku.mhlw.go.jp/20/index.php?action_kouhyou_detail_004_kani=true&JigyosyoCd=2070302266-00&ServiceCd=110&Type=search", "url2": "http://www.aline-kg.com" }, "geometry": { "type": "Point", "coordinates": [ 138.2144783, 36.3380854 ] } },
{ "type": "Feature", "properties": { "内容": "訪問介護あっといーず上田【訪問介護】長野県上田市常磐城6-1-19", "url": "https://www.kaigokensaku.mhlw.go.jp/20/index.php?action_kouhyou_detail_004_kani=true&JigyosyoCd=2070301730-00&ServiceCd=110&Type=search", "url2": "www.at-ease-cara.com" }, "geometry": { "type": "Point", "coordinates": [ 138.239719299999905, 36.4144601 ] } },
{ "type": "Feature", "properties": { "内容": "ニチイケアセンター上田住吉【訪問介護】長野県上田市住吉100-2平井ビル１階", "url": "https://www.kaigokensaku.mhlw.go.jp/20/index.php?action_kouhyou_detail_004_kani=true&JigyosyoCd=2070301342-00&ServiceCd=110&Type=search", "url2": null }, "geometry": { "type": "Point", "coordinates": [ 138.272894899999983, 36.4059528 ] } },
{ "type": "Feature", "properties": { "内容": "特定非営利活動法人信州コアラ【訪問介護】長野県上田市常田三丁目9番10号", "url": "https://www.kaigokensaku.mhlw.go.jp/20/index.php?action_kouhyou_detail_004_kani=true&JigyosyoCd=2071900266-00&ServiceCd=110&Type=search", "url2": null }, "geometry": { "type": "Point", "coordinates": [ 138.2610503, 36.3941853 ] } },
{ "type": "Feature", "properties": { "内容": "訪問介護事業所LUNA【訪問介護】長野県上田市下之条１４９番地58諏訪田テナントビル１０１号室", "url": "https://www.kaigokensaku.mhlw.go.jp/20/index.php?action_kouhyou_detail_004_kani=true&JigyosyoCd=2070302449-00&ServiceCd=110&Type=search", "url2": "https:minas.jp" }, "geometry": { "type": "Point", "coordinates": [ 138.2211776, 36.4006481 ] } },
{ "type": "Feature", "properties": { "内容": "ニチイケアセンターかわべ【訪問介護】長野県上田市上田原847-4", "url": "https://www.kaigokensaku.mhlw.go.jp/20/index.php?action_kouhyou_detail_004_kani=true&JigyosyoCd=2070300351-00&ServiceCd=110&Type=search", "url2": "http://www.nichiigakkan.co.jp/service/care/home/homecare.html" }, "geometry": { "type": "Point", "coordinates": [ 138.224482599999988, 36.3937623 ] } },
{ "type": "Feature", "properties": { "内容": "株式会社つくしんぼ【訪問介護】岡谷市長地出早三丁目５番８‐１号", "url": "https://www.kaigokensaku.mhlw.go.jp/20/index.php?action_kouhyou_detail_004_kani=true&JigyosyoCd=2070400961-00&ServiceCd=110&Type=search", "url2": null }, "geometry": { "type": "Point", "coordinates": [ 138.053795930882728, 36.088573967840603 ] } },
{ "type": "Feature", "properties": { "内容": "訪問リフアクト【訪問介護】長野県岡谷市赤羽1-4-11", "url": "https://www.kaigokensaku.mhlw.go.jp/20/index.php?action_kouhyou_detail_004_kani=true&JigyosyoCd=2070401001-00&ServiceCd=110&Type=search", "url2": null }, "geometry": { "type": "Point", "coordinates": [ 138.048821802353473, 36.077680228716062 ] } },
{ "type": "Feature", "properties": { "内容": "ヘルパーステーションホープ【訪問介護】長野県岡谷市山下町2-15-6ヘルパーステーションホープ", "url": "https://www.kaigokensaku.mhlw.go.jp/20/index.php?action_kouhyou_detail_004_kani=true&JigyosyoCd=2070400755-00&ServiceCd=110&Type=search", "url2": null }, "geometry": { "type": "Point", "coordinates": [ 138.041705730121009, 36.070052559422834 ] } },
{ "type": "Feature", "properties": { "内容": "ヘルパーステーション　和楽【訪問介護】長野県岡谷市2916-4", "url": "https://www.kaigokensaku.mhlw.go.jp/20/index.php?action_kouhyou_detail_004_kani=true&JigyosyoCd=2070400508-00&ServiceCd=110&Type=search", "url2": "http://www.heisei-kai.jp" }, "geometry": { "type": "Point", "coordinates": [ 138.033820699999978, 36.0766059 ] } },
{ "type": "Feature", "properties": { "内容": "岡谷市社会福祉協議会指定訪問介護事業所【訪問介護】長野県岡谷市長地権現町４－１１－５０おかや総合福祉センター内", "url": "https://www.kaigokensaku.mhlw.go.jp/20/index.php?action_kouhyou_detail_004_kani=true&JigyosyoCd=2070400037-00&ServiceCd=110&Type=search", "url2": "http://www.okaya-shakyo.or.jp" }, "geometry": { "type": "Point", "coordinates": [ 138.068374, 36.0602018 ] } },
{ "type": "Feature", "properties": { "内容": "ニチイケアセンターおかや【訪問介護】長野県岡谷市長地権現町1-7-26", "url": "https://www.kaigokensaku.mhlw.go.jp/20/index.php?action_kouhyou_detail_004_kani=true&JigyosyoCd=2070400169-00&ServiceCd=110&Type=search", "url2": "http://www.nichiigakkan.co.jp/service/care/home/homecare.html" }, "geometry": { "type": "Point", "coordinates": [ 138.069879200000059, 36.0667816 ] } },
{ "type": "Feature", "properties": { "内容": "訪問介護事業所　そよかぜ【訪問介護】長野県岡谷市長地御所2-14-12フレグランスあずさA101", "url": "https://www.kaigokensaku.mhlw.go.jp/20/index.php?action_kouhyou_detail_004_kani=true&JigyosyoCd=2070400631-00&ServiceCd=110&Type=search", "url2": "http://www.kazenoie.com/" }, "geometry": { "type": "Point", "coordinates": [ 138.073927683991997, 36.072304507227514 ] } },
{ "type": "Feature", "properties": { "内容": "訪問介護ツバメの巣【訪問介護】長野県岡谷市川岸中1-23-8", "url": "https://www.kaigokensaku.mhlw.go.jp/20/index.php?action_kouhyou_detail_004_kani=true&JigyosyoCd=2070400979-00&ServiceCd=110&Type=search", "url2": null }, "geometry": { "type": "Point", "coordinates": [ 138.0245655, 36.0424028 ] } },
{ "type": "Feature", "properties": { "内容": "在宅介護てまり【訪問介護】長野県岡谷市神明町１－２－２", "url": "https://www.kaigokensaku.mhlw.go.jp/20/index.php?action_kouhyou_detail_004_kani=true&JigyosyoCd=2070400292-00&ServiceCd=110&Type=search", "url2": null }, "geometry": { "type": "Point", "coordinates": [ 138.043495300000018, 36.071994 ] } },
{ "type": "Feature", "properties": { "内容": "アクア岡谷訪問介護【訪問介護】長野県岡谷市塚間町2-4-1アクアホーム岡谷塚間", "url": "https://www.kaigokensaku.mhlw.go.jp/20/index.php?action_kouhyou_detail_004_kani=true&JigyosyoCd=2070400987-00&ServiceCd=110&Type=search", "url2": "https://www.aquasyuei.com/" }, "geometry": { "type": "Point", "coordinates": [ 138.054394438761904, 36.063560896540409 ] } },
{ "type": "Feature", "properties": { "内容": "やさしい手わかみや訪問介護事業所【訪問介護】長野県岡谷市若宮1-5-27やさしえわかみや", "url": "https://www.kaigokensaku.mhlw.go.jp/20/index.php?action_kouhyou_detail_004_kani=true&JigyosyoCd=2070400771-00&ServiceCd=110&Type=search", "url2": "http://www.yasashiite-suwa.com/" }, "geometry": { "type": "Point", "coordinates": [ -93.3551784, 30.2937782 ] } },
{ "type": "Feature", "properties": { "内容": "ヘルパーステイション　和縁【訪問介護】長野県岡谷市湊2-11-14-4", "url": "https://www.kaigokensaku.mhlw.go.jp/20/index.php?action_kouhyou_detail_004_kani=true&JigyosyoCd=2070400813-00&ServiceCd=110&Type=search", "url2": "go.waen@po32.lcv.ne.jp" }, "geometry": { "type": "Point", "coordinates": [ 138.05908740000001, 36.044970900000038 ] } },
{ "type": "Feature", "properties": { "内容": "みまもりの郷・南信州上郷【訪問介護】長野県飯田市上郷黒田４４１０", "url": "https://www.kaigokensaku.mhlw.go.jp/20/index.php?action_kouhyou_detail_004_kani=true&JigyosyoCd=2070502303-00&ServiceCd=110&Type=search", "url2": null }, "geometry": { "type": "Point", "coordinates": [ 137.8361721, 35.5369807 ] } },
{ "type": "Feature", "properties": { "内容": "福寿【訪問介護】長野県飯田市鼎西鼎591-8", "url": "https://www.kaigokensaku.mhlw.go.jp/20/index.php?action_kouhyou_detail_004_kani=true&JigyosyoCd=2070502378-00&ServiceCd=110&Type=search", "url2": "https://fukuju2024.wixsite.com/fukuju" }, "geometry": { "type": "Point", "coordinates": [ 137.837310300000013, 35.5095255 ] } },
{ "type": "Feature", "properties": { "内容": "こころ訪問介護事業所【訪問介護】長野県飯田市松尾上溝3172-1", "url": "https://www.kaigokensaku.mhlw.go.jp/20/index.php?action_kouhyou_detail_004_kani=true&JigyosyoCd=2070501453-00&ServiceCd=110&Type=search", "url2": null }, "geometry": { "type": "Point", "coordinates": [ 137.85124048967657, 35.504111666341473 ] } },
{ "type": "Feature", "properties": { "内容": "あんきの森訪問介護【訪問介護】長野県飯田市毛賀1139-1", "url": "https://www.kaigokensaku.mhlw.go.jp/20/index.php?action_kouhyou_detail_004_kani=true&JigyosyoCd=2070501008-00&ServiceCd=110&Type=search", "url2": "http://www.heartcareiida.com/corporate/houmonkaigo.html" }, "geometry": { "type": "Point", "coordinates": [ 137.834066099999973, 35.4913226 ] } },
{ "type": "Feature", "properties": { "内容": "ニチイケアセンター鼎【訪問介護】長野県飯田市鼎東鼎138-3嶋屋ビル2F", "url": "https://www.kaigokensaku.mhlw.go.jp/20/index.php?action_kouhyou_detail_004_kani=true&JigyosyoCd=2070501552-00&ServiceCd=110&Type=search", "url2": "http://sp.chizumaru.com/dbh/nichii/detailmap.aspx?account=nichii&accmd=0&bid=0162205R42&scl=1000&clk=2" }, "geometry": { "type": "Point", "coordinates": [ 137.842973, 35.5047268 ] } },
{ "type": "Feature", "properties": { "内容": "グループかけはし訪問介護事業所【訪問介護】長野県飯田市上郷黒田２７６３－１", "url": "https://www.kaigokensaku.mhlw.go.jp/20/index.php?action_kouhyou_detail_004_kani=true&JigyosyoCd=2070500224-00&ServiceCd=110&Type=search", "url2": "http://www.kakehasi.net/" }, "geometry": { "type": "Point", "coordinates": [ 137.834902599999964, 35.5327648 ] } },
{ "type": "Feature", "properties": { "内容": "ニチイケアセンター飯田【訪問介護】長野県飯田市大瀬木２９８－１", "url": "https://www.kaigokensaku.mhlw.go.jp/20/index.php?action_kouhyou_detail_004_kani=true&JigyosyoCd=2070500406-00&ServiceCd=110&Type=search", "url2": "https://www.nichii-kaigo.jp/base/" }, "geometry": { "type": "Point", "coordinates": [ 137.796497899999963, 35.4965577 ] } },
{ "type": "Feature", "properties": { "内容": "ニチイケアセンター高松通り【訪問介護】長野県飯田市大門町93", "url": "https://www.kaigokensaku.mhlw.go.jp/20/index.php?action_kouhyou_detail_004_kani=true&JigyosyoCd=2070501560-00&ServiceCd=110&Type=search", "url2": "http://www.nichiigakkan.co.jp/service/care/home/homecare.html" }, "geometry": { "type": "Point", "coordinates": [ 137.829398188546747, 35.522373697884966 ] } },
{ "type": "Feature", "properties": { "内容": "ヘルパーステーション　ピュアスマイル飯田【訪問介護】長野県飯田市山本581-2", "url": "https://www.kaigokensaku.mhlw.go.jp/20/index.php?action_kouhyou_detail_004_kani=true&JigyosyoCd=2070502147-00&ServiceCd=110&Type=search", "url2": "http://www.pure-sml.jp/" }, "geometry": { "type": "Point", "coordinates": [ 137.7538931, 35.47924350000001 ] } },
{ "type": "Feature", "properties": { "内容": "北方ヘルパーステーションかふね【訪問介護】長野県飯田市大瀬木647-1", "url": "https://www.kaigokensaku.mhlw.go.jp/20/index.php?action_kouhyou_detail_004_kani=true&JigyosyoCd=2070500414-00&ServiceCd=110&Type=search", "url2": "http://kafune.jp/" }, "geometry": { "type": "Point", "coordinates": [ 137.791536793440315, 35.497559591340526 ] } },
{ "type": "Feature", "properties": { "内容": "飯田病院ヘルパーステーションすずらん【訪問介護】長野県飯田市大通１丁目３０番地２えんじゅビル２Ｆ", "url": "https://www.kaigokensaku.mhlw.go.jp/20/index.php?action_kouhyou_detail_004_kani=true&JigyosyoCd=2070500521-00&ServiceCd=110&Type=search", "url2": "http://www.iida.or.jp/kanren/suzuran/index.html" }, "geometry": { "type": "Point", "coordinates": [ 137.818026417721512, 35.515789546749026 ] } },
{ "type": "Feature", "properties": { "内容": "訪問介護　かなえ【訪問介護】長野県飯田市中央通り2-1セントラルホテル3階", "url": "https://www.kaigokensaku.mhlw.go.jp/20/index.php?action_kouhyou_detail_004_kani=true&JigyosyoCd=2070502337-00&ServiceCd=110&Type=search", "url2": null }, "geometry": { "type": "Point", "coordinates": [ 137.8262737, 35.5169995 ] } },
{ "type": "Feature", "properties": { "内容": "健和会ヘルパーステーション【訪問介護】長野県飯田市鼎上山1552-1健和会医療介護総合センター", "url": "https://www.kaigokensaku.mhlw.go.jp/20/index.php?action_kouhyou_detail_004_kani=true&JigyosyoCd=2070500679-00&ServiceCd=110&Type=search", "url2": "http://www.kenwakai.or.jp/" }, "geometry": { "type": "Point", "coordinates": [ 137.826571788407932, 35.503681681918046 ] } },
{ "type": "Feature", "properties": { "内容": "北方の虹【訪問介護】長野県飯田市北方２２１０－１", "url": "https://www.kaigokensaku.mhlw.go.jp/20/index.php?action_kouhyou_detail_004_kani=true&JigyosyoCd=2070501511-00&ServiceCd=110&Type=search", "url2": "http://ichiyokai-iida.jp/" }, "geometry": { "type": "Point", "coordinates": [ 137.796, 35.5085118 ] } },
{ "type": "Feature", "properties": { "内容": "飯田市社協ヘルパーステーション【訪問介護】長野県飯田市東栄町3171番地1", "url": "https://www.kaigokensaku.mhlw.go.jp/20/index.php?action_kouhyou_detail_004_kani=true&JigyosyoCd=2070500240-00&ServiceCd=110&Type=search", "url2": null }, "geometry": { "type": "Point", "coordinates": [ 137.837203600000066, 35.5119424 ] } },
{ "type": "Feature", "properties": { "内容": "社会福祉法人ぽけっと【訪問介護】長野県飯田市白山通り1-310-1", "url": "https://www.kaigokensaku.mhlw.go.jp/20/index.php?action_kouhyou_detail_004_kani=true&JigyosyoCd=2070500232-00&ServiceCd=110&Type=search", "url2": "http://kaigo-pocket.jimdo.com" }, "geometry": { "type": "Point", "coordinates": [ 137.814817299999959, 35.51537130000002 ] } },
{ "type": "Feature", "properties": { "内容": "ニチイケアセンター知久平【訪問介護】長野県飯田市下久堅知久平446アサヒハイツ知久平2号室", "url": "https://www.kaigokensaku.mhlw.go.jp/20/index.php?action_kouhyou_detail_004_kani=true&JigyosyoCd=2070502188-00&ServiceCd=110&Type=search", "url2": "http://www.nichiigakkan.co.jp/" }, "geometry": { "type": "Point", "coordinates": [ 137.8527062, 35.4778573 ] } },
{ "type": "Feature", "properties": { "内容": "ホームヘルプかみさと【訪問介護】長野県飯田市上郷飯沼477-1", "url": "https://www.kaigokensaku.mhlw.go.jp/20/index.php?action_kouhyou_detail_004_kani=true&JigyosyoCd=2070500059-00&ServiceCd=110&Type=search", "url2": null }, "geometry": { "type": "Point", "coordinates": [ 137.8585991, 35.5177357 ] } },
{ "type": "Feature", "properties": { "内容": "介護支援センターいこいの里【訪問介護】長野県飯田市羽場権現１６０７－１", "url": "https://www.kaigokensaku.mhlw.go.jp/20/index.php?action_kouhyou_detail_004_kani=true&JigyosyoCd=2070500513-00&ServiceCd=110&Type=search", "url2": "https://sites.google.com/view/ikoinosat/" }, "geometry": { "type": "Point", "coordinates": [ 137.800134904990841, 35.520707780302246 ] } },
{ "type": "Feature", "properties": { "内容": "飯田ｻﾎﾟｰﾄﾍﾙﾊﾟｰｽﾃｰｼｮﾝ【訪問介護】長野県飯田市羽場町1-7-9", "url": "https://www.kaigokensaku.mhlw.go.jp/20/index.php?action_kouhyou_detail_004_kani=true&JigyosyoCd=2070502360-00&ServiceCd=110&Type=search", "url2": "https://nagano-tamayura.com" }, "geometry": { "type": "Point", "coordinates": [ 137.8103242, 35.517836399999986 ] } },
{ "type": "Feature", "properties": { "内容": "ヘルパーステーションあぐりかなえ【訪問介護】長野県飯田市鼎上山2662-1", "url": "https://www.kaigokensaku.mhlw.go.jp/20/index.php?action_kouhyou_detail_004_kani=true&JigyosyoCd=2070502014-00&ServiceCd=110&Type=search", "url2": null }, "geometry": { "type": "Point", "coordinates": [ 137.819980580492256, 35.505403814802001 ] } },
{ "type": "Feature", "properties": { "内容": "なの花【訪問介護】長野県飯田市羽場町2丁目13番地16", "url": "https://www.kaigokensaku.mhlw.go.jp/20/index.php?action_kouhyou_detail_004_kani=true&JigyosyoCd=2070501818-00&ServiceCd=110&Type=search", "url2": null }, "geometry": { "type": "Point", "coordinates": [ 137.8087534, 35.518516199999986 ] } },
{ "type": "Feature", "properties": { "内容": "愛・訪問介護ステーション飯田【訪問介護】長野県飯田市育良町3-1-1", "url": "https://www.kaigokensaku.mhlw.go.jp/20/index.php?action_kouhyou_detail_004_kani=true&JigyosyoCd=2070501628-00&ServiceCd=110&Type=search", "url2": "https://i-sogofukushi.com/" }, "geometry": { "type": "Point", "coordinates": [ 137.802015599999976, 35.5009129 ] } },
{ "type": "Feature", "properties": { "内容": "ヘルパーステーションみつばさ【訪問介護】長野県飯田市上殿岡692-2", "url": "https://www.kaigokensaku.mhlw.go.jp/20/index.php?action_kouhyou_detail_004_kani=true&JigyosyoCd=2070502279-00&ServiceCd=110&Type=search", "url2": null }, "geometry": { "type": "Point", "coordinates": [ 137.80753292411319, 35.497368213614862 ] } },
{ "type": "Feature", "properties": { "内容": "ユースタイルケアギフト飯田【訪問介護】長野県飯田市上郷黒田3140-1ヴィラ上黒田E号室", "url": "https://www.kaigokensaku.mhlw.go.jp/20/index.php?action_kouhyou_detail_004_kani=true&JigyosyoCd=2070502444-00&ServiceCd=110&Type=search", "url2": "https://gift-nagano.co.jp" }, "geometry": { "type": "Point", "coordinates": [ 137.8347641, 35.5351218 ] } },
{ "type": "Feature", "properties": { "内容": "諏訪交通福祉事業部【訪問介護】諏訪市四賀百畝下通り１０３－６", "url": "https://www.kaigokensaku.mhlw.go.jp/20/index.php?action_kouhyou_detail_004_kani=true&JigyosyoCd=2070600479-00&ServiceCd=110&Type=search", "url2": "http://www.suwakotsu.com" }, "geometry": { "type": "Point", "coordinates": [ 138.125665044180323, 36.029045224526001 ] } },
{ "type": "Feature", "properties": { "内容": "ヘルパーステーションすずか【訪問介護】長野県諏訪市湖南658‐14", "url": "https://www.kaigokensaku.mhlw.go.jp/20/index.php?action_kouhyou_detail_004_kani=true&JigyosyoCd=2070601055-00&ServiceCd=110&Type=search", "url2": null }, "geometry": { "type": "Point", "coordinates": [ 138.1080938, 36.0164265 ] } },
{ "type": "Feature", "properties": { "内容": "ニチイケアセンター諏訪城南【訪問介護】長野県諏訪市城南1丁目2658-2イトウビル2F", "url": "https://www.kaigokensaku.mhlw.go.jp/20/index.php?action_kouhyou_detail_004_kani=true&JigyosyoCd=2070600974-00&ServiceCd=110&Type=search", "url2": "http://www.nichiigakkan.co.jp/" }, "geometry": { "type": "Point", "coordinates": [ 138.115928200000013, 36.0360859 ] } },
{ "type": "Feature", "properties": { "内容": "訪問介護事業所こころ高島【訪問介護】長野県諏訪市高島一丁目21番14号　こころのひろば内", "url": "https://www.kaigokensaku.mhlw.go.jp/20/index.php?action_kouhyou_detail_004_kani=true&JigyosyoCd=2070600487-00&ServiceCd=110&Type=search", "url2": "http://www.kokoro5560.or.jp" }, "geometry": { "type": "Point", "coordinates": [ 138.114028971333227, 36.040370752644733 ] } },
{ "type": "Feature", "properties": { "内容": "諏訪市社会福祉協議会指定訪問介護事業所西山の里【訪問介護】長野県諏訪市湖南４０１６－１", "url": "https://www.kaigokensaku.mhlw.go.jp/20/index.php?action_kouhyou_detail_004_kani=true&JigyosyoCd=2070600206-00&ServiceCd=110&Type=search", "url2": "http://www.suwacity-shakyo.or.jp/blog/?page_id=771#category2" }, "geometry": { "type": "Point", "coordinates": [ 138.101078599999937, 36.0101587 ] } },
{ "type": "Feature", "properties": { "内容": "かりんの里訪問介護事業所【訪問介護】長野県諏訪市湖岸通り５－１１－５", "url": "https://www.kaigokensaku.mhlw.go.jp/20/index.php?action_kouhyou_detail_004_kani=true&JigyosyoCd=2070600230-00&ServiceCd=110&Type=search", "url2": "http://suwafukushi.com/024_houmon.html" }, "geometry": { "type": "Point", "coordinates": [ 138.109298599999988, 36.0421328 ] } },
{ "type": "Feature", "properties": { "内容": "株式会社まごころホーム訪問介護事業所【訪問介護】長野県諏訪市清水1丁目2-18クレストハイツ清水201号室", "url": "https://www.kaigokensaku.mhlw.go.jp/20/index.php?action_kouhyou_detail_004_kani=true&JigyosyoCd=2070600552-00&ServiceCd=110&Type=search", "url2": null }, "geometry": { "type": "Point", "coordinates": [ 138.121839965142811, 36.036693735897586 ] } },
{ "type": "Feature", "properties": { "内容": "すずらんの里訪問介護事業所【訪問介護】長野県諏訪市高島１丁目２５番１４号フジビル２０１号", "url": "https://www.kaigokensaku.mhlw.go.jp/20/index.php?action_kouhyou_detail_004_kani=true&JigyosyoCd=2070600560-00&ServiceCd=110&Type=search", "url2": "http://suzurannosato.com/" }, "geometry": { "type": "Point", "coordinates": [ 138.111933300000032, 36.0368429 ] } },
{ "type": "Feature", "properties": { "内容": "みよし家介護サービス　訪問介護事業所【訪問介護】長野県諏訪市湯の脇2-9-13", "url": "https://www.kaigokensaku.mhlw.go.jp/20/index.php?action_kouhyou_detail_004_kani=true&JigyosyoCd=2070600917-00&ServiceCd=110&Type=search", "url2": null }, "geometry": { "type": "Point", "coordinates": [ 138.1157478, 36.0501457 ] } },
{ "type": "Feature", "properties": { "内容": "合同会社ヘルパーステーションよつば【訪問介護】長野県諏訪市湯の脇1-14-6", "url": "https://www.kaigokensaku.mhlw.go.jp/20/index.php?action_kouhyou_detail_004_kani=true&JigyosyoCd=2070601048-00&ServiceCd=110&Type=search", "url2": null }, "geometry": { "type": "Point", "coordinates": [ 138.1186433, 36.0523985 ] } },
{ "type": "Feature", "properties": { "内容": "ホームヘルパーしらかば【訪問介護】長野県須坂市大字須坂1528-3島田ビル２階", "url": "https://www.kaigokensaku.mhlw.go.jp/20/index.php?action_kouhyou_detail_004_kani=true&JigyosyoCd=2070700667-00&ServiceCd=110&Type=search", "url2": "https://www.shirakaba-kaigo.com/" }, "geometry": { "type": "Point", "coordinates": [ 138.309153606010113, 36.650042367433727 ] } },
{ "type": "Feature", "properties": { "内容": "ピアステーションきらら【訪問介護】長野県須坂市臥竜一丁目７番１７号", "url": "https://www.kaigokensaku.mhlw.go.jp/20/index.php?action_kouhyou_detail_004_kani=true&JigyosyoCd=2070700733-00&ServiceCd=110&Type=search", "url2": "https://fukushi-kirara.com" }, "geometry": { "type": "Point", "coordinates": [ 138.3135968, 36.648338 ] } },
{ "type": "Feature", "properties": { "内容": "株式会社ケアネット長野サービスセンター【訪問介護】長野県須坂市大字小山字蒔田2518-1", "url": "https://www.kaigokensaku.mhlw.go.jp/20/index.php?action_kouhyou_detail_004_kani=true&JigyosyoCd=2070700105-00&ServiceCd=110&Type=search", "url2": "http://www.carenet.fujitsu.com" }, "geometry": { "type": "Point", "coordinates": [ 138.288605217260738, 36.656330275136199 ] } },
{ "type": "Feature", "properties": { "内容": "NPO法人良風来　訪問介護事業所【訪問介護】長野県須坂市臥竜五丁目8番3号", "url": "https://www.kaigokensaku.mhlw.go.jp/20/index.php?action_kouhyou_detail_004_kani=true&JigyosyoCd=2070700766-00&ServiceCd=110&Type=search", "url2": "https://ryofurai.info/" }, "geometry": { "type": "Point", "coordinates": [ 138.318642692065396, 36.645945673521211 ] } },
{ "type": "Feature", "properties": { "内容": "となりのきんぎょ【訪問介護】長野県須坂市大字豊丘2755番地なずな豊丘", "url": "https://www.kaigokensaku.mhlw.go.jp/20/index.php?action_kouhyou_detail_004_kani=true&JigyosyoCd=2070700774-00&ServiceCd=110&Type=search", "url2": null }, "geometry": { "type": "Point", "coordinates": [ 138.343891399999961, 36.6370437 ] } },
{ "type": "Feature", "properties": { "内容": "社会福祉法人須坂市社会福祉協議会訪問介護事業部【訪問介護】長野県須坂市大字須坂４７６番地１", "url": "https://www.kaigokensaku.mhlw.go.jp/20/index.php?action_kouhyou_detail_004_kani=true&JigyosyoCd=2070700030-00&ServiceCd=110&Type=search", "url2": "http://www.suzaka-shakyo.jp" }, "geometry": { "type": "Point", "coordinates": [ 138.312999399999967, 36.6577606 ] } },
{ "type": "Feature", "properties": { "内容": "あすか小諸【訪問介護】長野県小諸市相生町１丁目3番地3号", "url": "https://www.kaigokensaku.mhlw.go.jp/20/index.php?action_kouhyou_detail_004_kani=true&JigyosyoCd=2070800558-00&ServiceCd=110&Type=search", "url2": "http：//www.tbcss.co.jp/asuka_komoro/" }, "geometry": { "type": "Point", "coordinates": [ 138.422919, 36.3270258 ] } },
{ "type": "Feature", "properties": { "内容": "エフビー訪問介護こもろ【訪問介護】長野県小諸市御幸町1丁目10番6号", "url": "https://www.kaigokensaku.mhlw.go.jp/20/index.php?action_kouhyou_detail_004_kani=true&JigyosyoCd=2070800475-00&ServiceCd=110&Type=search", "url2": "http://www.fb-kaigo.co.jp/service/help.php" }, "geometry": { "type": "Point", "coordinates": [ 138.434385988954915, 36.316964610565115 ] } },
{ "type": "Feature", "properties": { "内容": "ヘルパーステーションやまびこ【訪問介護】長野県小諸市乙女1510-2", "url": "https://www.kaigokensaku.mhlw.go.jp/20/index.php?action_kouhyou_detail_004_kani=true&JigyosyoCd=2070800079-00&ServiceCd=110&Type=search", "url2": "http://www.yamabiko.or.jp/" }, "geometry": { "type": "Point", "coordinates": [ 138.438679800000045, 36.3138017 ] } },
{ "type": "Feature", "properties": { "内容": "ヘルパーステーション栁橋【訪問介護】長野県小諸市大字諸351", "url": "https://www.kaigokensaku.mhlw.go.jp/20/index.php?action_kouhyou_detail_004_kani=true&JigyosyoCd=2070800061-00&ServiceCd=110&Type=search", "url2": "http://www.yanagibashi.or.jp/page4.html" }, "geometry": { "type": "Point", "coordinates": [ 138.411961499999961, 36.3390064 ] } },
{ "type": "Feature", "properties": { "内容": "ヘルパーステーションのぞみ【訪問介護】長野県小諸市和田841-73F", "url": "https://www.kaigokensaku.mhlw.go.jp/20/index.php?action_kouhyou_detail_004_kani=true&JigyosyoCd=2070800525-00&ServiceCd=110&Type=search", "url2": "https://www.nozomi-g.co.jp" }, "geometry": { "type": "Point", "coordinates": [ 138.462885796935694, 36.297158517318408 ] } },
{ "type": "Feature", "properties": { "内容": "ニチイケアセンター小諸【訪問介護】長野県小諸市加増504-13アイワビル6階　事務室西", "url": "https://www.kaigokensaku.mhlw.go.jp/20/index.php?action_kouhyou_detail_004_kani=true&JigyosyoCd=2070800756-00&ServiceCd=110&Type=search", "url2": null }, "geometry": { "type": "Point", "coordinates": [ 138.4444155, 36.3162616 ] } },
{ "type": "Feature", "properties": { "内容": "寿園介護ステーション【訪問介護】長野県小諸市御影新田2130-8", "url": "https://www.kaigokensaku.mhlw.go.jp/20/index.php?action_kouhyou_detail_004_kani=true&JigyosyoCd=2070800541-00&ServiceCd=110&Type=search", "url2": "http://kotobuki-group.jp/station/index.php" }, "geometry": { "type": "Point", "coordinates": [ 138.466555438809138, 36.301905727025485 ] } },
{ "type": "Feature", "properties": { "内容": "訪問介護ゆりかご【訪問介護】長野県伊那市荒井３４６３－１メディカルホームゆりかご　2Ｆ", "url": "https://www.kaigokensaku.mhlw.go.jp/20/index.php?action_kouhyou_detail_004_kani=true&JigyosyoCd=2070900556-00&ServiceCd=110&Type=search", "url2": null }, "geometry": { "type": "Point", "coordinates": [ 137.959684195770222, 35.839130709424275 ] } },
{ "type": "Feature", "properties": { "内容": "アクア伊那訪問介護【訪問介護】長野県伊那市美篶9151-4", "url": "https://www.kaigokensaku.mhlw.go.jp/20/index.php?action_kouhyou_detail_004_kani=true&JigyosyoCd=2070900929-00&ServiceCd=110&Type=search", "url2": "http://aqua-nurse.jp" }, "geometry": { "type": "Point", "coordinates": [ 138.0142615, 35.8400481 ] } },
{ "type": "Feature", "properties": { "内容": "伊那市社会福祉協議会　訪問介護センター伊那【訪問介護】長野県伊那市山寺２９８番地１伊那市福祉まちづくりセンター内", "url": "https://www.kaigokensaku.mhlw.go.jp/20/index.php?action_kouhyou_detail_004_kani=true&JigyosyoCd=2070900077-00&ServiceCd=110&Type=search", "url2": "https://ina-shakyo.jp/elderly/pages/root/visiting/visiting01" }, "geometry": { "type": "Point", "coordinates": [ 137.967814500000031, 35.8461703 ] } },
{ "type": "Feature", "properties": { "内容": "ニチイケアセンター伊那【訪問介護】長野県伊那市上新田２７６７－１", "url": "https://www.kaigokensaku.mhlw.go.jp/20/index.php?action_kouhyou_detail_004_kani=true&JigyosyoCd=2070900127-00&ServiceCd=110&Type=search", "url2": "http://www.nichiigakkan.co.jp/service/care/home/homecare.html" }, "geometry": { "type": "Point", "coordinates": [ 137.958715899999987, 35.8268423 ] } },
{ "type": "Feature", "properties": { "内容": "伊那市社会福祉協議会訪問介護センター高遠【訪問介護】長野県伊那市高遠町長藤１８４１伊那市高遠町デイサービスくつろぎの家内", "url": "https://www.kaigokensaku.mhlw.go.jp/20/index.php?action_kouhyou_detail_004_kani=true&JigyosyoCd=2072400274-00&ServiceCd=110&Type=search", "url2": "https://ina-shakyo.jp" }, "geometry": { "type": "Point", "coordinates": [ 138.0883847, 35.8609581 ] } },
{ "type": "Feature", "properties": { "内容": "介護サービスステーション伊那【訪問介護】長野県伊那市上牧6530番地", "url": "https://www.kaigokensaku.mhlw.go.jp/20/index.php?action_kouhyou_detail_004_kani=true&JigyosyoCd=2070900887-00&ServiceCd=110&Type=search", "url2": "http://fujimihp.com/" }, "geometry": { "type": "Point", "coordinates": [ 137.977114300000011, 35.852979 ] } },
{ "type": "Feature", "properties": { "内容": "生協ヘルパーステーションみどり【訪問介護】長野県伊那市狐島3895", "url": "https://www.kaigokensaku.mhlw.go.jp/20/index.php?action_kouhyou_detail_004_kani=true&JigyosyoCd=2072400522-00&ServiceCd=110&Type=search", "url2": "http://www.kamiina-mcoop.com/helper/" }, "geometry": { "type": "Point", "coordinates": [ 137.992344, 35.9032832 ] } },
{ "type": "Feature", "properties": { "内容": "訪問介護あったか伊那【訪問介護】長野県伊那市日影174-1", "url": "https://www.kaigokensaku.mhlw.go.jp/20/index.php?action_kouhyou_detail_004_kani=true&JigyosyoCd=2070900861-00&ServiceCd=110&Type=search", "url2": "https://npo-attaka17.com/." }, "geometry": { "type": "Point", "coordinates": [ 137.9810218, 35.8382147 ] } },
{ "type": "Feature", "properties": { "内容": "訪問介護ゆりかご駒ヶ根【訪問介護】長野県駒ヶ根市赤穂9194番地1", "url": "https://www.kaigokensaku.mhlw.go.jp/20/index.php?action_kouhyou_detail_004_kani=true&JigyosyoCd=2071000398-00&ServiceCd=110&Type=search", "url2": "http://www.yurikago.or.jp" }, "geometry": { "type": "Point", "coordinates": [ 137.9304201, 35.7096765 ] } },
{ "type": "Feature", "properties": { "内容": "ながいきケアヘルパー駒ヶ根【訪問介護】長野県駒ヶ根市中沢4180-2", "url": "https://www.kaigokensaku.mhlw.go.jp/20/index.php?action_kouhyou_detail_004_kani=true&JigyosyoCd=2071000489-00&ServiceCd=110&Type=search", "url2": "https://nagaikikaigo.com/" }, "geometry": { "type": "Point", "coordinates": [ 137.9858776, 35.7237236 ] } },
{ "type": "Feature", "properties": { "内容": "ニチイケアセンター駒ヶ根【訪問介護】長野県駒ヶ根市中央4番8号呉本ビル１F", "url": "https://www.kaigokensaku.mhlw.go.jp/20/index.php?action_kouhyou_detail_004_kani=true&JigyosyoCd=2071000406-00&ServiceCd=110&Type=search", "url2": "http://www.nichiigakkan.co.jp/" }, "geometry": { "type": "Point", "coordinates": [ 137.9360706, 35.7355382 ] } },
{ "type": "Feature", "properties": { "内容": "株式会社　あい介護センター【訪問介護】長野県駒ヶ根市赤穂１１３１－１", "url": "https://www.kaigokensaku.mhlw.go.jp/20/index.php?action_kouhyou_detail_004_kani=true&JigyosyoCd=2071000018-00&ServiceCd=110&Type=search", "url2": "http://www.bijininal.com/aikaigo/330houmon.php" }, "geometry": { "type": "Point", "coordinates": [ 137.921241099999946, 35.744942 ] } },
{ "type": "Feature", "properties": { "内容": "駒ヶ根市社会福祉協議会ふれあい【訪問介護】長野県駒ヶ根市梨の木2番２５号", "url": "https://www.kaigokensaku.mhlw.go.jp/20/index.php?action_kouhyou_detail_004_kani=true&JigyosyoCd=2071000034-00&ServiceCd=110&Type=search", "url2": "http://kmshakyo.server-shared.com/" }, "geometry": { "type": "Point", "coordinates": [ 137.941225799999984, 35.7331027 ] } },
{ "type": "Feature", "properties": { "内容": "訪問介護たんぽぽ【訪問介護】長野県駒ヶ根市東伊那6063番地1", "url": "https://www.kaigokensaku.mhlw.go.jp/20/index.php?action_kouhyou_detail_004_kani=true&JigyosyoCd=2071000240-00&ServiceCd=110&Type=search", "url2": "tanpopo@star.bbexcite.jp" }, "geometry": { "type": "Point", "coordinates": [ 137.965798728836035, 35.750787057068564 ] } },
{ "type": "Feature", "properties": { "内容": "みかづきケア【訪問介護】長野県駒ヶ根市中央１７番２２号", "url": "https://www.kaigokensaku.mhlw.go.jp/20/index.php?action_kouhyou_detail_004_kani=true&JigyosyoCd=2071000455-00&ServiceCd=110&Type=search", "url2": "https://www.mikazukicare.com/" }, "geometry": { "type": "Point", "coordinates": [ 137.934130900000014, 35.7360289 ] } },
{ "type": "Feature", "properties": { "内容": "アクア駒ヶ根訪問介護【訪問介護】長野県駒ヶ根市赤穂16878アクアホーム駒ケ根", "url": "https://www.kaigokensaku.mhlw.go.jp/20/index.php?action_kouhyou_detail_004_kani=true&JigyosyoCd=2071000471-00&ServiceCd=110&Type=search", "url2": "https://www.aquasyuei.com/" }, "geometry": { "type": "Point", "coordinates": [ 137.94564840787217, 35.728000941883323 ] } },
{ "type": "Feature", "properties": { "内容": "ヘルパーステーション我逢人【訪問介護】長野県中野市大字立ヶ花729番地１", "url": "https://www.kaigokensaku.mhlw.go.jp/20/index.php?action_kouhyou_detail_004_kani=true&JigyosyoCd=2071100834-00&ServiceCd=110&Type=search", "url2": null }, "geometry": { "type": "Point", "coordinates": [ 138.313402200000013, 36.7299812 ] } },
{ "type": "Feature", "properties": { "内容": "ニチイケアセンター中野若宮【訪問介護】長野県中野市大字新井356番地5", "url": "https://www.kaigokensaku.mhlw.go.jp/20/index.php?action_kouhyou_detail_004_kani=true&JigyosyoCd=2071100586-00&ServiceCd=110&Type=search", "url2": "http://www.nichiigakkan.co.jp/service/care/home/homecare.html" }, "geometry": { "type": "Point", "coordinates": [ 138.366686499999986, 36.761189200000018 ] } },
{ "type": "Feature", "properties": { "内容": "みよしちょう敬老園ヘルパーステーション【訪問介護】長野県中野市西一丁目6-5ハートネット信州中野　1階", "url": "https://www.kaigokensaku.mhlw.go.jp/20/index.php?action_kouhyou_detail_004_kani=true&JigyosyoCd=2071100701-00&ServiceCd=110&Type=search", "url2": null }, "geometry": { "type": "Point", "coordinates": [ 138.364788463223789, 36.744944153840443 ] } },
{ "type": "Feature", "properties": { "内容": "訪問介護みつわ【訪問介護】長野県中野市中央1-11-3", "url": "https://www.kaigokensaku.mhlw.go.jp/20/index.php?action_kouhyou_detail_004_kani=true&JigyosyoCd=2071100511-00&ServiceCd=110&Type=search", "url2": "https://www.aguri-care.com/" }, "geometry": { "type": "Point", "coordinates": [ 138.368057281628722, 36.746560926272807 ] } },
{ "type": "Feature", "properties": { "内容": "ヘルパーステーションえにし【訪問介護】長野県中野市大字新井361-1", "url": "https://www.kaigokensaku.mhlw.go.jp/20/index.php?action_kouhyou_detail_004_kani=true&JigyosyoCd=2071100164-00&ServiceCd=110&Type=search", "url2": "http://www.enishi-web.com/" }, "geometry": { "type": "Point", "coordinates": [ 138.36468949999994, 36.7608503 ] } },
{ "type": "Feature", "properties": { "内容": "ヘルパーステーション花＊花【訪問介護】長野県中野市大字岩船380-2", "url": "https://www.kaigokensaku.mhlw.go.jp/20/index.php?action_kouhyou_detail_004_kani=true&JigyosyoCd=2071100826-00&ServiceCd=110&Type=search", "url2": null }, "geometry": { "type": "Point", "coordinates": [ 138.3612898, 36.7424286 ] } },
{ "type": "Feature", "properties": { "内容": "中野市社会福祉協議会指定訪問介護事業所【訪問介護】長野県中野市大字西条７０番地１", "url": "https://www.kaigokensaku.mhlw.go.jp/20/index.php?action_kouhyou_detail_004_kani=true&JigyosyoCd=2071100032-00&ServiceCd=110&Type=search", "url2": null }, "geometry": { "type": "Point", "coordinates": [ 138.359537499999988, 36.7331168 ] } },
{ "type": "Feature", "properties": { "内容": "訪問介護事業所たむろ【訪問介護】長野県中野市大字新保170-1", "url": "https://www.kaigokensaku.mhlw.go.jp/20/index.php?action_kouhyou_detail_004_kani=true&JigyosyoCd=2071100818-00&ServiceCd=110&Type=search", "url2": null }, "geometry": { "type": "Point", "coordinates": [ 138.361538761383542, 36.730714714747606 ] } },
{ "type": "Feature", "properties": { "内容": "ニチイケアセンターおおまち【訪問介護】長野県大町市大町1380-1", "url": "https://www.kaigokensaku.mhlw.go.jp/20/index.php?action_kouhyou_detail_004_kani=true&JigyosyoCd=2071200287-00&ServiceCd=110&Type=search", "url2": "http://www.nichiigakkan.co.jp/service/care/home/homenurse.html" }, "geometry": { "type": "Point", "coordinates": [ 137.860204599999946, 36.515194 ] } },
{ "type": "Feature", "properties": { "内容": "ＪＡ大北指定訪問介護事業所【訪問介護】長野県大町市常盤　3546-33大町市ふれあいプラザ", "url": "https://www.kaigokensaku.mhlw.go.jp/20/index.php?action_kouhyou_detail_004_kani=true&JigyosyoCd=2071200030-00&ServiceCd=110&Type=search", "url2": "http://www.ja-daihoku.iijan.or.jp" }, "geometry": { "type": "Point", "coordinates": [ 137.847436900000048, 36.4680387 ] } },
{ "type": "Feature", "properties": { "内容": "訪問介護事業所すまいる【訪問介護】長野県大町市大町4188-20", "url": "https://www.kaigokensaku.mhlw.go.jp/20/index.php?action_kouhyou_detail_004_kani=true&JigyosyoCd=2071200550-00&ServiceCd=110&Type=search", "url2": "http://smilenagano.com/" }, "geometry": { "type": "Point", "coordinates": [ 137.860501800000065, 36.5029458 ] } },
{ "type": "Feature", "properties": { "内容": "ヘルパーステーションリーベときわ【訪問介護】長野県大町市常盤3585－3", "url": "https://www.kaigokensaku.mhlw.go.jp/20/index.php?action_kouhyou_detail_004_kani=true&JigyosyoCd=2071200543-00&ServiceCd=110&Type=search", "url2": "http://www.kita-alps.org/" }, "geometry": { "type": "Point", "coordinates": [ 137.84804239999994, 36.4661418 ] } },
{ "type": "Feature", "properties": { "内容": "ヘルパーステーション銀松苑【訪問介護】長野県大町市常盤6850-24", "url": "https://www.kaigokensaku.mhlw.go.jp/20/index.php?action_kouhyou_detail_004_kani=true&JigyosyoCd=2071200204-00&ServiceCd=110&Type=search", "url2": null }, "geometry": { "type": "Point", "coordinates": [ 137.857405500000027, 36.476624 ] } },
{ "type": "Feature", "properties": { "内容": "まい・はーとヘルパーステーション【訪問介護】長野県大町市常盤3486-403", "url": "https://www.kaigokensaku.mhlw.go.jp/20/index.php?action_kouhyou_detail_004_kani=true&JigyosyoCd=2071200576-00&ServiceCd=110&Type=search", "url2": null }, "geometry": { "type": "Point", "coordinates": [ 137.841503050123606, 36.475837012162486 ] } },
{ "type": "Feature", "properties": { "内容": "大町市社会福祉協議会指定訪問介護事業所【訪問介護】長野県大町市大町1129番地", "url": "https://www.kaigokensaku.mhlw.go.jp/20/index.php?action_kouhyou_detail_004_kani=true&JigyosyoCd=2071200063-00&ServiceCd=110&Type=search", "url2": "http://www.omachishakyo.org" }, "geometry": { "type": "Point", "coordinates": [ 137.860496199999943, 36.5029569 ] } },
{ "type": "Feature", "properties": { "内容": "訪問介護事業所てるさと【訪問介護】長野県飯山市大字照里2000番地", "url": "https://www.kaigokensaku.mhlw.go.jp/20/index.php?action_kouhyou_detail_004_kani=true&JigyosyoCd=2071300491-00&ServiceCd=110&Type=search", "url2": "https://www.hokusin.or.jp/02work/sisetu/terusato/index.html" }, "geometry": { "type": "Point", "coordinates": [ 138.3851598, 36.9077307 ] } },
{ "type": "Feature", "properties": { "内容": "訪問介護事業所ゆりかご【訪問介護】長野県飯山市大字静間2898番地", "url": "https://www.kaigokensaku.mhlw.go.jp/20/index.php?action_kouhyou_detail_004_kani=true&JigyosyoCd=2071300186-00&ServiceCd=110&Type=search", "url2": "http://www.yuri-kago.net" }, "geometry": { "type": "Point", "coordinates": [ 138.3472954, 36.824428 ] } },
{ "type": "Feature", "properties": { "内容": "飯山市社協ヘルパーステーションゆきつばき【訪問介護】長野県飯山市大字飯山７３５５－４", "url": "https://www.kaigokensaku.mhlw.go.jp/20/index.php?action_kouhyou_detail_004_kani=true&JigyosyoCd=2071300079-00&ServiceCd=110&Type=search", "url2": "https://iiyama-shakyo.or.jp/" }, "geometry": { "type": "Point", "coordinates": [ 138.35950379999997, 36.8669175 ] } },
{ "type": "Feature", "properties": { "内容": "北信州みゆき介護センター【訪問介護】長野県飯山市大字飯山3567番地", "url": "https://www.kaigokensaku.mhlw.go.jp/20/index.php?action_kouhyou_detail_004_kani=true&JigyosyoCd=2071300459-00&ServiceCd=110&Type=search", "url2": null }, "geometry": { "type": "Point", "coordinates": [ 138.1856914, 36.6483159 ] } },
{ "type": "Feature", "properties": { "内容": "訪問介護事業所さくら【訪問介護】長野県飯山市大字静間474-6", "url": "https://www.kaigokensaku.mhlw.go.jp/20/index.php?action_kouhyou_detail_004_kani=true&JigyosyoCd=2071300525-00&ServiceCd=110&Type=search", "url2": null }, "geometry": { "type": "Point", "coordinates": [ 138.3555431, 36.84083 ] } },
{ "type": "Feature", "properties": { "内容": "ほっとケアあかり【訪問介護】長野県茅野市宮川7296-18", "url": "https://www.kaigokensaku.mhlw.go.jp/20/index.php?action_kouhyou_detail_004_kani=true&JigyosyoCd=2071401067-00&ServiceCd=110&Type=search", "url2": null }, "geometry": { "type": "Point", "coordinates": [ 138.181591, 35.9747387 ] } },
{ "type": "Feature", "properties": { "内容": "介護センターこすもす【訪問介護】長野県茅野市宮川5464番地3", "url": "https://www.kaigokensaku.mhlw.go.jp/20/index.php?action_kouhyou_detail_004_kani=true&JigyosyoCd=2071400267-00&ServiceCd=110&Type=search", "url2": null }, "geometry": { "type": "Point", "coordinates": [ 138.162297229328686, 35.980486848356698 ] } },
{ "type": "Feature", "properties": { "内容": "桜ハウス訪問介護事業所【訪問介護】長野県茅野市宮川４９００－４", "url": "https://www.kaigokensaku.mhlw.go.jp/20/index.php?action_kouhyou_detail_004_kani=true&JigyosyoCd=2071400507-00&ServiceCd=110&Type=search", "url2": "http://www.takaneh-support.co.jp" }, "geometry": { "type": "Point", "coordinates": [ 138.161434800000052, 35.9897075 ] } },
{ "type": "Feature", "properties": { "内容": "ニチイケアセンター茅野【訪問介護】長野県茅野市塚原2-4-23柳沢ビル3階", "url": "https://www.kaigokensaku.mhlw.go.jp/20/index.php?action_kouhyou_detail_004_kani=true&JigyosyoCd=2071400655-00&ServiceCd=110&Type=search", "url2": "http://www.nichiigakkan.co.jp/service/care/home/homecare.html" }, "geometry": { "type": "Point", "coordinates": [ 138.16064625054014, 35.993345348242336 ] } },
{ "type": "Feature", "properties": { "内容": "茅野市社会福祉協議会　訪問介護事業所【訪問介護】長野県茅野市宮川3975番地茅野市西部保健福祉サービスセンター内", "url": "https://www.kaigokensaku.mhlw.go.jp/20/index.php?action_kouhyou_detail_004_kani=true&JigyosyoCd=2071400192-00&ServiceCd=110&Type=search", "url2": "https://www.sharara.or.jp/kaigo/kaigohoken/" }, "geometry": { "type": "Point", "coordinates": [ 138.1507163, 35.9902848 ] } },
{ "type": "Feature", "properties": { "内容": "ニチイケアセンター神之原【訪問介護】長野県茅野市玉川4143-7", "url": "https://www.kaigokensaku.mhlw.go.jp/20/index.php?action_kouhyou_detail_004_kani=true&JigyosyoCd=2071401026-00&ServiceCd=110&Type=search", "url2": "http://www.nichiigakkan.co.jp/" }, "geometry": { "type": "Point", "coordinates": [ 138.1832071, 35.9906298 ] } },
{ "type": "Feature", "properties": { "内容": "ニチイケアセンターすわ【訪問介護】長野県茅野市宮川中河原4245-1", "url": "https://www.kaigokensaku.mhlw.go.jp/20/index.php?action_kouhyou_detail_004_kani=true&JigyosyoCd=2071400432-00&ServiceCd=110&Type=search", "url2": "http://www.nichiigakkan.co.jp" }, "geometry": { "type": "Point", "coordinates": [ 138.147041599999966, 35.9899848 ] } },
{ "type": "Feature", "properties": { "内容": "ヘルパーステーション寿和寮【訪問介護】長野県茅野市宮川５０１０-１茅野市養護老人ホーム寿和寮", "url": "https://www.kaigokensaku.mhlw.go.jp/20/index.php?action_kouhyou_detail_004_kani=true&JigyosyoCd=2071400648-00&ServiceCd=110&Type=search", "url2": "http://www.heisei-kai.jp" }, "geometry": { "type": "Point", "coordinates": [ 138.162695082664555, 35.987002466232298 ] } },
{ "type": "Feature", "properties": { "内容": "メディホス訪問介護茅野【訪問介護】長野県茅野市ちの2761-9", "url": "https://www.kaigokensaku.mhlw.go.jp/20/index.php?action_kouhyou_detail_004_kani=true&JigyosyoCd=2071401190-00&ServiceCd=110&Type=search", "url2": "https://wmj.co.jp/" }, "geometry": { "type": "Point", "coordinates": [ 138.137128611639412, 35.9993278393802 ] } },
{ "type": "Feature", "properties": { "内容": "医療法人こまくさ会ヘルパーステーションケアこまくさ【訪問介護】長野県茅野市ちの3094‐6", "url": "https://www.kaigokensaku.mhlw.go.jp/20/index.php?action_kouhyou_detail_004_kani=true&JigyosyoCd=2071400028-00&ServiceCd=110&Type=search", "url2": "http://www.lcv.ne.jp/~komakusa/" }, "geometry": { "type": "Point", "coordinates": [ 138.15018, 35.9934956 ] } },
{ "type": "Feature", "properties": { "内容": "訪問介護事業所　狸【訪問介護】長野県茅野市豊平3761", "url": "https://www.kaigokensaku.mhlw.go.jp/20/index.php?action_kouhyou_detail_004_kani=true&JigyosyoCd=2071400978-00&ServiceCd=110&Type=search", "url2": null }, "geometry": { "type": "Point", "coordinates": [ 138.207931300000013, 36.0171794 ] } },
{ "type": "Feature", "properties": { "内容": "株式会社縁【訪問介護】長野県茅野市ちの274-8住まいる茅野", "url": "https://www.kaigokensaku.mhlw.go.jp/20/index.php?action_kouhyou_detail_004_kani=true&JigyosyoCd=2071401091-00&ServiceCd=110&Type=search", "url2": null }, "geometry": { "type": "Point", "coordinates": [ 138.1420575, 35.9984539 ] } },
{ "type": "Feature", "properties": { "内容": "訪問介護事業所ゆーはーと【訪問介護】長野県茅野市豊平1704-3", "url": "https://www.kaigokensaku.mhlw.go.jp/20/index.php?action_kouhyou_detail_004_kani=true&JigyosyoCd=2071401158-00&ServiceCd=110&Type=search", "url2": null }, "geometry": { "type": "Point", "coordinates": [ 138.192189859451361, 36.017873295805359 ] } },
{ "type": "Feature", "properties": { "内容": "エクセレントライフサービス【訪問介護】長野県茅野市北山５５１３－１５９", "url": "https://www.kaigokensaku.mhlw.go.jp/20/index.php?action_kouhyou_detail_004_kani=true&JigyosyoCd=2071400424-00&ServiceCd=110&Type=search", "url2": "https://www.excellent-life.jp" }, "geometry": { "type": "Point", "coordinates": [ 138.277547799999979, 36.0449366 ] } },
{ "type": "Feature", "properties": { "内容": "リゾートケア蓼科【訪問介護】長野県茅野市北山4035-1296リゾートケアホーム蓼科", "url": "https://www.kaigokensaku.mhlw.go.jp/20/index.php?action_kouhyou_detail_004_kani=true&JigyosyoCd=2071401125-00&ServiceCd=110&Type=search", "url2": "https://carehome.co.jp/" }, "geometry": { "type": "Point", "coordinates": [ 138.267028877188125, 36.056498391461602 ] } },
{ "type": "Feature", "properties": { "内容": "樹楽・にじむすび塩尻【訪問介護】長野県塩尻市広丘野村1788-286ロイヤルマンション九里巾１０２号", "url": "https://www.kaigokensaku.mhlw.go.jp/20/index.php?action_kouhyou_detail_004_kani=true&JigyosyoCd=2071501064-00&ServiceCd=110&Type=search", "url2": null }, "geometry": { "type": "Point", "coordinates": [ 137.9553842, 36.1393833 ] } },
{ "type": "Feature", "properties": { "内容": "ケアステーションcherish【訪問介護】長野県塩尻市広丘吉田３２５５番地2上條住宅5号", "url": "https://www.kaigokensaku.mhlw.go.jp/20/index.php?action_kouhyou_detail_004_kani=true&JigyosyoCd=2071500967-00&ServiceCd=110&Type=search", "url2": "cherishhoom.jindofree.com" }, "geometry": { "type": "Point", "coordinates": [ 137.950139274374891, 36.161581504844669 ] } },
{ "type": "Feature", "properties": { "内容": "塩尻協立ホームヘルパーステーションこすもす【訪問介護】長野県塩尻市桟敷４３７", "url": "https://www.kaigokensaku.mhlw.go.jp/20/index.php?action_kouhyou_detail_004_kani=true&JigyosyoCd=2071500306-00&ServiceCd=110&Type=search", "url2": "http://www.shiojiri-kyoritsu.or.jp/jigyou.html" }, "geometry": { "type": "Point", "coordinates": [ 137.969147600000042, 36.1143145 ] } },
{ "type": "Feature", "properties": { "内容": "ホームヘルパーステーション社協ふれあい【訪問介護】長野県塩尻市大字広丘堅石2151番地2", "url": "https://www.kaigokensaku.mhlw.go.jp/20/index.php?action_kouhyou_detail_004_kani=true&JigyosyoCd=2071500173-00&ServiceCd=110&Type=search", "url2": "http://www.shiojirishakyo.or.jp" }, "geometry": { "type": "Point", "coordinates": [ 137.949396423414669, 36.135175379767205 ] } },
{ "type": "Feature", "properties": { "内容": "ヘルパーステーションまほろば【訪問介護】長野県塩尻市宗賀１２９５番地まほろばの郷2階", "url": "https://www.kaigokensaku.mhlw.go.jp/20/index.php?action_kouhyou_detail_004_kani=true&JigyosyoCd=2071500256-00&ServiceCd=110&Type=search", "url2": "http://www.keijin-kai.jp" }, "geometry": { "type": "Point", "coordinates": [ 137.932443336106871, 36.111256416035843 ] } },
{ "type": "Feature", "properties": { "内容": "ニチイケアセンター塩尻ききょう【訪問介護】長野県塩尻市大門65－11", "url": "https://www.kaigokensaku.mhlw.go.jp/20/index.php?action_kouhyou_detail_004_kani=true&JigyosyoCd=2071500124-00&ServiceCd=110&Type=search", "url2": "http://www.nichiigakkan.co.jp/service/care/home/homecare.html" }, "geometry": { "type": "Point", "coordinates": [ 137.9435664, 36.1170081 ] } },
{ "type": "Feature", "properties": { "内容": "サークル円訪問介護事業所【訪問介護】長野県塩尻市広丘高出１８９２－２", "url": "https://www.kaigokensaku.mhlw.go.jp/20/index.php?action_kouhyou_detail_004_kani=true&JigyosyoCd=2071500215-00&ServiceCd=110&Type=search", "url2": "sakulen@wing.ocn.ne.jp" }, "geometry": { "type": "Point", "coordinates": [ 137.963477600000033, 36.1326149 ] } },
{ "type": "Feature", "properties": { "内容": "ニチイケアセンター広丘【訪問介護】長野県塩尻市大字広丘野村2210大空１０２号", "url": "https://www.kaigokensaku.mhlw.go.jp/20/index.php?action_kouhyou_detail_004_kani=true&JigyosyoCd=2071501007-00&ServiceCd=110&Type=search", "url2": null }, "geometry": { "type": "Point", "coordinates": [ 137.958057, 36.1460495 ] } },
{ "type": "Feature", "properties": { "内容": "ヘルパーステーションこまくさ野村【訪問介護】長野県塩尻市広丘野村2146", "url": "https://www.kaigokensaku.mhlw.go.jp/20/index.php?action_kouhyou_detail_004_kani=true&JigyosyoCd=2071500504-00&ServiceCd=110&Type=search", "url2": "http://www.komakusa-nomura.jp/" }, "geometry": { "type": "Point", "coordinates": [ 137.955408300000045, 36.1485155 ] } },
{ "type": "Feature", "properties": { "内容": "ヘルパーステーションえんれい【訪問介護】長野県塩尻市大字片丘６７７８番地１", "url": "https://www.kaigokensaku.mhlw.go.jp/20/index.php?action_kouhyou_detail_004_kani=true&JigyosyoCd=2071500702-00&ServiceCd=110&Type=search", "url2": "http://www.enrei.or.jp/" }, "geometry": { "type": "Point", "coordinates": [ 137.998207099999945, 36.1525105 ] } },
{ "type": "Feature", "properties": { "内容": "ケアオフィスウィッシュ【訪問介護】長野県塩尻市広丘野村2050-10", "url": "https://www.kaigokensaku.mhlw.go.jp/20/index.php?action_kouhyou_detail_004_kani=true&JigyosyoCd=2071500652-00&ServiceCd=110&Type=search", "url2": "https://www.wish-clover.com/" }, "geometry": { "type": "Point", "coordinates": [ 137.951169809443599, 36.151497869028837 ] } },
{ "type": "Feature", "properties": { "内容": "ヘルパーステーションせせらぎ【訪問介護】長野県塩尻市宗賀１２９８-９２", "url": "https://www.kaigokensaku.mhlw.go.jp/20/index.php?action_kouhyou_detail_004_kani=true&JigyosyoCd=2071500751-00&ServiceCd=110&Type=search", "url2": "http://www.heisei-kai.jp/" }, "geometry": { "type": "Point", "coordinates": [ 137.9315011, 36.1123808 ] } },
{ "type": "Feature", "properties": { "内容": "ヘルパーステーションさくら【訪問介護】長野県佐久市望月285-2養護老人ホーム佐久良荘", "url": "https://www.kaigokensaku.mhlw.go.jp/20/index.php?action_kouhyou_detail_004_kani=true&JigyosyoCd=2071701904-00&ServiceCd=110&Type=search", "url2": "http://www.yuugen-fukushikai.com" }, "geometry": { "type": "Point", "coordinates": [ 138.3577398, 36.2642577 ] } },
{ "type": "Feature", "properties": { "内容": "ヘルパーステーションほのか【訪問介護】長野県佐久市臼田81-1", "url": "https://www.kaigokensaku.mhlw.go.jp/20/index.php?action_kouhyou_detail_004_kani=true&JigyosyoCd=2071701573-00&ServiceCd=110&Type=search", "url2": null }, "geometry": { "type": "Point", "coordinates": [ 138.47855035938565, 36.194888692280223 ] } },
{ "type": "Feature", "properties": { "内容": "ヘルパーステーションフェリーチェ【訪問介護】長野県佐久市佐久平駅北21番4フェリーチェさくだいら", "url": "https://www.kaigokensaku.mhlw.go.jp/20/index.php?action_kouhyou_detail_004_kani=true&JigyosyoCd=2071701060-00&ServiceCd=110&Type=search", "url2": "http://www.shubunkai.or.jp/sakudaira/helper.html" }, "geometry": { "type": "Point", "coordinates": [ 138.461206299999958, 36.2786038 ] } },
{ "type": "Feature", "properties": { "内容": "訪問介護ステーションさくら【訪問介護】長野県佐久市下小田切73", "url": "https://www.kaigokensaku.mhlw.go.jp/20/index.php?action_kouhyou_detail_004_kani=true&JigyosyoCd=2071701409-00&ServiceCd=110&Type=search", "url2": "http://www.amemiya.or.jp/amhp/sakura/index.html" }, "geometry": { "type": "Point", "coordinates": [ 138.4791404, 36.1921826 ] } },
{ "type": "Feature", "properties": { "内容": "ヘルパーステーション中込【訪問介護】長野県佐久市中込3丁目15番地6", "url": "https://www.kaigokensaku.mhlw.go.jp/20/index.php?action_kouhyou_detail_004_kani=true&JigyosyoCd=2071700062-00&ServiceCd=110&Type=search", "url2": "http://www.keijinnet.or.jp/03_01_05_helper.html" }, "geometry": { "type": "Point", "coordinates": [ 138.478742099999977, 36.2280092 ] } },
{ "type": "Feature", "properties": { "内容": "ヘルパーステーション望月【訪問介護】長野県佐久市協和１２６番地３", "url": "https://www.kaigokensaku.mhlw.go.jp/20/index.php?action_kouhyou_detail_004_kani=true&JigyosyoCd=2071701243-00&ServiceCd=110&Type=search", "url2": "http://www.keijinnet.or.jp" }, "geometry": { "type": "Point", "coordinates": [ 138.356625300000019, 36.2627942 ] } },
{ "type": "Feature", "properties": { "内容": "ニチイケアセンターなかごみ【訪問介護】長野県佐久市中込中原３６３９-３５", "url": "https://www.kaigokensaku.mhlw.go.jp/20/index.php?action_kouhyou_detail_004_kani=true&JigyosyoCd=2071700401-00&ServiceCd=110&Type=search", "url2": "http://www.nichiigakkan.co.jp/service/care/home/index.html" }, "geometry": { "type": "Point", "coordinates": [ 138.476261799999946, 36.2287091 ] } },
{ "type": "Feature", "properties": { "内容": "エフビー訪問介護さく【訪問介護】長野県佐久市中込3713-11", "url": "https://www.kaigokensaku.mhlw.go.jp/20/index.php?action_kouhyou_detail_004_kani=true&JigyosyoCd=2071700369-00&ServiceCd=110&Type=search", "url2": "http://www.fb-kaigo.co.jp/service/help.php" }, "geometry": { "type": "Point", "coordinates": [ 138.466585148873946, 36.251849442184927 ] } },
{ "type": "Feature", "properties": { "内容": "ニチイケセンター佐久【訪問介護】長野県佐久市岩村田5010-1", "url": "https://www.kaigokensaku.mhlw.go.jp/20/index.php?action_kouhyou_detail_004_kani=true&JigyosyoCd=2071700252-00&ServiceCd=110&Type=search", "url2": "http://www.nichiigakkan.co.jp/service/care/home/homecare.html" }, "geometry": { "type": "Point", "coordinates": [ 138.473266400000057, 36.2758211 ] } },
{ "type": "Feature", "properties": { "内容": "訪問介護ステーション金木犀【訪問介護】長野県佐久市北川391‐11", "url": "https://www.kaigokensaku.mhlw.go.jp/20/index.php?action_kouhyou_detail_004_kani=true&JigyosyoCd=2071701896-00&ServiceCd=110&Type=search", "url2": null }, "geometry": { "type": "Point", "coordinates": [ 138.479401699999983, 36.1826763 ] } },
{ "type": "Feature", "properties": { "内容": "結の里訪問介護ステーション【訪問介護】長野県佐久市大字伴野２８９８－１", "url": "https://www.kaigokensaku.mhlw.go.jp/20/index.php?action_kouhyou_detail_004_kani=true&JigyosyoCd=2071700898-00&ServiceCd=110&Type=search", "url2": null }, "geometry": { "type": "Point", "coordinates": [ 138.423576899999944, 36.2522169 ] } },
{ "type": "Feature", "properties": { "内容": "ヘルパーステーションのぞみサンピア【訪問介護】長野県佐久市根岸3203-2", "url": "https://www.kaigokensaku.mhlw.go.jp/20/index.php?action_kouhyou_detail_004_kani=true&JigyosyoCd=2071701029-00&ServiceCd=110&Type=search", "url2": "https://nozomi-g.co.jp" }, "geometry": { "type": "Point", "coordinates": [ 138.416398904446396, 36.240438707996006 ] } },
{ "type": "Feature", "properties": { "内容": "さくだいら敬老園　ヘルパーステーション【訪問介護】長野県佐久市佐久平駅北17-4", "url": "https://www.kaigokensaku.mhlw.go.jp/20/index.php?action_kouhyou_detail_004_kani=true&JigyosyoCd=2071701474-00&ServiceCd=110&Type=search", "url2": "p-saku@keiroen.or.jp" }, "geometry": { "type": "Point", "coordinates": [ 138.4610341, 36.2806258 ] } },
{ "type": "Feature", "properties": { "内容": "望月ホームヘルパーステーション結い【訪問介護】長野県佐久市望月317-2佐久市望月総合支援センター　１階", "url": "https://www.kaigokensaku.mhlw.go.jp/20/index.php?action_kouhyou_detail_004_kani=true&JigyosyoCd=2072100460-00&ServiceCd=110&Type=search", "url2": "http://www.yuugen-fukushikai.com/" }, "geometry": { "type": "Point", "coordinates": [ 138.359179386251071, 36.265202031991521 ] } },
{ "type": "Feature", "properties": { "内容": "訪問介護事業所うすだコスモ苑【訪問介護】長野県佐久市臼田86番地", "url": "https://www.kaigokensaku.mhlw.go.jp/20/index.php?action_kouhyou_detail_004_kani=true&JigyosyoCd=2071701599-00&ServiceCd=110&Type=search", "url2": null }, "geometry": { "type": "Point", "coordinates": [ 138.479056500000013, 36.1947654 ] } },
{ "type": "Feature", "properties": { "内容": "訪問介護事業所佐久平高原【訪問介護】長野県佐久市下平尾字宮ノ前303-3", "url": "https://www.kaigokensaku.mhlw.go.jp/20/index.php?action_kouhyou_detail_004_kani=true&JigyosyoCd=2071701326-00&ServiceCd=110&Type=search", "url2": "http://www14.ocn.ne.jp/~sakura-i/" }, "geometry": { "type": "Point", "coordinates": [ 138.501579, 36.276886 ] } },
{ "type": "Feature", "properties": { "内容": "ヘルパーステーションばんり【訪問介護】長野県佐久市長土呂793-12ナチュラルバーデンリゾートばんり", "url": "https://www.kaigokensaku.mhlw.go.jp/20/index.php?action_kouhyou_detail_004_kani=true&JigyosyoCd=2071701813-00&ServiceCd=110&Type=search", "url2": "http://wefuture.co.jp/" }, "geometry": { "type": "Point", "coordinates": [ 138.4731816, 36.2918814 ] } },
{ "type": "Feature", "properties": { "内容": "訪問介護サービス創想【訪問介護】佐久市湯原１５４８-７", "url": "https://www.kaigokensaku.mhlw.go.jp/20/index.php?action_kouhyou_detail_004_kani=true&JigyosyoCd=2071700682-00&ServiceCd=110&Type=search", "url2": null }, "geometry": { "type": "Point", "coordinates": [ 138.456275799999958, 36.1902354 ] } },
{ "type": "Feature", "properties": { "内容": "あんしん介護サービス【訪問介護】長野県佐久市野沢332－1　ウエルガーデン佐久内", "url": "https://www.kaigokensaku.mhlw.go.jp/20/index.php?action_kouhyou_detail_004_kani=true&JigyosyoCd=2071700450-00&ServiceCd=110&Type=search", "url2": null }, "geometry": { "type": "Point", "coordinates": [ 138.46126512202909, 36.226389969189647 ] } },
{ "type": "Feature", "properties": { "内容": "ヘルパーステーションあいわ中込原【訪問介護】長野県佐久市中込２９５５番地ヘルパーステーションあいわ中込原", "url": "https://www.kaigokensaku.mhlw.go.jp/20/index.php?action_kouhyou_detail_004_kani=true&JigyosyoCd=2071701391-00&ServiceCd=110&Type=search", "url2": "http://aiwa-saku.jp/" }, "geometry": { "type": "Point", "coordinates": [ 138.479524699999956, 36.250432099999983 ] } },
{ "type": "Feature", "properties": { "内容": "ヘルパーステーションみまき【訪問介護】長野県佐久市蓬田681－1", "url": "https://www.kaigokensaku.mhlw.go.jp/20/index.php?action_kouhyou_detail_004_kani=true&JigyosyoCd=2071701524-00&ServiceCd=110&Type=search", "url2": null }, "geometry": { "type": "Point", "coordinates": [ 138.393507399999976, 36.2791269 ] } },
{ "type": "Feature", "properties": { "内容": "ホームヘルプセンターのんびり【訪問介護】長野県佐久市甲２９２－１", "url": "https://www.kaigokensaku.mhlw.go.jp/20/index.php?action_kouhyou_detail_004_kani=true&JigyosyoCd=2072100577-00&ServiceCd=110&Type=search", "url2": "http://www.nop-nonbiri.net" }, "geometry": { "type": "Point", "coordinates": [ 138.405162300000029, 36.2558604 ] } },
{ "type": "Feature", "properties": { "内容": "サガラ訪問介護ステーション【訪問介護】長野県佐久市岩村田２２１５－６８", "url": "https://www.kaigokensaku.mhlw.go.jp/20/index.php?action_kouhyou_detail_004_kani=true&JigyosyoCd=2071700245-00&ServiceCd=110&Type=search", "url2": null }, "geometry": { "type": "Point", "coordinates": [ 138.472674909837679, 36.26473348173139 ] } },
{ "type": "Feature", "properties": { "内容": "佐久だいらヘルパーステーション【訪問介護】佐久市常田３２５番地", "url": "https://www.kaigokensaku.mhlw.go.jp/20/index.php?action_kouhyou_detail_004_kani=true&JigyosyoCd=2071700492-00&ServiceCd=110&Type=search", "url2": null }, "geometry": { "type": "Point", "coordinates": [ 138.444977200000039, 36.2761925 ] } },
{ "type": "Feature", "properties": { "内容": "ヘルパーステーション長土呂【訪問介護】長野県佐久市長土呂203番地1", "url": "https://www.kaigokensaku.mhlw.go.jp/20/index.php?action_kouhyou_detail_004_kani=true&JigyosyoCd=2071700534-00&ServiceCd=110&Type=search", "url2": "http://www.keijinnet.or.jp/03_02_03_helper.html" }, "geometry": { "type": "Point", "coordinates": [ 138.475396700000033, 36.2855173 ] } },
{ "type": "Feature", "properties": { "内容": "コスモスケアサービス【訪問介護】長野県佐久市猿久保457-1", "url": "https://www.kaigokensaku.mhlw.go.jp/20/index.php?action_kouhyou_detail_004_kani=true&JigyosyoCd=2071700336-00&ServiceCd=110&Type=search", "url2": null }, "geometry": { "type": "Point", "coordinates": [ 138.476471022090209, 36.259248632741006 ] } },
{ "type": "Feature", "properties": { "内容": "佐久コアラ【訪問介護】長野県佐久市鳴瀬９６３－１", "url": "https://www.kaigokensaku.mhlw.go.jp/20/index.php?action_kouhyou_detail_004_kani=true&JigyosyoCd=2071701797-00&ServiceCd=110&Type=search", "url2": null }, "geometry": { "type": "Point", "coordinates": [ 138.4325148, 36.2547485 ] } },
{ "type": "Feature", "properties": { "内容": "ヘルパーステイションなごみ【訪問介護】長野県佐久市甲1185-3", "url": "https://www.kaigokensaku.mhlw.go.jp/20/index.php?action_kouhyou_detail_004_kani=true&JigyosyoCd=2071701565-00&ServiceCd=110&Type=search", "url2": null }, "geometry": { "type": "Point", "coordinates": [ 138.3969601, 36.2681309 ] } },
{ "type": "Feature", "properties": { "内容": "佐久浅間ヘルパーステーション【訪問介護】長野県佐久市桜井671-1", "url": "https://www.kaigokensaku.mhlw.go.jp/20/index.php?action_kouhyou_detail_004_kani=true&JigyosyoCd=2071701680-00&ServiceCd=110&Type=search", "url2": "http：//www.ja-naganokai.or.jp" }, "geometry": { "type": "Point", "coordinates": [ 138.448664016726838, 36.238104277867961 ] } },
{ "type": "Feature", "properties": { "内容": "穂乃里　訪問介護【訪問介護】長野県佐久市小宮山148", "url": "https://www.kaigokensaku.mhlw.go.jp/20/index.php?action_kouhyou_detail_004_kani=true&JigyosyoCd=2071701094-00&ServiceCd=110&Type=search", "url2": null }, "geometry": { "type": "Point", "coordinates": [ 138.46510509999996, 36.2073195 ] } },
{ "type": "Feature", "properties": { "内容": "(株)　歩夢ヘルパーステーション【訪問介護】長野県千曲市桜堂２４３番地５", "url": "https://www.kaigokensaku.mhlw.go.jp/20/index.php?action_kouhyou_detail_004_kani=true&JigyosyoCd=2071801084-00&ServiceCd=110&Type=search", "url2": "ayumu-hst@outlook.jp" }, "geometry": { "type": "Point", "coordinates": [ 138.124440542327903, 36.525349578376357 ] } },
{ "type": "Feature", "properties": { "内容": "森と人と訪問介護事業所【訪問介護】千曲市八幡985-6", "url": "https://www.kaigokensaku.mhlw.go.jp/20/index.php?action_kouhyou_detail_004_kani=true&JigyosyoCd=2071800953-00&ServiceCd=110&Type=search", "url2": null }, "geometry": { "type": "Point", "coordinates": [ 138.08283320000001, 36.511452800000015 ] } },
{ "type": "Feature", "properties": { "内容": "訪問介護ステーション治田の里【訪問介護】長野県千曲市大字稲荷山１７８０", "url": "https://www.kaigokensaku.mhlw.go.jp/20/index.php?action_kouhyou_detail_004_kani=true&JigyosyoCd=2071800318-00&ServiceCd=110&Type=search", "url2": "http://www.harutanosato.com/" }, "geometry": { "type": "Point", "coordinates": [ 138.099195799999961, 36.5334514 ] } },
{ "type": "Feature", "properties": { "内容": "社会福祉法人千寿会ヘルパーステーションちくま【訪問介護】長野県千曲市大字戸倉２４４０－１", "url": "https://www.kaigokensaku.mhlw.go.jp/20/index.php?action_kouhyou_detail_004_kani=true&JigyosyoCd=2073100154-00&ServiceCd=110&Type=search", "url2": "https://sites.google.com/site/carehousetikuma/home" }, "geometry": { "type": "Point", "coordinates": [ 138.146465400000011, 36.4898216 ] } },
{ "type": "Feature", "properties": { "内容": "ウェルネスライフ千曲【訪問介護】長野県千曲市上徳間606－3", "url": "https://www.kaigokensaku.mhlw.go.jp/20/index.php?action_kouhyou_detail_004_kani=true&JigyosyoCd=2071800011-00&ServiceCd=110&Type=search", "url2": "https://wellnesslife.info/company.php" }, "geometry": { "type": "Point", "coordinates": [ 138.140447, 36.5004732 ] } },
{ "type": "Feature", "properties": { "内容": "森の里ホームヘルプステーション【訪問介護】長野県千曲市大字森字青田1024番地3", "url": "https://www.kaigokensaku.mhlw.go.jp/20/index.php?action_kouhyou_detail_004_kani=true&JigyosyoCd=2071600056-00&ServiceCd=110&Type=search", "url2": "http://www.taishikai.or.jp/" }, "geometry": { "type": "Point", "coordinates": [ 138.148796707623319, 36.526913440865052 ] } },
{ "type": "Feature", "properties": { "内容": "ニチイケアセンター戸上【訪問介護】長野県千曲市大字力石1-1", "url": "https://www.kaigokensaku.mhlw.go.jp/20/index.php?action_kouhyou_detail_004_kani=true&JigyosyoCd=2071800565-00&ServiceCd=110&Type=search", "url2": "http://www.nichiigakkan.co.jp/service/care/home/homecare.html" }, "geometry": { "type": "Point", "coordinates": [ 138.159499699999969, 36.4633496 ] } },
{ "type": "Feature", "properties": { "内容": "ヘルパーステーション埴生【訪問介護】長野県千曲市鋳物師屋357", "url": "https://www.kaigokensaku.mhlw.go.jp/20/index.php?action_kouhyou_detail_004_kani=true&JigyosyoCd=2071800466-00&ServiceCd=110&Type=search", "url2": null }, "geometry": { "type": "Point", "coordinates": [ 138.127301399999965, 36.5175431 ] } },
{ "type": "Feature", "properties": { "内容": "アップル訪問介護事業所【訪問介護】長野県千曲市屋代１１６５", "url": "https://www.kaigokensaku.mhlw.go.jp/20/index.php?action_kouhyou_detail_004_kani=true&JigyosyoCd=2071800573-00&ServiceCd=110&Type=search", "url2": null }, "geometry": { "type": "Point", "coordinates": [ 138.134035159359883, 36.546691612592603 ] } },
{ "type": "Feature", "properties": { "内容": "千曲市社会福祉協議会ヘルパーステーション【訪問介護】長野県千曲市大字磯部1110-1", "url": "https://www.kaigokensaku.mhlw.go.jp/20/index.php?action_kouhyou_detail_004_kani=true&JigyosyoCd=2071800094-00&ServiceCd=110&Type=search", "url2": "https://chikuma-shakyo.jp" }, "geometry": { "type": "Point", "coordinates": [ 138.1210383, 36.5331382 ] } },
{ "type": "Feature", "properties": { "内容": "ニチイケアセンターちくま【訪問介護】長野県千曲市桜堂356-13号", "url": "https://www.kaigokensaku.mhlw.go.jp/20/index.php?action_kouhyou_detail_004_kani=true&JigyosyoCd=2071801035-00&ServiceCd=110&Type=search", "url2": "https://www.nichiigakkan.co.jp/" }, "geometry": { "type": "Point", "coordinates": [ 138.1216302, 36.5296326 ] } },
{ "type": "Feature", "properties": { "内容": "サクラポート力石【訪問介護】長野県千曲市力石485-4", "url": "https://www.kaigokensaku.mhlw.go.jp/20/index.php?action_kouhyou_detail_004_kani=true&JigyosyoCd=2071800722-00&ServiceCd=110&Type=search", "url2": "http://www.sakura-care.co.jp/" }, "geometry": { "type": "Point", "coordinates": [ 138.164769, 36.4565116 ] } },
{ "type": "Feature", "properties": { "内容": "ゆうゆうネットワーク千曲【訪問介護】長野県千曲市大字小島3136番2", "url": "https://www.kaigokensaku.mhlw.go.jp/20/index.php?action_kouhyou_detail_004_kani=true&JigyosyoCd=2071800516-00&ServiceCd=110&Type=search", "url2": null }, "geometry": { "type": "Point", "coordinates": [ 138.126859834989574, 36.531933528887848 ] } },
{ "type": "Feature", "properties": { "内容": "ニチイケアセンター聖【訪問介護】長野県千曲市八幡３５３８－１", "url": "https://www.kaigokensaku.mhlw.go.jp/20/index.php?action_kouhyou_detail_004_kani=true&JigyosyoCd=2071600189-00&ServiceCd=110&Type=search", "url2": "http://www.nichiigakkan.co.jp/service/care/home/homecare.html" }, "geometry": { "type": "Point", "coordinates": [ 138.100879, 36.5146839 ] } },
{ "type": "Feature", "properties": { "内容": "ヘルパーセンター上山田【訪問介護】長野県千曲市上山田温泉3－34－3", "url": "https://www.kaigokensaku.mhlw.go.jp/20/index.php?action_kouhyou_detail_004_kani=true&JigyosyoCd=2071800482-00&ServiceCd=110&Type=search", "url2": null }, "geometry": { "type": "Point", "coordinates": [ 138.145809667459133, 36.475374358845755 ] } },
{ "type": "Feature", "properties": { "内容": "介護サービス　ほっとスマイル【訪問介護】長野県東御市和　１９６４番地", "url": "https://www.kaigokensaku.mhlw.go.jp/20/index.php?action_kouhyou_detail_004_kani=true&JigyosyoCd=2071900175-00&ServiceCd=110&Type=search", "url2": "https://www.hotto-smile.com" }, "geometry": { "type": "Point", "coordinates": [ 138.309802102796993, 36.373680465284032 ] } },
{ "type": "Feature", "properties": { "内容": "医療法人緑風会　訪問ヘルプねつ【訪問介護】長野県東御市祢津３４６-１", "url": "https://www.kaigokensaku.mhlw.go.jp/20/index.php?action_kouhyou_detail_004_kani=true&JigyosyoCd=2072200146-00&ServiceCd=110&Type=search", "url2": "http://www.ryokufuukai.or.jp/group.html" }, "geometry": { "type": "Point", "coordinates": [ 138.3574145, 36.3691518 ] } },
{ "type": "Feature", "properties": { "内容": "ニチイケアセンターかのう【訪問介護】長野県東御市海善寺854-123クリオ海善寺　101号室", "url": "https://www.kaigokensaku.mhlw.go.jp/20/index.php?action_kouhyou_detail_004_kani=true&JigyosyoCd=2071900365-00&ServiceCd=110&Type=search", "url2": null }, "geometry": { "type": "Point", "coordinates": [ 138.318791, 36.3662494 ] } },
{ "type": "Feature", "properties": { "内容": "ニチイケアセンターとうみ【訪問介護】長野県東御市加沢1174-2", "url": "https://www.kaigokensaku.mhlw.go.jp/20/index.php?action_kouhyou_detail_004_kani=true&JigyosyoCd=2072200609-00&ServiceCd=110&Type=search", "url2": null }, "geometry": { "type": "Point", "coordinates": [ 138.348110099999985, 36.3542395 ] } },
{ "type": "Feature", "properties": { "内容": "ホームヘルパーステーションみまき【訪問介護】長野県東御市布下３７", "url": "https://www.kaigokensaku.mhlw.go.jp/20/index.php?action_kouhyou_detail_004_kani=true&JigyosyoCd=2072100148-00&ServiceCd=110&Type=search", "url2": "http://www.cpmimaki.or.jp/care_hkaigo.php" }, "geometry": { "type": "Point", "coordinates": [ 138.360304300000053, 36.3358643 ] } },
{ "type": "Feature", "properties": { "内容": "訪問介護事業所安曇寮【訪問介護】長野県安曇野市穂高４７９０", "url": "https://www.kaigokensaku.mhlw.go.jp/20/index.php?action_kouhyou_detail_004_kani=true&JigyosyoCd=2074001211-00&ServiceCd=110&Type=search", "url2": "www.azuminofukushi.com" }, "geometry": { "type": "Point", "coordinates": [ 137.890950299999986, 36.344356900000029 ] } },
{ "type": "Feature", "properties": { "内容": "訪問介護事業所きずな安曇野店【訪問介護】長野県安曇野市豊科4681-26", "url": "https://www.kaigokensaku.mhlw.go.jp/20/index.php?action_kouhyou_detail_004_kani=true&JigyosyoCd=2074001278-00&ServiceCd=110&Type=search", "url2": "https://kizuna-nov.com/" }, "geometry": { "type": "Point", "coordinates": [ 137.9028674, 36.299123 ] } },
{ "type": "Feature", "properties": { "内容": "訪問介護ステーションうたたね【訪問介護】長野県安曇野市穂高５９７２－１白い館ビル１０１", "url": "https://www.kaigokensaku.mhlw.go.jp/20/index.php?action_kouhyou_detail_004_kani=true&JigyosyoCd=2074001112-00&ServiceCd=110&Type=search", "url2": "https://www.ut-nagano.com/" }, "geometry": { "type": "Point", "coordinates": [ 137.848217466230381, 36.313303514403486 ] } },
{ "type": "Feature", "properties": { "内容": "ヘルパーステーションあずみの里【訪問介護】長野県安曇野市豊科高家5285-11", "url": "https://www.kaigokensaku.mhlw.go.jp/20/index.php?action_kouhyou_detail_004_kani=true&JigyosyoCd=2072800424-00&ServiceCd=110&Type=search", "url2": "http://www18.ocn.ne.jp/~azumino1/kyouritsufukushikai/index.html" }, "geometry": { "type": "Point", "coordinates": [ 137.916107799999963, 36.2474265 ] } },
{ "type": "Feature", "properties": { "内容": "ヘルパーステーションまがりっと【訪問介護】長野県安曇野市三郷温２１９３番地1", "url": "https://www.kaigokensaku.mhlw.go.jp/20/index.php?action_kouhyou_detail_004_kani=true&JigyosyoCd=2074000452-00&ServiceCd=110&Type=search", "url2": null }, "geometry": { "type": "Point", "coordinates": [ 137.883415900000045, 36.255666300000016 ] } },
{ "type": "Feature", "properties": { "内容": "サンクスホームヘルプステーション【訪問介護】長野県安曇野市穂高有明9990-1", "url": "https://www.kaigokensaku.mhlw.go.jp/20/index.php?action_kouhyou_detail_004_kani=true&JigyosyoCd=2074000601-00&ServiceCd=110&Type=search", "url2": "https://thanks-saiwainomachi.com" }, "geometry": { "type": "Point", "coordinates": [ 137.861602848535085, 36.346143377099509 ] } },
{ "type": "Feature", "properties": { "内容": "安曇野市社協ホームヘルプセンター北部【訪問介護】長野県安曇野市穂高5808-1", "url": "https://www.kaigokensaku.mhlw.go.jp/20/index.php?action_kouhyou_detail_004_kani=true&JigyosyoCd=2072800291-00&ServiceCd=110&Type=search", "url2": null }, "geometry": { "type": "Point", "coordinates": [ 137.870917, 36.3379931 ] } },
{ "type": "Feature", "properties": { "内容": "訪問介護ステーションみどり【訪問介護】長野県安曇野市堀金烏川1079-1", "url": "https://www.kaigokensaku.mhlw.go.jp/20/index.php?action_kouhyou_detail_004_kani=true&JigyosyoCd=2074000171-00&ServiceCd=110&Type=search", "url2": "http://www.soumeikai.net/" }, "geometry": { "type": "Point", "coordinates": [ 137.85011570000006, 36.3045463 ] } },
{ "type": "Feature", "properties": { "内容": "ヘルパーステーションアルメリア【訪問介護】長野県安曇野市穂高有明5718-202住宅型有料老人ホームアルメリア", "url": "https://www.kaigokensaku.mhlw.go.jp/20/index.php?action_kouhyou_detail_004_kani=true&JigyosyoCd=2074001062-00&ServiceCd=110&Type=search", "url2": "http://www.almeria-inc.com/" }, "geometry": { "type": "Point", "coordinates": [ 137.852802700000012, 36.3849096 ] } },
{ "type": "Feature", "properties": { "内容": "訪問介護事業所カレン【訪問介護】長野県安曇野市豊科高家1071-59住宅型有料老人ホーム　ラビオラ豊科", "url": "https://www.kaigokensaku.mhlw.go.jp/20/index.php?action_kouhyou_detail_004_kani=true&JigyosyoCd=2074000973-00&ServiceCd=110&Type=search", "url2": "https://okubo-mc.jp/viola" }, "geometry": { "type": "Point", "coordinates": [ 137.9219995, 36.255617900000011 ] } },
{ "type": "Feature", "properties": { "内容": "せいらケアステーション【訪問介護】長野県安曇野市豊科4469", "url": "https://www.kaigokensaku.mhlw.go.jp/20/index.php?action_kouhyou_detail_004_kani=true&JigyosyoCd=2074001302-00&ServiceCd=110&Type=search", "url2": "http://www3.ic-net.or.jp/~seilla/index.html" }, "geometry": { "type": "Point", "coordinates": [ 137.905813200000011, 36.2973406 ] } },
{ "type": "Feature", "properties": { "内容": "すみれヘルパーステーション【訪問介護】長野県安曇野市穂高1380はうすあづみＡ棟106号", "url": "https://www.kaigokensaku.mhlw.go.jp/20/index.php?action_kouhyou_detail_004_kani=true&JigyosyoCd=2074001161-00&ServiceCd=110&Type=search", "url2": null }, "geometry": { "type": "Point", "coordinates": [ 137.8773175, 36.3368308 ] } },
{ "type": "Feature", "properties": { "内容": "安曇野市社協ホームヘルプセンター東部【訪問介護】長野県安曇野市明科東川手606-2", "url": "https://www.kaigokensaku.mhlw.go.jp/20/index.php?action_kouhyou_detail_004_kani=true&JigyosyoCd=2072700384-00&ServiceCd=110&Type=search", "url2": null }, "geometry": { "type": "Point", "coordinates": [ 137.932997399999977, 36.3598006 ] } },
{ "type": "Feature", "properties": { "内容": "ヘルパーステーションひまわり【訪問介護】長野県安曇野市穂高北穂高3000-1", "url": "https://www.kaigokensaku.mhlw.go.jp/20/index.php?action_kouhyou_detail_004_kani=true&JigyosyoCd=2072800390-00&ServiceCd=110&Type=search", "url2": "http://www.hima-sun.com/" }, "geometry": { "type": "Point", "coordinates": [ 137.875624499999958, 36.3704282 ] } },
{ "type": "Feature", "properties": { "内容": "安曇野市社協ホームヘルプセンター南部【訪問介護】長野県安曇野市三郷明盛2198-1", "url": "https://www.kaigokensaku.mhlw.go.jp/20/index.php?action_kouhyou_detail_004_kani=true&JigyosyoCd=2072800127-00&ServiceCd=110&Type=search", "url2": "https://azuminoshakyo.jp/" }, "geometry": { "type": "Point", "coordinates": [ 137.892956599999934, 36.2659153 ] } },
{ "type": "Feature", "properties": { "内容": "ヘルパーステーション　アイ・ユーほたか【訪問介護】長野県安曇野市穂高4563-7", "url": "https://www.kaigokensaku.mhlw.go.jp/20/index.php?action_kouhyou_detail_004_kani=true&JigyosyoCd=2072800408-00&ServiceCd=110&Type=search", "url2": "http://ｉ-ｙｏｕ-ｋａｉ.ｊｐ/ｃｏｎｔａｃｔ.ｈｔｍｌ" }, "geometry": { "type": "Point", "coordinates": [ 137.886165965606665, 36.342972220953264 ] } },
{ "type": "Feature", "properties": { "内容": "ニチイケアセンター安曇野光【訪問介護】長野県安曇野市豊科田沢4599-1", "url": "https://www.kaigokensaku.mhlw.go.jp/20/index.php?action_kouhyou_detail_004_kani=true&JigyosyoCd=2074000544-00&ServiceCd=110&Type=search", "url2": null }, "geometry": { "type": "Point", "coordinates": [ 137.934684800000014, 36.3107649 ] } },
{ "type": "Feature", "properties": { "内容": "ヘルパーステーション楓【訪問介護】長野県安曇野市明科中川手１６６８－２プレンテイー内川", "url": "https://www.kaigokensaku.mhlw.go.jp/20/index.php?action_kouhyou_detail_004_kani=true&JigyosyoCd=2074000239-00&ServiceCd=110&Type=search", "url2": "http://www.kaede.link/" }, "geometry": { "type": "Point", "coordinates": [ 137.924859800000036, 36.3427719 ] } },
{ "type": "Feature", "properties": { "内容": "安曇野南訪問介護ステーション【訪問介護】長野県安曇野市三郷明盛１４９１ミサトピアロピテル一日市場", "url": "https://www.kaigokensaku.mhlw.go.jp/20/index.php?action_kouhyou_detail_004_kani=true&JigyosyoCd=2072800150-00&ServiceCd=110&Type=search", "url2": "http://park17.wakwak.com/~nanatunokane/helper.html" }, "geometry": { "type": "Point", "coordinates": [ 137.903168491620363, 36.258921104146594 ] } },
{ "type": "Feature", "properties": { "内容": "ヘルパーステーション　アモレ【訪問介護】長野県安曇野市明科中川手4460-1", "url": "https://www.kaigokensaku.mhlw.go.jp/20/index.php?action_kouhyou_detail_004_kani=true&JigyosyoCd=2074001260-00&ServiceCd=110&Type=search", "url2": null }, "geometry": { "type": "Point", "coordinates": [ 137.931300750756037, 36.357641974887656 ] } },
{ "type": "Feature", "properties": { "内容": "訪問介護サービスからだ堂【訪問介護】長野県豊科5946番地1吉原ビル2階", "url": "https://www.kaigokensaku.mhlw.go.jp/20/index.php?action_kouhyou_detail_004_kani=true&JigyosyoCd=2074000288-00&ServiceCd=110&Type=search", "url2": "https://karada-do.com/" }, "geometry": { "type": "Point", "coordinates": [ 137.902495700000031, 36.3028871 ] } },
{ "type": "Feature", "properties": { "内容": "ほっと・はあとヘルパーステーションほたか【訪問介護】長野県安曇野市豊科5274-1むつみの郷とよしな", "url": "https://www.kaigokensaku.mhlw.go.jp/20/index.php?action_kouhyou_detail_004_kani=true&JigyosyoCd=2074000304-00&ServiceCd=110&Type=search", "url2": "http://hot-h.net/" }, "geometry": { "type": "Point", "coordinates": [ 137.899535965650898, 36.308556397413163 ] } },
{ "type": "Feature", "properties": { "内容": "訪問介護ステーションアリス【訪問介護】長野県安曇野市穂高柏原１５４２-6", "url": "https://www.kaigokensaku.mhlw.go.jp/20/index.php?action_kouhyou_detail_004_kani=true&JigyosyoCd=2074000965-00&ServiceCd=110&Type=search", "url2": "http://www.alice-azu.com" }, "geometry": { "type": "Point", "coordinates": [ 137.8854852, 36.3302349 ] } },
{ "type": "Feature", "properties": { "内容": "ヘルパーステーションゆうり【訪問介護】長野県安曇野市穂高北穂高1811番地9", "url": "https://www.kaigokensaku.mhlw.go.jp/20/index.php?action_kouhyou_detail_004_kani=true&JigyosyoCd=2074001120-00&ServiceCd=110&Type=search", "url2": "yuuri503503@gmail.com" }, "geometry": { "type": "Point", "coordinates": [ 137.881588174621584, 36.357817016965662 ] } },
{ "type": "Feature", "properties": { "内容": "ＪＡあづみ指定訪問介護事業所【訪問介護】長野県安曇野市豊科南穂高2728-1", "url": "https://www.kaigokensaku.mhlw.go.jp/20/index.php?action_kouhyou_detail_004_kani=true&JigyosyoCd=2072800218-00&ServiceCd=110&Type=search", "url2": "http://www.ja-azm.iijan.or.jp/" }, "geometry": { "type": "Point", "coordinates": [ 137.911070728064004, 36.308875672665984 ] } },
{ "type": "Feature", "properties": { "内容": "社会福祉法人小海町社会福祉協議会【訪問介護】長野県南佐久郡小海町豊里８０５番地", "url": "https://www.kaigokensaku.mhlw.go.jp/20/index.php?action_kouhyou_detail_004_kani=true&JigyosyoCd=2072000074-00&ServiceCd=110&Type=search", "url2": null }, "geometry": { "type": "Point", "coordinates": [ 138.4803316, 36.0836593 ] } },
{ "type": "Feature", "properties": { "内容": "川上村社会福祉協議会指定訪問介護事業所【訪問介護】長野県南佐久郡川上村大字原３１２番地（川上村ﾃﾞｲｻｰﾋﾞｽセンター内）川上村ﾃﾞｲｻｰﾋﾞｽセンター内", "url": "https://www.kaigokensaku.mhlw.go.jp/20/index.php?action_kouhyou_detail_004_kani=true&JigyosyoCd=2072000066-00&ServiceCd=110&Type=search", "url2": "http://www.kawakami-shakyo.jp/katudou/kaigohoken.htm" }, "geometry": { "type": "Point", "coordinates": [ 138.5477548, 35.9685684 ] } },
{ "type": "Feature", "properties": { "内容": "介護サービスかたくり【訪問介護】長野県南佐久郡南牧村大字海ノ口983番地4", "url": "https://www.kaigokensaku.mhlw.go.jp/20/index.php?action_kouhyou_detail_004_kani=true&JigyosyoCd=2072000611-00&ServiceCd=110&Type=search", "url2": null }, "geometry": { "type": "Point", "coordinates": [ 138.49038733686217, 36.02268140385339 ] } },
{ "type": "Feature", "properties": { "内容": "ヘルパーステーション優しい風【訪問介護】長野県南佐久郡南牧村大字野辺山108番地5", "url": "https://www.kaigokensaku.mhlw.go.jp/20/index.php?action_kouhyou_detail_004_kani=true&JigyosyoCd=2072000769-00&ServiceCd=110&Type=search", "url2": null }, "geometry": { "type": "Point", "coordinates": [ 138.469311894449106, 35.955867956337165 ] } },
{ "type": "Feature", "properties": { "内容": "佐久穂町社会福祉協議会指定訪問介護事業所【訪問介護】長野県南佐久郡佐久穂町大字畑660", "url": "https://www.kaigokensaku.mhlw.go.jp/20/index.php?action_kouhyou_detail_004_kani=true&JigyosyoCd=2072000561-00&ServiceCd=110&Type=search", "url2": null }, "geometry": { "type": "Point", "coordinates": [ 138.471159199999988, 36.143355 ] } },
{ "type": "Feature", "properties": { "内容": "ニチイケアセンター佐久穂【訪問介護】長野県南佐久郡佐久穂町大字穂積1588-1ＩＳコーポＢ101", "url": "https://www.kaigokensaku.mhlw.go.jp/20/index.php?action_kouhyou_detail_004_kani=true&JigyosyoCd=2072000744-00&ServiceCd=110&Type=search", "url2": "hstv16＠nichiigakkan.co.jp" }, "geometry": { "type": "Point", "coordinates": [ 138.4937213, 36.1233995 ] } },
{ "type": "Feature", "properties": { "内容": "静山荘ホームヘルプサービス【訪問介護】北佐久郡軽井沢町大字追分１７１０番地１静山荘", "url": "https://www.kaigokensaku.mhlw.go.jp/20/index.php?action_kouhyou_detail_004_kani=true&JigyosyoCd=2072100650-00&ServiceCd=110&Type=search", "url2": "http://www.karuizawa-seizanso.com" }, "geometry": { "type": "Point", "coordinates": [ 138.525227189549241, 36.341251715790186 ] } },
{ "type": "Feature", "properties": { "内容": "ふれあい軽井沢ﾍﾙﾊﾟｰｽﾃｰｼｮﾝ【訪問介護】長野県北佐久郡軽井沢町追分1355-1", "url": "https://www.kaigokensaku.mhlw.go.jp/20/index.php?action_kouhyou_detail_004_kani=true&JigyosyoCd=2072100924-00&ServiceCd=110&Type=search", "url2": "http://hanawa878.co.jp" }, "geometry": { "type": "Point", "coordinates": [ 138.530186508598348, 36.34030447646947 ] } },
{ "type": "Feature", "properties": { "内容": "社会福祉法人軽井沢町社会福祉協議会【訪問介護】長野県北佐久郡軽井沢町大字長倉字水名畑4844-1軽井沢町保健福祉複合施設「木もれ陽の里」", "url": "https://www.kaigokensaku.mhlw.go.jp/20/index.php?action_kouhyou_detail_004_kani=true&JigyosyoCd=2072100015-00&ServiceCd=110&Type=search", "url2": "http://www.karuizawashakyo.com/" }, "geometry": { "type": "Point", "coordinates": [ 138.562297599999965, 36.3347677 ] } },
{ "type": "Feature", "properties": { "内容": "ニチイケアセンター中軽井沢【訪問介護】長野県北佐久郡軽井沢町中軽井沢24-1中軽井沢テラス1号棟", "url": "https://www.kaigokensaku.mhlw.go.jp/20/index.php?action_kouhyou_detail_004_kani=true&JigyosyoCd=2072100908-00&ServiceCd=110&Type=search", "url2": null }, "geometry": { "type": "Point", "coordinates": [ 138.5916621, 36.3502039 ] } },
{ "type": "Feature", "properties": { "内容": "ニチイケアセンターみよた【訪問介護】長野県北佐久郡御代田町大字馬瀬口1712-1", "url": "https://www.kaigokensaku.mhlw.go.jp/20/index.php?action_kouhyou_detail_004_kani=true&JigyosyoCd=2072100676-00&ServiceCd=110&Type=search", "url2": "http://www.nichiigakkan.co.jp/service/care/home/homecare.html" }, "geometry": { "type": "Point", "coordinates": [ 138.510672699999986, 36.3260519 ] } },
{ "type": "Feature", "properties": { "内容": "社会福祉法人御代田町社会福祉協議会ハートピアみよた【訪問介護】長野県北佐久郡御代田町大字御代田１７７２－１", "url": "https://www.kaigokensaku.mhlw.go.jp/20/index.php?action_kouhyou_detail_004_kani=true&JigyosyoCd=2072100023-00&ServiceCd=110&Type=search", "url2": "http:/w1.avis.ne.jp/~m-shakyo/" }, "geometry": { "type": "Point", "coordinates": [ 138.497910899999965, 36.3089873 ] } },
{ "type": "Feature", "properties": { "内容": "訪問介護ステーションつばさ【訪問介護】長野県北佐久郡御代田町大字御代田2422番地83林ビル　２F", "url": "https://www.kaigokensaku.mhlw.go.jp/20/index.php?action_kouhyou_detail_004_kani=true&JigyosyoCd=2071700930-00&ServiceCd=110&Type=search", "url2": null }, "geometry": { "type": "Point", "coordinates": [ 138.505656899999963, 36.3182279 ] } },
{ "type": "Feature", "properties": { "内容": "訪問介護ステーションたいよう【訪問介護】長野県北佐久郡御代田町馬瀬口518-7", "url": "https://www.kaigokensaku.mhlw.go.jp/20/index.php?action_kouhyou_detail_004_kani=true&JigyosyoCd=2072100700-00&ServiceCd=110&Type=search", "url2": "https://kaigo-san-group.com/" }, "geometry": { "type": "Point", "coordinates": [ 138.503469684947163, 36.31818854017672 ] } },
{ "type": "Feature", "properties": { "内容": "ヘルパーステーション　たてしな【訪問介護】長野県北佐久郡立科町大字芦田720－1", "url": "https://www.kaigokensaku.mhlw.go.jp/20/index.php?action_kouhyou_detail_004_kani=true&JigyosyoCd=2072100742-00&ServiceCd=110&Type=search", "url2": "http://www.hc-tateshina.jp" }, "geometry": { "type": "Point", "coordinates": [ 138.31176640000001, 36.2814159 ] } },
{ "type": "Feature", "properties": { "内容": "社会福祉法人大樹会ラポートあおき【訪問介護】長野県小県郡青木村大字田沢３４０２－１", "url": "https://www.kaigokensaku.mhlw.go.jp/20/index.php?action_kouhyou_detail_004_kani=true&JigyosyoCd=2072200088-00&ServiceCd=110&Type=search", "url2": "http://daijukai.or.jp/" }, "geometry": { "type": "Point", "coordinates": [ 138.121176399999968, 36.3691903 ] } },
{ "type": "Feature", "properties": { "内容": "月岡ケアサービス訪問介護事業所【訪問介護】長野県諏訪郡下諏訪町東赤砂4699-15", "url": "https://www.kaigokensaku.mhlw.go.jp/20/index.php?action_kouhyou_detail_004_kani=true&JigyosyoCd=2072300284-00&ServiceCd=110&Type=search", "url2": "http://www.tsukioka-care.com/" }, "geometry": { "type": "Point", "coordinates": [ 138.0822657, 36.0661777 ] } },
{ "type": "Feature", "properties": { "内容": "社会福祉法人下諏訪町社会福祉協議会【訪問介護】長野県諏訪郡下諏訪町162番地4", "url": "https://www.kaigokensaku.mhlw.go.jp/20/index.php?action_kouhyou_detail_004_kani=true&JigyosyoCd=2072300029-00&ServiceCd=110&Type=search", "url2": "http://www.shakyo-shimosuwa.or.jp/contents/05_02_houmon.html" }, "geometry": { "type": "Point", "coordinates": [ 138.090683799999965, 36.0713938 ] } },
{ "type": "Feature", "properties": { "内容": "指定訪問介護事業所カーサ・デ・ソル【訪問介護】長野県郡下諏訪町南四王6150－4カーサ・デ・ソル湖浜", "url": "https://www.kaigokensaku.mhlw.go.jp/20/index.php?action_kouhyou_detail_004_kani=true&JigyosyoCd=2072300490-00&ServiceCd=110&Type=search", "url2": "http://casadelsol.jp/kohama/" }, "geometry": { "type": "Point", "coordinates": [ 138.089252713105822, 36.065572713576621 ] } },
{ "type": "Feature", "properties": { "内容": "諏訪共立ヘルパーステーション【訪問介護】長野県諏訪郡下諏訪町西弥生町4928-1", "url": "https://www.kaigokensaku.mhlw.go.jp/20/index.php?action_kouhyou_detail_004_kani=true&JigyosyoCd=2072300235-00&ServiceCd=110&Type=search", "url2": "http://www.skhp.or.jp/minami/helper.html" }, "geometry": { "type": "Point", "coordinates": [ 138.079344699999979, 36.0765111 ] } },
{ "type": "Feature", "properties": { "内容": "株式会社ケアサポートふきのとう【訪問介護】長野県諏訪郡下諏訪町御田町3134-7", "url": "https://www.kaigokensaku.mhlw.go.jp/20/index.php?action_kouhyou_detail_004_kani=true&JigyosyoCd=2072300524-00&ServiceCd=110&Type=search", "url2": "https://www.fukinotou.ne.jp" }, "geometry": { "type": "Point", "coordinates": [ 138.086727399999972, 36.0754892 ] } },
{ "type": "Feature", "properties": { "内容": "ヘルパーステーション　春うらら【訪問介護】長野県諏訪郡下諏訪町5869", "url": "https://www.kaigokensaku.mhlw.go.jp/20/index.php?action_kouhyou_detail_004_kani=true&JigyosyoCd=2072300847-00&ServiceCd=110&Type=search", "url2": null }, "geometry": { "type": "Point", "coordinates": [ 138.092020396386687, 36.07487065897115 ] } },
{ "type": "Feature", "properties": { "内容": "うえむら訪問介護信州事業所【訪問介護】長野県諏訪郡富士見町富士見3973-1グリーンハイツ２０１号", "url": "https://www.kaigokensaku.mhlw.go.jp/20/index.php?action_kouhyou_detail_004_kani=true&JigyosyoCd=2072300896-00&ServiceCd=110&Type=search", "url2": "https://www.upvillage-llc.com/" }, "geometry": { "type": "Point", "coordinates": [ 138.2301402, 35.9102332 ] } },
{ "type": "Feature", "properties": { "内容": "あくしすヘルパーステーション【訪問介護】長野県諏訪郡富士見町富士見１１５１７－３", "url": "https://www.kaigokensaku.mhlw.go.jp/20/index.php?action_kouhyou_detail_004_kani=true&JigyosyoCd=2072300854-00&ServiceCd=110&Type=search", "url2": "https://axis-jp.co.jp" }, "geometry": { "type": "Point", "coordinates": [ 138.2299408, 35.9182573 ] } },
{ "type": "Feature", "properties": { "内容": "富士見町社会福祉協議会ふれあい訪問介護事業所【訪問介護】長野県諏訪郡富士見町富士見８９８８－１", "url": "https://www.kaigokensaku.mhlw.go.jp/20/index.php?action_kouhyou_detail_004_kani=true&JigyosyoCd=2072300102-00&ServiceCd=110&Type=search", "url2": "http://fujimi-shakyo.jp/" }, "geometry": { "type": "Point", "coordinates": [ 138.214877900000033, 35.91390990000005 ] } },
{ "type": "Feature", "properties": { "内容": "富士見町社会福祉協議会清泉荘訪問介護事業所【訪問介護】長野県諏訪郡富士見町境７２７６", "url": "https://www.kaigokensaku.mhlw.go.jp/20/index.php?action_kouhyou_detail_004_kani=true&JigyosyoCd=2072300417-00&ServiceCd=110&Type=search", "url2": "http://fujimi-shakyo.jp/" }, "geometry": { "type": "Point", "coordinates": [ 138.278365500000064, 35.8823495 ] } },
{ "type": "Feature", "properties": { "内容": "かぶしきかいしゃ　すずらん【訪問介護】長野県諏訪郡富士見町落合10787-1シャトー白樺G101", "url": "https://www.kaigokensaku.mhlw.go.jp/20/index.php?action_kouhyou_detail_004_kani=true&JigyosyoCd=2072300912-00&ServiceCd=110&Type=search", "url2": null }, "geometry": { "type": "Point", "coordinates": [ 138.2412457, 35.916838 ] } },
{ "type": "Feature", "properties": { "内容": "原村ホームヘルプサービス【訪問介護】長野県諏訪郡原村6649番地3原村地域福祉センター", "url": "https://www.kaigokensaku.mhlw.go.jp/20/index.php?action_kouhyou_detail_004_kani=true&JigyosyoCd=2072300185-00&ServiceCd=110&Type=search", "url2": "http://www.haramura-syakyou.or.jp" }, "geometry": { "type": "Point", "coordinates": [ 138.215838399999939, 35.962874 ] } },
{ "type": "Feature", "properties": { "内容": "富士見高原医療福祉センター介護サービスステーション伊北【訪問介護】長野県上伊那郡辰野町伊那富2808番地", "url": "https://www.kaigokensaku.mhlw.go.jp/20/index.php?action_kouhyou_detail_004_kani=true&JigyosyoCd=2072401462-00&ServiceCd=110&Type=search", "url2": "https://fujimihp.com/" }, "geometry": { "type": "Point", "coordinates": [ 137.9879556, 35.9791028 ] } },
{ "type": "Feature", "properties": { "内容": "辰野町社協指定訪問介護事業所【訪問介護】長野県上伊那郡辰野町大字伊那富２６８１－１", "url": "https://www.kaigokensaku.mhlw.go.jp/20/index.php?action_kouhyou_detail_004_kani=true&JigyosyoCd=2072400399-00&ServiceCd=110&Type=search", "url2": "http://www.town.tatsuno.nagano.jp/sc/syakyou/" }, "geometry": { "type": "Point", "coordinates": [ 137.991961100000026, 35.9771993 ] } },
{ "type": "Feature", "properties": { "内容": "ふらっと訪問介護わかば【訪問介護】長野県上伊那郡辰野町大字伊那富6333-2", "url": "https://www.kaigokensaku.mhlw.go.jp/20/index.php?action_kouhyou_detail_004_kani=true&JigyosyoCd=2070401019-00&ServiceCd=110&Type=search", "url2": "http://www5.ocn.ne.jp/~otohakai/pg999.html" }, "geometry": { "type": "Point", "coordinates": [ 137.9853427, 35.9551837 ] } },
{ "type": "Feature", "properties": { "内容": "訪問介護　四季の家【訪問介護】長野県上伊那郡箕輪町中箕輪1450-1", "url": "https://www.kaigokensaku.mhlw.go.jp/20/index.php?action_kouhyou_detail_004_kani=true&JigyosyoCd=2072401645-00&ServiceCd=110&Type=search", "url2": "https://alps-care．co．jp" }, "geometry": { "type": "Point", "coordinates": [ 137.974836900000014, 35.9428843 ] } },
{ "type": "Feature", "properties": { "内容": "社会福祉法人箕輪町社会福祉協議会【訪問介護】長野県上伊那郡箕輪町大字三日町1372-1", "url": "https://www.kaigokensaku.mhlw.go.jp/20/index.php?action_kouhyou_detail_004_kani=true&JigyosyoCd=2072400076-00&ServiceCd=110&Type=search", "url2": "http://www.minowa-shakyo.or.jp/" }, "geometry": { "type": "Point", "coordinates": [ 137.993899599999963, 35.8966757 ] } },
{ "type": "Feature", "properties": { "内容": "ヘルパーステーションえがお【訪問介護】長野県上伊那郡箕輪町中箕輪字大久保3525番地18", "url": "https://www.kaigokensaku.mhlw.go.jp/20/index.php?action_kouhyou_detail_004_kani=true&JigyosyoCd=2072401173-00&ServiceCd=110&Type=search", "url2": null }, "geometry": { "type": "Point", "coordinates": [ 137.965387846020349, 35.933064493306503 ] } },
{ "type": "Feature", "properties": { "内容": "長野県飯島町社協指定訪問介護事業所【訪問介護】長野県上伊那郡飯島町飯島２５５１番地", "url": "https://www.kaigokensaku.mhlw.go.jp/20/index.php?action_kouhyou_detail_004_kani=true&JigyosyoCd=2072400209-00&ServiceCd=110&Type=search", "url2": "http://www.iisyakyo.or.jp/" }, "geometry": { "type": "Point", "coordinates": [ 137.919313500000044, 35.6775952 ] } },
{ "type": "Feature", "properties": { "内容": "訪問介護かいご家【訪問介護】長野県上伊那郡南箕輪村６４１３－１", "url": "https://www.kaigokensaku.mhlw.go.jp/20/index.php?action_kouhyou_detail_004_kani=true&JigyosyoCd=2072400464-00&ServiceCd=110&Type=search", "url2": null }, "geometry": { "type": "Point", "coordinates": [ 137.9504849, 35.8612316 ] } },
{ "type": "Feature", "properties": { "内容": "ニチイケアセンター箕輪【訪問介護】長野県上伊那郡南箕輪村6744-7-2", "url": "https://www.kaigokensaku.mhlw.go.jp/20/index.php?action_kouhyou_detail_004_kani=true&JigyosyoCd=2072401504-00&ServiceCd=110&Type=search", "url2": "http://www.nichiigakkan.co.jp/" }, "geometry": { "type": "Point", "coordinates": [ 137.974959104981906, 35.86644844774537 ] } },
{ "type": "Feature", "properties": { "内容": "南箕輪村社協指定訪問介護事業所【訪問介護】長野県上伊那郡南箕輪村２３８０番地１２１２", "url": "https://www.kaigokensaku.mhlw.go.jp/20/index.php?action_kouhyou_detail_004_kani=true&JigyosyoCd=2072400423-00&ServiceCd=110&Type=search", "url2": "http://www.mmshyakyo.com/" }, "geometry": { "type": "Point", "coordinates": [ 137.953211, 35.8761702 ] } },
{ "type": "Feature", "properties": { "内容": "訪問介護ステーションぽれぽれ【訪問介護】長野県上伊那郡中川村大草3280-7", "url": "https://www.kaigokensaku.mhlw.go.jp/20/index.php?action_kouhyou_detail_004_kani=true&JigyosyoCd=2072401579-00&ServiceCd=110&Type=search", "url2": "https://www.poreporenakagawa-homonkango.com/" }, "geometry": { "type": "Point", "coordinates": [ 137.944453, 35.6410906 ] } },
{ "type": "Feature", "properties": { "内容": "中川村社協ヘルパーステーション【訪問介護】長野県上伊那郡中川村大草4038-1", "url": "https://www.kaigokensaku.mhlw.go.jp/20/index.php?action_kouhyou_detail_004_kani=true&JigyosyoCd=2072400381-00&ServiceCd=110&Type=search", "url2": "http://nakagawas.jp/?page_id=14" }, "geometry": { "type": "Point", "coordinates": [ 137.944910700000037, 35.6342784 ] } },
{ "type": "Feature", "properties": { "内容": "宮田村社協指定訪問介護事業所【訪問介護】長野県上伊那郡宮田村６８３８番地１", "url": "https://www.kaigokensaku.mhlw.go.jp/20/index.php?action_kouhyou_detail_004_kani=true&JigyosyoCd=2072400373-00&ServiceCd=110&Type=search", "url2": null }, "geometry": { "type": "Point", "coordinates": [ 137.948068199999966, 35.7641974 ] } },
{ "type": "Feature", "properties": { "内容": "訪問介護わが家【訪問介護】長野県上伊那郡宮田村7612-11", "url": "https://www.kaigokensaku.mhlw.go.jp/20/index.php?action_kouhyou_detail_004_kani=true&JigyosyoCd=2072400902-00&ServiceCd=110&Type=search", "url2": "info@wagaya-miyada.com" }, "geometry": { "type": "Point", "coordinates": [ 137.946677483673028, 35.770542625125245 ] } },
{ "type": "Feature", "properties": { "内容": "ニチイケアセンター松川【訪問介護】長野県下伊那郡松川町元大島1481-1グランデ松川1Ｆ", "url": "https://www.kaigokensaku.mhlw.go.jp/20/index.php?action_kouhyou_detail_004_kani=true&JigyosyoCd=2072501659-00&ServiceCd=110&Type=search", "url2": "http://www.nichiigakkan.co.jp/" }, "geometry": { "type": "Point", "coordinates": [ 137.9161589, 35.5946483 ] } },
{ "type": "Feature", "properties": { "内容": "社会福祉法人松川町社会福祉協議会【訪問介護】長野県下伊那郡松川町元大島２９３０－１２", "url": "https://www.kaigokensaku.mhlw.go.jp/20/index.php?action_kouhyou_detail_004_kani=true&JigyosyoCd=2072500644-00&ServiceCd=110&Type=search", "url2": "http://www.matsukawa-shakyo.net/survice.html#kaigo2" }, "geometry": { "type": "Point", "coordinates": [ 137.913724799999954, 35.60323 ] } },
{ "type": "Feature", "properties": { "内容": "訪問介護ステーションみらい【訪問介護】下伊那郡松川町上片桐2621-6", "url": "https://www.kaigokensaku.mhlw.go.jp/20/index.php?action_kouhyou_detail_004_kani=true&JigyosyoCd=2072500701-00&ServiceCd=110&Type=search", "url2": "http://www.caretec.jp/" }, "geometry": { "type": "Point", "coordinates": [ 137.9048613, 35.6172831 ] } },
{ "type": "Feature", "properties": { "内容": "訪問介護ゆりかご高森【訪問介護】長野県下伊那郡高森町山吹435-5メディカルゆりかご高森", "url": "https://www.kaigokensaku.mhlw.go.jp/20/index.php?action_kouhyou_detail_004_kani=true&JigyosyoCd=2072501642-00&ServiceCd=110&Type=search", "url2": "http://www.yurikago.or.jp" }, "geometry": { "type": "Point", "coordinates": [ 137.8823444669342, 35.5709305 ] } },
{ "type": "Feature", "properties": { "内容": "高森町社会福祉協議会訪問介護事業所【訪問介護】長野県下伊那郡高森町山吹3618", "url": "https://www.kaigokensaku.mhlw.go.jp/20/index.php?action_kouhyou_detail_004_kani=true&JigyosyoCd=2072500347-00&ServiceCd=110&Type=search", "url2": "http://www.takamori-shakyo.com/" }, "geometry": { "type": "Point", "coordinates": [ 137.888161200000042, 35.5776628 ] } },
{ "type": "Feature", "properties": { "内容": "阿南町社会福祉協議会介護保険事業所【訪問介護】長野県下伊那郡阿南町西條709番地", "url": "https://www.kaigokensaku.mhlw.go.jp/20/index.php?action_kouhyou_detail_004_kani=true&JigyosyoCd=2072500354-00&ServiceCd=110&Type=search", "url2": "http://www.anansyakyo.or.jp/" }, "geometry": { "type": "Point", "coordinates": [ 137.811066799999907, 35.3288924 ] } },
{ "type": "Feature", "properties": { "内容": "阿智村社協指定訪問介護事業所【訪問介護】長野県下伊那郡阿智村駒場４８３番地阿智村保健福祉センター内", "url": "https://www.kaigokensaku.mhlw.go.jp/20/index.php?action_kouhyou_detail_004_kani=true&JigyosyoCd=2072500180-00&ServiceCd=110&Type=search", "url2": "http://www.achi-syakyo.or.jp" }, "geometry": { "type": "Point", "coordinates": [ 137.7474436, 35.443788 ] } },
{ "type": "Feature", "properties": { "内容": "光の園ホームヘルプセンター【訪問介護】長野県下伊那郡下條村睦沢7098-8", "url": "https://www.kaigokensaku.mhlw.go.jp/20/index.php?action_kouhyou_detail_004_kani=true&JigyosyoCd=2082500253-00&ServiceCd=110&Type=search", "url2": "http://www.hikari-sono.com/html/homehelp.html" }, "geometry": { "type": "Point", "coordinates": [ 137.7533752, 35.3937331 ] } },
{ "type": "Feature", "properties": { "内容": "社会福祉法人天龍村社会福祉協議会【訪問介護】長野県下伊那郡天龍村平岡７７３番地２", "url": "https://www.kaigokensaku.mhlw.go.jp/20/index.php?action_kouhyou_detail_004_kani=true&JigyosyoCd=2072500420-00&ServiceCd=110&Type=search", "url2": null }, "geometry": { "type": "Point", "coordinates": [ 137.859755700000051, 35.282771 ] } },
{ "type": "Feature", "properties": { "内容": "泰阜村社会福祉協議会指定訪問介護事業所【訪問介護】長野県下伊那郡泰阜村３２４７番地３", "url": "https://www.kaigokensaku.mhlw.go.jp/20/index.php?action_kouhyou_detail_004_kani=true&JigyosyoCd=2072500529-00&ServiceCd=110&Type=search", "url2": "http://yasuokasyakyo.jp/" }, "geometry": { "type": "Point", "coordinates": [ 137.830006300000036, 35.4062628 ] } },
{ "type": "Feature", "properties": { "内容": "喬木村社協介護サービスセンターふれ愛【訪問介護】長野県下伊那郡喬木村６６７０番地１", "url": "https://www.kaigokensaku.mhlw.go.jp/20/index.php?action_kouhyou_detail_004_kani=true&JigyosyoCd=2072500677-00&ServiceCd=110&Type=search", "url2": "takagi-syakyo.com" }, "geometry": { "type": "Point", "coordinates": [ 137.8733403, 35.5133116 ] } },
{ "type": "Feature", "properties": { "内容": "社会福祉法人豊丘村社会福祉協議会指定訪問介護事業所【訪問介護】長野県下伊那郡豊丘村神稲３０３９－１デイサービスセンターほほえみ", "url": "https://www.kaigokensaku.mhlw.go.jp/20/index.php?action_kouhyou_detail_004_kani=true&JigyosyoCd=2072500719-00&ServiceCd=110&Type=search", "url2": "http://toyo-sha.jp/" }, "geometry": { "type": "Point", "coordinates": [ 137.895033, 35.5507362 ] } },
{ "type": "Feature", "properties": { "内容": "社会福祉法人上松町社会福祉協議会【訪問介護】長野県木曽郡上松町大字小川１７０２ひのきの里総合福祉センター", "url": "https://www.kaigokensaku.mhlw.go.jp/20/index.php?action_kouhyou_detail_004_kani=true&JigyosyoCd=2072600287-00&ServiceCd=110&Type=search", "url2": "http://agematsu-shakyo.com/" }, "geometry": { "type": "Point", "coordinates": [ 137.695896400000038, 35.7806821 ] } },
{ "type": "Feature", "properties": { "内容": "木曽寮　訪問介護事業所【訪問介護】長野県木曽郡上松町大字荻原1472番地養護老人ホーム　木曽寮", "url": "https://www.kaigokensaku.mhlw.go.jp/20/index.php?action_kouhyou_detail_004_kani=true&JigyosyoCd=2072600873-00&ServiceCd=110&Type=search", "url2": null }, "geometry": { "type": "Point", "coordinates": [ 137.7100771, 35.7483305 ] } },
{ "type": "Feature", "properties": { "内容": "南木曽町ホームヘルパーステーション【訪問介護】長野県木曽郡南木曽町田立143-1", "url": "https://www.kaigokensaku.mhlw.go.jp/20/index.php?action_kouhyou_detail_004_kani=true&JigyosyoCd=2082600012-00&ServiceCd=110&Type=search", "url2": "https://www.nagisosyakyo.or.jp/aboutus/" }, "geometry": { "type": "Point", "coordinates": [ 137.5604966, 35.5889677 ] } },
{ "type": "Feature", "properties": { "内容": "社会福祉法人木祖村社会福祉協議会【訪問介護】長野県木曽郡木祖村薮原1191番地の30幸せテラスまめのわ", "url": "https://www.kaigokensaku.mhlw.go.jp/20/index.php?action_kouhyou_detail_004_kani=true&JigyosyoCd=2072600329-00&ServiceCd=110&Type=search", "url2": "https://kisomura-syakyo.jimdofree.com/" }, "geometry": { "type": "Point", "coordinates": [ 137.7440315, 36.0239189 ] } },
{ "type": "Feature", "properties": { "内容": "王滝村社会福祉協議会訪問介護ステーション【訪問介護】長野県木曽郡王滝村２８３０番地１", "url": "https://www.kaigokensaku.mhlw.go.jp/20/index.php?action_kouhyou_detail_004_kani=true&JigyosyoCd=2072600394-00&ServiceCd=110&Type=search", "url2": "http://www.vill.otaki.nagano.jp/kouhou/syakyou/syakyou.html" }, "geometry": { "type": "Point", "coordinates": [ 137.552194869519809, 35.807939287630184 ] } },
{ "type": "Feature", "properties": { "内容": "木曽町ホームヘルパーステーション【訪問介護】長野県木曽郡木曽町日義1600番地1", "url": "https://www.kaigokensaku.mhlw.go.jp/20/index.php?action_kouhyou_detail_004_kani=true&JigyosyoCd=2072600600-00&ServiceCd=110&Type=search", "url2": "www.kisomachi-shakyo.or.jp" }, "geometry": { "type": "Point", "coordinates": [ 137.754862, 35.8770691 ] } },
{ "type": "Feature", "properties": { "内容": "かいごやつむぎ【訪問介護】長野県木曽郡木曽町日義3781番地1", "url": "https://www.kaigokensaku.mhlw.go.jp/20/index.php?action_kouhyou_detail_004_kani=true&JigyosyoCd=2072600840-00&ServiceCd=110&Type=search", "url2": null }, "geometry": { "type": "Point", "coordinates": [ 137.751670699999977, 35.8757165 ] } },
{ "type": "Feature", "properties": { "内容": "麻績村社会福祉協議会訪問介護事業所【訪問介護】長野県東筑摩郡麻績村麻2787番地麻績村デイサービスセンターみづき", "url": "https://www.kaigokensaku.mhlw.go.jp/20/index.php?action_kouhyou_detail_004_kani=true&JigyosyoCd=2072700418-00&ServiceCd=110&Type=search", "url2": "https://omi-shakyo.or.jp/" }, "geometry": { "type": "Point", "coordinates": [ 138.030566444180295, 36.448888410990243 ] } },
{ "type": "Feature", "properties": { "内容": "生坂村社協ヘルパーステーション【訪問介護】長野県東筑摩郡生坂村６２７１－１", "url": "https://www.kaigokensaku.mhlw.go.jp/20/index.php?action_kouhyou_detail_004_kani=true&JigyosyoCd=2072700392-00&ServiceCd=110&Type=search", "url2": "http://www.ikusaka-shakyo.or.jp/" }, "geometry": { "type": "Point", "coordinates": [ 137.92573329733122, 36.426403604702429 ] } },
{ "type": "Feature", "properties": { "内容": "ホームヘルパーステーションいちいの里【訪問介護】長野県東筑摩郡山形村4520-1", "url": "https://www.kaigokensaku.mhlw.go.jp/20/index.php?action_kouhyou_detail_004_kani=true&JigyosyoCd=2072700442-00&ServiceCd=110&Type=search", "url2": "http://poponet-yamagata.or.jp" }, "geometry": { "type": "Point", "coordinates": [ 137.88221006915029, 36.173787251089983 ] } },
{ "type": "Feature", "properties": { "内容": "ヘルパーステーションみずなら【訪問介護】長野県東筑摩郡筑北村西条３５０７番地", "url": "https://www.kaigokensaku.mhlw.go.jp/20/index.php?action_kouhyou_detail_004_kani=true&JigyosyoCd=2072700335-00&ServiceCd=110&Type=search", "url2": "http://chikuhoku-shakyo.or.jp/" }, "geometry": { "type": "Point", "coordinates": [ 138.009124499999984, 36.4120072 ] } },
{ "type": "Feature", "properties": { "内容": "ニチイケアセンターあづみ野【訪問介護】長野県北安曇郡池田町大字会染12107-2", "url": "https://www.kaigokensaku.mhlw.go.jp/20/index.php?action_kouhyou_detail_004_kani=true&JigyosyoCd=2072900307-00&ServiceCd=110&Type=search", "url2": null }, "geometry": { "type": "Point", "coordinates": [ 137.87911859999997, 36.3767357 ] } },
{ "type": "Feature", "properties": { "内容": "いけだ訪問介護事業所【訪問介護】長野県北安曇郡池田町大字池田２００５番地１池田町総合福祉センターやすらぎの郷", "url": "https://www.kaigokensaku.mhlw.go.jp/20/index.php?action_kouhyou_detail_004_kani=true&JigyosyoCd=2072900091-00&ServiceCd=110&Type=search", "url2": "http://www.ikedashakyo.or.jp" }, "geometry": { "type": "Point", "coordinates": [ 137.879204399999907, 36.4227682 ] } },
{ "type": "Feature", "properties": { "内容": "松川村社協ヘルパーステーション【訪問介護】長野県北安曇郡松川村5650-19", "url": "https://www.kaigokensaku.mhlw.go.jp/20/index.php?action_kouhyou_detail_004_kani=true&JigyosyoCd=2072900075-00&ServiceCd=110&Type=search", "url2": "http://www.matsukawa-shakyo.jp/" }, "geometry": { "type": "Point", "coordinates": [ 137.866583600000013, 36.403264 ] } },
{ "type": "Feature", "properties": { "内容": "ヘルパーステーションひなた【訪問介護】長野県北安曇郡松川村5675", "url": "https://www.kaigokensaku.mhlw.go.jp/20/index.php?action_kouhyou_detail_004_kani=true&JigyosyoCd=2072900836-00&ServiceCd=110&Type=search", "url2": null }, "geometry": { "type": "Point", "coordinates": [ 137.86060139237361, 36.407167645962765 ] } },
{ "type": "Feature", "properties": { "内容": "ヘルパーステーション・北アルプスの風【訪問介護】長野県北安曇郡松川村５６８９－７７りーべまつかわ", "url": "https://www.kaigokensaku.mhlw.go.jp/20/index.php?action_kouhyou_detail_004_kani=true&JigyosyoCd=2072900802-00&ServiceCd=110&Type=search", "url2": "http://www.kita-alps.org/" }, "geometry": { "type": "Point", "coordinates": [ 137.861282673463393, 36.412063410294486 ] } },
{ "type": "Feature", "properties": { "内容": "白馬村社協ヘルパーステーション【訪問介護】長野県北安曇郡白馬村大字北城７０２５番地", "url": "https://www.kaigokensaku.mhlw.go.jp/20/index.php?action_kouhyou_detail_004_kani=true&JigyosyoCd=2072900190-00&ServiceCd=110&Type=search", "url2": "http://hakuba-syakyo.jp" }, "geometry": { "type": "Point", "coordinates": [ 137.862779795581133, 36.697873731420565 ] } },
{ "type": "Feature", "properties": { "内容": "北アルプス訪問介護ステーション【訪問介護】長野県北安曇郡白馬村大字神城２２８４４", "url": "https://www.kaigokensaku.mhlw.go.jp/20/index.php?action_kouhyou_detail_004_kani=true&JigyosyoCd=2072900315-00&ServiceCd=110&Type=search", "url2": "http://www.shironishi.or.jp/v/kaigo_shisetsu.htm#matsumotonishi" }, "geometry": { "type": "Point", "coordinates": [ 137.846196599999985, 36.6639722 ] } },
{ "type": "Feature", "properties": { "内容": "小谷村ホームヘルプセンター【訪問介護】長野県北安曇郡小谷村大字中小谷丙2544-3", "url": "https://www.kaigokensaku.mhlw.go.jp/20/index.php?action_kouhyou_detail_004_kani=true&JigyosyoCd=2072900166-00&ServiceCd=110&Type=search", "url2": "http://otari-syakyo.or.jp/" }, "geometry": { "type": "Point", "coordinates": [ 137.910893, 36.7958925 ] } },
{ "type": "Feature", "properties": { "内容": "社会福祉法人坂城町社会福祉協議会指定訪問介護事業所【訪問介護】長野県埴科郡坂城町大字中之条2225番地", "url": "https://www.kaigokensaku.mhlw.go.jp/20/index.php?action_kouhyou_detail_004_kani=true&JigyosyoCd=2073100089-00&ServiceCd=110&Type=search", "url2": "http://www.ssakaki.com/service/service02" }, "geometry": { "type": "Point", "coordinates": [ 138.194911199999979, 36.4503494 ] } },
{ "type": "Feature", "properties": { "内容": "小布施町社協指定訪問介護事業所【訪問介護】長野県上高井郡小布施町大字小布施860-イ", "url": "https://www.kaigokensaku.mhlw.go.jp/20/index.php?action_kouhyou_detail_004_kani=true&JigyosyoCd=2073200038-00&ServiceCd=110&Type=search", "url2": "http://obuse-shakyo.org/" }, "geometry": { "type": "Point", "coordinates": [ 138.317048299999982, 36.6901485 ] } },
{ "type": "Feature", "properties": { "内容": "ウェルネスライフ小布施【訪問介護】長野県上高井郡小布施町都住229-7リトルパイン202", "url": "https://www.kaigokensaku.mhlw.go.jp/20/index.php?action_kouhyou_detail_004_kani=true&JigyosyoCd=2073200244-00&ServiceCd=110&Type=search", "url2": "https://wellnesslife.info/company.php" }, "geometry": { "type": "Point", "coordinates": [ 138.319306, 36.7029693 ] } },
{ "type": "Feature", "properties": { "内容": "訪問介護事業所たかやしろ【訪問介護】長野県下高井郡山ノ内町大字夜間瀬2450-1", "url": "https://www.kaigokensaku.mhlw.go.jp/20/index.php?action_kouhyou_detail_004_kani=true&JigyosyoCd=2073300333-00&ServiceCd=110&Type=search", "url2": null }, "geometry": { "type": "Point", "coordinates": [ 138.3993302, 36.7620257 ] } },
{ "type": "Feature", "properties": { "内容": "ペルパ－ステ－ションちとせ【訪問介護】長野県下高井郡山ノ内町大字夜間瀬2481-1", "url": "https://www.kaigokensaku.mhlw.go.jp/20/index.php?action_kouhyou_detail_004_kani=true&JigyosyoCd=2073300432-00&ServiceCd=110&Type=search", "url2": "https://www.fukushi-chitose.or.jp/" }, "geometry": { "type": "Point", "coordinates": [ 138.403899300000035, 36.7620619 ] } },
{ "type": "Feature", "properties": { "内容": "社会福祉法人　山ノ内町社会福祉協議会　指定訪問介護事業所【訪問介護】長野県下高井郡山ノ内町大字平穏３３５６－３", "url": "https://www.kaigokensaku.mhlw.go.jp/20/index.php?action_kouhyou_detail_004_kani=true&JigyosyoCd=2073300119-00&ServiceCd=110&Type=search", "url2": "http://www.honobono-shakyo.or.jp/kaigo.htm" }, "geometry": { "type": "Point", "coordinates": [ 138.412765700000023, 36.7440477 ] } },
{ "type": "Feature", "properties": { "内容": "ヘルパーステーションフロンティアの介護長野【訪問介護】長野県下高井郡山ノ内町平穏4517番地5-101", "url": "https://www.kaigokensaku.mhlw.go.jp/20/index.php?action_kouhyou_detail_004_kani=true&JigyosyoCd=2073300465-00&ServiceCd=110&Type=search", "url2": null }, "geometry": { "type": "Point", "coordinates": [ 138.4092025, 36.7469218 ] } },
{ "type": "Feature", "properties": { "内容": "木島平村社協指定訪問介護事業所【訪問介護】長野県下高井郡木島平村大字往郷９０８-３", "url": "https://www.kaigokensaku.mhlw.go.jp/20/index.php?action_kouhyou_detail_004_kani=true&JigyosyoCd=2073300093-00&ServiceCd=110&Type=search", "url2": "http://www.kijimadaira.jp/map_docs/2013030400113/" }, "geometry": { "type": "Point", "coordinates": [ 138.406529500000033, 36.8568978 ] } },
{ "type": "Feature", "properties": { "内容": "宅幼老所おら家【訪問介護】長野県郡野沢温泉村大字豊郷4399番地", "url": "https://www.kaigokensaku.mhlw.go.jp/20/index.php?action_kouhyou_detail_004_kani=true&JigyosyoCd=2073300242-00&ServiceCd=110&Type=search", "url2": "http://orauchi.jp/" }, "geometry": { "type": "Point", "coordinates": [ 138.445654801852442, 36.920525105987771 ] } },
{ "type": "Feature", "properties": { "内容": "野沢温泉村老人福祉センター【訪問介護】長野県下高井郡野沢温泉村大字豊郷９１００-２", "url": "https://www.kaigokensaku.mhlw.go.jp/20/index.php?action_kouhyou_detail_004_kani=true&JigyosyoCd=2073300143-00&ServiceCd=110&Type=search", "url2": null }, "geometry": { "type": "Point", "coordinates": [ 138.440596699999986, 36.9235464 ] } },
{ "type": "Feature", "properties": { "内容": "信濃町社協指定訪問介護事業所【訪問介護】長野県上水内郡信濃町大字柏原４２９－１７", "url": "https://www.kaigokensaku.mhlw.go.jp/20/index.php?action_kouhyou_detail_004_kani=true&JigyosyoCd=2073400109-00&ServiceCd=110&Type=search", "url2": "https://v-c-shinano.or.jp" }, "geometry": { "type": "Point", "coordinates": [ 138.20718260000001, 36.805962 ] } },
{ "type": "Feature", "properties": { "内容": "飯綱町社協ヘルパーステーション【訪問介護】長野県上水内郡飯綱町大字倉井2907番地１", "url": "https://www.kaigokensaku.mhlw.go.jp/20/index.php?action_kouhyou_detail_004_kani=true&JigyosyoCd=2073400687-00&ServiceCd=110&Type=search", "url2": "http://www.ii-shakyo.or.jp" }, "geometry": { "type": "Point", "coordinates": [ 138.260338357177716, 36.75390641182247 ] } },
{ "type": "Feature", "properties": { "内容": "栄村社協指定訪問介護事業所【訪問介護】長野県下水内郡栄村大字北信3601番地5高齢者福祉ｾﾝﾀｰ", "url": "https://www.kaigokensaku.mhlw.go.jp/20/index.php?action_kouhyou_detail_004_kani=true&JigyosyoCd=2073500049-00&ServiceCd=110&Type=search", "url2": "http://sakae-syakyo.jp/" }, "geometry": { "type": "Point", "coordinates": [ 138.577020218524211, 36.98766967434981 ] } }
]
}
