{
"type": "FeatureCollection",
"name": "geo_20_通所介護",
"crs": { "type": "name", "properties": { "name": "urn:ogc:def:crs:OGC:1.3:CRS84" } },
"features": [
{ "type": "Feature", "properties": { "内容": "フランスベッド株式会社悠悠いきいき倶楽部長野【通所介護】長野市稲里町下氷鉋492-2", "url": "https://www.kaigokensaku.mhlw.go.jp/20/index.php?action_kouhyou_detail_004_kani=true&JigyosyoCd=2070104621-00&ServiceCd=150&Type=search", "url2": "http://www.francebed.co.jp" }, "geometry": { "type": "Point", "coordinates": [ 138.179892900000027, 36.6028771 ] } },
{ "type": "Feature", "properties": { "内容": "悠悠いきいき倶楽部長野【通所介護】長野県長野市稲里町下氷鉋492-2", "url": "https://www.kaigokensaku.mhlw.go.jp/20/index.php?action_kouhyou_detail_004_kani=true&JigyosyoCd=2070106642-00&ServiceCd=150&Type=search", "url2": "http://mistralservice.co.jp/" }, "geometry": { "type": "Point", "coordinates": [ 138.1798096, 36.6028438 ] } },
{ "type": "Feature", "properties": { "内容": "フィットネスライフ南長野【通所介護】長野県長野市篠ノ井杵淵字碇1623番地", "url": "https://www.kaigokensaku.mhlw.go.jp/20/index.php?action_kouhyou_detail_004_kani=true&JigyosyoCd=2070107012-00&ServiceCd=150&Type=search", "url2": "info@hohoemikaigo.com" }, "geometry": { "type": "Point", "coordinates": [ 138.185234652295321, 36.581449379728831 ] } },
{ "type": "Feature", "properties": { "内容": "デイサポートこまち徳間【通所介護】長野県長野市徳間3143", "url": "https://www.kaigokensaku.mhlw.go.jp/20/index.php?action_kouhyou_detail_004_kani=true&JigyosyoCd=2070107731-00&ServiceCd=150&Type=search", "url2": null }, "geometry": { "type": "Point", "coordinates": [ 138.2302309, 36.6751364 ] } },
{ "type": "Feature", "properties": { "内容": "リハライフ安茂里　あんずのさと【通所介護】長野県長野市安茂里3599-1", "url": "https://www.kaigokensaku.mhlw.go.jp/20/index.php?action_kouhyou_detail_004_kani=true&JigyosyoCd=2070107715-00&ServiceCd=150&Type=search", "url2": null }, "geometry": { "type": "Point", "coordinates": [ 138.1602112, 36.6306912 ] } },
{ "type": "Feature", "properties": { "内容": "デイサービスセンター博愛の園【通所介護】長野県長野市浅川東条２９５番地５", "url": "https://www.kaigokensaku.mhlw.go.jp/20/index.php?action_kouhyou_detail_004_kani=true&JigyosyoCd=2070101015-00&ServiceCd=150&Type=search", "url2": "https://www.hakuaikai2000.com" }, "geometry": { "type": "Point", "coordinates": [ 138.202658700000029, 36.6804952 ] } },
{ "type": "Feature", "properties": { "内容": "こうほくデイサービスセンター【通所介護】長野県長野市稲里町下氷鉋６８２", "url": "https://www.kaigokensaku.mhlw.go.jp/20/index.php?action_kouhyou_detail_004_kani=true&JigyosyoCd=2070100595-00&ServiceCd=150&Type=search", "url2": "http://www.asahi-kouhoku.com/" }, "geometry": { "type": "Point", "coordinates": [ 138.175798699999973, 36.6076708 ] } },
{ "type": "Feature", "properties": { "内容": "篠ノ井介護サービスセンター通所介護事業所【通所介護】長野県長野市篠ノ井小森587-1", "url": "https://www.kaigokensaku.mhlw.go.jp/20/index.php?action_kouhyou_detail_004_kani=true&JigyosyoCd=2070100629-00&ServiceCd=150&Type=search", "url2": "http://www.csw-naganocity.or.jp/kaigo/day%5Eshinonoi.htm" }, "geometry": { "type": "Point", "coordinates": [ 138.158682499999941, 36.5754289 ] } },
{ "type": "Feature", "properties": { "内容": "若槻ホームデイサービスセンター【通所介護】長野県長野市田中1464-1", "url": "https://www.kaigokensaku.mhlw.go.jp/20/index.php?action_kouhyou_detail_004_kani=true&JigyosyoCd=2070101403-00&ServiceCd=150&Type=search", "url2": "http://care-net.biz/20/wakatsuki/" }, "geometry": { "type": "Point", "coordinates": [ 138.227291499999978, 36.6923586 ] } },
{ "type": "Feature", "properties": { "内容": "ニチイケアセンター稲里【通所介護】長野県長野市稲里町中央1-6-7", "url": "https://www.kaigokensaku.mhlw.go.jp/20/index.php?action_kouhyou_detail_004_kani=true&JigyosyoCd=2070101148-00&ServiceCd=150&Type=search", "url2": "http://www.nichiigakkan.co.jp/service/care/home/day.html" }, "geometry": { "type": "Point", "coordinates": [ 138.173727408598324, 36.604162942264651 ] } },
{ "type": "Feature", "properties": { "内容": "フランセーズ悠とみたけデイサービスセンター【通所介護】長野県長野市富竹118-1", "url": "https://www.kaigokensaku.mhlw.go.jp/20/index.php?action_kouhyou_detail_004_kani=true&JigyosyoCd=2070107483-00&ServiceCd=150&Type=search", "url2": null }, "geometry": { "type": "Point", "coordinates": [ 138.2358414, 36.6709446 ] } },
{ "type": "Feature", "properties": { "内容": "デイサービスＭＩＲＩＥ若槻【通所介護】長野県長野市若槻東条１１７４番地２", "url": "https://www.kaigokensaku.mhlw.go.jp/20/index.php?action_kouhyou_detail_004_kani=true&JigyosyoCd=2070103169-00&ServiceCd=150&Type=search", "url2": "http://www.mirie-park.jp/" }, "geometry": { "type": "Point", "coordinates": [ 138.218856397483819, 36.686186865306176 ] } },
{ "type": "Feature", "properties": { "内容": "デイサービスグランドMIRIE公園通り【通所介護】長野県長野市浅川押田１９７－１", "url": "https://www.kaigokensaku.mhlw.go.jp/20/index.php?action_kouhyou_detail_004_kani=true&JigyosyoCd=2070106121-00&ServiceCd=150&Type=search", "url2": "http://www.mirie-park.jp/" }, "geometry": { "type": "Point", "coordinates": [ 138.208330100000012, 36.6857809 ] } },
{ "type": "Feature", "properties": { "内容": "アイム高田デイサービスセンター【通所介護】長野県長野市高田１０７８番地１", "url": "https://www.kaigokensaku.mhlw.go.jp/20/index.php?action_kouhyou_detail_004_kani=true&JigyosyoCd=2070105362-00&ServiceCd=150&Type=search", "url2": "htpp://www.aim-nagano.com" }, "geometry": { "type": "Point", "coordinates": [ 138.206216700000027, 36.6412236 ] } },
{ "type": "Feature", "properties": { "内容": "デイサービスセンター青木島ふれあいの家【通所介護】長野県長野市青木島大塚907-6", "url": "https://www.kaigokensaku.mhlw.go.jp/20/index.php?action_kouhyou_detail_004_kani=true&JigyosyoCd=2070104332-00&ServiceCd=150&Type=search", "url2": "https://www.aim-nagano.com" }, "geometry": { "type": "Point", "coordinates": [ 138.187922340579604, 36.608840515317723 ] } },
{ "type": "Feature", "properties": { "内容": "デイサービスセンター　広徳ひまわりの家【通所介護】長野県長野市広田２２１番地１", "url": "https://www.kaigokensaku.mhlw.go.jp/20/index.php?action_kouhyou_detail_004_kani=true&JigyosyoCd=2070105198-00&ServiceCd=150&Type=search", "url2": "https://www.aim-nagano.com" }, "geometry": { "type": "Point", "coordinates": [ 138.179085100000066, 36.5891089 ] } },
{ "type": "Feature", "properties": { "内容": "ツクイ長野稲田【通所介護】長野県長野市稲田1丁目5-11", "url": "https://www.kaigokensaku.mhlw.go.jp/20/index.php?action_kouhyou_detail_004_kani=true&JigyosyoCd=2070106170-00&ServiceCd=150&Type=search", "url2": "http://www.tsukui.net" }, "geometry": { "type": "Point", "coordinates": [ 138.214846099999932, 36.6748379 ] } },
{ "type": "Feature", "properties": { "内容": "ユーコーケア長野【通所介護】長野県長野市稲葉２６０５番地１滝澤ビル１Ｆ", "url": "https://www.kaigokensaku.mhlw.go.jp/20/index.php?action_kouhyou_detail_004_kani=true&JigyosyoCd=2070106618-00&ServiceCd=150&Type=search", "url2": "http://yandy32.wixsite.com/yuco" }, "geometry": { "type": "Point", "coordinates": [ 138.2090165, 36.6368983 ] } },
{ "type": "Feature", "properties": { "内容": "アムール若里デイサービスセンター【通所介護】長野県長野市若里２-１０-１", "url": "https://www.kaigokensaku.mhlw.go.jp/20/index.php?action_kouhyou_detail_004_kani=true&JigyosyoCd=2070103888-00&ServiceCd=150&Type=search", "url2": "http://www.hi-danke.com" }, "geometry": { "type": "Point", "coordinates": [ 138.192801799999984, 36.6335934 ] } },
{ "type": "Feature", "properties": { "内容": "リハビリ＆フィットネス　リサーラ松岡【通所介護】長野県長野市松岡2-21-7", "url": "https://www.kaigokensaku.mhlw.go.jp/20/index.php?action_kouhyou_detail_004_kani=true&JigyosyoCd=2070107962-00&ServiceCd=150&Type=search", "url2": null }, "geometry": { "type": "Point", "coordinates": [ 138.217579998147556, 36.623170244812968 ] } },
{ "type": "Feature", "properties": { "内容": "ツクイ長野稲里中央【通所介護】長野県長野市稲里町中央4-15-9", "url": "https://www.kaigokensaku.mhlw.go.jp/20/index.php?action_kouhyou_detail_004_kani=true&JigyosyoCd=2070102450-00&ServiceCd=150&Type=search", "url2": "https://www.tsukui.net/home-care/2285/" }, "geometry": { "type": "Point", "coordinates": [ 138.167160599999988, 36.6064485 ] } },
{ "type": "Feature", "properties": { "内容": "ツクイ長野西尾張部【通所介護】長野県長野市西尾張部１０８９－７", "url": "https://www.kaigokensaku.mhlw.go.jp/20/index.php?action_kouhyou_detail_004_kani=true&JigyosyoCd=2070102724-00&ServiceCd=150&Type=search", "url2": "http://www.tsukui.net/search/detail.php?officeid=240" }, "geometry": { "type": "Point", "coordinates": [ 138.2294028, 36.649837 ] } },
{ "type": "Feature", "properties": { "内容": "アムール芹田　デイサービスセンター【通所介護】長野市大字栗田82番地1", "url": "https://www.kaigokensaku.mhlw.go.jp/20/index.php?action_kouhyou_detail_004_kani=true&JigyosyoCd=2070105206-00&ServiceCd=150&Type=search", "url2": "http://hi-danke.com/" }, "geometry": { "type": "Point", "coordinates": [ 138.198367158860719, 36.634771073395065 ] } },
{ "type": "Feature", "properties": { "内容": "デイサービスセンターリハビリケア【通所介護】長野県長野市松代町小島田字荒屋沖3262-5", "url": "https://www.kaigokensaku.mhlw.go.jp/20/index.php?action_kouhyou_detail_004_kani=true&JigyosyoCd=2070101643-00&ServiceCd=150&Type=search", "url2": null }, "geometry": { "type": "Point", "coordinates": [ 138.208753300000012, 36.5909326 ] } },
{ "type": "Feature", "properties": { "内容": "グリーンヒル【通所介護】長野県長野市篠ノ井布施五明１９７３番地", "url": "https://www.kaigokensaku.mhlw.go.jp/20/index.php?action_kouhyou_detail_004_kani=true&JigyosyoCd=2070100280-00&ServiceCd=150&Type=search", "url2": null }, "geometry": { "type": "Point", "coordinates": [ 138.11700129999997, 36.574075 ] } },
{ "type": "Feature", "properties": { "内容": "陽だまり栗田【通所介護】長野県長野市大字栗田字舎利田715番地9", "url": "https://www.kaigokensaku.mhlw.go.jp/20/index.php?action_kouhyou_detail_004_kani=true&JigyosyoCd=2070104266-00&ServiceCd=150&Type=search", "url2": null }, "geometry": { "type": "Point", "coordinates": [ 138.20165222341771, 36.637563612814738 ] } },
{ "type": "Feature", "properties": { "内容": "ニチイケアセンター中越【通所介護】長野県長野市中越１－６－２７", "url": "https://www.kaigokensaku.mhlw.go.jp/20/index.php?action_kouhyou_detail_004_kani=true&JigyosyoCd=2070104175-00&ServiceCd=150&Type=search", "url2": "http://www.nichiigakkan.co.jp" }, "geometry": { "type": "Point", "coordinates": [ 138.2229314, 36.6587935 ] } },
{ "type": "Feature", "properties": { "内容": "コスモス長野デイサービスセンター【通所介護】長野県長野市小島田町380番地", "url": "https://www.kaigokensaku.mhlw.go.jp/20/index.php?action_kouhyou_detail_004_kani=true&JigyosyoCd=2070103524-00&ServiceCd=150&Type=search", "url2": "http://www.cosmosnet.or.jp/file/ro_nagano_top.html" }, "geometry": { "type": "Point", "coordinates": [ 138.181251299999985, 36.597411 ] } },
{ "type": "Feature", "properties": { "内容": "フランセーズ悠デイサービスセンター【通所介護】長野県長野市大字大豆島３６０－３", "url": "https://www.kaigokensaku.mhlw.go.jp/20/index.php?action_kouhyou_detail_004_kani=true&JigyosyoCd=2070100454-00&ServiceCd=150&Type=search", "url2": "http://www.hakuyukai.com" }, "geometry": { "type": "Point", "coordinates": [ 138.220398400000022, 36.6313647 ] } },
{ "type": "Feature", "properties": { "内容": "中条介護サービスセンター通所介護事業所【通所介護】長野県長野市中条日高3964番地2", "url": "https://www.kaigokensaku.mhlw.go.jp/20/index.php?action_kouhyou_detail_004_kani=true&JigyosyoCd=2070104399-00&ServiceCd=150&Type=search", "url2": "https://www.csw-naganocity.or.jp/page-ggc/service/long-term-care-service/day-service/nakajo-dayservice-center" }, "geometry": { "type": "Point", "coordinates": [ 138.040731100000016, 36.612057600000014 ] } },
{ "type": "Feature", "properties": { "内容": "三陽介護サービスセンター通所介護事業所【通所介護】長野県長野市大字西尾張部1124-6", "url": "https://www.kaigokensaku.mhlw.go.jp/20/index.php?action_kouhyou_detail_004_kani=true&JigyosyoCd=2070107798-00&ServiceCd=150&Type=search", "url2": "https://www.csw-naganocity.or.jp/page-ggc/service/long-term-care-service/day-service/sanyo-dayservice-center" }, "geometry": { "type": "Point", "coordinates": [ 138.2305322, 36.6468942 ] } },
{ "type": "Feature", "properties": { "内容": "富竹の里デイサービスセンター【通所介護】長野県長野市富竹１６３２番地１", "url": "https://www.kaigokensaku.mhlw.go.jp/20/index.php?action_kouhyou_detail_004_kani=true&JigyosyoCd=2070100744-00&ServiceCd=150&Type=search", "url2": "http://tomitake-carenet.com/sisetsu/dayservice.html" }, "geometry": { "type": "Point", "coordinates": [ 138.257418924606355, 36.673144680677197 ] } },
{ "type": "Feature", "properties": { "内容": "あっぷるけあ【通所介護】長野県長野市松代町西寺尾字上高相1047-1", "url": "https://www.kaigokensaku.mhlw.go.jp/20/index.php?action_kouhyou_detail_004_kani=true&JigyosyoCd=2070102070-00&ServiceCd=150&Type=search", "url2": "https://apple-care.jp" }, "geometry": { "type": "Point", "coordinates": [ 138.195930699999963, 36.5760193 ] } },
{ "type": "Feature", "properties": { "内容": "三本柳デイサービス　ミント【通所介護】長野県長野市丹波島1-800", "url": "https://www.kaigokensaku.mhlw.go.jp/20/index.php?action_kouhyou_detail_004_kani=true&JigyosyoCd=2070104522-00&ServiceCd=150&Type=search", "url2": "http://www.healthcoop-nagano.or.jp" }, "geometry": { "type": "Point", "coordinates": [ 138.167150127577997, 36.617199257473615 ] } },
{ "type": "Feature", "properties": { "内容": "長野市朝日ホームデイサービスセンター【通所介護】長野県長野市南堀３-１", "url": "https://www.kaigokensaku.mhlw.go.jp/20/index.php?action_kouhyou_detail_004_kani=true&JigyosyoCd=2070100447-00&ServiceCd=150&Type=search", "url2": "http://highness-life.com/" }, "geometry": { "type": "Point", "coordinates": [ 138.241665600000033, 36.6627156 ] } },
{ "type": "Feature", "properties": { "内容": "あっぷるけあ　みなみながの【通所介護】長野県長野市篠ノ井東福寺字上庭1405-1", "url": "https://www.kaigokensaku.mhlw.go.jp/20/index.php?action_kouhyou_detail_004_kani=true&JigyosyoCd=2070105222-00&ServiceCd=150&Type=search", "url2": "http://apple-care.jp/matsushiro/contents/dayservice/index.html" }, "geometry": { "type": "Point", "coordinates": [ 138.178791715483158, 36.583139915569085 ] } },
{ "type": "Feature", "properties": { "内容": "わかほデイサービスセンター【通所介護】長野県長野市若穂綿内６４３４", "url": "https://www.kaigokensaku.mhlw.go.jp/20/index.php?action_kouhyou_detail_004_kani=true&JigyosyoCd=2070101783-00&ServiceCd=150&Type=search", "url2": "https://zenkouji-dw.com/" }, "geometry": { "type": "Point", "coordinates": [ 138.260051299999986, 36.6270247 ] } },
{ "type": "Feature", "properties": { "内容": "安茂里介護サービスセンター通所介護事業所【通所介護】長野県長野市安茂里1775番地", "url": "https://www.kaigokensaku.mhlw.go.jp/20/index.php?action_kouhyou_detail_004_kani=true&JigyosyoCd=2070100652-00&ServiceCd=150&Type=search", "url2": "http://www.csw-naganocity.or.jp/kaigo/day%5Eamori.htm" }, "geometry": { "type": "Point", "coordinates": [ 138.172123100000022, 36.6372227 ] } },
{ "type": "Feature", "properties": { "内容": "コスモスプラネットあもりデイサービスセンター【通所介護】長野県長野市宮沖3497-3", "url": "https://www.kaigokensaku.mhlw.go.jp/20/index.php?action_kouhyou_detail_004_kani=true&JigyosyoCd=2070106725-00&ServiceCd=150&Type=search", "url2": "http://cosmosnet.or.jp/" }, "geometry": { "type": "Point", "coordinates": [ 138.158816200000047, 36.6281873 ] } },
{ "type": "Feature", "properties": { "内容": "デイサービスセンターレインボー【通所介護】長野県長野市大字吉１８２７番地", "url": "https://www.kaigokensaku.mhlw.go.jp/20/index.php?action_kouhyou_detail_004_kani=true&JigyosyoCd=2070105974-00&ServiceCd=150&Type=search", "url2": "http://harmony-rainbow.main.jp/" }, "geometry": { "type": "Point", "coordinates": [ 138.243767400000024, 36.705633 ] } },
{ "type": "Feature", "properties": { "内容": "デイサービス　笑和【通所介護】長野県長野市大字高田1030-5", "url": "https://www.kaigokensaku.mhlw.go.jp/20/index.php?action_kouhyou_detail_004_kani=true&JigyosyoCd=2070106667-00&ServiceCd=150&Type=search", "url2": null }, "geometry": { "type": "Point", "coordinates": [ 138.202600500000017, 36.6418094 ] } },
{ "type": "Feature", "properties": { "内容": "やすらぎの園デイ・ショートセンター【通所介護】長野県長野市篠ノ井杵淵字新田前213番地4", "url": "https://www.kaigokensaku.mhlw.go.jp/20/index.php?action_kouhyou_detail_004_kani=true&JigyosyoCd=2070101098-00&ServiceCd=150&Type=search", "url2": "https://m-yasuragi.com" }, "geometry": { "type": "Point", "coordinates": [ 138.182965500000023, 36.5836567 ] } },
{ "type": "Feature", "properties": { "内容": "アムール縣デイサービスセンター【通所介護】長野県長野市大字南長野字幅下６３９番地１", "url": "https://www.kaigokensaku.mhlw.go.jp/20/index.php?action_kouhyou_detail_004_kani=true&JigyosyoCd=2070102138-00&ServiceCd=150&Type=search", "url2": "http://www.hi-danke.com" }, "geometry": { "type": "Point", "coordinates": [ 138.180850100000043, 36.6513431 ] } },
{ "type": "Feature", "properties": { "内容": "ソワン南俣デイサービスセンター【通所介護】長野県長野市大字稲葉２４６６番地８", "url": "https://www.kaigokensaku.mhlw.go.jp/20/index.php?action_kouhyou_detail_004_kani=true&JigyosyoCd=2070103292-00&ServiceCd=150&Type=search", "url2": "http://sowan.jp/" }, "geometry": { "type": "Point", "coordinates": [ 138.204697500000066, 36.638585 ] } },
{ "type": "Feature", "properties": { "内容": "ニチイケアセンター長野【通所介護】長野県長野市檀田2-5-6", "url": "https://www.kaigokensaku.mhlw.go.jp/20/index.php?action_kouhyou_detail_004_kani=true&JigyosyoCd=2070100892-00&ServiceCd=150&Type=search", "url2": null }, "geometry": { "type": "Point", "coordinates": [ 138.2079895, 36.6781205 ] } },
{ "type": "Feature", "properties": { "内容": "ニチイケアセンター高田【通所介護】長野県長野市高田1031-1", "url": "https://www.kaigokensaku.mhlw.go.jp/20/index.php?action_kouhyou_detail_004_kani=true&JigyosyoCd=2070101049-00&ServiceCd=150&Type=search", "url2": "http://www.nichiigakkan.co.jp/service/care/home/day.html" }, "geometry": { "type": "Point", "coordinates": [ 138.2028838, 36.6416733 ] } },
{ "type": "Feature", "properties": { "内容": "ニチイケアセンターまめじま【通所介護】長野県長野市大豆島５１９０番地", "url": "https://www.kaigokensaku.mhlw.go.jp/20/index.php?action_kouhyou_detail_004_kani=true&JigyosyoCd=2070101775-00&ServiceCd=150&Type=search", "url2": "http://www.nichiigakkan.co.jp/service/care/home/day.html" }, "geometry": { "type": "Point", "coordinates": [ 138.237165299999987, 36.6280407 ] } },
{ "type": "Feature", "properties": { "内容": "コープながの福祉センターこーぷの家まゆみだ【通所介護】長野県長野市檀田２－６－２２", "url": "https://www.kaigokensaku.mhlw.go.jp/20/index.php?action_kouhyou_detail_004_kani=true&JigyosyoCd=2070106873-00&ServiceCd=150&Type=search", "url2": null }, "geometry": { "type": "Point", "coordinates": [ 138.208613499999956, 36.6787678 ] } },
{ "type": "Feature", "properties": { "内容": "smileセンターフランセーズ悠よしだ【通所介護】長野県長野市吉田4丁目19-3", "url": "https://www.kaigokensaku.mhlw.go.jp/20/index.php?action_kouhyou_detail_004_kani=true&JigyosyoCd=2070107236-00&ServiceCd=150&Type=search", "url2": "http://www.hakuyukai.com" }, "geometry": { "type": "Point", "coordinates": [ 138.231081, 36.6677556 ] } },
{ "type": "Feature", "properties": { "内容": "豊野デイサービスセンター【通所介護】長野県長野市豊野町豊野２２９８番地２", "url": "https://www.kaigokensaku.mhlw.go.jp/20/index.php?action_kouhyou_detail_004_kani=true&JigyosyoCd=2070107418-00&ServiceCd=150&Type=search", "url2": "https://nagano-swc.com/izumidaira/" }, "geometry": { "type": "Point", "coordinates": [ 138.285875965745561, 36.723132997661992 ] } },
{ "type": "Feature", "properties": { "内容": "デイサービスセンターサンビラかわなかじま【通所介護】長野県長野市川中島町今里　６１０", "url": "https://www.kaigokensaku.mhlw.go.jp/20/index.php?action_kouhyou_detail_004_kani=true&JigyosyoCd=2070101254-00&ServiceCd=150&Type=search", "url2": "http://sunvilla.or.jp/" }, "geometry": { "type": "Point", "coordinates": [ 138.147709599999985, 36.6104752 ] } },
{ "type": "Feature", "properties": { "内容": "つるがリハビリセンター【通所介護】長野県長野市東鶴賀町1906長野中央介護センターつるが", "url": "https://www.kaigokensaku.mhlw.go.jp/20/index.php?action_kouhyou_detail_004_kani=true&JigyosyoCd=2070104977-00&ServiceCd=150&Type=search", "url2": null }, "geometry": { "type": "Point", "coordinates": [ 138.197860341664182, 36.652312060464119 ] } },
{ "type": "Feature", "properties": { "内容": "デイサービスセンターながでんハートネット桜枝町【通所介護】長野県長野市桜枝町823番地１", "url": "https://www.kaigokensaku.mhlw.go.jp/20/index.php?action_kouhyou_detail_004_kani=true&JigyosyoCd=2070102146-00&ServiceCd=150&Type=search", "url2": "nagaden-wellness.co.jp" }, "geometry": { "type": "Point", "coordinates": [ 138.184863700000051, 36.6588782 ] } },
{ "type": "Feature", "properties": { "内容": "デイサービスセンターながでんハートネット柳原【通所介護】長野県長野市大字柳原2123-1", "url": "https://www.kaigokensaku.mhlw.go.jp/20/index.php?action_kouhyou_detail_004_kani=true&JigyosyoCd=2070104878-00&ServiceCd=150&Type=search", "url2": "https;//nagaden-wellness.co.jp" }, "geometry": { "type": "Point", "coordinates": [ 138.25833339999997, 36.6633661 ] } },
{ "type": "Feature", "properties": { "内容": "デイトレセンターリヴァール長野【通所介護】長野県長野市桐原1丁目28-3", "url": "https://www.kaigokensaku.mhlw.go.jp/20/index.php?action_kouhyou_detail_004_kani=true&JigyosyoCd=2070107467-00&ServiceCd=150&Type=search", "url2": "https://nagaden-wellness.co.jp/" }, "geometry": { "type": "Point", "coordinates": [ 138.2139149, 36.6640488 ] } },
{ "type": "Feature", "properties": { "内容": "ニチイケアセンター長野南【通所介護】長野県長野市篠ノ井御幣川３０５－１", "url": "https://www.kaigokensaku.mhlw.go.jp/20/index.php?action_kouhyou_detail_004_kani=true&JigyosyoCd=2070103797-00&ServiceCd=150&Type=search", "url2": "http://www.nichiigakkan.co.jp/service/care/home/day.html" }, "geometry": { "type": "Point", "coordinates": [ 138.1385682, 36.5760033 ] } },
{ "type": "Feature", "properties": { "内容": "博仁会桜荘社会福祉総合施設【通所介護】長野県長野市篠ノ井二ツ柳字大当1535-1", "url": "https://www.kaigokensaku.mhlw.go.jp/20/index.php?action_kouhyou_detail_004_kani=true&JigyosyoCd=2070100272-00&ServiceCd=150&Type=search", "url2": "https://hakujinkai-nagano.or.jp/" }, "geometry": { "type": "Point", "coordinates": [ 138.129033599999957, 36.5693341 ] } },
{ "type": "Feature", "properties": { "内容": "柳町介護サービスセンター通所介護事業所【通所介護】長野県長野市三輪5丁目3番10号柳町団地３号棟１Ｆ", "url": "https://www.kaigokensaku.mhlw.go.jp/20/index.php?action_kouhyou_detail_004_kani=true&JigyosyoCd=2070100645-00&ServiceCd=150&Type=search", "url2": "http://www.csw-naganocity.or.jp/kaigo/day%5Eyanagi.htm" }, "geometry": { "type": "Point", "coordinates": [ 138.200362732263187, 36.655720990634521 ] } },
{ "type": "Feature", "properties": { "内容": "医療法人宮沢医院グリーンバード【通所介護】長野県長野市徳間５５４-１", "url": "https://www.kaigokensaku.mhlw.go.jp/20/index.php?action_kouhyou_detail_004_kani=true&JigyosyoCd=2070102880-00&ServiceCd=150&Type=search", "url2": "http://bird.miyazawaiin.com/" }, "geometry": { "type": "Point", "coordinates": [ 138.225528199999985, 36.6771019 ] } },
{ "type": "Feature", "properties": { "内容": "博仁会川中島桜荘デイサービスセンター【通所介護】長野県長野市川中島町今里字石原1034-1", "url": "https://www.kaigokensaku.mhlw.go.jp/20/index.php?action_kouhyou_detail_004_kani=true&JigyosyoCd=2070104738-00&ServiceCd=150&Type=search", "url2": "https://hakujinkai-nagano.or.jp/" }, "geometry": { "type": "Point", "coordinates": [ 138.142765549410228, 36.602357687909929 ] } },
{ "type": "Feature", "properties": { "内容": "ウエルフェアコスモスあもりデイサービスセンター【通所介護】長野県長野市差出南三丁目７番１号", "url": "https://www.kaigokensaku.mhlw.go.jp/20/index.php?action_kouhyou_detail_004_kani=true&JigyosyoCd=2070104910-00&ServiceCd=150&Type=search", "url2": "http://cosmosnet.or.jp/index.php" }, "geometry": { "type": "Point", "coordinates": [ 138.17722387790991, 36.628010774578712 ] } },
{ "type": "Feature", "properties": { "内容": "ニチイケアセンター篠ノ井【通所介護】長野県長野市篠ノ井御幣川１２３２-１", "url": "https://www.kaigokensaku.mhlw.go.jp/20/index.php?action_kouhyou_detail_004_kani=true&JigyosyoCd=2070100926-00&ServiceCd=150&Type=search", "url2": "http://www.nichiigakkan.co.jp/service/care/home/day.html" }, "geometry": { "type": "Point", "coordinates": [ 138.1414039, 36.5756062 ] } },
{ "type": "Feature", "properties": { "内容": "戸隠中央デイサービスセンター【通所介護】長野県長野市戸隠豊岡1384番地", "url": "https://www.kaigokensaku.mhlw.go.jp/20/index.php?action_kouhyou_detail_004_kani=true&JigyosyoCd=2070107822-00&ServiceCd=150&Type=search", "url2": "http://tokuyou.kowa-fukushi.or.jp/" }, "geometry": { "type": "Point", "coordinates": [ 138.08946990000004, 36.707064500000016 ] } },
{ "type": "Feature", "properties": { "内容": "コスモスプラネット稲里デイサービスセンター【通所介護】長野県長野市稲里町中央1丁目15‐1", "url": "https://www.kaigokensaku.mhlw.go.jp/20/index.php?action_kouhyou_detail_004_kani=true&JigyosyoCd=2070107152-00&ServiceCd=150&Type=search", "url2": "http://cosmosnet.or.jp/index.php" }, "geometry": { "type": "Point", "coordinates": [ 138.171965499999942, 36.6056613 ] } },
{ "type": "Feature", "properties": { "内容": "コスモスポールスター青木島デイサービスセンター【通所介護】長野県長野市青木島3丁目3-13サービス付き高齢者向け住宅コスモスポールスター青木島", "url": "https://www.kaigokensaku.mhlw.go.jp/20/index.php?action_kouhyou_detail_004_kani=true&JigyosyoCd=2070107814-00&ServiceCd=150&Type=search", "url2": null }, "geometry": { "type": "Point", "coordinates": [ 138.179371, 36.6165224 ] } },
{ "type": "Feature", "properties": { "内容": "アムール尾張部デイサービスセンター【通所介護】長野県長野市北尾張部７０７－３", "url": "https://www.kaigokensaku.mhlw.go.jp/20/index.php?action_kouhyou_detail_004_kani=true&JigyosyoCd=2070103326-00&ServiceCd=150&Type=search", "url2": "http://www.hi-danke.com/" }, "geometry": { "type": "Point", "coordinates": [ 138.234196699999984, 36.6538475 ] } },
{ "type": "Feature", "properties": { "内容": "アムール七瀬デイサービスセンター【通所介護】長野県長野市大字鶴賀34-1", "url": "https://www.kaigokensaku.mhlw.go.jp/20/index.php?action_kouhyou_detail_004_kani=true&JigyosyoCd=2070104829-00&ServiceCd=150&Type=search", "url2": "http://www.hi-danke.com/" }, "geometry": { "type": "Point", "coordinates": [ 138.20146945952456, 36.645081354797163 ] } },
{ "type": "Feature", "properties": { "内容": "豊野中央デイサービスセンター【通所介護】長野県長野市豊野町豊野６５５－５", "url": "https://www.kaigokensaku.mhlw.go.jp/20/index.php?action_kouhyou_detail_004_kani=true&JigyosyoCd=2073400463-00&ServiceCd=150&Type=search", "url2": "https://www.san-ikukai.or.jp" }, "geometry": { "type": "Point", "coordinates": [ 138.2832436, 36.7113977 ] } },
{ "type": "Feature", "properties": { "内容": "氷鉋介護サービスセンター通所介護事業所【通所介護】長野県長野市稲里町中氷鉋４０５", "url": "https://www.kaigokensaku.mhlw.go.jp/20/index.php?action_kouhyou_detail_004_kani=true&JigyosyoCd=2070100637-00&ServiceCd=150&Type=search", "url2": "https://www.csw-naganocity.or.jp/page-ggc/service/long-term-care-service/day-service/higano-dayservice-center" }, "geometry": { "type": "Point", "coordinates": [ 138.163013699999965, 36.6072649 ] } },
{ "type": "Feature", "properties": { "内容": "ツクイ長野【通所介護】長野県長野市風間字巾下１７５６-１", "url": "https://www.kaigokensaku.mhlw.go.jp/20/index.php?action_kouhyou_detail_004_kani=true&JigyosyoCd=2070100835-00&ServiceCd=150&Type=search", "url2": "http://www.tsukui.net" }, "geometry": { "type": "Point", "coordinates": [ 138.228071488035539, 36.636499387411469 ] } },
{ "type": "Feature", "properties": { "内容": "コスモスポールスター川中島デイサービスセンター【通所介護】長野県長野市川中島町御厨1131-1", "url": "https://www.kaigokensaku.mhlw.go.jp/20/index.php?action_kouhyou_detail_004_kani=true&JigyosyoCd=2070107699-00&ServiceCd=150&Type=search", "url2": null }, "geometry": { "type": "Point", "coordinates": [ 138.159206, 36.5926679 ] } },
{ "type": "Feature", "properties": { "内容": "デイサービスセンターレインボーとよの【通所介護】長野県長野市豊野町石749番地3", "url": "https://www.kaigokensaku.mhlw.go.jp/20/index.php?action_kouhyou_detail_004_kani=true&JigyosyoCd=2070107582-00&ServiceCd=150&Type=search", "url2": "http://harmony-rainbow.main.jp/index.html" }, "geometry": { "type": "Point", "coordinates": [ 138.266183399999989, 36.709689 ] } },
{ "type": "Feature", "properties": { "内容": "吉田介護サービスセンター通所介護事業所【通所介護】長野県長野市吉田3丁目22-41", "url": "https://www.kaigokensaku.mhlw.go.jp/20/index.php?action_kouhyou_detail_004_kani=true&JigyosyoCd=2070100660-00&ServiceCd=150&Type=search", "url2": "http://www.csw-naganocity.or.jp/kaigo/day%5Eyoshida.htm" }, "geometry": { "type": "Point", "coordinates": [ 138.221995399999969, 36.6674225 ] } },
{ "type": "Feature", "properties": { "内容": "コスモスプラネット篠ノ井デイサービスセンター【通所介護】長野県長野市篠ノ井会614-1", "url": "https://www.kaigokensaku.mhlw.go.jp/20/index.php?action_kouhyou_detail_004_kani=true&JigyosyoCd=2070107442-00&ServiceCd=150&Type=search", "url2": "http://cosmosnet.or.jp/index.php" }, "geometry": { "type": "Point", "coordinates": [ 138.1508634, 36.5703343 ] } },
{ "type": "Feature", "properties": { "内容": "デイサービスセンターながでんハートネット東鶴賀【通所介護】長野県長野市東鶴賀町78番地", "url": "https://www.kaigokensaku.mhlw.go.jp/20/index.php?action_kouhyou_detail_004_kani=true&JigyosyoCd=2070104225-00&ServiceCd=150&Type=search", "url2": "https;//nagaden-wellness.co.jp" }, "geometry": { "type": "Point", "coordinates": [ 138.200075800000036, 36.6513022 ] } },
{ "type": "Feature", "properties": { "内容": "信州新町デイサービスセンター【通所介護】長野県長野市信州新町日原東2186番地1", "url": "https://www.kaigokensaku.mhlw.go.jp/20/index.php?action_kouhyou_detail_004_kani=true&JigyosyoCd=2070107707-00&ServiceCd=150&Type=search", "url2": null }, "geometry": { "type": "Point", "coordinates": [ 137.9899513, 36.5588013 ] } },
{ "type": "Feature", "properties": { "内容": "穂高苑デイサービスセンター【通所介護】長野県安曇野市穂高有明３０７４－４", "url": "https://www.kaigokensaku.mhlw.go.jp/20/index.php?action_kouhyou_detail_004_kani=true&JigyosyoCd=2074000437-00&ServiceCd=150&Type=search", "url2": null }, "geometry": { "type": "Point", "coordinates": [ 137.836247500000013, 36.3596226 ] } },
{ "type": "Feature", "properties": { "内容": "株式会社ケアネットデイサービスセンター長野第二【通所介護】長野県長野市大字北長池１２４２－１", "url": "https://www.kaigokensaku.mhlw.go.jp/20/index.php?action_kouhyou_detail_004_kani=true&JigyosyoCd=2070101213-00&ServiceCd=150&Type=search", "url2": "http://www.fjkenpo.or.jp/care/carenet/index.html" }, "geometry": { "type": "Point", "coordinates": [ 138.2461677, 36.6567446 ] } },
{ "type": "Feature", "properties": { "内容": "コスモスさいなみデイサービスセンター【通所介護】長野県長野市小島田町449番地", "url": "https://www.kaigokensaku.mhlw.go.jp/20/index.php?action_kouhyou_detail_004_kani=true&JigyosyoCd=2070104886-00&ServiceCd=150&Type=search", "url2": "http://www.cosmosnet.or.jp/file/ro_sainamo_top.html" }, "geometry": { "type": "Point", "coordinates": [ 138.180721741664115, 36.595421282664717 ] } },
{ "type": "Feature", "properties": { "内容": "通所介護事業所夢想園【通所介護】長野県長野市大字上ケ屋２６８２番地１２５", "url": "https://www.kaigokensaku.mhlw.go.jp/20/index.php?action_kouhyou_detail_004_kani=true&JigyosyoCd=2070102757-00&ServiceCd=150&Type=search", "url2": "musoen@ngn.janis.or.jp" }, "geometry": { "type": "Point", "coordinates": [ 138.126768399999946, 36.6897557 ] } },
{ "type": "Feature", "properties": { "内容": "はた敬老園デイサービスセンター【通所介護】長野県松本市波田３０２３", "url": "https://www.kaigokensaku.mhlw.go.jp/20/index.php?action_kouhyou_detail_004_kani=true&JigyosyoCd=2072700673-00&ServiceCd=150&Type=search", "url2": "http://www.keiroen.or.jp/keiroen/html/shisetu/hata.htm" }, "geometry": { "type": "Point", "coordinates": [ 137.822342, 36.1907309 ] } },
{ "type": "Feature", "properties": { "内容": "松本市芳川デイサービスセンター【通所介護】長野県松本市芳川野溝2丁目10番1号", "url": "https://www.kaigokensaku.mhlw.go.jp/20/index.php?action_kouhyou_detail_004_kani=true&JigyosyoCd=2070201914-00&ServiceCd=150&Type=search", "url2": "http://www.keiroen.or.jp/keiroen/html/shisetu/yoshikawa-dayservice.htm" }, "geometry": { "type": "Point", "coordinates": [ 137.9547599, 36.1891662 ] } },
{ "type": "Feature", "properties": { "内容": "シニアリゾートふれあい征矢野【通所介護】長野県松本市征矢野2-12-47", "url": "https://www.kaigokensaku.mhlw.go.jp/20/index.php?action_kouhyou_detail_004_kani=true&JigyosyoCd=2070203308-00&ServiceCd=150&Type=search", "url2": "タカサワ通商株式会社" }, "geometry": { "type": "Point", "coordinates": [ 137.95506469999998, 36.2134769 ] } },
{ "type": "Feature", "properties": { "内容": "松本市城山デイサービスセンター【通所介護】長野県松本市蟻ヶ崎2132番地", "url": "https://www.kaigokensaku.mhlw.go.jp/20/index.php?action_kouhyou_detail_004_kani=true&JigyosyoCd=2070201922-00&ServiceCd=150&Type=search", "url2": "http://www.keiroen.or.jp/keiroen/html/shisetu/jyoyama-dayservice.htm" }, "geometry": { "type": "Point", "coordinates": [ 137.966001300000016, 36.2426622 ] } },
{ "type": "Feature", "properties": { "内容": "松本市田川デイサービスセンター【通所介護】長野県松本市渚１－１－９", "url": "https://www.kaigokensaku.mhlw.go.jp/20/index.php?action_kouhyou_detail_004_kani=true&JigyosyoCd=2070201963-00&ServiceCd=150&Type=search", "url2": "http://www.keiroen.or.jp/keiroen/html/shisetu/tagawa-dayservice.htm" }, "geometry": { "type": "Point", "coordinates": [ 137.95842760000005, 36.2331352 ] } },
{ "type": "Feature", "properties": { "内容": "ゆめの里和田デイサービスセンター【通所介護】長野県松本市大字和田２２４０－３３", "url": "https://www.kaigokensaku.mhlw.go.jp/20/index.php?action_kouhyou_detail_004_kani=true&JigyosyoCd=2070200767-00&ServiceCd=150&Type=search", "url2": "https://www.yumenosato.info" }, "geometry": { "type": "Point", "coordinates": [ 137.9158036, 36.2038908 ] } },
{ "type": "Feature", "properties": { "内容": "かがやきデイサービスあがたの森【通所介護】長野県松本市里山辺12087-1", "url": "https://www.kaigokensaku.mhlw.go.jp/20/index.php?action_kouhyou_detail_004_kani=true&JigyosyoCd=2070203290-00&ServiceCd=150&Type=search", "url2": "http://www.nagoyakaclub.jp/agatanomori/" }, "geometry": { "type": "Point", "coordinates": [ 137.988226899999972, 36.2322565 ] } },
{ "type": "Feature", "properties": { "内容": "富士ライフ筑摩あんしん館【通所介護】長野県松本市筑摩4丁目３番６号", "url": "https://www.kaigokensaku.mhlw.go.jp/20/index.php?action_kouhyou_detail_004_kani=true&JigyosyoCd=2070200890-00&ServiceCd=150&Type=search", "url2": "http://www.fujilife.co.jp/ansin/a1.asp" }, "geometry": { "type": "Point", "coordinates": [ 137.985052699999983, 36.225821 ] } },
{ "type": "Feature", "properties": { "内容": "セントラル・ビオス【通所介護】長野県松本市大手２丁目－９－２３", "url": "https://www.kaigokensaku.mhlw.go.jp/20/index.php?action_kouhyou_detail_004_kani=true&JigyosyoCd=2070201740-00&ServiceCd=150&Type=search", "url2": "http://www.central-bios.jp" }, "geometry": { "type": "Point", "coordinates": [ 137.966387599999962, 36.2366185 ] } },
{ "type": "Feature", "properties": { "内容": "松本市波田デイサービスセンターふれあい【通所介護】長野県松本市波田6908番地1（松本市波田保健福祉センター内）", "url": "https://www.kaigokensaku.mhlw.go.jp/20/index.php?action_kouhyou_detail_004_kani=true&JigyosyoCd=2070202490-00&ServiceCd=150&Type=search", "url2": "http://www.syakyo-matsumoto.or.jp/outline/facilities/dayservice/post_31.php" }, "geometry": { "type": "Point", "coordinates": [ 137.86597183320464, 36.20029646530763 ] } },
{ "type": "Feature", "properties": { "内容": "松本市島内デイサービスセンター【通所介護】長野県松本市島内4970-1", "url": "https://www.kaigokensaku.mhlw.go.jp/20/index.php?action_kouhyou_detail_004_kani=true&JigyosyoCd=2070201872-00&ServiceCd=150&Type=search", "url2": "http://www.keiroen.or.jp/keiroen/html/shisetu/shimauti-dayservice.htm" }, "geometry": { "type": "Point", "coordinates": [ 137.94230570000002, 36.2515462 ] } },
{ "type": "Feature", "properties": { "内容": "松本市梓川デイサービスセンターなごみ荘【通所介護】長野県松本市梓川上野３７９－１", "url": "https://www.kaigokensaku.mhlw.go.jp/20/index.php?action_kouhyou_detail_004_kani=true&JigyosyoCd=2072800259-00&ServiceCd=150&Type=search", "url2": null }, "geometry": { "type": "Point", "coordinates": [ 137.836929700000042, 36.201913 ] } },
{ "type": "Feature", "properties": { "内容": "松本市島立デイサービスセンター【通所介護】松本市島立3427-1", "url": "https://www.kaigokensaku.mhlw.go.jp/20/index.php?action_kouhyou_detail_004_kani=true&JigyosyoCd=2070201880-00&ServiceCd=150&Type=search", "url2": "http://www.keiroen.or.jp/keiroen/html/shisetu/shimadate-dayservice.htm" }, "geometry": { "type": "Point", "coordinates": [ 137.942617899999959, 36.2236861 ] } },
{ "type": "Feature", "properties": { "内容": "ニチイケアセンター松本中央【通所介護】長野県松本市筑摩2-33-15", "url": "https://www.kaigokensaku.mhlw.go.jp/20/index.php?action_kouhyou_detail_004_kani=true&JigyosyoCd=2070200742-00&ServiceCd=150&Type=search", "url2": "http://www.nichiigakkan.co.jp/service/care/home/day.html" }, "geometry": { "type": "Point", "coordinates": [ 137.984208500000022, 36.2225213 ] } },
{ "type": "Feature", "properties": { "内容": "ツクイ松本【通所介護】長野県松本市井川城3-4-43", "url": "https://www.kaigokensaku.mhlw.go.jp/20/index.php?action_kouhyou_detail_004_kani=true&JigyosyoCd=2070200197-00&ServiceCd=150&Type=search", "url2": "https://www.tsukui.net/home-care/2021/" }, "geometry": { "type": "Point", "coordinates": [ 137.964196899999934, 36.2186404 ] } },
{ "type": "Feature", "properties": { "内容": "デイサービス美事【通所介護】長野県松本市庄内３－４－４１生活アシストセンター松本１F", "url": "https://www.kaigokensaku.mhlw.go.jp/20/index.php?action_kouhyou_detail_004_kani=true&JigyosyoCd=2070203902-00&ServiceCd=150&Type=search", "url2": "http://azusanosato-salvia.jp/" }, "geometry": { "type": "Point", "coordinates": [ 137.972901500000035, 36.2208488 ] } },
{ "type": "Feature", "properties": { "内容": "特別養護老人ホーム真寿園松本市寿デイサービスセンター【通所介護】長野県松本市寿中2丁目20番1号", "url": "https://www.kaigokensaku.mhlw.go.jp/20/index.php?action_kouhyou_detail_004_kani=true&JigyosyoCd=2070200262-00&ServiceCd=150&Type=search", "url2": "http://www.shinjyuen.net/" }, "geometry": { "type": "Point", "coordinates": [ 137.968675599999983, 36.1788929 ] } },
{ "type": "Feature", "properties": { "内容": "松本市北部デイサービスセンター【通所介護】長野県松本市元町３－７－１", "url": "https://www.kaigokensaku.mhlw.go.jp/20/index.php?action_kouhyou_detail_004_kani=true&JigyosyoCd=2070201955-00&ServiceCd=150&Type=search", "url2": null }, "geometry": { "type": "Point", "coordinates": [ 137.983729499999981, 36.2505148 ] } },
{ "type": "Feature", "properties": { "内容": "医療法人心泉会上條記念病院【通所介護】長野県松本市村井町西2-16-1", "url": "https://www.kaigokensaku.mhlw.go.jp/20/index.php?action_kouhyou_detail_004_kani=true&JigyosyoCd=2010217335-00&ServiceCd=150&Type=search", "url2": "http://www.kamijyomhp.or.jp/kaigo/kaigo.html" }, "geometry": { "type": "Point", "coordinates": [ 137.947433, 36.1724485 ] } },
{ "type": "Feature", "properties": { "内容": "特別養護老人ホーム真寿園真寿園デイサービスセンター【通所介護】長野県松本市寿中２丁目２０番１号", "url": "https://www.kaigokensaku.mhlw.go.jp/20/index.php?action_kouhyou_detail_004_kani=true&JigyosyoCd=2070200171-00&ServiceCd=150&Type=search", "url2": "http://www.shinjyuen.net/" }, "geometry": { "type": "Point", "coordinates": [ 137.968675599999983, 36.1788929 ] } },
{ "type": "Feature", "properties": { "内容": "デイサービスセンターなごやか松本【通所介護】長野県松本市野溝東１－１４－１１", "url": "https://www.kaigokensaku.mhlw.go.jp/20/index.php?action_kouhyou_detail_004_kani=true&JigyosyoCd=2070201393-00&ServiceCd=150&Type=search", "url2": "https://kanaya-group.jp/" }, "geometry": { "type": "Point", "coordinates": [ 137.959170399999948, 36.1975264 ] } },
{ "type": "Feature", "properties": { "内容": "松本市蟻ヶ崎デイサービスセンター【通所介護】長野県松本市蟻ヶ崎3丁目4番1号", "url": "https://www.kaigokensaku.mhlw.go.jp/20/index.php?action_kouhyou_detail_004_kani=true&JigyosyoCd=2070200403-00&ServiceCd=150&Type=search", "url2": "http://www.janis.or.jp/kenren/kouseiren/ja-naganokai/index.html" }, "geometry": { "type": "Point", "coordinates": [ 137.9665205, 36.2464256 ] } },
{ "type": "Feature", "properties": { "内容": "松本市東部デイサービスセンター【通所介護】長野県松本市女鳥羽2-1-25", "url": "https://www.kaigokensaku.mhlw.go.jp/20/index.php?action_kouhyou_detail_004_kani=true&JigyosyoCd=2070201948-00&ServiceCd=150&Type=search", "url2": "http://www.syakyo-matsumoto.or.jp/" }, "geometry": { "type": "Point", "coordinates": [ 137.9782861, 36.239602200000014 ] } },
{ "type": "Feature", "properties": { "内容": "しあわせの家　寿【通所介護】長野県松本市寿豊丘235-1", "url": "https://www.kaigokensaku.mhlw.go.jp/20/index.php?action_kouhyou_detail_004_kani=true&JigyosyoCd=2070204074-00&ServiceCd=150&Type=search", "url2": null }, "geometry": { "type": "Point", "coordinates": [ 137.975581299999931, 36.1889468 ] } },
{ "type": "Feature", "properties": { "内容": "ツクイ松本岡田【通所介護】長野県松本市岡田下岡田677-1", "url": "https://www.kaigokensaku.mhlw.go.jp/20/index.php?action_kouhyou_detail_004_kani=true&JigyosyoCd=2070204306-00&ServiceCd=150&Type=search", "url2": "http:/www.tsukui.net.jp" }, "geometry": { "type": "Point", "coordinates": [ 137.959694500000012, 36.2631654 ] } },
{ "type": "Feature", "properties": { "内容": "くわの実荘並柳デイサービスセンター【通所介護】長野県松本市並柳1丁目4-24", "url": "https://www.kaigokensaku.mhlw.go.jp/20/index.php?action_kouhyou_detail_004_kani=true&JigyosyoCd=2070203837-00&ServiceCd=150&Type=search", "url2": "http://www.kuwanomi.net" }, "geometry": { "type": "Point", "coordinates": [ 137.978045855735758, 36.213065667895052 ] } },
{ "type": "Feature", "properties": { "内容": "うつくしの里デイサービスセンター【通所介護】長野県松本市大字里山辺９１０－１", "url": "https://www.kaigokensaku.mhlw.go.jp/20/index.php?action_kouhyou_detail_004_kani=true&JigyosyoCd=2070200288-00&ServiceCd=150&Type=search", "url2": "http://www.ja-naganokai.or.jp/facilities/index.php" }, "geometry": { "type": "Point", "coordinates": [ 138.004144, 36.2434805 ] } },
{ "type": "Feature", "properties": { "内容": "秋櫻【通所介護】長野県松本市島内３３２", "url": "https://www.kaigokensaku.mhlw.go.jp/20/index.php?action_kouhyou_detail_004_kani=true&JigyosyoCd=2070201328-00&ServiceCd=150&Type=search", "url2": "https://nanatsunokane.or.jp" }, "geometry": { "type": "Point", "coordinates": [ 137.918916299999978, 36.2346448 ] } },
{ "type": "Feature", "properties": { "内容": "うつくしがはら温泉敬老園デイサービスセンター【通所介護】長野県松本市里山辺67-1", "url": "https://www.kaigokensaku.mhlw.go.jp/20/index.php?action_kouhyou_detail_004_kani=true&JigyosyoCd=2070201864-00&ServiceCd=150&Type=search", "url2": "http://www.keiroen.or.jp/keiroen/html/shisetu/utsukusigahara-onsen.htm" }, "geometry": { "type": "Point", "coordinates": [ 137.997328, 36.2473519 ] } },
{ "type": "Feature", "properties": { "内容": "ラポール宅老所【通所介護】長野県松本市城東1-3-10", "url": "https://www.kaigokensaku.mhlw.go.jp/20/index.php?action_kouhyou_detail_004_kani=true&JigyosyoCd=2070203951-00&ServiceCd=150&Type=search", "url2": "http://rapport.nagano.jp/" }, "geometry": { "type": "Point", "coordinates": [ 137.9748588, 36.23753 ] } },
{ "type": "Feature", "properties": { "内容": "ニチイケアセンター寿中【通所介護】長野県松本市寿中1-5-33", "url": "https://www.kaigokensaku.mhlw.go.jp/20/index.php?action_kouhyou_detail_004_kani=true&JigyosyoCd=2070201575-00&ServiceCd=150&Type=search", "url2": "http://www.nichiigakkan.co.jp/service/care/home/day.html" }, "geometry": { "type": "Point", "coordinates": [ 137.971008500000039, 36.1879085 ] } },
{ "type": "Feature", "properties": { "内容": "ニチイケアセンター松本波田【通所介護】長野県松本市波田1527番地39", "url": "https://www.kaigokensaku.mhlw.go.jp/20/index.php?action_kouhyou_detail_004_kani=true&JigyosyoCd=2070202961-00&ServiceCd=150&Type=search", "url2": "http://www.nichiigakkan.co.jp/service/care/home/day.html" }, "geometry": { "type": "Point", "coordinates": [ 137.875073899999961, 36.2039694 ] } },
{ "type": "Feature", "properties": { "内容": "デイサービスきたえる～む松本【通所介護】長野県松本市大字島内4367-2", "url": "https://www.kaigokensaku.mhlw.go.jp/20/index.php?action_kouhyou_detail_004_kani=true&JigyosyoCd=2070203019-00&ServiceCd=150&Type=search", "url2": "http://kitaeroom.com/info/matsumoto/" }, "geometry": { "type": "Point", "coordinates": [ 137.944003100000032, 36.2444694 ] } },
{ "type": "Feature", "properties": { "内容": "デイサービスきたえる～む松本今井【通所介護】長野県松本市今井4820-1", "url": "https://www.kaigokensaku.mhlw.go.jp/20/index.php?action_kouhyou_detail_004_kani=true&JigyosyoCd=2070204488-00&ServiceCd=150&Type=search", "url2": null }, "geometry": { "type": "Point", "coordinates": [ 137.911116199999981, 36.1787675 ] } },
{ "type": "Feature", "properties": { "内容": "松本市四賀デイサービスセンターぷくぷくの郷【通所介護】長野県松本市会田１098", "url": "https://www.kaigokensaku.mhlw.go.jp/20/index.php?action_kouhyou_detail_004_kani=true&JigyosyoCd=2072700236-00&ServiceCd=150&Type=search", "url2": "http://www.syakyo-matsumoto.or.jp/outline/facilities/dayservice/shiga_pkpk.php" }, "geometry": { "type": "Point", "coordinates": [ 137.989681499999961, 36.3495563 ] } },
{ "type": "Feature", "properties": { "内容": "梓川デイサービスセンター笑トレ【通所介護】長野県松本市梓川倭574-2百瀬テナントビル１階", "url": "https://www.kaigokensaku.mhlw.go.jp/20/index.php?action_kouhyou_detail_004_kani=true&JigyosyoCd=2070203779-00&ServiceCd=150&Type=search", "url2": "http://waratore.com/index.html" }, "geometry": { "type": "Point", "coordinates": [ 137.891741, 36.2333775 ] } },
{ "type": "Feature", "properties": { "内容": "オーチャード開智【通所介護】長野県松本市開智2-3-50", "url": "https://www.kaigokensaku.mhlw.go.jp/20/index.php?action_kouhyou_detail_004_kani=true&JigyosyoCd=2070204249-00&ServiceCd=150&Type=search", "url2": "https://kaichi.orchard-care.co.jp/" }, "geometry": { "type": "Point", "coordinates": [ 137.970520199999982, 36.241899 ] } },
{ "type": "Feature", "properties": { "内容": "コンパスウォーク松本【通所介護】長野県松本市島立799-１アールテックビル1階", "url": "https://www.kaigokensaku.mhlw.go.jp/20/index.php?action_kouhyou_detail_004_kani=true&JigyosyoCd=2070204710-00&ServiceCd=150&Type=search", "url2": null }, "geometry": { "type": "Point", "coordinates": [ 137.9466569, 36.2363547 ] } },
{ "type": "Feature", "properties": { "内容": "ニチイケアセンター松本笹賀【通所介護】長野県松本市笹賀３９６７－３", "url": "https://www.kaigokensaku.mhlw.go.jp/20/index.php?action_kouhyou_detail_004_kani=true&JigyosyoCd=2070200593-00&ServiceCd=150&Type=search", "url2": "http://www.nichiigakkan.co.jp/service/care/home/day.html" }, "geometry": { "type": "Point", "coordinates": [ 137.93425579999996, 36.1802694 ] } },
{ "type": "Feature", "properties": { "内容": "デイサービスセンター縁【通所介護】長野県松本市寿北5丁目14-15", "url": "https://www.kaigokensaku.mhlw.go.jp/20/index.php?action_kouhyou_detail_004_kani=true&JigyosyoCd=2070204694-00&ServiceCd=150&Type=search", "url2": null }, "geometry": { "type": "Point", "coordinates": [ 137.98332880000001, 36.2016441 ] } },
{ "type": "Feature", "properties": { "内容": "デイサービスセンターたのしや【通所介護】長野県松本市大字里山辺１８３２番地１", "url": "https://www.kaigokensaku.mhlw.go.jp/20/index.php?action_kouhyou_detail_004_kani=true&JigyosyoCd=2070201500-00&ServiceCd=150&Type=search", "url2": "http://tanoshiya.co.jp/matsumoto.html" }, "geometry": { "type": "Point", "coordinates": [ 138.003047, 36.240142 ] } },
{ "type": "Feature", "properties": { "内容": "デイサービスセンターまごのて【通所介護】長野県松本市里山辺94-1", "url": "https://www.kaigokensaku.mhlw.go.jp/20/index.php?action_kouhyou_detail_004_kani=true&JigyosyoCd=2070203050-00&ServiceCd=150&Type=search", "url2": "https://magonote-dh.jp/" }, "geometry": { "type": "Point", "coordinates": [ 137.998563155761587, 36.246714612467883 ] } },
{ "type": "Feature", "properties": { "内容": "デイサービスセンターき・ら・ら【通所介護】長野県松本市大字今井7111-10", "url": "https://www.kaigokensaku.mhlw.go.jp/20/index.php?action_kouhyou_detail_004_kani=true&JigyosyoCd=2070201203-00&ServiceCd=150&Type=search", "url2": null }, "geometry": { "type": "Point", "coordinates": [ 137.928187, 36.1711287 ] } },
{ "type": "Feature", "properties": { "内容": "松本ケアセンターそよ風【通所介護】長野県松本市大字笹賀8134‐1", "url": "https://www.kaigokensaku.mhlw.go.jp/20/index.php?action_kouhyou_detail_004_kani=true&JigyosyoCd=2070204322-00&ServiceCd=150&Type=search", "url2": "https://www.sykz.co.jp/shisetsu-zaitaku/204411" }, "geometry": { "type": "Point", "coordinates": [ 137.940169603757937, 36.200727443493015 ] } },
{ "type": "Feature", "properties": { "内容": "ツクイ松本北深志【通所介護】長野県松本市北深志3-5-17", "url": "https://www.kaigokensaku.mhlw.go.jp/20/index.php?action_kouhyou_detail_004_kani=true&JigyosyoCd=2070201161-00&ServiceCd=150&Type=search", "url2": "https://www.tsukui.net/home-care/2226/" }, "geometry": { "type": "Point", "coordinates": [ 137.97419739999998, 36.2470953 ] } },
{ "type": "Feature", "properties": { "内容": "デイサービスセンターリハビリ処岩下【通所介護】長野県上田市大屋339-1", "url": "https://www.kaigokensaku.mhlw.go.jp/20/index.php?action_kouhyou_detail_004_kani=true&JigyosyoCd=2070301920-00&ServiceCd=150&Type=search", "url2": null }, "geometry": { "type": "Point", "coordinates": [ 138.287530694381758, 36.373783405913045 ] } },
{ "type": "Feature", "properties": { "内容": "リハビリ道場常田【通所介護】長野県上田市常田３－１５－７７", "url": "https://www.kaigokensaku.mhlw.go.jp/20/index.php?action_kouhyou_detail_004_kani=true&JigyosyoCd=2070301375-00&ServiceCd=150&Type=search", "url2": "http://hohoemikaigo.com/" }, "geometry": { "type": "Point", "coordinates": [ 138.265932600000042, 36.3900655 ] } },
{ "type": "Feature", "properties": { "内容": "デイサービスリハビリ健康道場【通所介護】長野県上田市福田50－3", "url": "https://www.kaigokensaku.mhlw.go.jp/20/index.php?action_kouhyou_detail_004_kani=true&JigyosyoCd=2070300815-00&ServiceCd=150&Type=search", "url2": "http://hohoemikaigo.com/" }, "geometry": { "type": "Point", "coordinates": [ 138.201907399999982, 36.3874959 ] } },
{ "type": "Feature", "properties": { "内容": "デイサービス　オリオリゾート上田【通所介護】長野県上田市住吉587-6", "url": "https://www.kaigokensaku.mhlw.go.jp/20/index.php?action_kouhyou_detail_004_kani=true&JigyosyoCd=2070302399-00&ServiceCd=150&Type=search", "url2": "kyowa-hd/co.jp/olioresort/" }, "geometry": { "type": "Point", "coordinates": [ 138.276766641104473, 36.407073131531078 ] } },
{ "type": "Feature", "properties": { "内容": "ベルポートまるこデイサービスセンター【通所介護】長野県上田市中丸子１８９７番地１", "url": "https://www.kaigokensaku.mhlw.go.jp/20/index.php?action_kouhyou_detail_004_kani=true&JigyosyoCd=2070301292-00&ServiceCd=150&Type=search", "url2": "http://daijukai.or.jp/" }, "geometry": { "type": "Point", "coordinates": [ 138.269184499999938, 36.3368559 ] } },
{ "type": "Feature", "properties": { "内容": "上田市中央デイサービスセンター【通所介護】長野県上田市常磐城３－３－１８", "url": "https://www.kaigokensaku.mhlw.go.jp/20/index.php?action_kouhyou_detail_004_kani=true&JigyosyoCd=2070301086-00&ServiceCd=150&Type=search", "url2": null }, "geometry": { "type": "Point", "coordinates": [ 138.235161799999986, 36.4025532 ] } },
{ "type": "Feature", "properties": { "内容": "ツクイ上田原【通所介護】長野県上田市上田原１２２２－１４", "url": "https://www.kaigokensaku.mhlw.go.jp/20/index.php?action_kouhyou_detail_004_kani=true&JigyosyoCd=2070301060-00&ServiceCd=150&Type=search", "url2": "http://www.tsukui.net/search/detail.php?officeid=348" }, "geometry": { "type": "Point", "coordinates": [ 138.223030599999987, 36.3863407 ] } },
{ "type": "Feature", "properties": { "内容": "上田市神川デイサービスセンター【通所介護】長野県上田市国分５３３－２０神川地区複合福祉センター", "url": "https://www.kaigokensaku.mhlw.go.jp/20/index.php?action_kouhyou_detail_004_kani=true&JigyosyoCd=2070301094-00&ServiceCd=150&Type=search", "url2": "http://www.ueda-shakyo.com/" }, "geometry": { "type": "Point", "coordinates": [ 138.277607200000034, 36.3785336 ] } },
{ "type": "Feature", "properties": { "内容": "上田市塩田デイサービスセンター【通所介護】長野県上田市中野339-2", "url": "https://www.kaigokensaku.mhlw.go.jp/20/index.php?action_kouhyou_detail_004_kani=true&JigyosyoCd=2070302373-00&ServiceCd=150&Type=search", "url2": null }, "geometry": { "type": "Point", "coordinates": [ 138.1964903, 36.3637541 ] } },
{ "type": "Feature", "properties": { "内容": "通所介護センターなごやか【通所介護】長野県上田市別所温泉１８２８番地の２", "url": "https://www.kaigokensaku.mhlw.go.jp/20/index.php?action_kouhyou_detail_004_kani=true&JigyosyoCd=2070300427-00&ServiceCd=150&Type=search", "url2": "http://care-net.biz/20/choujuen/" }, "geometry": { "type": "Point", "coordinates": [ 138.158899, 36.3529822 ] } },
{ "type": "Feature", "properties": { "内容": "デイサービスセンターアザレアン【通所介護】長野県上田市真田町長７１４１－１", "url": "https://www.kaigokensaku.mhlw.go.jp/20/index.php?action_kouhyou_detail_004_kani=true&JigyosyoCd=2072200393-00&ServiceCd=150&Type=search", "url2": "http://www.azarean.jp/Group1/Contents/service/1600_dayservice.aspx" }, "geometry": { "type": "Point", "coordinates": [ 138.305767699999933, 36.4433461 ] } },
{ "type": "Feature", "properties": { "内容": "デイサービスあすか【通所介護】長野県上田市上塩尻192-5", "url": "https://www.kaigokensaku.mhlw.go.jp/20/index.php?action_kouhyou_detail_004_kani=true&JigyosyoCd=2070301722-00&ServiceCd=150&Type=search", "url2": "asuka2013@lime.ocn.ne.jp" }, "geometry": { "type": "Point", "coordinates": [ 138.220153399999958, 36.417241900000015 ] } },
{ "type": "Feature", "properties": { "内容": "ツクイ上田秋和【通所介護】長野県上田市秋和541-1", "url": "https://www.kaigokensaku.mhlw.go.jp/20/index.php?action_kouhyou_detail_004_kani=true&JigyosyoCd=2070302019-00&ServiceCd=150&Type=search", "url2": "http://www.tsukui.net/search/2635/detail.html" }, "geometry": { "type": "Point", "coordinates": [ 138.235382925628301, 36.411355394961845 ] } },
{ "type": "Feature", "properties": { "内容": "ニチイケアセンターときわぎ【通所介護】長野県上田市常磐城654-4", "url": "https://www.kaigokensaku.mhlw.go.jp/20/index.php?action_kouhyou_detail_004_kani=true&JigyosyoCd=2070300286-00&ServiceCd=150&Type=search", "url2": "http://www.nichiigakkan.co.jp/service/care/home/day.html" }, "geometry": { "type": "Point", "coordinates": [ 138.242585700000063, 36.4163737 ] } },
{ "type": "Feature", "properties": { "内容": "丸子デイサービスセンター【通所介護】長野県上田市上丸子1600-1", "url": "https://www.kaigokensaku.mhlw.go.jp/20/index.php?action_kouhyou_detail_004_kani=true&JigyosyoCd=2072200229-00&ServiceCd=150&Type=search", "url2": "http://www.keiroen.or.jp/keiroen/html/shisetu/maruko-dayservice.htm" }, "geometry": { "type": "Point", "coordinates": [ 138.269193399999949, 36.3239879 ] } },
{ "type": "Feature", "properties": { "内容": "ローマンうえだデイサービスセンター【通所介護】長野県上田市殿城２５０－１", "url": "https://www.kaigokensaku.mhlw.go.jp/20/index.php?action_kouhyou_detail_004_kani=true&JigyosyoCd=2070300500-00&ServiceCd=150&Type=search", "url2": "https://www.ja-naganokai.or.jp/" }, "geometry": { "type": "Point", "coordinates": [ 138.300659200000041, 36.4027841 ] } },
{ "type": "Feature", "properties": { "内容": "室賀デイサービスセンター【通所介護】長野県上田市上室賀19番地", "url": "https://www.kaigokensaku.mhlw.go.jp/20/index.php?action_kouhyou_detail_004_kani=true&JigyosyoCd=2070300203-00&ServiceCd=150&Type=search", "url2": "https:/shiinomikai.com/" }, "geometry": { "type": "Point", "coordinates": [ 138.159207388885534, 36.403272597692414 ] } },
{ "type": "Feature", "properties": { "内容": "あおぞらの里　上田原デイサービスセンター【通所介護】長野県上田市神畑217-7", "url": "https://www.kaigokensaku.mhlw.go.jp/20/index.php?action_kouhyou_detail_004_kani=true&JigyosyoCd=2070301623-00&ServiceCd=150&Type=search", "url2": "http://www.aozoranosato.jp/lib/center/index.php?id=65" }, "geometry": { "type": "Point", "coordinates": [ 138.217504100000042, 36.3764721 ] } },
{ "type": "Feature", "properties": { "内容": "ニチイケアセンターこさと【通所介護】長野県上田市上野60-7", "url": "https://www.kaigokensaku.mhlw.go.jp/20/index.php?action_kouhyou_detail_004_kani=true&JigyosyoCd=2070300757-00&ServiceCd=150&Type=search", "url2": "http://www.nichiigakkan.co.jp/service/care/home/day.html" }, "geometry": { "type": "Point", "coordinates": [ 138.289682399999947, 36.4036975 ] } },
{ "type": "Feature", "properties": { "内容": "しおがわ敬老園デイサービスセンター【通所介護】長野県上田市塩川１００１番地", "url": "https://www.kaigokensaku.mhlw.go.jp/20/index.php?action_kouhyou_detail_004_kani=true&JigyosyoCd=2072200278-00&ServiceCd=150&Type=search", "url2": "http://www.keiroen.or.jp/keiroen/html/shisetu/shiogawa.htm" }, "geometry": { "type": "Point", "coordinates": [ 138.309871700000031, 36.3530189 ] } },
{ "type": "Feature", "properties": { "内容": "ニチイケアセンターかわべ【通所介護】長野県上田市上田原847-4", "url": "https://www.kaigokensaku.mhlw.go.jp/20/index.php?action_kouhyou_detail_004_kani=true&JigyosyoCd=2070300351-00&ServiceCd=150&Type=search", "url2": "http://www.nichiigakkan.co.jp/service/care/home/day.html" }, "geometry": { "type": "Point", "coordinates": [ 138.224482599999988, 36.3937623 ] } },
{ "type": "Feature", "properties": { "内容": "うえだ敬老園デイサービスセンター【通所介護】長野県上田市中央３－１４－５", "url": "https://www.kaigokensaku.mhlw.go.jp/20/index.php?action_kouhyou_detail_004_kani=true&JigyosyoCd=2070300575-00&ServiceCd=150&Type=search", "url2": "http://www.keiroen.or.jp/keiroen/html/shisetu/ueda.htm" }, "geometry": { "type": "Point", "coordinates": [ 138.254980100000012, 36.4019782 ] } },
{ "type": "Feature", "properties": { "内容": "さわやか絹の郷信州おかや【通所介護】長野県岡谷市郷田2丁目1番24号", "url": "https://www.kaigokensaku.mhlw.go.jp/20/index.php?action_kouhyou_detail_004_kani=true&JigyosyoCd=2070400938-00&ServiceCd=150&Type=search", "url2": "www.kinu-sato.jp" }, "geometry": { "type": "Point", "coordinates": [ 138.0492366, 36.0731576 ] } },
{ "type": "Feature", "properties": { "内容": "温泉デイサービス湯けむり【通所介護】長野県岡谷市南宮３－３－８", "url": "https://www.kaigokensaku.mhlw.go.jp/20/index.php?action_kouhyou_detail_004_kani=true&JigyosyoCd=2070400391-00&ServiceCd=150&Type=search", "url2": "http://heisei-kai.jp/" }, "geometry": { "type": "Point", "coordinates": [ 138.0659243, 36.0584852 ] } },
{ "type": "Feature", "properties": { "内容": "ニチイケアセンターおかや【通所介護】長野県岡谷市長地権現町1-7-26", "url": "https://www.kaigokensaku.mhlw.go.jp/20/index.php?action_kouhyou_detail_004_kani=true&JigyosyoCd=2070400334-00&ServiceCd=150&Type=search", "url2": "http://www.nichiigakkan.co.jp/service/care/home/day.html" }, "geometry": { "type": "Point", "coordinates": [ 138.069879200000059, 36.0667816 ] } },
{ "type": "Feature", "properties": { "内容": "デイサービスセンターグレイスフル岡谷【通所介護】長野県岡谷市湖畔２－６－２", "url": "https://www.kaigokensaku.mhlw.go.jp/20/index.php?action_kouhyou_detail_004_kani=true&JigyosyoCd=2070400185-00&ServiceCd=150&Type=search", "url2": "http://www.sun-vision.or.jp" }, "geometry": { "type": "Point", "coordinates": [ 138.055489099999932, 36.057785 ] } },
{ "type": "Feature", "properties": { "内容": "ツクイ岡谷【通所介護】長野県岡谷市本町1丁目7-21", "url": "https://www.kaigokensaku.mhlw.go.jp/20/index.php?action_kouhyou_detail_004_kani=true&JigyosyoCd=2070400516-00&ServiceCd=150&Type=search", "url2": "http://www.tsukui.net/search/detail.php?officeid=527" }, "geometry": { "type": "Point", "coordinates": [ 138.043426299999965, 36.0577181 ] } },
{ "type": "Feature", "properties": { "内容": "デイサービスセンターさわらび【通所介護】長野県岡谷市西山１７２３－１０１", "url": "https://www.kaigokensaku.mhlw.go.jp/20/index.php?action_kouhyou_detail_004_kani=true&JigyosyoCd=2070400250-00&ServiceCd=150&Type=search", "url2": "http://www.heisei-kai.jp/sisetu/sawarabi.htm" }, "geometry": { "type": "Point", "coordinates": [ 138.037538700000027, 36.0779865 ] } },
{ "type": "Feature", "properties": { "内容": "北方の風【通所介護】飯田市北方２２０９-５", "url": "https://www.kaigokensaku.mhlw.go.jp/20/index.php?action_kouhyou_detail_004_kani=true&JigyosyoCd=2070501297-00&ServiceCd=150&Type=search", "url2": null }, "geometry": { "type": "Point", "coordinates": [ 137.7964, 35.508409 ] } },
{ "type": "Feature", "properties": { "内容": "飯田市西部デイサービスセンター【通所介護】長野県飯田市三日市場２０９９－２", "url": "https://www.kaigokensaku.mhlw.go.jp/20/index.php?action_kouhyou_detail_004_kani=true&JigyosyoCd=2070500422-00&ServiceCd=150&Type=search", "url2": "http://www.wn-sekizenkai.or.jp" }, "geometry": { "type": "Point", "coordinates": [ 137.79612910000003, 35.4858034 ] } },
{ "type": "Feature", "properties": { "内容": "デイサービスセンターたまゆらの丘【通所介護】長野県飯田市北方３４０６－１", "url": "https://www.kaigokensaku.mhlw.go.jp/20/index.php?action_kouhyou_detail_004_kani=true&JigyosyoCd=2070501495-00&ServiceCd=150&Type=search", "url2": "http://www.tamayura.ne.jp/dayservice2" }, "geometry": { "type": "Point", "coordinates": [ 137.790773100000024, 35.5049983 ] } },
{ "type": "Feature", "properties": { "内容": "デイサービスセンターたまゆら【通所介護】長野県飯田市北方２６８８－２", "url": "https://www.kaigokensaku.mhlw.go.jp/20/index.php?action_kouhyou_detail_004_kani=true&JigyosyoCd=2070500752-00&ServiceCd=150&Type=search", "url2": "http://www.tamayura.ne.jp/dayservice" }, "geometry": { "type": "Point", "coordinates": [ 137.793050499999907, 35.5066065 ] } },
{ "type": "Feature", "properties": { "内容": "ニチイケアセンター飯田【通所介護】長野県飯田市大瀬木298-1", "url": "https://www.kaigokensaku.mhlw.go.jp/20/index.php?action_kouhyou_detail_004_kani=true&JigyosyoCd=2070500406-00&ServiceCd=150&Type=search", "url2": "https://www.nichii-kaigo.jp/base/" }, "geometry": { "type": "Point", "coordinates": [ 137.796497899999963, 35.4965577 ] } },
{ "type": "Feature", "properties": { "内容": "ツクイ飯田【通所介護】長野県飯田市上郷別府３３２７－１１", "url": "https://www.kaigokensaku.mhlw.go.jp/20/index.php?action_kouhyou_detail_004_kani=true&JigyosyoCd=2070500281-00&ServiceCd=150&Type=search", "url2": "http://www.tsukui.net/home-care/2028/" }, "geometry": { "type": "Point", "coordinates": [ 137.842808900000023, 35.5084985 ] } },
{ "type": "Feature", "properties": { "内容": "飯田市竜東デイサービスセンター【通所介護】長野県飯田市下久堅知久平123", "url": "https://www.kaigokensaku.mhlw.go.jp/20/index.php?action_kouhyou_detail_004_kani=true&JigyosyoCd=2070500349-00&ServiceCd=150&Type=search", "url2": null }, "geometry": { "type": "Point", "coordinates": [ 137.851312199999938, 35.4756694 ] } },
{ "type": "Feature", "properties": { "内容": "ツクイ飯田白山【通所介護】長野県飯田市白山町三丁目東12-9ツクイ飯田白山営業所", "url": "https://www.kaigokensaku.mhlw.go.jp/20/index.php?action_kouhyou_detail_004_kani=true&JigyosyoCd=2070501834-00&ServiceCd=150&Type=search", "url2": "http://www.tsukui.net/search/detail.php?officeid=582" }, "geometry": { "type": "Point", "coordinates": [ 137.812189, 35.520977 ] } },
{ "type": "Feature", "properties": { "内容": "飯田市上郷デイサービスセンター【通所介護】長野県飯田市上郷飯沼2212-1", "url": "https://www.kaigokensaku.mhlw.go.jp/20/index.php?action_kouhyou_detail_004_kani=true&JigyosyoCd=2070500356-00&ServiceCd=150&Type=search", "url2": null }, "geometry": { "type": "Point", "coordinates": [ 137.847994100000051, 35.5160145 ] } },
{ "type": "Feature", "properties": { "内容": "飯田市いいだデイサービスセンター【通所介護】長野県飯田市東栄町３１７１番地１特別養護老人ホーム第二飯田荘", "url": "https://www.kaigokensaku.mhlw.go.jp/20/index.php?action_kouhyou_detail_004_kani=true&JigyosyoCd=2070500323-00&ServiceCd=150&Type=search", "url2": "http://www.iidashakyo.or.jp" }, "geometry": { "type": "Point", "coordinates": [ 137.837262608598422, 35.512064664891007 ] } },
{ "type": "Feature", "properties": { "内容": "飯田市北部デイサービスセンター【通所介護】長野県飯田市上郷黒田２１１２番地１", "url": "https://www.kaigokensaku.mhlw.go.jp/20/index.php?action_kouhyou_detail_004_kani=true&JigyosyoCd=2070500331-00&ServiceCd=150&Type=search", "url2": "http://www.iidashakyo.or.jp" }, "geometry": { "type": "Point", "coordinates": [ 137.840538400000014, 35.5298987 ] } },
{ "type": "Feature", "properties": { "内容": "健和会デイサービスセンター【通所介護】長野県飯田市鼎上山１５５２－１健和会医療介護総合センター", "url": "https://www.kaigokensaku.mhlw.go.jp/20/index.php?action_kouhyou_detail_004_kani=true&JigyosyoCd=2070500711-00&ServiceCd=150&Type=search", "url2": "http://www.kenwakai.or.jp/" }, "geometry": { "type": "Point", "coordinates": [ 137.826770271875034, 35.503655479579102 ] } },
{ "type": "Feature", "properties": { "内容": "北方デイサービスセンター【通所介護】長野県飯田市北方２２０９－１", "url": "https://www.kaigokensaku.mhlw.go.jp/20/index.php?action_kouhyou_detail_004_kani=true&JigyosyoCd=2070500737-00&ServiceCd=150&Type=search", "url2": "http://ichiyokai-iida.jp" }, "geometry": { "type": "Point", "coordinates": [ 137.796413799999982, 35.5084201 ] } },
{ "type": "Feature", "properties": { "内容": "デイサービスセンター杜のおんがっかい【通所介護】長野県飯田市下瀬242-5下瀬しあわせ村", "url": "https://www.kaigokensaku.mhlw.go.jp/20/index.php?action_kouhyou_detail_004_kani=true&JigyosyoCd=2070502162-00&ServiceCd=150&Type=search", "url2": "http://nagano-tamayura.com/" }, "geometry": { "type": "Point", "coordinates": [ 137.80332820000001, 35.4263737 ] } },
{ "type": "Feature", "properties": { "内容": "かわじデイサービスセンター【通所介護】長野県飯田市川路3467－2", "url": "https://www.kaigokensaku.mhlw.go.jp/20/index.php?action_kouhyou_detail_004_kani=true&JigyosyoCd=2070501206-00&ServiceCd=150&Type=search", "url2": "yuinosato-nagano.or.jp" }, "geometry": { "type": "Point", "coordinates": [ 137.807907099999966, 35.448316 ] } },
{ "type": "Feature", "properties": { "内容": "デイサービスみつばさ【通所介護】長野県飯田市鼎上山3800-5", "url": "https://www.kaigokensaku.mhlw.go.jp/20/index.php?action_kouhyou_detail_004_kani=true&JigyosyoCd=2070501586-00&ServiceCd=150&Type=search", "url2": null }, "geometry": { "type": "Point", "coordinates": [ 137.8093513, 35.5065954 ] } },
{ "type": "Feature", "properties": { "内容": "飯田市中部ディサービスセンター【通所介護】長野県飯田市駄科９０４－１", "url": "https://www.kaigokensaku.mhlw.go.jp/20/index.php?action_kouhyou_detail_004_kani=true&JigyosyoCd=2070502287-00&ServiceCd=150&Type=search", "url2": "ayumi-kai.org" }, "geometry": { "type": "Point", "coordinates": [ 137.8399128, 35.4769189 ] } },
{ "type": "Feature", "properties": { "内容": "デイサービス湖岸通り【通所介護】長野県諏訪市湖岸通り2-305-1", "url": "https://www.kaigokensaku.mhlw.go.jp/20/index.php?action_kouhyou_detail_004_kani=true&JigyosyoCd=2070600909-00&ServiceCd=150&Type=search", "url2": null }, "geometry": { "type": "Point", "coordinates": [ 138.11404790000006, 36.0530397 ] } },
{ "type": "Feature", "properties": { "内容": "諏訪市社会福祉協議会指定通所介護事業所諏訪市デイサービスセンター西山の里【通所介護】長野県諏訪市湖南４０１６－１", "url": "https://www.kaigokensaku.mhlw.go.jp/20/index.php?action_kouhyou_detail_004_kani=true&JigyosyoCd=2070600198-00&ServiceCd=150&Type=search", "url2": "http://www.suwacity-shakyo.com/nishiyama.html" }, "geometry": { "type": "Point", "coordinates": [ 138.101078599999937, 36.0101587 ] } },
{ "type": "Feature", "properties": { "内容": "デイサービスきたえるーむ諏訪【通所介護】長野県諏訪市大字四賀赤沼1982-2", "url": "https://www.kaigokensaku.mhlw.go.jp/20/index.php?action_kouhyou_detail_004_kani=true&JigyosyoCd=2070601006-00&ServiceCd=150&Type=search", "url2": null }, "geometry": { "type": "Point", "coordinates": [ 138.1251614, 36.0162968 ] } },
{ "type": "Feature", "properties": { "内容": "デイサービスセンター　すばらしき仲間たち【通所介護】長野県諏訪市湖南4894-1", "url": "https://www.kaigokensaku.mhlw.go.jp/20/index.php?action_kouhyou_detail_004_kani=true&JigyosyoCd=2070600867-00&ServiceCd=150&Type=search", "url2": "https://www.seibonokai.com" }, "geometry": { "type": "Point", "coordinates": [ 138.099595366934182, 36.00602548771176 ] } },
{ "type": "Feature", "properties": { "内容": "須坂市社協デイサービスセンターすえひろ【通所介護】長野県須坂市大字須坂１２４３－１", "url": "https://www.kaigokensaku.mhlw.go.jp/20/index.php?action_kouhyou_detail_004_kani=true&JigyosyoCd=2070700139-00&ServiceCd=150&Type=search", "url2": "http://www.suzaka-shakyo.jp" }, "geometry": { "type": "Point", "coordinates": [ 138.308419400000048, 36.6568245 ] } },
{ "type": "Feature", "properties": { "内容": "社会福祉法人ジェイエー長野会　デイサービスセンターがりゅうの里【通所介護】長野県須坂市大字野辺560番地1", "url": "https://www.kaigokensaku.mhlw.go.jp/20/index.php?action_kouhyou_detail_004_kani=true&JigyosyoCd=2070700626-00&ServiceCd=150&Type=search", "url2": "http://www.ja-naganokai.or.jp" }, "geometry": { "type": "Point", "coordinates": [ 138.309250826912063, 36.638397828866715 ] } },
{ "type": "Feature", "properties": { "内容": "須坂市社協デイサービスセンターぬくもり園【通所介護】長野県須坂市大字野辺１３４１－２", "url": "https://www.kaigokensaku.mhlw.go.jp/20/index.php?action_kouhyou_detail_004_kani=true&JigyosyoCd=2070700154-00&ServiceCd=150&Type=search", "url2": "http://www.suzaka-shakyo.jp" }, "geometry": { "type": "Point", "coordinates": [ 138.3204763, 36.635794 ] } },
{ "type": "Feature", "properties": { "内容": "コンパスウォーク信州須坂【通所介護】長野県須坂市米持302-1", "url": "https://www.kaigokensaku.mhlw.go.jp/20/index.php?action_kouhyou_detail_004_kani=true&JigyosyoCd=2070700709-00&ServiceCd=150&Type=search", "url2": "https://cwsuzaka.com/" }, "geometry": { "type": "Point", "coordinates": [ 138.289505599999984, 36.6433749 ] } },
{ "type": "Feature", "properties": { "内容": "高齢者総合福祉施設須坂やすらぎの園【通所介護】長野県須坂市大字日滝字寺窪2887-1", "url": "https://www.kaigokensaku.mhlw.go.jp/20/index.php?action_kouhyou_detail_004_kani=true&JigyosyoCd=2070700055-00&ServiceCd=150&Type=search", "url2": "http://suzaka-yasuraginosono.com/index/" }, "geometry": { "type": "Point", "coordinates": [ 138.307191699999947, 36.6510973 ] } },
{ "type": "Feature", "properties": { "内容": "グリーンデイサービスセンター【通所介護】長野県須坂市大字仁礼７番地１０", "url": "https://www.kaigokensaku.mhlw.go.jp/20/index.php?action_kouhyou_detail_004_kani=true&JigyosyoCd=2070700196-00&ServiceCd=150&Type=search", "url2": "http://www.greenarum.jp" }, "geometry": { "type": "Point", "coordinates": [ 138.338664699999981, 36.6137439 ] } },
{ "type": "Feature", "properties": { "内容": "株式会社ケアネットデイサービスセンター長野第一【通所介護】長野県須坂市大字小山字蒔田2518-1", "url": "https://www.kaigokensaku.mhlw.go.jp/20/index.php?action_kouhyou_detail_004_kani=true&JigyosyoCd=2070700170-00&ServiceCd=150&Type=search", "url2": null }, "geometry": { "type": "Point", "coordinates": [ 138.288488715949342, 36.656353462068843 ] } },
{ "type": "Feature", "properties": { "内容": "参加型デイサービス　ぽかぽか食堂【通所介護】長野県須坂市亀倉187-3", "url": "https://www.kaigokensaku.mhlw.go.jp/20/index.php?action_kouhyou_detail_004_kani=true&JigyosyoCd=2070700782-00&ServiceCd=150&Type=search", "url2": "https://one-life-ikiruba.co.jp/" }, "geometry": { "type": "Point", "coordinates": [ 138.337465, 36.6197499 ] } },
{ "type": "Feature", "properties": { "内容": "みんなの家タブノキ【通所介護】長野県小諸市大字市97番地", "url": "https://www.kaigokensaku.mhlw.go.jp/20/index.php?action_kouhyou_detail_004_kani=true&JigyosyoCd=2070800806-00&ServiceCd=150&Type=search", "url2": "tabunoki.space" }, "geometry": { "type": "Point", "coordinates": [ 138.4375287, 36.2863596 ] } },
{ "type": "Feature", "properties": { "内容": "ワールドステイ　グラン・池の前【通所介護】長野県小諸市御影新田2190-3", "url": "https://www.kaigokensaku.mhlw.go.jp/20/index.php?action_kouhyou_detail_004_kani=true&JigyosyoCd=2070800699-00&ServiceCd=150&Type=search", "url2": "http://www.ws-grand.com/" }, "geometry": { "type": "Point", "coordinates": [ 138.462975034393367, 36.301922044306906 ] } },
{ "type": "Feature", "properties": { "内容": "寿園介護ステーションデイサービス【通所介護】長野県小諸市御影新田字池ノ上2090-1ことぶきの家小諸", "url": "https://www.kaigokensaku.mhlw.go.jp/20/index.php?action_kouhyou_detail_004_kani=true&JigyosyoCd=2070800285-00&ServiceCd=150&Type=search", "url2": "http://kotobuki-group.jp/care-station/day-service" }, "geometry": { "type": "Point", "coordinates": [ 138.468341826844835, 36.303810658731152 ] } },
{ "type": "Feature", "properties": { "内容": "デイサービスセンターやまびこ【通所介護】長野県小諸市大字柏木１３２６-１", "url": "https://www.kaigokensaku.mhlw.go.jp/20/index.php?action_kouhyou_detail_004_kani=true&JigyosyoCd=2070800095-00&ServiceCd=150&Type=search", "url2": "http://www.yamabiko.or.jp" }, "geometry": { "type": "Point", "coordinates": [ 138.453955899999983, 36.3375021 ] } },
{ "type": "Feature", "properties": { "内容": "デイサービスセンターのぞみ【通所介護】長野県小諸市東雲6-2-3", "url": "https://www.kaigokensaku.mhlw.go.jp/20/index.php?action_kouhyou_detail_004_kani=true&JigyosyoCd=2070800384-00&ServiceCd=150&Type=search", "url2": "https://nozomi-g.co.jp" }, "geometry": { "type": "Point", "coordinates": [ 138.435285, 36.3310467 ] } },
{ "type": "Feature", "properties": { "内容": "あすか小諸【通所介護】長野県小諸市相生町１－３－３", "url": "https://www.kaigokensaku.mhlw.go.jp/20/index.php?action_kouhyou_detail_004_kani=true&JigyosyoCd=2070800558-00&ServiceCd=150&Type=search", "url2": "http://www.tbcss.co.jp/" }, "geometry": { "type": "Point", "coordinates": [ 138.42277480000007, 36.3270079 ] } },
{ "type": "Feature", "properties": { "内容": "宅幼老所サポートすみれ【通所介護】長野県小諸市大字加増982－2", "url": "https://www.kaigokensaku.mhlw.go.jp/20/index.php?action_kouhyou_detail_004_kani=true&JigyosyoCd=2070800798-00&ServiceCd=150&Type=search", "url2": null }, "geometry": { "type": "Point", "coordinates": [ 138.4511373, 36.3361805 ] } },
{ "type": "Feature", "properties": { "内容": "デイサービスセンターあさま【通所介護】長野県小諸市耳取948番地1", "url": "https://www.kaigokensaku.mhlw.go.jp/20/index.php?action_kouhyou_detail_004_kani=true&JigyosyoCd=2070800764-00&ServiceCd=150&Type=search", "url2": null }, "geometry": { "type": "Point", "coordinates": [ 138.43798957790986, 36.290900652319451 ] } },
{ "type": "Feature", "properties": { "内容": "デイサービス野いちご【通所介護】長野県小諸市大字御影新田字池の上2238番地6", "url": "https://www.kaigokensaku.mhlw.go.jp/20/index.php?action_kouhyou_detail_004_kani=true&JigyosyoCd=2070800830-00&ServiceCd=150&Type=search", "url2": "https://www.kk-noichigo.com/" }, "geometry": { "type": "Point", "coordinates": [ 138.4691685, 36.3019577 ] } },
{ "type": "Feature", "properties": { "内容": "デイサービス　こころ【通所介護】長野県伊那市野底7998-6デイサービスこころ", "url": "https://www.kaigokensaku.mhlw.go.jp/20/index.php?action_kouhyou_detail_004_kani=true&JigyosyoCd=2070900895-00&ServiceCd=150&Type=search", "url2": "https://www.kokoro-no-kaigo.jp" }, "geometry": { "type": "Point", "coordinates": [ 137.9929589, 35.8618848 ] } },
{ "type": "Feature", "properties": { "内容": "デイサービスセンターぬくもり【通所介護】長野県伊那市手良野口1983番1デイサービスセンターぬくもり", "url": "https://www.kaigokensaku.mhlw.go.jp/20/index.php?action_kouhyou_detail_004_kani=true&JigyosyoCd=2070900796-00&ServiceCd=150&Type=search", "url2": null }, "geometry": { "type": "Point", "coordinates": [ 138.012751768100799, 35.858742106902561 ] } },
{ "type": "Feature", "properties": { "内容": "ニチイケアセンター伊那【通所介護】長野県伊那市上新田２７６７－１", "url": "https://www.kaigokensaku.mhlw.go.jp/20/index.php?action_kouhyou_detail_004_kani=true&JigyosyoCd=2070900127-00&ServiceCd=150&Type=search", "url2": "http://www.nichiigakkan.co.jp/service/care/home/day.html" }, "geometry": { "type": "Point", "coordinates": [ 137.958715899999987, 35.8268423 ] } },
{ "type": "Feature", "properties": { "内容": "ツクイ伊那中央【通所介護】長野県伊那市中央４９２０", "url": "https://www.kaigokensaku.mhlw.go.jp/20/index.php?action_kouhyou_detail_004_kani=true&JigyosyoCd=2070900366-00&ServiceCd=150&Type=search", "url2": "http://www.tsukui.net/search/2340/detail.html" }, "geometry": { "type": "Point", "coordinates": [ 137.966475800000012, 35.8411516 ] } },
{ "type": "Feature", "properties": { "内容": "デイサービスこもれび【通所介護】長野県伊那市上牧6538", "url": "https://www.kaigokensaku.mhlw.go.jp/20/index.php?action_kouhyou_detail_004_kani=true&JigyosyoCd=2070900937-00&ServiceCd=150&Type=search", "url2": null }, "geometry": { "type": "Point", "coordinates": [ 137.978088899999989, 35.8535952 ] } },
{ "type": "Feature", "properties": { "内容": "デイサービスあおば【通所介護】長野県伊那市狐島３８９５番地", "url": "https://www.kaigokensaku.mhlw.go.jp/20/index.php?action_kouhyou_detail_004_kani=true&JigyosyoCd=2070900457-00&ServiceCd=150&Type=search", "url2": "http://www.kamiina-mcoop.com/" }, "geometry": { "type": "Point", "coordinates": [ 137.962249875918559, 35.83660110338495 ] } },
{ "type": "Feature", "properties": { "内容": "駒ヶ根市デイサービスセンター竜東やまびこ園【通所介護】長野県駒ヶ根市中沢12076-1", "url": "https://www.kaigokensaku.mhlw.go.jp/20/index.php?action_kouhyou_detail_004_kani=true&JigyosyoCd=2071000109-00&ServiceCd=150&Type=search", "url2": "www.kmshakyo.org/" }, "geometry": { "type": "Point", "coordinates": [ 137.984520100000026, 35.7333979 ] } },
{ "type": "Feature", "properties": { "内容": "エーデルこまがねデイサービスセンター【通所介護】長野県駒ヶ根市赤穂14424番地3", "url": "https://www.kaigokensaku.mhlw.go.jp/20/index.php?action_kouhyou_detail_004_kani=true&JigyosyoCd=2071000117-00&ServiceCd=150&Type=search", "url2": "http://care-net.biz/20/edel-komagane" }, "geometry": { "type": "Point", "coordinates": [ 137.951189200000044, 35.717808 ] } },
{ "type": "Feature", "properties": { "内容": "あい介護　祥風【通所介護】長野県駒ヶ根市赤穂1131-1", "url": "https://www.kaigokensaku.mhlw.go.jp/20/index.php?action_kouhyou_detail_004_kani=true&JigyosyoCd=2071000299-00&ServiceCd=150&Type=search", "url2": "http://ai-iikaigo.com" }, "geometry": { "type": "Point", "coordinates": [ 137.921241099999946, 35.744942 ] } },
{ "type": "Feature", "properties": { "内容": "デイサービス　チャレンジ【通所介護】長野県中野市中央二丁目１番２号", "url": "https://www.kaigokensaku.mhlw.go.jp/20/index.php?action_kouhyou_detail_004_kani=true&JigyosyoCd=2071100917-00&ServiceCd=150&Type=search", "url2": "https://orange-nurse.com/" }, "geometry": { "type": "Point", "coordinates": [ 138.3710341, 36.7435377 ] } },
{ "type": "Feature", "properties": { "内容": "デイサービスあぐり【通所介護】長野県中野市中央1-11-3", "url": "https://www.kaigokensaku.mhlw.go.jp/20/index.php?action_kouhyou_detail_004_kani=true&JigyosyoCd=2071100883-00&ServiceCd=150&Type=search", "url2": "https://www.aguri-care.com/" }, "geometry": { "type": "Point", "coordinates": [ 138.368103911639366, 36.746587543450886 ] } },
{ "type": "Feature", "properties": { "内容": "こうしゃ敬老園デイサービスセンター【通所介護】長野県中野市大字竹原字中島１１３５－１こうしゃ敬老園デイサービスセンター", "url": "https://www.kaigokensaku.mhlw.go.jp/20/index.php?action_kouhyou_detail_004_kani=true&JigyosyoCd=2071100644-00&ServiceCd=150&Type=search", "url2": "ｋｏｓｙａ＠ｋｅｉｒｏｅｎ．ｏｒ．ｊｐ" }, "geometry": { "type": "Point", "coordinates": [ 138.390392987988292, 36.759374425601287 ] } },
{ "type": "Feature", "properties": { "内容": "あんげんじ敬老園デイサービスセンター【通所介護】長野県中野市大字安源寺665-3", "url": "https://www.kaigokensaku.mhlw.go.jp/20/index.php?action_kouhyou_detail_004_kani=true&JigyosyoCd=2071100784-00&ServiceCd=150&Type=search", "url2": "e-mail:angenzi@keiroen.or.jp" }, "geometry": { "type": "Point", "coordinates": [ 138.3326, 36.7409915 ] } },
{ "type": "Feature", "properties": { "内容": "ツクイ中野新井【通所介護】長野県中野市新井427-2", "url": "https://www.kaigokensaku.mhlw.go.jp/20/index.php?action_kouhyou_detail_004_kani=true&JigyosyoCd=2071100479-00&ServiceCd=150&Type=search", "url2": "http://www.tsukui.net/search/detail.php?officeid=487" }, "geometry": { "type": "Point", "coordinates": [ 138.367458700000043, 36.7568535 ] } },
{ "type": "Feature", "properties": { "内容": "デイサービスあかり【通所介護】長野県中野市吉田589-1", "url": "https://www.kaigokensaku.mhlw.go.jp/20/index.php?action_kouhyou_detail_004_kani=true&JigyosyoCd=2071100891-00&ServiceCd=150&Type=search", "url2": "https://www.fukushi-chitose.or.jp/" }, "geometry": { "type": "Point", "coordinates": [ 138.358353521504256, 36.756620835228176 ] } },
{ "type": "Feature", "properties": { "内容": "ニチイケアセンター中野若宮【通所介護】長野県中野市大字新井356番地5", "url": "https://www.kaigokensaku.mhlw.go.jp/20/index.php?action_kouhyou_detail_004_kani=true&JigyosyoCd=2071100586-00&ServiceCd=150&Type=search", "url2": "http://www.nichiigakkan.co.jp/service/care/home/day.html" }, "geometry": { "type": "Point", "coordinates": [ 138.366686499999986, 36.7611892 ] } },
{ "type": "Feature", "properties": { "内容": "デイサービスセンター遊湯【通所介護】長野県中野市大字新野字溜池下803－3", "url": "https://www.kaigokensaku.mhlw.go.jp/20/index.php?action_kouhyou_detail_004_kani=true&JigyosyoCd=2071100867-00&ServiceCd=150&Type=search", "url2": "http://www.nagano-kouseiren.jp/" }, "geometry": { "type": "Point", "coordinates": [ 138.3701304, 36.7237826 ] } },
{ "type": "Feature", "properties": { "内容": "デイサービスセンターながでんハートネット中野【通所介護】長野県中野市西１丁目６－２", "url": "https://www.kaigokensaku.mhlw.go.jp/20/index.php?action_kouhyou_detail_004_kani=true&JigyosyoCd=2071100354-00&ServiceCd=150&Type=search", "url2": "http;//nagaden-wellness.co.jp" }, "geometry": { "type": "Point", "coordinates": [ 138.364506300000016, 36.7455851 ] } },
{ "type": "Feature", "properties": { "内容": "デイサービスセンターながでんハートネット中野別館【通所介護】長野県中野市西１丁目６－１", "url": "https://www.kaigokensaku.mhlw.go.jp/20/index.php?action_kouhyou_detail_004_kani=true&JigyosyoCd=2071100461-00&ServiceCd=150&Type=search", "url2": "nagaden-wellness.co.jp" }, "geometry": { "type": "Point", "coordinates": [ 138.364811799999984, 36.7452935 ] } },
{ "type": "Feature", "properties": { "内容": "運動型半日デイサービスセンターながでんハートネットアクア中野【通所介護】長野県中野市西１丁目６－２", "url": "https://www.kaigokensaku.mhlw.go.jp/20/index.php?action_kouhyou_detail_004_kani=true&JigyosyoCd=2071100560-00&ServiceCd=150&Type=search", "url2": "HTTP;//nagaden-wellness.co.jp" }, "geometry": { "type": "Point", "coordinates": [ 138.364506300000016, 36.7455851 ] } },
{ "type": "Feature", "properties": { "内容": "デイサービスセンターながでんハートネット中野江部【通所介護】長野県中野市大字江部450-1", "url": "https://www.kaigokensaku.mhlw.go.jp/20/index.php?action_kouhyou_detail_004_kani=true&JigyosyoCd=2071100610-00&ServiceCd=150&Type=search", "url2": "https;//nagaden-wellness.co.jp" }, "geometry": { "type": "Point", "coordinates": [ 138.33928149999997, 36.7280891 ] } },
{ "type": "Feature", "properties": { "内容": "中野市デイサービスセンターさくら【通所介護】長野県中野市大字豊津３０７６番地", "url": "https://www.kaigokensaku.mhlw.go.jp/20/index.php?action_kouhyou_detail_004_kani=true&JigyosyoCd=2073500080-00&ServiceCd=150&Type=search", "url2": "hhtp://www.nkn.janis.or.jp/~n.ikiiki/" }, "geometry": { "type": "Point", "coordinates": [ 138.3293539, 36.7765171 ] } },
{ "type": "Feature", "properties": { "内容": "デイサービスセンター湯処ながみね【通所介護】長野県中野市大字田麦341-3", "url": "https://www.kaigokensaku.mhlw.go.jp/20/index.php?action_kouhyou_detail_004_kani=true&JigyosyoCd=2071100768-00&ServiceCd=150&Type=search", "url2": "http://hp.kaipoke.biz/tb9/" }, "geometry": { "type": "Point", "coordinates": [ 138.348324400000024, 36.7722072 ] } },
{ "type": "Feature", "properties": { "内容": "大町市デイサービスセンターみあさ【通所介護】長野県大町市美麻１１８１０番地イ号", "url": "https://www.kaigokensaku.mhlw.go.jp/20/index.php?action_kouhyou_detail_004_kani=true&JigyosyoCd=2072900216-00&ServiceCd=150&Type=search", "url2": "http://www.omachishakyo.org/kaigo/daycenter/15-dsmiasa.html" }, "geometry": { "type": "Point", "coordinates": [ 137.88936223795929, 36.582309815272303 ] } },
{ "type": "Feature", "properties": { "内容": "デイサービスセンター銀松苑弐番館【通所介護】長野県大町市常盤6850-24", "url": "https://www.kaigokensaku.mhlw.go.jp/20/index.php?action_kouhyou_detail_004_kani=true&JigyosyoCd=2071200402-00&ServiceCd=150&Type=search", "url2": null }, "geometry": { "type": "Point", "coordinates": [ 137.857405500000027, 36.476624 ] } },
{ "type": "Feature", "properties": { "内容": "デイサービスセンターすまいる【通所介護】長野県大町市大町4188番地20", "url": "https://www.kaigokensaku.mhlw.go.jp/20/index.php?action_kouhyou_detail_004_kani=true&JigyosyoCd=2071200568-00&ServiceCd=150&Type=search", "url2": "http://smilenagano.com/" }, "geometry": { "type": "Point", "coordinates": [ 137.860501800000065, 36.5029458 ] } },
{ "type": "Feature", "properties": { "内容": "まい・はーとデイサービスセンター【通所介護】長野県大町市常盤３４８６－５６", "url": "https://www.kaigokensaku.mhlw.go.jp/20/index.php?action_kouhyou_detail_004_kani=true&JigyosyoCd=2071200535-00&ServiceCd=150&Type=search", "url2": null }, "geometry": { "type": "Point", "coordinates": [ 137.842884199999958, 36.4776207 ] } },
{ "type": "Feature", "properties": { "内容": "カトレヤデイサービスセンター【通所介護】長野県市平1955番地971", "url": "https://www.kaigokensaku.mhlw.go.jp/20/index.php?action_kouhyou_detail_004_kani=true&JigyosyoCd=2071200055-00&ServiceCd=150&Type=search", "url2": "http://www.syuukoukai.jp" }, "geometry": { "type": "Point", "coordinates": [ 137.803920100000028, 36.5206969 ] } },
{ "type": "Feature", "properties": { "内容": "アムール大町デイサービスセンター【通所介護】長野県大町市大町4603-1", "url": "https://www.kaigokensaku.mhlw.go.jp/20/index.php?action_kouhyou_detail_004_kani=true&JigyosyoCd=2071200436-00&ServiceCd=150&Type=search", "url2": "http://www.hi-danke.com/omachi/ds.html" }, "geometry": { "type": "Point", "coordinates": [ 137.860496199999943, 36.5029569 ] } },
{ "type": "Feature", "properties": { "内容": "ほっとハウスかたつむりの家【通所介護】長野県大町市大町２７９１番地１", "url": "https://www.kaigokensaku.mhlw.go.jp/20/index.php?action_kouhyou_detail_004_kani=true&JigyosyoCd=2071200196-00&ServiceCd=150&Type=search", "url2": "http://www.kita-alps.org" }, "geometry": { "type": "Point", "coordinates": [ 137.865065400000049, 36.501296 ] } },
{ "type": "Feature", "properties": { "内容": "ほっとハウスときわの家【通所介護】長野県大町市常盤2364番地５", "url": "https://www.kaigokensaku.mhlw.go.jp/20/index.php?action_kouhyou_detail_004_kani=true&JigyosyoCd=2071200386-00&ServiceCd=150&Type=search", "url2": "http://www.kita-alps.org" }, "geometry": { "type": "Point", "coordinates": [ 137.8532143, 36.4429704 ] } },
{ "type": "Feature", "properties": { "内容": "デイサービスセンター銀松苑　壱番館【通所介護】長野県大町市常盤6850-24", "url": "https://www.kaigokensaku.mhlw.go.jp/20/index.php?action_kouhyou_detail_004_kani=true&JigyosyoCd=2071200170-00&ServiceCd=150&Type=search", "url2": null }, "geometry": { "type": "Point", "coordinates": [ 137.857405500000027, 36.476624 ] } },
{ "type": "Feature", "properties": { "内容": "大町市デイサービスセンターこすもす【通所介護】長野県大町市大町1129番地大町市総合福祉センター　内", "url": "https://www.kaigokensaku.mhlw.go.jp/20/index.php?action_kouhyou_detail_004_kani=true&JigyosyoCd=2071200188-00&ServiceCd=150&Type=search", "url2": "http://www.omachishakyo.org" }, "geometry": { "type": "Point", "coordinates": [ 137.861882908598346, 36.506202363455557 ] } },
{ "type": "Feature", "properties": { "内容": "飯山市社協デイサービスセンターゆきつばき【通所介護】長野県飯山市大字飯山７３５５－4", "url": "https://www.kaigokensaku.mhlw.go.jp/20/index.php?action_kouhyou_detail_004_kani=true&JigyosyoCd=2071300053-00&ServiceCd=150&Type=search", "url2": "httpｓ://iiyama-syakyo.or.jp" }, "geometry": { "type": "Point", "coordinates": [ 138.35950379999997, 36.8669175 ] } },
{ "type": "Feature", "properties": { "内容": "飯山市社協デイサービスセンター瑞穂【通所介護】長野県飯山市大字瑞穂６３８５番地", "url": "https://www.kaigokensaku.mhlw.go.jp/20/index.php?action_kouhyou_detail_004_kani=true&JigyosyoCd=2071300319-00&ServiceCd=150&Type=search", "url2": "https://www.iiyama-shakyo.or.jp" }, "geometry": { "type": "Point", "coordinates": [ 138.409681099999943, 36.8962457 ] } },
{ "type": "Feature", "properties": { "内容": "デイサービスセンターりんどう苑【通所介護】長野県茅野市豊平1907番地1デイサービスセンターりんどう苑", "url": "https://www.kaigokensaku.mhlw.go.jp/20/index.php?action_kouhyou_detail_004_kani=true&JigyosyoCd=2071400630-00&ServiceCd=150&Type=search", "url2": "http://taishikai.or.jp" }, "geometry": { "type": "Point", "coordinates": [ 138.197671798147553, 36.018168827443418 ] } },
{ "type": "Feature", "properties": { "内容": "桜ハウス玉川通所介護事業所【通所介護】長野県茅野市玉川３０４６－１", "url": "https://www.kaigokensaku.mhlw.go.jp/20/index.php?action_kouhyou_detail_004_kani=true&JigyosyoCd=2071400663-00&ServiceCd=150&Type=search", "url2": "http://www.takaneh-support.co.jp" }, "geometry": { "type": "Point", "coordinates": [ 138.184838099999979, 35.9925717 ] } },
{ "type": "Feature", "properties": { "内容": "桜ハウス宮川通所介護事業所【通所介護】長野県茅野市宮川４９００－４", "url": "https://www.kaigokensaku.mhlw.go.jp/20/index.php?action_kouhyou_detail_004_kani=true&JigyosyoCd=2071400523-00&ServiceCd=150&Type=search", "url2": "http://www.takaneh-support.co.jp" }, "geometry": { "type": "Point", "coordinates": [ 138.161434800000052, 35.9897075 ] } },
{ "type": "Feature", "properties": { "内容": "富士見高原医療福祉センター　デイサービスけいすい【通所介護】長野県茅野市北山4801-1", "url": "https://www.kaigokensaku.mhlw.go.jp/20/index.php?action_kouhyou_detail_004_kani=true&JigyosyoCd=2071401075-00&ServiceCd=150&Type=search", "url2": "http://fujimihp.com/?page_id=2645" }, "geometry": { "type": "Point", "coordinates": [ 138.224686018817835, 36.033920582242224 ] } },
{ "type": "Feature", "properties": { "内容": "諏訪中央病院組合老人福祉施設ふれあいの里デイサービス【通所介護】長野県茅野市玉川４３００番地9", "url": "https://www.kaigokensaku.mhlw.go.jp/20/index.php?action_kouhyou_detail_004_kani=true&JigyosyoCd=2071400747-00&ServiceCd=150&Type=search", "url2": null }, "geometry": { "type": "Point", "coordinates": [ 138.177652699999953, 35.9904606 ] } },
{ "type": "Feature", "properties": { "内容": "ツクイ茅野【通所介護】長野県茅野市仲町15-6", "url": "https://www.kaigokensaku.mhlw.go.jp/20/index.php?action_kouhyou_detail_004_kani=true&JigyosyoCd=2071400622-00&ServiceCd=150&Type=search", "url2": "http://www.tsukui.net/home-care/2459" }, "geometry": { "type": "Point", "coordinates": [ 138.157979299999965, 35.9934597 ] } },
{ "type": "Feature", "properties": { "内容": "通所介護事業所無暦日庵【通所介護】長野県塩尻市片丘道下１１１４６", "url": "https://www.kaigokensaku.mhlw.go.jp/20/index.php?action_kouhyou_detail_004_kani=true&JigyosyoCd=2071500470-00&ServiceCd=150&Type=search", "url2": "http://www.heisei-kai.jp/" }, "geometry": { "type": "Point", "coordinates": [ 137.966995412411507, 36.121047246432894 ] } },
{ "type": "Feature", "properties": { "内容": "塩尻市デイサービスセンターすがのの郷【通所介護】長野県塩尻市宗賀１２９８番地５１４", "url": "https://www.kaigokensaku.mhlw.go.jp/20/index.php?action_kouhyou_detail_004_kani=true&JigyosyoCd=2071500157-00&ServiceCd=150&Type=search", "url2": "http://www.shiojirishakyo.or.jp/publics/index/48/" }, "geometry": { "type": "Point", "coordinates": [ 137.9310901, 36.1116892 ] } },
{ "type": "Feature", "properties": { "内容": "デイサービスセンターはなみずき【通所介護】長野県塩尻市桟敷417－2", "url": "https://www.kaigokensaku.mhlw.go.jp/20/index.php?action_kouhyou_detail_004_kani=true&JigyosyoCd=2071500835-00&ServiceCd=150&Type=search", "url2": "http://www18.ocn.ne.jp/~azumino1/kyouritsufukushikai/" }, "geometry": { "type": "Point", "coordinates": [ 137.967922700000031, 36.1142006 ] } },
{ "type": "Feature", "properties": { "内容": "デイサービスセンター　グレイスフル塩尻【通所介護】長野県塩尻市大門八番町9-10グレイスフル塩尻", "url": "https://www.kaigokensaku.mhlw.go.jp/20/index.php?action_kouhyou_detail_004_kani=true&JigyosyoCd=2071500942-00&ServiceCd=150&Type=search", "url2": "https://sun-vision.or.jp/" }, "geometry": { "type": "Point", "coordinates": [ 137.94864819999998, 36.1132631 ] } },
{ "type": "Feature", "properties": { "内容": "塩尻市デイサービスセンター田川の郷【通所介護】長野県塩尻市広丘吉田２２１９番地１", "url": "https://www.kaigokensaku.mhlw.go.jp/20/index.php?action_kouhyou_detail_004_kani=true&JigyosyoCd=2071500140-00&ServiceCd=150&Type=search", "url2": "http://www.shiojirishakyo.or.jp/publics/index/50/" }, "geometry": { "type": "Point", "coordinates": [ 137.96321839999996, 36.1591228 ] } },
{ "type": "Feature", "properties": { "内容": "ツクイ塩尻広丘【通所介護】長野県塩尻市広丘堅石2146-65", "url": "https://www.kaigokensaku.mhlw.go.jp/20/index.php?action_kouhyou_detail_004_kani=true&JigyosyoCd=2071500959-00&ServiceCd=150&Type=search", "url2": "http://www.tsukui.net" }, "geometry": { "type": "Point", "coordinates": [ 137.951592500000061, 36.1330895 ] } },
{ "type": "Feature", "properties": { "内容": "ニチイケアセンター塩尻ききょう【通所介護】長野県塩尻市大字大門65－11", "url": "https://www.kaigokensaku.mhlw.go.jp/20/index.php?action_kouhyou_detail_004_kani=true&JigyosyoCd=2071500124-00&ServiceCd=150&Type=search", "url2": "http://www.nichiigakkan.co.jp/service/care/home/day.html" }, "geometry": { "type": "Point", "coordinates": [ 137.9435664, 36.1170081 ] } },
{ "type": "Feature", "properties": { "内容": "塩尻市デイサービスセンターみどりの郷【通所介護】長野県塩尻市広丘郷原1683-1", "url": "https://www.kaigokensaku.mhlw.go.jp/20/index.php?action_kouhyou_detail_004_kani=true&JigyosyoCd=2071500389-00&ServiceCd=150&Type=search", "url2": "http://www.shiojirishakyo.or.jp/publics/index/92/" }, "geometry": { "type": "Point", "coordinates": [ 137.944025151948836, 36.126889343069976 ] } },
{ "type": "Feature", "properties": { "内容": "ツクイ塩尻【通所介護】長野県塩尻市広丘吉田１０７１－６", "url": "https://www.kaigokensaku.mhlw.go.jp/20/index.php?action_kouhyou_detail_004_kani=true&JigyosyoCd=2071500678-00&ServiceCd=150&Type=search", "url2": "https://www.tsukui.net/home-care/2439/" }, "geometry": { "type": "Point", "coordinates": [ 137.953016299999945, 36.1627221 ] } },
{ "type": "Feature", "properties": { "内容": "デイサービスセンターこまくさ野村【通所介護】長野県塩尻市広丘野村2146", "url": "https://www.kaigokensaku.mhlw.go.jp/20/index.php?action_kouhyou_detail_004_kani=true&JigyosyoCd=2071500512-00&ServiceCd=150&Type=search", "url2": "http://www.komakusa-nomura.jp/" }, "geometry": { "type": "Point", "coordinates": [ 137.955408300000045, 36.1485155 ] } },
{ "type": "Feature", "properties": { "内容": "生活介護事業所すみれの丘【通所介護】長野県塩尻市広丘野村1877-364", "url": "https://www.kaigokensaku.mhlw.go.jp/20/index.php?action_kouhyou_detail_004_kani=true&JigyosyoCd=2071501031-00&ServiceCd=150&Type=search", "url2": "https://www.shiojirishakyo.or.jp/" }, "geometry": { "type": "Point", "coordinates": [ 137.9564594, 36.146847 ] } },
{ "type": "Feature", "properties": { "内容": "デイハウスハピネス【通所介護】長野県塩尻市片丘10379", "url": "https://www.kaigokensaku.mhlw.go.jp/20/index.php?action_kouhyou_detail_004_kani=true&JigyosyoCd=2071500462-00&ServiceCd=150&Type=search", "url2": "http://dayhouse-happiness.co.jp/top.html" }, "geometry": { "type": "Point", "coordinates": [ 137.969296799999967, 36.1270658 ] } },
{ "type": "Feature", "properties": { "内容": "らいおんハートリハビリ温泉デイサービス佐久【通所介護】長野県佐久市前山321-3", "url": "https://www.kaigokensaku.mhlw.go.jp/20/index.php?action_kouhyou_detail_004_kani=true&JigyosyoCd=2071701888-00&ServiceCd=150&Type=search", "url2": "https://lion-heart.co/shops/day_service_saku/" }, "geometry": { "type": "Point", "coordinates": [ 138.4525526, 36.2150091 ] } },
{ "type": "Feature", "properties": { "内容": "デイサービスセンターここわ【通所介護】長野県佐久市長土呂795-38", "url": "https://www.kaigokensaku.mhlw.go.jp/20/index.php?action_kouhyou_detail_004_kani=true&JigyosyoCd=2071701821-00&ServiceCd=150&Type=search", "url2": "https://welfuture.co.jp/" }, "geometry": { "type": "Point", "coordinates": [ 138.4728303, 36.291346 ] } },
{ "type": "Feature", "properties": { "内容": "中込デイサービスセンター【通所介護】長野県佐久市中込3丁目15番地6", "url": "https://www.kaigokensaku.mhlw.go.jp/20/index.php?action_kouhyou_detail_004_kani=true&JigyosyoCd=2071700179-00&ServiceCd=150&Type=search", "url2": "http://www.keijinnet.or.jp" }, "geometry": { "type": "Point", "coordinates": [ 138.478071547746254, 36.227416354485491 ] } },
{ "type": "Feature", "properties": { "内容": "ケイジン通所介護機能訓練センター望月【通所介護】長野県佐久市協和１２６番地３", "url": "https://www.kaigokensaku.mhlw.go.jp/20/index.php?action_kouhyou_detail_004_kani=true&JigyosyoCd=2071701250-00&ServiceCd=150&Type=search", "url2": "http://www.keijinnet.or.jp/" }, "geometry": { "type": "Point", "coordinates": [ 138.356882792065448, 36.262668763370606 ] } },
{ "type": "Feature", "properties": { "内容": "宅幼老所ながとろ【通所介護】長野県佐久市長土呂２０３番地１", "url": "https://www.kaigokensaku.mhlw.go.jp/20/index.php?action_kouhyou_detail_004_kani=true&JigyosyoCd=2071700526-00&ServiceCd=150&Type=search", "url2": "http://www.keijinnet.or.jp/03_02_04_takuyoro.html" }, "geometry": { "type": "Point", "coordinates": [ 138.475396700000033, 36.2855173 ] } },
{ "type": "Feature", "properties": { "内容": "スマイル・ハウス佐久平【通所介護】長野県佐久市長土呂125-1", "url": "https://www.kaigokensaku.mhlw.go.jp/20/index.php?action_kouhyou_detail_004_kani=true&JigyosyoCd=2071701912-00&ServiceCd=150&Type=search", "url2": "https://smilehouse.hp.peraichi.com/sakudaira" }, "geometry": { "type": "Point", "coordinates": [ 138.477597415344235, 36.287345332398473 ] } },
{ "type": "Feature", "properties": { "内容": "デイサービスセンターばんり【通所介護】長野県佐久市長土呂793-12", "url": "https://www.kaigokensaku.mhlw.go.jp/20/index.php?action_kouhyou_detail_004_kani=true&JigyosyoCd=2071701839-00&ServiceCd=150&Type=search", "url2": "https://welfuture.co.jp/" }, "geometry": { "type": "Point", "coordinates": [ 138.4731816, 36.2918814 ] } },
{ "type": "Feature", "properties": { "内容": "佐久市岩村田デイサービスセンター【通所介護】長野県佐久市岩村田４２１３番地", "url": "https://www.kaigokensaku.mhlw.go.jp/20/index.php?action_kouhyou_detail_004_kani=true&JigyosyoCd=2071700146-00&ServiceCd=150&Type=search", "url2": "http://www.janis.or.jp/users/fukujuen/index.htm" }, "geometry": { "type": "Point", "coordinates": [ 138.4866846, 36.273919 ] } },
{ "type": "Feature", "properties": { "内容": "デイサービスセンター佐久平愛の郷【通所介護】長野県佐久市平賀741番地", "url": "https://www.kaigokensaku.mhlw.go.jp/20/index.php?action_kouhyou_detail_004_kani=true&JigyosyoCd=2071701144-00&ServiceCd=150&Type=search", "url2": "http://skdf.jp/" }, "geometry": { "type": "Point", "coordinates": [ 138.492399299999988, 36.2259624 ] } },
{ "type": "Feature", "properties": { "内容": "ニチイケアセンターなかごみ【通所介護】長野県佐久市中込字中原３６３９-３５", "url": "https://www.kaigokensaku.mhlw.go.jp/20/index.php?action_kouhyou_detail_004_kani=true&JigyosyoCd=2071700401-00&ServiceCd=150&Type=search", "url2": "http://www.nichiigakkan.co.jp/service/care/home/day.html" }, "geometry": { "type": "Point", "coordinates": [ 138.476261799999946, 36.2287091 ] } },
{ "type": "Feature", "properties": { "内容": "デイサービスセンターのぞみサンピア【通所介護】長野県佐久市根岸3203-2のぞみサンピア佐久", "url": "https://www.kaigokensaku.mhlw.go.jp/20/index.php?action_kouhyou_detail_004_kani=true&JigyosyoCd=2071701037-00&ServiceCd=150&Type=search", "url2": "https://nozomi-g.co.jp" }, "geometry": { "type": "Point", "coordinates": [ 138.4164836, 36.240407 ] } },
{ "type": "Feature", "properties": { "内容": "望月デイサービスセンター駒【通所介護】長野県佐久市望月317-2佐久市望月総合支援センター　１階", "url": "https://www.kaigokensaku.mhlw.go.jp/20/index.php?action_kouhyou_detail_004_kani=true&JigyosyoCd=2072100478-00&ServiceCd=150&Type=search", "url2": "http://www.yuugen-fukushikai.com" }, "geometry": { "type": "Point", "coordinates": [ 138.358780600000046, 36.2652412 ] } },
{ "type": "Feature", "properties": { "内容": "佐久市あいとぴあ臼田デイサービスセンター【通所介護】長野県佐久市下越１６-５佐久市臼田総合福祉センターあいとぴあ臼田", "url": "https://www.kaigokensaku.mhlw.go.jp/20/index.php?action_kouhyou_detail_004_kani=true&JigyosyoCd=2072000199-00&ServiceCd=150&Type=search", "url2": "https://www.sakusi-shakyo.or.jp/pages/11/" }, "geometry": { "type": "Point", "coordinates": [ 138.48722, 36.1982568 ] } },
{ "type": "Feature", "properties": { "内容": "デイサービスセンター星の里【通所介護】長野県佐久市臼田785-6", "url": "https://www.kaigokensaku.mhlw.go.jp/20/index.php?action_kouhyou_detail_004_kani=true&JigyosyoCd=2071701664-00&ServiceCd=150&Type=search", "url2": "http://www.ja-naganokai.or.jp/" }, "geometry": { "type": "Point", "coordinates": [ 138.479084300000011, 36.2082612 ] } },
{ "type": "Feature", "properties": { "内容": "デイサービスセンター布施屋【通所介護】長野県佐久市布施769番地1あたり前の暮らしサポートセンター", "url": "https://www.kaigokensaku.mhlw.go.jp/20/index.php?action_kouhyou_detail_004_kani=true&JigyosyoCd=2071701508-00&ServiceCd=150&Type=search", "url2": "http://www.yuugen-fukushikai.com" }, "geometry": { "type": "Point", "coordinates": [ 138.373618768647702, 36.258634767274835 ] } },
{ "type": "Feature", "properties": { "内容": "デイサービスセンター佐久平高原【通所介護】長野県佐久市下平尾303-3", "url": "https://www.kaigokensaku.mhlw.go.jp/20/index.php?action_kouhyou_detail_004_kani=true&JigyosyoCd=2071701334-00&ServiceCd=150&Type=search", "url2": "http://www.sakudairakougen.com/" }, "geometry": { "type": "Point", "coordinates": [ 138.504780100000062, 36.2727803 ] } },
{ "type": "Feature", "properties": { "内容": "佐久だいらデイサービスセンター【通所介護】長野県佐久市常田字東池下77-1", "url": "https://www.kaigokensaku.mhlw.go.jp/20/index.php?action_kouhyou_detail_004_kani=true&JigyosyoCd=2071700393-00&ServiceCd=150&Type=search", "url2": "http://www.carehouse-sakudaira.com/" }, "geometry": { "type": "Point", "coordinates": [ 138.449335674374424, 36.281480052124067 ] } },
{ "type": "Feature", "properties": { "内容": "宅幼老所のんびり【通所介護】長野県佐久市上平尾１０４５", "url": "https://www.kaigokensaku.mhlw.go.jp/20/index.php?action_kouhyou_detail_004_kani=true&JigyosyoCd=2071700963-00&ServiceCd=150&Type=search", "url2": "http://www.npo-nonbiri.net" }, "geometry": { "type": "Point", "coordinates": [ 138.50108309999996, 36.2831875 ] } },
{ "type": "Feature", "properties": { "内容": "デイサービスセンターひだまり【通所介護】長野県佐久市桜井671番地1", "url": "https://www.kaigokensaku.mhlw.go.jp/20/index.php?action_kouhyou_detail_004_kani=true&JigyosyoCd=2071701631-00&ServiceCd=150&Type=search", "url2": "http://www.ja-naganokai.or.jp" }, "geometry": { "type": "Point", "coordinates": [ 138.448507799999987, 36.2380505 ] } },
{ "type": "Feature", "properties": { "内容": "デイサービス　なごみ【通所介護】長野県佐久市甲1185番地3", "url": "https://www.kaigokensaku.mhlw.go.jp/20/index.php?action_kouhyou_detail_004_kani=true&JigyosyoCd=2071701748-00&ServiceCd=150&Type=search", "url2": null }, "geometry": { "type": "Point", "coordinates": [ 138.405020499999978, 36.2664872 ] } },
{ "type": "Feature", "properties": { "内容": "さくだいら敬老園デイサービスセンター【通所介護】長野県佐久市佐久平駅北16-7", "url": "https://www.kaigokensaku.mhlw.go.jp/20/index.php?action_kouhyou_detail_004_kani=true&JigyosyoCd=2071700906-00&ServiceCd=150&Type=search", "url2": "http://www.keiroen.or.jp/keiroen/html/shisetu/sakudaira_dayservice.htm" }, "geometry": { "type": "Point", "coordinates": [ 138.461728499999907, 36.281342400000014 ] } },
{ "type": "Feature", "properties": { "内容": "ニチイケアセンター佐久【通所介護】長野県佐久市岩村田5010-1", "url": "https://www.kaigokensaku.mhlw.go.jp/20/index.php?action_kouhyou_detail_004_kani=true&JigyosyoCd=2071700252-00&ServiceCd=150&Type=search", "url2": "http://www.nichiigakkan.co.jp/service/care/home/day.html" }, "geometry": { "type": "Point", "coordinates": [ 138.473266400000057, 36.2758211 ] } },
{ "type": "Feature", "properties": { "内容": "悠悠いきいき倶楽部千曲【通所介護】長野県千曲市稲荷山2227-1", "url": "https://www.kaigokensaku.mhlw.go.jp/20/index.php?action_kouhyou_detail_004_kani=true&JigyosyoCd=2071800557-00&ServiceCd=150&Type=search", "url2": "www.francebed.co.jp/medical/service/yuuyuu/" }, "geometry": { "type": "Point", "coordinates": [ 138.102598199999989, 36.5387398 ] } },
{ "type": "Feature", "properties": { "内容": "フランセーズ悠こうしょくデイサービスセンター【通所介護】長野県千曲市大字粟佐1177", "url": "https://www.kaigokensaku.mhlw.go.jp/20/index.php?action_kouhyou_detail_004_kani=true&JigyosyoCd=2071801043-00&ServiceCd=150&Type=search", "url2": "https://haku-yu.co.jp/" }, "geometry": { "type": "Point", "coordinates": [ 138.1193609, 36.5393386 ] } },
{ "type": "Feature", "properties": { "内容": "ニチイケアセンター聖【通所介護】長野県千曲市八幡３５３８－１", "url": "https://www.kaigokensaku.mhlw.go.jp/20/index.php?action_kouhyou_detail_004_kani=true&JigyosyoCd=2071600189-00&ServiceCd=150&Type=search", "url2": "http://www.nichiigakkan.co.jp/service/care/home/day.html" }, "geometry": { "type": "Point", "coordinates": [ 138.100879, 36.5146839 ] } },
{ "type": "Feature", "properties": { "内容": "デイサービスセンターリハビリ処屋代【通所介護】長野県千曲市屋代1099-1", "url": "https://www.kaigokensaku.mhlw.go.jp/20/index.php?action_kouhyou_detail_004_kani=true&JigyosyoCd=2071800672-00&ServiceCd=150&Type=search", "url2": "https://www.rihadoko-yashiro.jp" }, "geometry": { "type": "Point", "coordinates": [ 138.130377356127951, 36.543974433022633 ] } },
{ "type": "Feature", "properties": { "内容": "ツクイ千曲【通所介護】長野県千曲市鋳物師屋518-1", "url": "https://www.kaigokensaku.mhlw.go.jp/20/index.php?action_kouhyou_detail_004_kani=true&JigyosyoCd=2071800995-00&ServiceCd=150&Type=search", "url2": "https://www.tsukui.net/search/2672/detail.htm" }, "geometry": { "type": "Point", "coordinates": [ 138.1223215, 36.520151 ] } },
{ "type": "Feature", "properties": { "内容": "千曲デイサービスセンター【通所介護】長野県千曲市桑原80", "url": "https://www.kaigokensaku.mhlw.go.jp/20/index.php?action_kouhyou_detail_004_kani=true&JigyosyoCd=2071800599-00&ServiceCd=150&Type=search", "url2": "http://www.carehouse-sakudaira.com/" }, "geometry": { "type": "Point", "coordinates": [ 138.086269099999981, 36.5256572 ] } },
{ "type": "Feature", "properties": { "内容": "更埴デイサービスセンター【通所介護】長野県千曲市杭瀬下870番地", "url": "https://www.kaigokensaku.mhlw.go.jp/20/index.php?action_kouhyou_detail_004_kani=true&JigyosyoCd=2071800128-00&ServiceCd=150&Type=search", "url2": "http://chikuma-shakyo.jp" }, "geometry": { "type": "Point", "coordinates": [ 138.11715, 36.529197 ] } },
{ "type": "Feature", "properties": { "内容": "戸上デイサービスセンター【通所介護】長野県千曲市大字磯部１１１０番地１科野の宿　戸倉地域福祉センター", "url": "https://www.kaigokensaku.mhlw.go.jp/20/index.php?action_kouhyou_detail_004_kani=true&JigyosyoCd=2071800110-00&ServiceCd=150&Type=search", "url2": "http://www.chikuma-shakyo.jp/" }, "geometry": { "type": "Point", "coordinates": [ 138.1495787, 36.4813669 ] } },
{ "type": "Feature", "properties": { "内容": "フランセーズ悠とぐらデイサービスセンター【通所介護】長野県千曲市大字上徳間337-1", "url": "https://www.kaigokensaku.mhlw.go.jp/20/index.php?action_kouhyou_detail_004_kani=true&JigyosyoCd=2071801050-00&ServiceCd=150&Type=search", "url2": "https://haku-yu.co.jp/" }, "geometry": { "type": "Point", "coordinates": [ 138.1441193, 36.4957582 ] } },
{ "type": "Feature", "properties": { "内容": "デイサービスセンターながでんハートネット千曲【通所介護】長野県千曲市大字杭瀬下3丁目144", "url": "https://www.kaigokensaku.mhlw.go.jp/20/index.php?action_kouhyou_detail_004_kani=true&JigyosyoCd=2071800862-00&ServiceCd=150&Type=search", "url2": "https;//nagaden-wellness.co.jp" }, "geometry": { "type": "Point", "coordinates": [ 138.116794199999958, 36.5318022 ] } },
{ "type": "Feature", "properties": { "内容": "デイサービスセンター上山田【通所介護】長野県千曲市上山田温泉４－１－１８", "url": "https://www.kaigokensaku.mhlw.go.jp/20/index.php?action_kouhyou_detail_004_kani=true&JigyosyoCd=2071800789-00&ServiceCd=150&Type=search", "url2": "http://naganojukoukai.com/pg264.html" }, "geometry": { "type": "Point", "coordinates": [ 138.146587131877141, 36.475040099563472 ] } },
{ "type": "Feature", "properties": { "内容": "サクラポート力石【通所介護】長野県千曲市力石485-4", "url": "https://www.kaigokensaku.mhlw.go.jp/20/index.php?action_kouhyou_detail_004_kani=true&JigyosyoCd=2071800722-00&ServiceCd=150&Type=search", "url2": "http://www.sakura-care.co.jp/" }, "geometry": { "type": "Point", "coordinates": [ 138.164769, 36.4565116 ] } },
{ "type": "Feature", "properties": { "内容": "ニチイケアセンター戸上【通所介護】長野県千曲市大字力石1-1", "url": "https://www.kaigokensaku.mhlw.go.jp/20/index.php?action_kouhyou_detail_004_kani=true&JigyosyoCd=2071800565-00&ServiceCd=150&Type=search", "url2": "http://www.nichiigakkan.co.jp/service/care/home/day.html" }, "geometry": { "type": "Point", "coordinates": [ 138.159499699999969, 36.4633496 ] } },
{ "type": "Feature", "properties": { "内容": "森の里デイサービスセンター【通所介護】長野県千曲市森字青田1024番地3", "url": "https://www.kaigokensaku.mhlw.go.jp/20/index.php?action_kouhyou_detail_004_kani=true&JigyosyoCd=2071600064-00&ServiceCd=150&Type=search", "url2": "http://taishikai.or.jp/kaigo/sub04.html" }, "geometry": { "type": "Point", "coordinates": [ 138.148817036323521, 36.526915181081776 ] } },
{ "type": "Feature", "properties": { "内容": "ニチイケアセンターとうみ【通所介護】長野県東御市加沢1174-2", "url": "https://www.kaigokensaku.mhlw.go.jp/20/index.php?action_kouhyou_detail_004_kani=true&JigyosyoCd=2072200609-00&ServiceCd=150&Type=search", "url2": null }, "geometry": { "type": "Point", "coordinates": [ 138.348110099999985, 36.3542395 ] } },
{ "type": "Feature", "properties": { "内容": "デイサービスセンターこころ【通所介護】長野県東御市祢津1098-1", "url": "https://www.kaigokensaku.mhlw.go.jp/20/index.php?action_kouhyou_detail_004_kani=true&JigyosyoCd=2072200344-00&ServiceCd=150&Type=search", "url2": "http://www.chiisagata.jp" }, "geometry": { "type": "Point", "coordinates": [ 138.348881799999958, 36.367799 ] } },
{ "type": "Feature", "properties": { "内容": "フォーレストデイサービスセンター【通所介護】長野県東御市常田２番地１", "url": "https://www.kaigokensaku.mhlw.go.jp/20/index.php?action_kouhyou_detail_004_kani=true&JigyosyoCd=2072200468-00&ServiceCd=150&Type=search", "url2": "http://www.chiisagata.jp/forest/day.html" }, "geometry": { "type": "Point", "coordinates": [ 138.348382099999981, 36.3592001 ] } },
{ "type": "Feature", "properties": { "内容": "デイサービスセンターきたみまき【通所介護】長野県東御市布下３７", "url": "https://www.kaigokensaku.mhlw.go.jp/20/index.php?action_kouhyou_detail_004_kani=true&JigyosyoCd=2072100155-00&ServiceCd=150&Type=search", "url2": "http://www.cpmimaki.or.jp/care_tkaigo.php" }, "geometry": { "type": "Point", "coordinates": [ 138.36011479325407, 36.335895561832849 ] } },
{ "type": "Feature", "properties": { "内容": "ツクイ安曇野【通所介護】長野県安曇野市豊科４９４１－１", "url": "https://www.kaigokensaku.mhlw.go.jp/20/index.php?action_kouhyou_detail_004_kani=true&JigyosyoCd=2072800515-00&ServiceCd=150&Type=search", "url2": "http://www.tsukui.net/support/dayservice.html" }, "geometry": { "type": "Point", "coordinates": [ 137.900151400000027, 36.3055006 ] } },
{ "type": "Feature", "properties": { "内容": "デイサービスセンター山吹【通所介護】長野県安曇野市三郷明盛1491", "url": "https://www.kaigokensaku.mhlw.go.jp/20/index.php?action_kouhyou_detail_004_kani=true&JigyosyoCd=2074000908-00&ServiceCd=150&Type=search", "url2": "http://nanatsunokane.or.jp" }, "geometry": { "type": "Point", "coordinates": [ 137.904346900000064, 36.2745342 ] } },
{ "type": "Feature", "properties": { "内容": "ＪＡあづみ　あんしんの里「南穂高」【通所介護】長野県安曇野市豊科南穂高2728番地5", "url": "https://www.kaigokensaku.mhlw.go.jp/20/index.php?action_kouhyou_detail_004_kani=true&JigyosyoCd=2074000528-00&ServiceCd=150&Type=search", "url2": "https://www.ja-azm.iijan.or.jp/index.php" }, "geometry": { "type": "Point", "coordinates": [ 137.911488051589913, 36.309162296788266 ] } },
{ "type": "Feature", "properties": { "内容": "安曇野市社協デイサービスセンター堀金【通所介護】長野県安曇野市堀金烏川2132番地4", "url": "https://www.kaigokensaku.mhlw.go.jp/20/index.php?action_kouhyou_detail_004_kani=true&JigyosyoCd=2072800358-00&ServiceCd=150&Type=search", "url2": "http://azuminoshakyo.jp" }, "geometry": { "type": "Point", "coordinates": [ 137.87596689999998, 36.2996394 ] } },
{ "type": "Feature", "properties": { "内容": "安曇野市社協デイサービスセンター豊科【通所介護】長野県安曇野市豊科４１６０番地１", "url": "https://www.kaigokensaku.mhlw.go.jp/20/index.php?action_kouhyou_detail_004_kani=true&JigyosyoCd=2072800283-00&ServiceCd=150&Type=search", "url2": "http://azuminoshakyo.jp" }, "geometry": { "type": "Point", "coordinates": [ 137.915289499999972, 36.2992739 ] } },
{ "type": "Feature", "properties": { "内容": "小倉デイサービスセンター【通所介護】長野県安曇野市三郷小倉6079-1", "url": "https://www.kaigokensaku.mhlw.go.jp/20/index.php?action_kouhyou_detail_004_kani=true&JigyosyoCd=2072800200-00&ServiceCd=150&Type=search", "url2": "http://park17.wakwak.com/~nanatunokane/" }, "geometry": { "type": "Point", "coordinates": [ 137.858012, 36.2533634 ] } },
{ "type": "Feature", "properties": { "内容": "宅老所ひまわり【通所介護】長野県安曇野市穂高北穂高１７１６－１", "url": "https://www.kaigokensaku.mhlw.go.jp/20/index.php?action_kouhyou_detail_004_kani=true&JigyosyoCd=2072800572-00&ServiceCd=150&Type=search", "url2": "http://www.hima-sun.com/" }, "geometry": { "type": "Point", "coordinates": [ 137.875624499999958, 36.3704282 ] } },
{ "type": "Feature", "properties": { "内容": "デイサービスいいせ瓦や【通所介護】長野県安曇野市三郷温489-2", "url": "https://www.kaigokensaku.mhlw.go.jp/20/index.php?action_kouhyou_detail_004_kani=true&JigyosyoCd=2074001310-00&ServiceCd=150&Type=search", "url2": null }, "geometry": { "type": "Point", "coordinates": [ 137.877993472981586, 36.245101146678351 ] } },
{ "type": "Feature", "properties": { "内容": "ニチイケアセンター安曇野光【通所介護】長野県安曇野市豊科田沢4599-1", "url": "https://www.kaigokensaku.mhlw.go.jp/20/index.php?action_kouhyou_detail_004_kani=true&JigyosyoCd=2074000544-00&ServiceCd=150&Type=search", "url2": "http://www.nichiigakkan.co.jp/service/care/home/day.html" }, "geometry": { "type": "Point", "coordinates": [ 137.934684800000014, 36.3107649 ] } },
{ "type": "Feature", "properties": { "内容": "安曇野市社協デイサービスセンター明科【通所介護】長野県安曇野市明科東川手606-2", "url": "https://www.kaigokensaku.mhlw.go.jp/20/index.php?action_kouhyou_detail_004_kani=true&JigyosyoCd=2072700509-00&ServiceCd=150&Type=search", "url2": "http://azuminoshakyo.jp" }, "geometry": { "type": "Point", "coordinates": [ 137.932997399999977, 36.3598006 ] } },
{ "type": "Feature", "properties": { "内容": "安曇野市社協デイサービスセンター三郷【通所介護】長野県安曇野市三郷明盛2198-1", "url": "https://www.kaigokensaku.mhlw.go.jp/20/index.php?action_kouhyou_detail_004_kani=true&JigyosyoCd=2072800192-00&ServiceCd=150&Type=search", "url2": "http://azuminoshakyo.jp/index.php?id=85" }, "geometry": { "type": "Point", "coordinates": [ 137.892956599999934, 36.2659153 ] } },
{ "type": "Feature", "properties": { "内容": "デイサービスセンターいこいの家たきべ野【通所介護】長野県安曇野市豊科高家5090番地1", "url": "https://www.kaigokensaku.mhlw.go.jp/20/index.php?action_kouhyou_detail_004_kani=true&JigyosyoCd=2072800770-00&ServiceCd=150&Type=search", "url2": "http://takibeno.or.jp/" }, "geometry": { "type": "Point", "coordinates": [ 137.9189351, 36.2575448 ] } },
{ "type": "Feature", "properties": { "内容": "安曇野市社協デイサービスセンター穂高【通所介護】長野県安曇野市穂高5808-1", "url": "https://www.kaigokensaku.mhlw.go.jp/20/index.php?action_kouhyou_detail_004_kani=true&JigyosyoCd=2072800309-00&ServiceCd=150&Type=search", "url2": "http://azuminoshakyo.jp/index.php?id=85" }, "geometry": { "type": "Point", "coordinates": [ 137.870917, 36.3379931 ] } },
{ "type": "Feature", "properties": { "内容": "デイサービス　オリオリゾート安曇野【通所介護】長野県安曇野市豊科3966-41", "url": "https://www.kaigokensaku.mhlw.go.jp/20/index.php?action_kouhyou_detail_004_kani=true&JigyosyoCd=2074001377-00&ServiceCd=150&Type=search", "url2": "https://www.kyowa-hd.co.jp/" }, "geometry": { "type": "Point", "coordinates": [ 137.91276160000001, 36.2963821 ] } },
{ "type": "Feature", "properties": { "内容": "デイサービス安曇野サファイアテラス【通所介護】長野県安曇野市三郷明盛６７２－1", "url": "https://www.kaigokensaku.mhlw.go.jp/20/index.php?action_kouhyou_detail_004_kani=true&JigyosyoCd=2074001336-00&ServiceCd=150&Type=search", "url2": "https://sterrace.co.jp/" }, "geometry": { "type": "Point", "coordinates": [ 137.913210301852416, 36.250766248486009 ] } },
{ "type": "Feature", "properties": { "内容": "小海町宅老所「なごみ」【通所介護】南佐久郡小海町小海４４７９番地１", "url": "https://www.kaigokensaku.mhlw.go.jp/20/index.php?action_kouhyou_detail_004_kani=true&JigyosyoCd=2072000637-00&ServiceCd=150&Type=search", "url2": null }, "geometry": { "type": "Point", "coordinates": [ 138.485283799999934, 36.0863396 ] } },
{ "type": "Feature", "properties": { "内容": "川上村デイサービスセンター【通所介護】長野県南佐久郡川上村大字原３１２番地", "url": "https://www.kaigokensaku.mhlw.go.jp/20/index.php?action_kouhyou_detail_004_kani=true&JigyosyoCd=2072000124-00&ServiceCd=150&Type=search", "url2": null }, "geometry": { "type": "Point", "coordinates": [ 138.5477548, 35.9685684 ] } },
{ "type": "Feature", "properties": { "内容": "デイサービス鳥のさえずり【通所介護】長野県南佐久郡南牧村野辺山108-5", "url": "https://www.kaigokensaku.mhlw.go.jp/20/index.php?action_kouhyou_detail_004_kani=true&JigyosyoCd=2072000751-00&ServiceCd=150&Type=search", "url2": null }, "geometry": { "type": "Point", "coordinates": [ 138.469375373637405, 35.955925547992294 ] } },
{ "type": "Feature", "properties": { "内容": "佐久穂町社会福祉協議会指定通所介護事業所高野町デイサービスセンター「ふれあい」【通所介護】長野県南佐久郡佐久穂町大字高野町351番地", "url": "https://www.kaigokensaku.mhlw.go.jp/20/index.php?action_kouhyou_detail_004_kani=true&JigyosyoCd=2072000587-00&ServiceCd=150&Type=search", "url2": null }, "geometry": { "type": "Point", "coordinates": [ 138.478327400000012, 36.162792 ] } },
{ "type": "Feature", "properties": { "内容": "社会福祉法人佐久穂町社会福祉協議会指定通所介護事業所八千穂デイサービスセンターこまどり【通所介護】長野県南佐久郡佐久穂町大字畑６６０番地", "url": "https://www.kaigokensaku.mhlw.go.jp/20/index.php?action_kouhyou_detail_004_kani=true&JigyosyoCd=2072000595-00&ServiceCd=150&Type=search", "url2": null }, "geometry": { "type": "Point", "coordinates": [ 138.471159199999988, 36.143355 ] } },
{ "type": "Feature", "properties": { "内容": "ほっちのロッヂ【通所介護】長野県北佐久郡軽井沢町発地1274-113ほっちのロッヂ", "url": "https://www.kaigokensaku.mhlw.go.jp/20/index.php?action_kouhyou_detail_004_kani=true&JigyosyoCd=2072100916-00&ServiceCd=150&Type=search", "url2": "http://hotch-l.com/index.html" }, "geometry": { "type": "Point", "coordinates": [ 138.601160690684281, 36.319544031143984 ] } },
{ "type": "Feature", "properties": { "内容": "ふれあい軽井沢デイサービスセンター【通所介護】長野県北佐久郡軽井沢町追分1355-1", "url": "https://www.kaigokensaku.mhlw.go.jp/20/index.php?action_kouhyou_detail_004_kani=true&JigyosyoCd=2072100932-00&ServiceCd=150&Type=search", "url2": "https://hanawa878.co.jp/home/detail_81.html" }, "geometry": { "type": "Point", "coordinates": [ 138.5301275, 36.3400841 ] } },
{ "type": "Feature", "properties": { "内容": "社会福祉法人軽井沢町社会福祉協議会【通所介護】長野県北佐久郡軽井沢町大字長倉字水名畑４８４４－１「木もれ陽の里」", "url": "https://www.kaigokensaku.mhlw.go.jp/20/index.php?action_kouhyou_detail_004_kani=true&JigyosyoCd=2072100015-00&ServiceCd=150&Type=search", "url2": "http://www.karuizawashakyo.com/kaigo/tsusho/" }, "geometry": { "type": "Point", "coordinates": [ 138.562297599999965, 36.3347677 ] } },
{ "type": "Feature", "properties": { "内容": "かるいざわ敬老園デイサービスセンター【通所介護】長野県北佐久郡軽井沢町追分１４３６番地", "url": "https://www.kaigokensaku.mhlw.go.jp/20/index.php?action_kouhyou_detail_004_kani=true&JigyosyoCd=2072100346-00&ServiceCd=150&Type=search", "url2": "http://www.keiroen.or.jp" }, "geometry": { "type": "Point", "coordinates": [ 138.550457, 36.3432949 ] } },
{ "type": "Feature", "properties": { "内容": "みなみかるいざわ敬老園デイサービスセンター【通所介護】長野県北佐久郡軽井沢町大字発地字二子塚190-3", "url": "https://www.kaigokensaku.mhlw.go.jp/20/index.php?action_kouhyou_detail_004_kani=true&JigyosyoCd=2072100759-00&ServiceCd=150&Type=search", "url2": "minamikaruizawa@keiroen.or.jp" }, "geometry": { "type": "Point", "coordinates": [ 138.624222336845378, 36.306130774814136 ] } },
{ "type": "Feature", "properties": { "内容": "社会福祉法人御代田町社会福祉協議会ハートピアみよた【通所介護】長野県北佐久郡御代田町大字御代田１７７２番地１御代田町地域福祉センター", "url": "https://www.kaigokensaku.mhlw.go.jp/20/index.php?action_kouhyou_detail_004_kani=true&JigyosyoCd=2072100023-00&ServiceCd=150&Type=search", "url2": "http://miyota-shakyo.sakura.ne.jp" }, "geometry": { "type": "Point", "coordinates": [ 138.497910899999965, 36.3089873 ] } },
{ "type": "Feature", "properties": { "内容": "ニチイケアセンターみよた【通所介護】長野県北佐久郡御代田町大字馬瀬口1712-1", "url": "https://www.kaigokensaku.mhlw.go.jp/20/index.php?action_kouhyou_detail_004_kani=true&JigyosyoCd=2072100676-00&ServiceCd=150&Type=search", "url2": "http://www.nichiigakkan.co.jp/service/care/home/day.html" }, "geometry": { "type": "Point", "coordinates": [ 138.510672699999986, 36.3260519 ] } },
{ "type": "Feature", "properties": { "内容": "デイサービスセンターほほえみ【通所介護】長野県北佐久郡立科町大字芦田720-1", "url": "https://www.kaigokensaku.mhlw.go.jp/20/index.php?action_kouhyou_detail_004_kani=true&JigyosyoCd=2072100767-00&ServiceCd=150&Type=search", "url2": "http://www.hc-tateshina.jp" }, "geometry": { "type": "Point", "coordinates": [ 138.323525204321299, 36.274358215530611 ] } },
{ "type": "Feature", "properties": { "内容": "デイサービスセンターやすらぎ【通所介護】長野県北佐久郡立科町大字芦田3724番地5", "url": "https://www.kaigokensaku.mhlw.go.jp/20/index.php?action_kouhyou_detail_004_kani=true&JigyosyoCd=2072100775-00&ServiceCd=150&Type=search", "url2": "http://www.hc-tateshina.jp" }, "geometry": { "type": "Point", "coordinates": [ 138.3150693, 36.2734723 ] } },
{ "type": "Feature", "properties": { "内容": "健康道場やまぶき【通所介護】長野県北佐久郡立科町大字芦田1872-1", "url": "https://www.kaigokensaku.mhlw.go.jp/20/index.php?action_kouhyou_detail_004_kani=true&JigyosyoCd=2072100965-00&ServiceCd=150&Type=search", "url2": "https://dertraum-care.net/" }, "geometry": { "type": "Point", "coordinates": [ 138.320512899999983, 36.2760768 ] } },
{ "type": "Feature", "properties": { "内容": "社会福祉法人大樹会ラポートあおき【通所介護】長野県小県郡青木村大字田沢３４０２番地１", "url": "https://www.kaigokensaku.mhlw.go.jp/20/index.php?action_kouhyou_detail_004_kani=true&JigyosyoCd=2072200088-00&ServiceCd=150&Type=search", "url2": "https://www.daijukai.or.jp/" }, "geometry": { "type": "Point", "coordinates": [ 138.121176399999968, 36.3691903 ] } },
{ "type": "Feature", "properties": { "内容": "デイサービスセンター長門・デイサービスセンター武石（サテライト事業所）【通所介護】長野県小県郡長和町古町3365番地7", "url": "https://www.kaigokensaku.mhlw.go.jp/20/index.php?action_kouhyou_detail_004_kani=true&JigyosyoCd=2072200286-00&ServiceCd=150&Type=search", "url2": "http://www.yodakubofukushikai.jp/component/content/article/15" }, "geometry": { "type": "Point", "coordinates": [ 138.266701499999954, 36.2726188 ] } },
{ "type": "Feature", "properties": { "内容": "デイサービスセンター「和田」【通所介護】長野県小県郡長和町和田１４９２番地", "url": "https://www.kaigokensaku.mhlw.go.jp/20/index.php?action_kouhyou_detail_004_kani=true&JigyosyoCd=2072200476-00&ServiceCd=150&Type=search", "url2": "http://www.yodakubofukushikai.jp/component/content/article/15#02" }, "geometry": { "type": "Point", "coordinates": [ 138.216344099999986, 36.208181 ] } },
{ "type": "Feature", "properties": { "内容": "デイサービス増沢ケアマッサージ【通所介護】諏訪郡下諏訪町２１９－４５", "url": "https://www.kaigokensaku.mhlw.go.jp/20/index.php?action_kouhyou_detail_004_kani=true&JigyosyoCd=2072300334-00&ServiceCd=150&Type=search", "url2": null }, "geometry": { "type": "Point", "coordinates": [ 138.0800041, 36.0695895 ] } },
{ "type": "Feature", "properties": { "内容": "デイサービスセンターグレイスフル下諏訪【通所介護】諏訪郡下諏訪町高木9375番地１", "url": "https://www.kaigokensaku.mhlw.go.jp/20/index.php?action_kouhyou_detail_004_kani=true&JigyosyoCd=2072300227-00&ServiceCd=150&Type=search", "url2": "http://www.e-sunlife.or.jp/service/nagano01/index.html" }, "geometry": { "type": "Point", "coordinates": [ 138.106794700000023, 36.0672207 ] } },
{ "type": "Feature", "properties": { "内容": "有限会社　穂乃家【通所介護】長野県諏訪郡下諏訪町社6534-4", "url": "https://www.kaigokensaku.mhlw.go.jp/20/index.php?action_kouhyou_detail_004_kani=true&JigyosyoCd=2072300375-00&ServiceCd=150&Type=search", "url2": null }, "geometry": { "type": "Point", "coordinates": [ 138.0747311, 36.0808243 ] } },
{ "type": "Feature", "properties": { "内容": "湖浜温泉デイサービス【通所介護】長野県諏訪郡下諏訪町6174-1", "url": "https://www.kaigokensaku.mhlw.go.jp/20/index.php?action_kouhyou_detail_004_kani=true&JigyosyoCd=2072300888-00&ServiceCd=150&Type=search", "url2": null }, "geometry": { "type": "Point", "coordinates": [ 138.09155664895215, 36.066756849628689 ] } },
{ "type": "Feature", "properties": { "内容": "憩いの家パセオ【通所介護】長野県諏訪郡下諏訪町矢木町26", "url": "https://www.kaigokensaku.mhlw.go.jp/20/index.php?action_kouhyou_detail_004_kani=true&JigyosyoCd=2072300870-00&ServiceCd=150&Type=search", "url2": null }, "geometry": { "type": "Point", "coordinates": [ 138.079975104565023, 36.075845022160351 ] } },
{ "type": "Feature", "properties": { "内容": "紅林荘デイサービスセンター【通所介護】長野県諏訪郡富士見町富士見3107番地2", "url": "https://www.kaigokensaku.mhlw.go.jp/20/index.php?action_kouhyou_detail_004_kani=true&JigyosyoCd=2072300383-00&ServiceCd=150&Type=search", "url2": "http://www.ja-naganokai.or.jp/facilities/kourin/" }, "geometry": { "type": "Point", "coordinates": [ 138.228421799999978, 35.9096107 ] } },
{ "type": "Feature", "properties": { "内容": "富士見町社会福祉協議会ふれあい通所介護事業所【通所介護】長野県諏訪郡富士見町富士見8988番地１", "url": "https://www.kaigokensaku.mhlw.go.jp/20/index.php?action_kouhyou_detail_004_kani=true&JigyosyoCd=2072300128-00&ServiceCd=150&Type=search", "url2": "http://fujimi-shakyo.jp/" }, "geometry": { "type": "Point", "coordinates": [ 138.215095099999985, 35.9136793 ] } },
{ "type": "Feature", "properties": { "内容": "富士見町社会福祉協議会デイサービスセンターかがやき【通所介護】長野県諏訪郡富士見町境7276複合福祉施設清泉荘", "url": "https://www.kaigokensaku.mhlw.go.jp/20/index.php?action_kouhyou_detail_004_kani=true&JigyosyoCd=2072300730-00&ServiceCd=150&Type=search", "url2": "http://fujimi-syakyo.jp/index.html" }, "geometry": { "type": "Point", "coordinates": [ 138.278365500000064, 35.8823495 ] } },
{ "type": "Feature", "properties": { "内容": "富士見町社会福祉協議会清泉荘通所介護事業所【通所介護】長野県諏訪郡富士見町境７２７６", "url": "https://www.kaigokensaku.mhlw.go.jp/20/index.php?action_kouhyou_detail_004_kani=true&JigyosyoCd=2072300425-00&ServiceCd=150&Type=search", "url2": "http://fujimi-shakyo.jp/" }, "geometry": { "type": "Point", "coordinates": [ 138.278365500000064, 35.8823495 ] } },
{ "type": "Feature", "properties": { "内容": "原村デイサービスセンター【通所介護】長野県諏訪郡原村6649番地3", "url": "https://www.kaigokensaku.mhlw.go.jp/20/index.php?action_kouhyou_detail_004_kani=true&JigyosyoCd=2072300193-00&ServiceCd=150&Type=search", "url2": "http://www.haramura-syakyou.or.jp/p-4.htm" }, "geometry": { "type": "Point", "coordinates": [ 138.215838399999939, 35.962874 ] } },
{ "type": "Feature", "properties": { "内容": "デイサービスセンターあいりす【通所介護】長野県諏訪郡原村10377番地2", "url": "https://www.kaigokensaku.mhlw.go.jp/20/index.php?action_kouhyou_detail_004_kani=true&JigyosyoCd=2072300391-00&ServiceCd=150&Type=search", "url2": "http://www.iriss.or.jp" }, "geometry": { "type": "Point", "coordinates": [ 138.188568859747306, 35.958732175746206 ] } },
{ "type": "Feature", "properties": { "内容": "デイサービスセンターグレイスフル辰野【通所介護】長野県上伊那郡辰野町宮所８０７", "url": "https://www.kaigokensaku.mhlw.go.jp/20/index.php?action_kouhyou_detail_004_kani=true&JigyosyoCd=2072400555-00&ServiceCd=150&Type=search", "url2": "http://www.sun-vision.or.jp" }, "geometry": { "type": "Point", "coordinates": [ 137.979727835053552, 35.987681628480544 ] } },
{ "type": "Feature", "properties": { "内容": "デイサービスひかり【通所介護】長野県上伊那郡辰野町伊那富2842-1", "url": "https://www.kaigokensaku.mhlw.go.jp/20/index.php?action_kouhyou_detail_004_kani=true&JigyosyoCd=2072401611-00&ServiceCd=150&Type=search", "url2": "https://alps-care．co．jp" }, "geometry": { "type": "Point", "coordinates": [ 137.990915699999988, 35.9801937 ] } },
{ "type": "Feature", "properties": { "内容": "宅老所しばみや【通所介護】上伊那郡箕輪町大字中箕輪９３４４", "url": "https://www.kaigokensaku.mhlw.go.jp/20/index.php?action_kouhyou_detail_004_kani=true&JigyosyoCd=2072400647-00&ServiceCd=150&Type=search", "url2": null }, "geometry": { "type": "Point", "coordinates": [ 137.98691359999998, 35.9080769 ] } },
{ "type": "Feature", "properties": { "内容": "デイサービス　りんごの実【通所介護】長野県上伊那郡箕輪町中箕輪1450-1", "url": "https://www.kaigokensaku.mhlw.go.jp/20/index.php?action_kouhyou_detail_004_kani=true&JigyosyoCd=2072401629-00&ServiceCd=150&Type=search", "url2": "https://alps-care.co.jp/" }, "geometry": { "type": "Point", "coordinates": [ 137.974836900000014, 35.9428843 ] } },
{ "type": "Feature", "properties": { "内容": "箕輪町デイサービスセンターゆとり荘【通所介護】長野県上伊那郡箕輪町大字三日町1372-1", "url": "https://www.kaigokensaku.mhlw.go.jp/20/index.php?action_kouhyou_detail_004_kani=true&JigyosyoCd=2072400449-00&ServiceCd=150&Type=search", "url2": "http://www.minowa-shakyo.or.jp/" }, "geometry": { "type": "Point", "coordinates": [ 137.993899599999963, 35.8966757 ] } },
{ "type": "Feature", "properties": { "内容": "ケアセンターふれあいの里【通所介護】長野県上伊那郡箕輪町大字中箕輪１４４３２－１", "url": "https://www.kaigokensaku.mhlw.go.jp/20/index.php?action_kouhyou_detail_004_kani=true&JigyosyoCd=2072401017-00&ServiceCd=150&Type=search", "url2": "http://carecenter-hureainosato.com/etc/service-day.html" }, "geometry": { "type": "Point", "coordinates": [ 137.981944399999946, 35.9151342 ] } },
{ "type": "Feature", "properties": { "内容": "デイサービスセンターグレイスフル箕輪【通所介護】長野県上伊那郡箕輪町大字中箕輪６０６５", "url": "https://www.kaigokensaku.mhlw.go.jp/20/index.php?action_kouhyou_detail_004_kani=true&JigyosyoCd=2072400613-00&ServiceCd=150&Type=search", "url2": "http://www.sun-vision.or.jp/" }, "geometry": { "type": "Point", "coordinates": [ 137.950100797199923, 35.920001292296696 ] } },
{ "type": "Feature", "properties": { "内容": "介護ステーションまんてん【通所介護】長野県上伊那郡飯島町飯島755-1", "url": "https://www.kaigokensaku.mhlw.go.jp/20/index.php?action_kouhyou_detail_004_kani=true&JigyosyoCd=2072401108-00&ServiceCd=150&Type=search", "url2": "http://manten-npo.com/" }, "geometry": { "type": "Point", "coordinates": [ 137.929589099999987, 35.6745612 ] } },
{ "type": "Feature", "properties": { "内容": "富士見高原医療福祉センターデイサービスなごみの家【通所介護】長野県上伊那郡飯島町七久保1493番地", "url": "https://www.kaigokensaku.mhlw.go.jp/20/index.php?action_kouhyou_detail_004_kani=true&JigyosyoCd=2072401470-00&ServiceCd=150&Type=search", "url2": "http://fujimihp.com/" }, "geometry": { "type": "Point", "coordinates": [ 137.906533200000013, 35.6580755 ] } },
{ "type": "Feature", "properties": { "内容": "デイサービスセンターいいじまいちご【通所介護】長野県上伊那郡飯島町飯島2317-1", "url": "https://www.kaigokensaku.mhlw.go.jp/20/index.php?action_kouhyou_detail_004_kani=true&JigyosyoCd=2072401223-00&ServiceCd=150&Type=search", "url2": "http://www.ichigoe.jp" }, "geometry": { "type": "Point", "coordinates": [ 137.925035100000059, 35.6794424 ] } },
{ "type": "Feature", "properties": { "内容": "デイサービスセンター松寿荘【通所介護】長野県上伊那郡南箕輪村２３８０－１２１２", "url": "https://www.kaigokensaku.mhlw.go.jp/20/index.php?action_kouhyou_detail_004_kani=true&JigyosyoCd=2072400407-00&ServiceCd=150&Type=search", "url2": "http://www.mmshyakyo.com/" }, "geometry": { "type": "Point", "coordinates": [ 137.955080071302717, 35.877140069624552 ] } },
{ "type": "Feature", "properties": { "内容": "高齢者デイサービスセンターいわゆり荘【通所介護】長野県上伊那郡中川村大草4038-1", "url": "https://www.kaigokensaku.mhlw.go.jp/20/index.php?action_kouhyou_detail_004_kani=true&JigyosyoCd=2072400332-00&ServiceCd=150&Type=search", "url2": "http://www.nakagawas.jp" }, "geometry": { "type": "Point", "coordinates": [ 137.944910700000037, 35.6342784 ] } },
{ "type": "Feature", "properties": { "内容": "宮田村デイサービスセンター梅の里【通所介護】長野県上伊那郡宮田村６８３８番地１", "url": "https://www.kaigokensaku.mhlw.go.jp/20/index.php?action_kouhyou_detail_004_kani=true&JigyosyoCd=2072400324-00&ServiceCd=150&Type=search", "url2": "https://www.vill.miyada.nagano.jp/health/pages/root/10480-006" }, "geometry": { "type": "Point", "coordinates": [ 137.948068199999966, 35.7641974 ] } },
{ "type": "Feature", "properties": { "内容": "コスモス松川デイサービスセンター【通所介護】長野県下伊那郡松川町元大島１６５５", "url": "https://www.kaigokensaku.mhlw.go.jp/20/index.php?action_kouhyou_detail_004_kani=true&JigyosyoCd=2072500867-00&ServiceCd=150&Type=search", "url2": "http://cosmosnet.or.jp/file/matsukawa_day.html" }, "geometry": { "type": "Point", "coordinates": [ 137.918288299999972, 35.5962726 ] } },
{ "type": "Feature", "properties": { "内容": "社会福祉法人松川町社会福祉協議会【通所介護】長野県下伊那郡松川町元大島２９３０－１２", "url": "https://www.kaigokensaku.mhlw.go.jp/20/index.php?action_kouhyou_detail_004_kani=true&JigyosyoCd=2072500644-00&ServiceCd=150&Type=search", "url2": "http://www.matsukawa-shakyo.net/" }, "geometry": { "type": "Point", "coordinates": [ 137.913724799999954, 35.60323 ] } },
{ "type": "Feature", "properties": { "内容": "介護センターななすぎ【通所介護】長野県下伊那郡松川町元大島2002番地2", "url": "https://www.kaigokensaku.mhlw.go.jp/20/index.php?action_kouhyou_detail_004_kani=true&JigyosyoCd=2072501154-00&ServiceCd=150&Type=search", "url2": "http://www.ch-you.ne.jp/users/kaigo-nanasugi/" }, "geometry": { "type": "Point", "coordinates": [ 137.921540340952987, 35.597555403546714 ] } },
{ "type": "Feature", "properties": { "内容": "デイサービスセンターさくら【通所介護】下伊那郡松川町上片桐２２８４", "url": "https://www.kaigokensaku.mhlw.go.jp/20/index.php?action_kouhyou_detail_004_kani=true&JigyosyoCd=2072500875-00&ServiceCd=150&Type=search", "url2": "http://www.caretec.jp" }, "geometry": { "type": "Point", "coordinates": [ 137.901619120068318, 35.615950006899709 ] } },
{ "type": "Feature", "properties": { "内容": "あさぎりの郷デイサービスセンター【通所介護】長野県下伊那郡高森町吉田481-1", "url": "https://www.kaigokensaku.mhlw.go.jp/20/index.php?action_kouhyou_detail_004_kani=true&JigyosyoCd=2072500800-00&ServiceCd=150&Type=search", "url2": "https://www.ja-naganokai.or.jp/" }, "geometry": { "type": "Point", "coordinates": [ 137.887697600000024, 35.5517637 ] } },
{ "type": "Feature", "properties": { "内容": "高森町社会福祉協議会通所介護事業所【通所介護】長野県下伊那郡高森町山吹3618やすらぎ荘", "url": "https://www.kaigokensaku.mhlw.go.jp/20/index.php?action_kouhyou_detail_004_kani=true&JigyosyoCd=2072500511-00&ServiceCd=150&Type=search", "url2": "http://www.takamori-shakyo.com/" }, "geometry": { "type": "Point", "coordinates": [ 137.888169246627058, 35.577656800834248 ] } },
{ "type": "Feature", "properties": { "内容": "阿南町社会福祉協議会介護保険事業所【通所介護】長野県下伊那郡阿南町西條709番地", "url": "https://www.kaigokensaku.mhlw.go.jp/20/index.php?action_kouhyou_detail_004_kani=true&JigyosyoCd=2072500354-00&ServiceCd=150&Type=search", "url2": "http://www.anansyakyo.or.jp/" }, "geometry": { "type": "Point", "coordinates": [ 137.811066799999907, 35.3288924 ] } },
{ "type": "Feature", "properties": { "内容": "阿智村社協デイサービスセンター第二幸寿苑【通所介護】長野県下伊那郡阿智村春日３２９１番地４", "url": "https://www.kaigokensaku.mhlw.go.jp/20/index.php?action_kouhyou_detail_004_kani=true&JigyosyoCd=2072501147-00&ServiceCd=150&Type=search", "url2": "http://www.achi-syakyo.or.jp/" }, "geometry": { "type": "Point", "coordinates": [ 137.751576500000027, 35.4490679 ] } },
{ "type": "Feature", "properties": { "内容": "阿智村社協デイサービスセンターえんばな【通所介護】長野県下伊那郡阿智村浪合１３３５番地", "url": "https://www.kaigokensaku.mhlw.go.jp/20/index.php?action_kouhyou_detail_004_kani=true&JigyosyoCd=2072500446-00&ServiceCd=150&Type=search", "url2": "http://www.achi.-syakyo.or.jp/" }, "geometry": { "type": "Point", "coordinates": [ 137.690795515938589, 35.374117770087736 ] } },
{ "type": "Feature", "properties": { "内容": "売木村デイサービスセンター【通所介護】長野県下伊那郡売木村６８８番地１", "url": "https://www.kaigokensaku.mhlw.go.jp/20/index.php?action_kouhyou_detail_004_kani=true&JigyosyoCd=2072500370-00&ServiceCd=150&Type=search", "url2": null }, "geometry": { "type": "Point", "coordinates": [ 137.711121700000035, 35.271088 ] } },
{ "type": "Feature", "properties": { "内容": "喬木村デイサービスセンターふれ愛【通所介護】長野県下伊那郡喬木村６６７０番地１", "url": "https://www.kaigokensaku.mhlw.go.jp/20/index.php?action_kouhyou_detail_004_kani=true&JigyosyoCd=2072500685-00&ServiceCd=150&Type=search", "url2": "http://takagi-syakyo.com/" }, "geometry": { "type": "Point", "coordinates": [ 137.8733403, 35.5133116 ] } },
{ "type": "Feature", "properties": { "内容": "デイサービスぽけっと【通所介護】長野県下伊那郡喬木村15816－2", "url": "https://www.kaigokensaku.mhlw.go.jp/20/index.php?action_kouhyou_detail_004_kani=true&JigyosyoCd=2072500974-00&ServiceCd=150&Type=search", "url2": "https://kaigo-pocket.jimdofree.com/" }, "geometry": { "type": "Point", "coordinates": [ 137.865690247021433, 35.506585717152248 ] } },
{ "type": "Feature", "properties": { "内容": "社会福祉法人豊丘村社会福祉協議会指定通所介護事業所【通所介護】長野県下伊那郡豊丘村神稲３０３９－１デイサービスセンターほほえみ", "url": "https://www.kaigokensaku.mhlw.go.jp/20/index.php?action_kouhyou_detail_004_kani=true&JigyosyoCd=2072500727-00&ServiceCd=150&Type=search", "url2": "toyo-sha.jp/" }, "geometry": { "type": "Point", "coordinates": [ 137.895033, 35.5507362 ] } },
{ "type": "Feature", "properties": { "内容": "大鹿村デイサービスセンター【通所介護】長野県下伊那郡大鹿村大河原４７６－８", "url": "https://www.kaigokensaku.mhlw.go.jp/20/index.php?action_kouhyou_detail_004_kani=true&JigyosyoCd=2072500503-00&ServiceCd=150&Type=search", "url2": null }, "geometry": { "type": "Point", "coordinates": [ 138.039231, 35.558345 ] } },
{ "type": "Feature", "properties": { "内容": "あい愛ケアセンター【通所介護】長野県木曽郡上松町大字小川２０５０－５", "url": "https://www.kaigokensaku.mhlw.go.jp/20/index.php?action_kouhyou_detail_004_kani=true&JigyosyoCd=2072600485-00&ServiceCd=150&Type=search", "url2": "aiaicare.jp" }, "geometry": { "type": "Point", "coordinates": [ 137.697873369975298, 35.775857957467515 ] } },
{ "type": "Feature", "properties": { "内容": "南木曽デイサービスセンター【通所介護】長野県木曽郡南木曽町田立１４３－１", "url": "https://www.kaigokensaku.mhlw.go.jp/20/index.php?action_kouhyou_detail_004_kani=true&JigyosyoCd=2072600378-00&ServiceCd=150&Type=search", "url2": "dayseavis@nagisosyakyo.or.jp" }, "geometry": { "type": "Point", "coordinates": [ 137.560751699999969, 35.5887092 ] } },
{ "type": "Feature", "properties": { "内容": "サンシャインあてら【通所介護】長野県木曽郡大桑村野尻931-1", "url": "https://www.kaigokensaku.mhlw.go.jp/20/index.php?action_kouhyou_detail_004_kani=true&JigyosyoCd=2072600691-00&ServiceCd=150&Type=search", "url2": "http://www.sunshinelife.co.jp" }, "geometry": { "type": "Point", "coordinates": [ 137.621679099999938, 35.6630152 ] } },
{ "type": "Feature", "properties": { "内容": "大桑村デイサービスセンター【通所介護】長野県木曽郡大桑村大字殿981番地1", "url": "https://www.kaigokensaku.mhlw.go.jp/20/index.php?action_kouhyou_detail_004_kani=true&JigyosyoCd=2072600279-00&ServiceCd=150&Type=search", "url2": "https://www.ookuwa.jp/" }, "geometry": { "type": "Point", "coordinates": [ 137.694033200000035, 35.7010256 ] } },
{ "type": "Feature", "properties": { "内容": "木曽福島デイサービスセンター【通所介護】長野県木曽郡木曽町福島6305番地", "url": "https://www.kaigokensaku.mhlw.go.jp/20/index.php?action_kouhyou_detail_004_kani=true&JigyosyoCd=2072600428-00&ServiceCd=150&Type=search", "url2": null }, "geometry": { "type": "Point", "coordinates": [ 137.686039, 35.8399253 ] } },
{ "type": "Feature", "properties": { "内容": "麻績村デイサービスセンターみづき【通所介護】長野県東筑摩郡麻績村麻2787番地麻績村デイサービスセンターみづき", "url": "https://www.kaigokensaku.mhlw.go.jp/20/index.php?action_kouhyou_detail_004_kani=true&JigyosyoCd=2072700426-00&ServiceCd=150&Type=search", "url2": "https://omi-shakyo.or.jp/" }, "geometry": { "type": "Point", "coordinates": [ 138.030571808598324, 36.448866835642313 ] } },
{ "type": "Feature", "properties": { "内容": "麻績村デイサービスセンターひじり【通所介護】長野県東筑摩郡麻績村麻2117番地1麻績村デイサービスセンターひじり", "url": "https://www.kaigokensaku.mhlw.go.jp/20/index.php?action_kouhyou_detail_004_kani=true&JigyosyoCd=2072700947-00&ServiceCd=150&Type=search", "url2": "https://omi-shakyo.or.jp/" }, "geometry": { "type": "Point", "coordinates": [ 138.031153970639025, 36.448174784496125 ] } },
{ "type": "Feature", "properties": { "内容": "生坂村社協デイサービスセンター【通所介護】長野県東筑摩郡生坂村６２７１－１", "url": "https://www.kaigokensaku.mhlw.go.jp/20/index.php?action_kouhyou_detail_004_kani=true&JigyosyoCd=2072700434-00&ServiceCd=150&Type=search", "url2": "http://www.ikusaka-shakyo.or.jp/" }, "geometry": { "type": "Point", "coordinates": [ 137.925555450818791, 36.426398826281122 ] } },
{ "type": "Feature", "properties": { "内容": "デイサービスセンター　サファイア【通所介護】長野県東筑摩郡山形村字野際1261-1", "url": "https://www.kaigokensaku.mhlw.go.jp/20/index.php?action_kouhyou_detail_004_kani=true&JigyosyoCd=2072700871-00&ServiceCd=150&Type=search", "url2": null }, "geometry": { "type": "Point", "coordinates": [ 137.878011337855128, 36.157869426326037 ] } },
{ "type": "Feature", "properties": { "内容": "デイサービスセンターいちいの里【通所介護】長野県東筑摩郡山形村４５２０番地１", "url": "https://www.kaigokensaku.mhlw.go.jp/20/index.php?action_kouhyou_detail_004_kani=true&JigyosyoCd=2072700459-00&ServiceCd=150&Type=search", "url2": "http://poponet-yamagata.or.jp/" }, "geometry": { "type": "Point", "coordinates": [ 137.882171978234851, 36.173825478749841 ] } },
{ "type": "Feature", "properties": { "内容": "デイサービスセンターかたくりの里【通所介護】長野県東筑摩郡朝日村大字古見７７３番地", "url": "https://www.kaigokensaku.mhlw.go.jp/20/index.php?action_kouhyou_detail_004_kani=true&JigyosyoCd=2072700368-00&ServiceCd=150&Type=search", "url2": "https://www.asahimura.syakyojp" }, "geometry": { "type": "Point", "coordinates": [ 137.859864, 36.125172 ] } },
{ "type": "Feature", "properties": { "内容": "デイサービスあずまや【通所介護】長野県東筑摩郡筑北村坂北２１９４番地１", "url": "https://www.kaigokensaku.mhlw.go.jp/20/index.php?action_kouhyou_detail_004_kani=true&JigyosyoCd=2072700475-00&ServiceCd=150&Type=search", "url2": "http://chikuhoku-shakyo.or.jp" }, "geometry": { "type": "Point", "coordinates": [ 138.015726, 36.4260666 ] } },
{ "type": "Feature", "properties": { "内容": "デイサービスほかほか【通所介護】長野県東筑摩郡筑北村西条３５０７番地きささげ荘", "url": "https://www.kaigokensaku.mhlw.go.jp/20/index.php?action_kouhyou_detail_004_kani=true&JigyosyoCd=2072700343-00&ServiceCd=150&Type=search", "url2": "http://chikuhoku-shakyo.or.jp/" }, "geometry": { "type": "Point", "coordinates": [ 138.009124499999984, 36.4120072 ] } },
{ "type": "Feature", "properties": { "内容": "デイサービスセンター　花しょうぶ【通所介護】長野県北安曇郡池田町大字会染1498‐1", "url": "https://www.kaigokensaku.mhlw.go.jp/20/index.php?action_kouhyou_detail_004_kani=true&JigyosyoCd=2072900737-00&ServiceCd=150&Type=search", "url2": "http://koushu-nagano.jp" }, "geometry": { "type": "Point", "coordinates": [ 137.894497699999988, 36.4175416 ] } },
{ "type": "Feature", "properties": { "内容": "いけだデイサービスセンター高姫【通所介護】長野県北安曇郡池田町大字池田２００５番地１池田町総合福祉センターやすらぎの郷", "url": "https://www.kaigokensaku.mhlw.go.jp/20/index.php?action_kouhyou_detail_004_kani=true&JigyosyoCd=2072900273-00&ServiceCd=150&Type=search", "url2": "http://www.ikedashakyo.or.jp" }, "geometry": { "type": "Point", "coordinates": [ 137.879204399999907, 36.4227682 ] } },
{ "type": "Feature", "properties": { "内容": "ニチイケアセンターあづみ野【通所介護】長野県北安曇郡池田町大字会染12107-2", "url": "https://www.kaigokensaku.mhlw.go.jp/20/index.php?action_kouhyou_detail_004_kani=true&JigyosyoCd=2072900307-00&ServiceCd=150&Type=search", "url2": null }, "geometry": { "type": "Point", "coordinates": [ 137.87911859999997, 36.3767357 ] } },
{ "type": "Feature", "properties": { "内容": "松川村社協指定通所介護事業所【通所介護】長野県北安曇郡松川村5650-19　福祉プラザゆうあい館内", "url": "https://www.kaigokensaku.mhlw.go.jp/20/index.php?action_kouhyou_detail_004_kani=true&JigyosyoCd=2072900265-00&ServiceCd=150&Type=search", "url2": "http://www18.ocn.ne.jp/~msyakyo/index.html" }, "geometry": { "type": "Point", "coordinates": [ 137.866583600000013, 36.403264 ] } },
{ "type": "Feature", "properties": { "内容": "小谷村デイサービスセンター【通所介護】長野県北安曇郡小谷村大字中小谷丙2544-3福祉センターせせらぎ", "url": "https://www.kaigokensaku.mhlw.go.jp/20/index.php?action_kouhyou_detail_004_kani=true&JigyosyoCd=2072900174-00&ServiceCd=150&Type=search", "url2": "http://otari-syakyo.or.jp/" }, "geometry": { "type": "Point", "coordinates": [ 137.910893, 36.7958925 ] } },
{ "type": "Feature", "properties": { "内容": "宅老所　憩いの家【通所介護】長野県埴科郡坂城町大字中之条1308-1", "url": "https://www.kaigokensaku.mhlw.go.jp/20/index.php?action_kouhyou_detail_004_kani=true&JigyosyoCd=2073100311-00&ServiceCd=150&Type=search", "url2": null }, "geometry": { "type": "Point", "coordinates": [ 138.194869899999958, 36.443878 ] } },
{ "type": "Feature", "properties": { "内容": "さかき美里園デイサービスセンター【通所介護】長野県埴科郡坂城町大字坂城9086-1", "url": "https://www.kaigokensaku.mhlw.go.jp/20/index.php?action_kouhyou_detail_004_kani=true&JigyosyoCd=2073100196-00&ServiceCd=150&Type=search", "url2": "http://www.sakakifukushikai.or.jp" }, "geometry": { "type": "Point", "coordinates": [ 138.191119800000024, 36.4531351 ] } },
{ "type": "Feature", "properties": { "内容": "小布施町社協指定通所介護事業所【通所介護】長野県上高井郡小布施町大字小布施857-6", "url": "https://www.kaigokensaku.mhlw.go.jp/20/index.php?action_kouhyou_detail_004_kani=true&JigyosyoCd=2073200079-00&ServiceCd=150&Type=search", "url2": "http://obuse-shakyo.org/" }, "geometry": { "type": "Point", "coordinates": [ 138.3172816, 36.6898513 ] } },
{ "type": "Feature", "properties": { "内容": "小布施デイサービスセンター花の里【通所介護】長野県上高井郡小布施町大字小布施1379‐1小布施デイサービスセンター花の里", "url": "https://www.kaigokensaku.mhlw.go.jp/20/index.php?action_kouhyou_detail_004_kani=true&JigyosyoCd=2073200343-00&ServiceCd=150&Type=search", "url2": "http:/obuse-shakyo.org" }, "geometry": { "type": "Point", "coordinates": [ 138.314745200000061, 36.700519499999984 ] } },
{ "type": "Feature", "properties": { "内容": "高山村社会福祉協議会通所介護事業所【通所介護】長野県上高井郡高山村大字牧６番地１", "url": "https://www.kaigokensaku.mhlw.go.jp/20/index.php?action_kouhyou_detail_004_kani=true&JigyosyoCd=2073200087-00&ServiceCd=150&Type=search", "url2": "//shykyo-takayama.jp/" }, "geometry": { "type": "Point", "coordinates": [ 138.3765515, 36.6777846 ] } },
{ "type": "Feature", "properties": { "内容": "山ノ内宅幼老所にこにこの湯【通所介護】長野県下高井郡山ノ内町大字平穏2926-33", "url": "https://www.kaigokensaku.mhlw.go.jp/20/index.php?action_kouhyou_detail_004_kani=true&JigyosyoCd=2073300341-00&ServiceCd=150&Type=search", "url2": null }, "geometry": { "type": "Point", "coordinates": [ 138.417668131877093, 36.738080985015593 ] } },
{ "type": "Feature", "properties": { "内容": "社会福祉法人　山ノ内町社会福祉協議会指定通所介護事業所【通所介護】長野県下高井郡山ノ内町大字平穏３３７１－２地域福祉センタ－内", "url": "https://www.kaigokensaku.mhlw.go.jp/20/index.php?action_kouhyou_detail_004_kani=true&JigyosyoCd=2073300127-00&ServiceCd=150&Type=search", "url2": "http://www.honobono-shakyo.or.jp" }, "geometry": { "type": "Point", "coordinates": [ 138.413673900000049, 36.7437672 ] } },
{ "type": "Feature", "properties": { "内容": "デイサービスちとせ【通所介護】長野県下高井郡山ノ内町大字夜間瀬2481-1", "url": "https://www.kaigokensaku.mhlw.go.jp/20/index.php?action_kouhyou_detail_004_kani=true&JigyosyoCd=2073300390-00&ServiceCd=150&Type=search", "url2": null }, "geometry": { "type": "Point", "coordinates": [ 138.403532600000062, 36.7620536 ] } },
{ "type": "Feature", "properties": { "内容": "木島平村社協指定通所介護事業所【通所介護】長野県下高井郡木島平村大字往郷９０８-３", "url": "https://www.kaigokensaku.mhlw.go.jp/20/index.php?action_kouhyou_detail_004_kani=true&JigyosyoCd=2073300101-00&ServiceCd=150&Type=search", "url2": "https://sites.google.com/view/kijima-syakyo/" }, "geometry": { "type": "Point", "coordinates": [ 138.406529500000033, 36.8568978 ] } },
{ "type": "Feature", "properties": { "内容": "野沢温泉村老人福祉センター【通所介護】長野県下高井郡野沢温泉村大字豊郷９１００-２", "url": "https://www.kaigokensaku.mhlw.go.jp/20/index.php?action_kouhyou_detail_004_kani=true&JigyosyoCd=2073300143-00&ServiceCd=150&Type=search", "url2": null }, "geometry": { "type": "Point", "coordinates": [ 138.440596699999986, 36.9235464 ] } },
{ "type": "Feature", "properties": { "内容": "社会福祉法人小川村社会福祉協議会　指定通所介護事業所【通所介護】長野県上水内郡小川村大字高府８５５３小川村在宅福祉支援センター", "url": "https://www.kaigokensaku.mhlw.go.jp/20/index.php?action_kouhyou_detail_004_kani=true&JigyosyoCd=2073400331-00&ServiceCd=150&Type=search", "url2": "htpp://ogawashakyo.jp/" }, "geometry": { "type": "Point", "coordinates": [ 137.980104399999959, 36.6188765 ] } },
{ "type": "Feature", "properties": { "内容": "飯綱町デイサービスセンター　ふれあいの園【通所介護】長野県上水内郡飯綱町大字芋川１８１番地", "url": "https://www.kaigokensaku.mhlw.go.jp/20/index.php?action_kouhyou_detail_004_kani=true&JigyosyoCd=2073400430-00&ServiceCd=150&Type=search", "url2": "http://www.ii-shakyo.or.jp/" }, "geometry": { "type": "Point", "coordinates": [ 138.255703499999981, 36.763224 ] } },
{ "type": "Feature", "properties": { "内容": "むれデイサービスセンター【通所介護】長野県上水内郡飯綱町大字牟礼２２４３－１", "url": "https://www.kaigokensaku.mhlw.go.jp/20/index.php?action_kouhyou_detail_004_kani=true&JigyosyoCd=2073400695-00&ServiceCd=150&Type=search", "url2": "http://www.ii-shakyo.or.jp/" }, "geometry": { "type": "Point", "coordinates": [ 138.234372500000063, 36.748003 ] } },
{ "type": "Feature", "properties": { "内容": "栄村高齢者総合福祉センター【通所介護】長野県下水内郡栄村大字北信３６０１番地５", "url": "https://www.kaigokensaku.mhlw.go.jp/20/index.php?action_kouhyou_detail_004_kani=true&JigyosyoCd=2073500155-00&ServiceCd=150&Type=search", "url2": "http://sakae-syakyo.jp/" }, "geometry": { "type": "Point", "coordinates": [ 138.57626920000007, 36.988569500000018 ] } }
]
}
