{
"type": "FeatureCollection",
"name": "geo_20_地域密着型通所介護",
"crs": { "type": "name", "properties": { "name": "urn:ogc:def:crs:OGC:1.3:CRS84" } },
"features": [
{ "type": "Feature", "properties": { "内容": "デイサービスやなぎはら【地域密着型通所介護】長野市村山５００番１", "url": "https://www.kaigokensaku.mhlw.go.jp/20/index.php?action_kouhyou_detail_004_kani=true&JigyosyoCd=2070106113-00&ServiceCd=780&Type=search", "url2": "http://www.home-shinano.com" }, "geometry": { "type": "Point", "coordinates": [ 138.263779200000045, 36.6684045 ] } },
{ "type": "Feature", "properties": { "内容": "陽だまり山布施【地域密着型通所介護】長野県長野市篠ノ井山布施8485番1陽だまり山布施", "url": "https://www.kaigokensaku.mhlw.go.jp/20/index.php?action_kouhyou_detail_004_kani=true&JigyosyoCd=2070106048-00&ServiceCd=780&Type=search", "url2": null }, "geometry": { "type": "Point", "coordinates": [ 138.0951566, 36.6161504 ] } },
{ "type": "Feature", "properties": { "内容": "リハプライド長野【地域密着型通所介護】長野県長野市吉田５-２７-５", "url": "https://www.kaigokensaku.mhlw.go.jp/20/index.php?action_kouhyou_detail_004_kani=true&JigyosyoCd=2090100799-00&ServiceCd=780&Type=search", "url2": "http://www.rehapride.co.jp/nagano/" }, "geometry": { "type": "Point", "coordinates": [ 138.224070184061446, 36.660119391145891 ] } },
{ "type": "Feature", "properties": { "内容": "デイサポートこまち川中島【地域密着型通所介護】長野県長野市川中島町上氷鉋532番地1", "url": "https://www.kaigokensaku.mhlw.go.jp/20/index.php?action_kouhyou_detail_004_kani=true&JigyosyoCd=2070105735-00&ServiceCd=780&Type=search", "url2": null }, "geometry": { "type": "Point", "coordinates": [ 138.158361300000024, 36.6096145 ] } },
{ "type": "Feature", "properties": { "内容": "リハライフ若里【地域密着型通所介護】長野県長野市若里5丁目5番15号", "url": "https://www.kaigokensaku.mhlw.go.jp/20/index.php?action_kouhyou_detail_004_kani=true&JigyosyoCd=2070105149-00&ServiceCd=780&Type=search", "url2": null }, "geometry": { "type": "Point", "coordinates": [ 138.1844056, 36.6274493 ] } },
{ "type": "Feature", "properties": { "内容": "脳梗塞リハビリ動き再生センター【地域密着型通所介護】長野県長野市徳間1-1-5ハイツＭＫ1階", "url": "https://www.kaigokensaku.mhlw.go.jp/20/index.php?action_kouhyou_detail_004_kani=true&JigyosyoCd=2070105990-00&ServiceCd=780&Type=search", "url2": "https://netakiri.com/" }, "geometry": { "type": "Point", "coordinates": [ 138.218675100000013, 36.6779802 ] } },
{ "type": "Feature", "properties": { "内容": "小規模民家型デイサービスぽかぽかの家【地域密着型通所介護】長野県長野市松代町松代1293-2", "url": "https://www.kaigokensaku.mhlw.go.jp/20/index.php?action_kouhyou_detail_004_kani=true&JigyosyoCd=2070105180-00&ServiceCd=780&Type=search", "url2": "https://one-life-ikiruba.co.jp/" }, "geometry": { "type": "Point", "coordinates": [ 138.2029801, 36.5587495 ] } },
{ "type": "Feature", "properties": { "内容": "晴れる屋【地域密着型通所介護】長野県長野市篠ノ井塩崎4645", "url": "https://www.kaigokensaku.mhlw.go.jp/20/index.php?action_kouhyou_detail_004_kani=true&JigyosyoCd=2090101367-00&ServiceCd=780&Type=search", "url2": "https://ncare-shiozaki.co.jp/company/index.html" }, "geometry": { "type": "Point", "coordinates": [ 138.106736500000011, 36.558892 ] } },
{ "type": "Feature", "properties": { "内容": "大滝デイサービスセンター【地域密着型通所介護】長野県長野市上松2-7-7", "url": "https://www.kaigokensaku.mhlw.go.jp/20/index.php?action_kouhyou_detail_004_kani=true&JigyosyoCd=2070100918-00&ServiceCd=780&Type=search", "url2": null }, "geometry": { "type": "Point", "coordinates": [ 138.19102410000005, 36.6668577 ] } },
{ "type": "Feature", "properties": { "内容": "いこいや【地域密着型通所介護】長野県長野市若穂川田１８３０番", "url": "https://www.kaigokensaku.mhlw.go.jp/20/index.php?action_kouhyou_detail_004_kani=true&JigyosyoCd=2070104688-00&ServiceCd=780&Type=search", "url2": "https://zenkouji-dw.com" }, "geometry": { "type": "Point", "coordinates": [ 138.2434283, 36.6085376 ] } },
{ "type": "Feature", "properties": { "内容": "ONEでいとれーにんぐ　まつしろ【地域密着型通所介護】長野県長野市松代町松代958", "url": "https://www.kaigokensaku.mhlw.go.jp/20/index.php?action_kouhyou_detail_004_kani=true&JigyosyoCd=2090101128-00&ServiceCd=780&Type=search", "url2": "http://www.yukiiri-mcl.com" }, "geometry": { "type": "Point", "coordinates": [ 138.203335032540906, 36.564513761972464 ] } },
{ "type": "Feature", "properties": { "内容": "デイサービスむすびの森【地域密着型通所介護】長野県長野市篠ノ井布施五明3462番地", "url": "https://www.kaigokensaku.mhlw.go.jp/20/index.php?action_kouhyou_detail_004_kani=true&JigyosyoCd=2090101375-00&ServiceCd=780&Type=search", "url2": "http://musubinomori.ikeda-kk.com/" }, "geometry": { "type": "Point", "coordinates": [ 138.12979630000001, 36.5786568 ] } },
{ "type": "Feature", "properties": { "内容": "福老壱番館【地域密着型通所介護】長野県長野市中越二丁目３１番６号", "url": "https://www.kaigokensaku.mhlw.go.jp/20/index.php?action_kouhyou_detail_004_kani=true&JigyosyoCd=2070104449-00&ServiceCd=780&Type=search", "url2": "http://www.fukurou-kaigo.com/index.html" }, "geometry": { "type": "Point", "coordinates": [ 138.220151200000032, 36.6632871 ] } },
{ "type": "Feature", "properties": { "内容": "福老参番館【地域密着型通所介護】長野県長野市吉田5-30-25", "url": "https://www.kaigokensaku.mhlw.go.jp/20/index.php?action_kouhyou_detail_004_kani=true&JigyosyoCd=2090100922-00&ServiceCd=780&Type=search", "url2": "http://www.fukurou-kaigo.com/" }, "geometry": { "type": "Point", "coordinates": [ 138.225077739177436, 36.661736976253856 ] } },
{ "type": "Feature", "properties": { "内容": "アースサポート長野【地域密着型通所介護】長野県長野市中越1丁目2番27号", "url": "https://www.kaigokensaku.mhlw.go.jp/20/index.php?action_kouhyou_detail_004_kani=true&JigyosyoCd=2090101391-00&ServiceCd=780&Type=search", "url2": "http://www.earthsupport.co.jp" }, "geometry": { "type": "Point", "coordinates": [ 138.2191565, 36.658764 ] } },
{ "type": "Feature", "properties": { "内容": "デイサービス福寿縁【地域密着型通所介護】長野県長野市篠ノ井塩崎5750-3", "url": "https://www.kaigokensaku.mhlw.go.jp/20/index.php?action_kouhyou_detail_004_kani=true&JigyosyoCd=2090101433-00&ServiceCd=780&Type=search", "url2": "https://www．fukujuen666.com" }, "geometry": { "type": "Point", "coordinates": [ 138.123734400000018, 36.559083700000038 ] } },
{ "type": "Feature", "properties": { "内容": "サルーテ上松【地域密着型通所介護】長野県長野市上松4-23-12", "url": "https://www.kaigokensaku.mhlw.go.jp/20/index.php?action_kouhyou_detail_004_kani=true&JigyosyoCd=2090100823-00&ServiceCd=780&Type=search", "url2": null }, "geometry": { "type": "Point", "coordinates": [ 138.199278700000036, 36.6730349 ] } },
{ "type": "Feature", "properties": { "内容": "デイサービスセンター夢の中【地域密着型通所介護】長野県長野市大字稲葉1865小林ビル3F", "url": "https://www.kaigokensaku.mhlw.go.jp/20/index.php?action_kouhyou_detail_004_kani=true&JigyosyoCd=2090101276-00&ServiceCd=780&Type=search", "url2": "http://yumenouchi.com/" }, "geometry": { "type": "Point", "coordinates": [ 138.2157956, 36.6365719 ] } },
{ "type": "Feature", "properties": { "内容": "デイサービス東口【地域密着型通所介護】長野県長野市七瀬2番地9AKビル2階", "url": "https://www.kaigokensaku.mhlw.go.jp/20/index.php?action_kouhyou_detail_004_kani=true&JigyosyoCd=2070105503-00&ServiceCd=780&Type=search", "url2": "http://www.asahi-fukusi.jp" }, "geometry": { "type": "Point", "coordinates": [ 138.193230166825856, 36.644218237441919 ] } },
{ "type": "Feature", "properties": { "内容": "燦倶楽部犀北【地域密着型通所介護】長野県長野市安茂里犀北団地７７８４番地", "url": "https://www.kaigokensaku.mhlw.go.jp/20/index.php?action_kouhyou_detail_004_kani=true&JigyosyoCd=2070106329-00&ServiceCd=780&Type=search", "url2": "http://tikifuku-nagano.jp/" }, "geometry": { "type": "Point", "coordinates": [ 138.159352300000023, 36.6271847 ] } },
{ "type": "Feature", "properties": { "内容": "燦倶楽部西河原【地域密着型通所介護】長野県長野市安茂里西河原３７１１番地１", "url": "https://www.kaigokensaku.mhlw.go.jp/20/index.php?action_kouhyou_detail_004_kani=true&JigyosyoCd=2070106337-00&ServiceCd=780&Type=search", "url2": "http://www.tikifuku-nagano.jp/" }, "geometry": { "type": "Point", "coordinates": [ 138.16198780000002, 36.6327229 ] } },
{ "type": "Feature", "properties": { "内容": "デイサービスセンター七瀬【地域密着型通所介護】長野県長野市鶴賀居町115-5", "url": "https://www.kaigokensaku.mhlw.go.jp/20/index.php?action_kouhyou_detail_004_kani=true&JigyosyoCd=2070101353-00&ServiceCd=780&Type=search", "url2": "http://lifecare-mayu.com/jigyo/nanase" }, "geometry": { "type": "Point", "coordinates": [ 138.200886188529381, 36.647452097928713 ] } },
{ "type": "Feature", "properties": { "内容": "宅老所みなみまた【地域密着型通所介護】長野県長野市稲葉２６０８－１", "url": "https://www.kaigokensaku.mhlw.go.jp/20/index.php?action_kouhyou_detail_004_kani=true&JigyosyoCd=2070104480-00&ServiceCd=780&Type=search", "url2": "http://www.asahi-fukusi.jp/?page_id=23" }, "geometry": { "type": "Point", "coordinates": [ 138.208297099999982, 36.63683 ] } },
{ "type": "Feature", "properties": { "内容": "デイサービス若里【地域密着型通所介護】長野県長野市若里2丁目10-15シニア若里ハウス", "url": "https://www.kaigokensaku.mhlw.go.jp/20/index.php?action_kouhyou_detail_004_kani=true&JigyosyoCd=2070106246-00&ServiceCd=780&Type=search", "url2": "http://www.asahi-fukusi.jp/" }, "geometry": { "type": "Point", "coordinates": [ 138.193266384061417, 36.63324546661444 ] } },
{ "type": "Feature", "properties": { "内容": "宅老所せりた【地域密着型通所介護】長野県長野市稲葉中千田2056", "url": "https://www.kaigokensaku.mhlw.go.jp/20/index.php?action_kouhyou_detail_004_kani=true&JigyosyoCd=2070102237-00&ServiceCd=780&Type=search", "url2": "http://www.asahi-fukusi.jp/" }, "geometry": { "type": "Point", "coordinates": [ 138.204036, 36.6318 ] } },
{ "type": "Feature", "properties": { "内容": "宅老所いっぷく【地域密着型通所介護】長野県長野市高田1130-1", "url": "https://www.kaigokensaku.mhlw.go.jp/20/index.php?action_kouhyou_detail_004_kani=true&JigyosyoCd=2070103805-00&ServiceCd=780&Type=search", "url2": "http://www.asahi-fukusi.jp" }, "geometry": { "type": "Point", "coordinates": [ 138.207755499999962, 36.6413736 ] } },
{ "type": "Feature", "properties": { "内容": "デイサービス花時計【地域密着型通所介護】長野県長野市大字稲葉2506番地５", "url": "https://www.kaigokensaku.mhlw.go.jp/20/index.php?action_kouhyou_detail_004_kani=true&JigyosyoCd=2070104050-00&ServiceCd=780&Type=search", "url2": null }, "geometry": { "type": "Point", "coordinates": [ 138.207008299999984, 36.6392545 ] } },
{ "type": "Feature", "properties": { "内容": "デイサービスむすびの森川中島【地域密着型通所介護】長野県長野市川中島町御厨1070番地13", "url": "https://www.kaigokensaku.mhlw.go.jp/20/index.php?action_kouhyou_detail_004_kani=true&JigyosyoCd=2090101417-00&ServiceCd=780&Type=search", "url2": "https://musubinomori.ikeda-kk.com/index.html" }, "geometry": { "type": "Point", "coordinates": [ 138.1580215, 36.59159 ] } },
{ "type": "Feature", "properties": { "内容": "戸隠介護サービスセンター通所介護事業所【地域密着型通所介護】長野県長野市戸隠栃原９２４６番地", "url": "https://www.kaigokensaku.mhlw.go.jp/20/index.php?action_kouhyou_detail_004_kani=true&JigyosyoCd=2073400455-00&ServiceCd=780&Type=search", "url2": "syakyo＠csw－naganocity.or.jp" }, "geometry": { "type": "Point", "coordinates": [ 138.048145299999987, 36.672166599999983 ] } },
{ "type": "Feature", "properties": { "内容": "デイサービスみつまめ【地域密着型通所介護】長野県長野市若穂川田字町上2643番地", "url": "https://www.kaigokensaku.mhlw.go.jp/20/index.php?action_kouhyou_detail_004_kani=true&JigyosyoCd=2070104795-00&ServiceCd=780&Type=search", "url2": null }, "geometry": { "type": "Point", "coordinates": [ 138.232057648067098, 36.604758155836009 ] } },
{ "type": "Feature", "properties": { "内容": "デイサービス西長野【地域密着型通所介護】長野県長野市新諏訪1-10-20", "url": "https://www.kaigokensaku.mhlw.go.jp/20/index.php?action_kouhyou_detail_004_kani=true&JigyosyoCd=2090100773-00&ServiceCd=780&Type=search", "url2": null }, "geometry": { "type": "Point", "coordinates": [ 138.172359395574517, 36.658222721630842 ] } },
{ "type": "Feature", "properties": { "内容": "第二宅老所しんこう【地域密着型通所介護】長野県長野市信更町安庭１０７０", "url": "https://www.kaigokensaku.mhlw.go.jp/20/index.php?action_kouhyou_detail_004_kani=true&JigyosyoCd=2070104308-00&ServiceCd=780&Type=search", "url2": null }, "geometry": { "type": "Point", "coordinates": [ 138.045581199999987, 36.5954156 ] } },
{ "type": "Feature", "properties": { "内容": "まじょの介護便通所介護事業所【地域密着型通所介護】長野県長野市川中島町原575番地1", "url": "https://www.kaigokensaku.mhlw.go.jp/20/index.php?action_kouhyou_detail_004_kani=true&JigyosyoCd=2070106006-00&ServiceCd=780&Type=search", "url2": null }, "geometry": { "type": "Point", "coordinates": [ 138.151094856869577, 36.58527732530969 ] } },
{ "type": "Feature", "properties": { "内容": "宅老所縁互【地域密着型通所介護】長野県長野市青木島町綱島287番地２", "url": "https://www.kaigokensaku.mhlw.go.jp/20/index.php?action_kouhyou_detail_004_kani=true&JigyosyoCd=2090101326-00&ServiceCd=780&Type=search", "url2": null }, "geometry": { "type": "Point", "coordinates": [ 138.1921195, 36.616288 ] } },
{ "type": "Feature", "properties": { "内容": "NPO法人宅幼老所わたぼうし【地域密着型通所介護】長野県長野市稲葉１０４４番地６", "url": "https://www.kaigokensaku.mhlw.go.jp/20/index.php?action_kouhyou_detail_004_kani=true&JigyosyoCd=2070102625-00&ServiceCd=780&Type=search", "url2": null }, "geometry": { "type": "Point", "coordinates": [ 138.210280199999943, 36.6267369 ] } },
{ "type": "Feature", "properties": { "内容": "特定非営利活動法人大和家【地域密着型通所介護】長野県長野市青木島町綱島２２２番地３宅老所　大和家", "url": "https://www.kaigokensaku.mhlw.go.jp/20/index.php?action_kouhyou_detail_004_kani=true&JigyosyoCd=2070104001-00&ServiceCd=780&Type=search", "url2": null }, "geometry": { "type": "Point", "coordinates": [ 138.19234670000003, 36.6158288 ] } },
{ "type": "Feature", "properties": { "内容": "介護屋デイサービスセンターオレンジ【地域密着型通所介護】長野県長野市差出南2丁目12-26", "url": "https://www.kaigokensaku.mhlw.go.jp/20/index.php?action_kouhyou_detail_004_kani=true&JigyosyoCd=2070104076-00&ServiceCd=780&Type=search", "url2": null }, "geometry": { "type": "Point", "coordinates": [ 138.172225563893107, 36.630510579196631 ] } },
{ "type": "Feature", "properties": { "内容": "デイサービスセンター“わく”【地域密着型通所介護】長野県長野市桜新町６７８－４", "url": "https://www.kaigokensaku.mhlw.go.jp/20/index.php?action_kouhyou_detail_004_kani=true&JigyosyoCd=2070103383-00&ServiceCd=780&Type=search", "url2": "www.waku-nagano.net" }, "geometry": { "type": "Point", "coordinates": [ 138.232338600000048, 36.6542363 ] } },
{ "type": "Feature", "properties": { "内容": "宅幼老所おあしす【地域密着型通所介護】長野市川中島上氷鉋1708番地17", "url": "https://www.kaigokensaku.mhlw.go.jp/20/index.php?action_kouhyou_detail_004_kani=true&JigyosyoCd=2070102021-00&ServiceCd=780&Type=search", "url2": null }, "geometry": { "type": "Point", "coordinates": [ 138.160966300000041, 36.6191829 ] } },
{ "type": "Feature", "properties": { "内容": "第三宅老所のぞみ【地域密着型通所介護】長野県長野市信更町氷ノ田３１９２番地１", "url": "https://www.kaigokensaku.mhlw.go.jp/20/index.php?action_kouhyou_detail_004_kani=true&JigyosyoCd=2070103854-00&ServiceCd=780&Type=search", "url2": "http://takunozomi.jp/" }, "geometry": { "type": "Point", "coordinates": [ 138.0727855, 36.5710605 ] } },
{ "type": "Feature", "properties": { "内容": "デイサービス太陽【地域密着型通所介護】長野県長野市富竹936-4", "url": "https://www.kaigokensaku.mhlw.go.jp/20/index.php?action_kouhyou_detail_004_kani=true&JigyosyoCd=2090100914-00&ServiceCd=780&Type=search", "url2": "http://taiyo-takada.com" }, "geometry": { "type": "Point", "coordinates": [ 138.255381699999987, 36.6760392 ] } },
{ "type": "Feature", "properties": { "内容": "サンフィットあがた【地域密着型通所介護】長野県南長野県町４９５あがたまちテラス　２Ｆ", "url": "https://www.kaigokensaku.mhlw.go.jp/20/index.php?action_kouhyou_detail_004_kani=true&JigyosyoCd=2090100815-00&ServiceCd=780&Type=search", "url2": "http://www.agata.sunfit.jp/" }, "geometry": { "type": "Point", "coordinates": [ 138.1843429, 36.6544397 ] } },
{ "type": "Feature", "properties": { "内容": "デイサービスフィオーレ【地域密着型通所介護】長野県長野市稲葉日詰1988-1", "url": "https://www.kaigokensaku.mhlw.go.jp/20/index.php?action_kouhyou_detail_004_kani=true&JigyosyoCd=2070106014-00&ServiceCd=780&Type=search", "url2": "www.fiore-welfare.jp" }, "geometry": { "type": "Point", "coordinates": [ 138.211199514927671, 36.634086420774565 ] } },
{ "type": "Feature", "properties": { "内容": "デイサービス二三ちゃん家【地域密着型通所介護】長野県長野市大字稲葉575番地8", "url": "https://www.kaigokensaku.mhlw.go.jp/20/index.php?action_kouhyou_detail_004_kani=true&JigyosyoCd=2070105420-00&ServiceCd=780&Type=search", "url2": null }, "geometry": { "type": "Point", "coordinates": [ 138.206802899999957, 36.6281976 ] } },
{ "type": "Feature", "properties": { "内容": "いろは屋【地域密着型通所介護】長野県長野市箱清水1-11-4", "url": "https://www.kaigokensaku.mhlw.go.jp/20/index.php?action_kouhyou_detail_004_kani=true&JigyosyoCd=2070105602-00&ServiceCd=780&Type=search", "url2": null }, "geometry": { "type": "Point", "coordinates": [ 138.190713100000039, 36.6645608 ] } },
{ "type": "Feature", "properties": { "内容": "エフビー柳原デイサービスセンター【地域密着型通所介護】長野県長野市小島７８５番地", "url": "https://www.kaigokensaku.mhlw.go.jp/20/index.php?action_kouhyou_detail_004_kani=true&JigyosyoCd=2070103839-00&ServiceCd=780&Type=search", "url2": "http://www.fb-kaigo.co.jp/service/daycare.php" }, "geometry": { "type": "Point", "coordinates": [ 138.25242, 36.660508 ] } },
{ "type": "Feature", "properties": { "内容": "宅老所のぞみ【地域密着型通所介護】長野県長野市篠ノ井有旅２３３７－１", "url": "https://www.kaigokensaku.mhlw.go.jp/20/index.php?action_kouhyou_detail_004_kani=true&JigyosyoCd=2070101668-00&ServiceCd=780&Type=search", "url2": "http://takunozomi.jp/" }, "geometry": { "type": "Point", "coordinates": [ 138.114423399999964, 36.5789328 ] } },
{ "type": "Feature", "properties": { "内容": "シニアフィットネスmikuriデイサービスセンター【地域密着型通所介護】長野県長野市川中島町御厨1207", "url": "https://www.kaigokensaku.mhlw.go.jp/20/index.php?action_kouhyou_detail_004_kani=true&JigyosyoCd=2070106378-00&ServiceCd=780&Type=search", "url2": "http://www.sunmeer.ras.com" }, "geometry": { "type": "Point", "coordinates": [ 138.163113903229174, 36.590505219202505 ] } },
{ "type": "Feature", "properties": { "内容": "でいとれーにんぐ　まつしろ【地域密着型通所介護】長野県長野市松代町松代９５７－４", "url": "https://www.kaigokensaku.mhlw.go.jp/20/index.php?action_kouhyou_detail_004_kani=true&JigyosyoCd=2070105768-00&ServiceCd=780&Type=search", "url2": "http://www.yukiiri-mcl.com" }, "geometry": { "type": "Point", "coordinates": [ 138.203332700000033, 36.5650627 ] } },
{ "type": "Feature", "properties": { "内容": "ぬくぬく【地域密着型通所介護】長野県長野市北堀８６５－４", "url": "https://www.kaigokensaku.mhlw.go.jp/20/index.php?action_kouhyou_detail_004_kani=true&JigyosyoCd=2090101334-00&ServiceCd=780&Type=search", "url2": "https://www.nknk4u4u.com/" }, "geometry": { "type": "Point", "coordinates": [ 138.2373897, 36.6681192 ] } },
{ "type": "Feature", "properties": { "内容": "大滝デイサービスセンター美和【地域密着型通所介護】長野県長野市三輪5-1-21", "url": "https://www.kaigokensaku.mhlw.go.jp/20/index.php?action_kouhyou_detail_004_kani=true&JigyosyoCd=2070105263-00&ServiceCd=780&Type=search", "url2": null }, "geometry": { "type": "Point", "coordinates": [ 138.202900499999942, 36.6563404 ] } },
{ "type": "Feature", "properties": { "内容": "リハビリデイサービスemao篠ノ井店【地域密着型通所介護】長野県長野市篠ノ井布施五明124-10", "url": "https://www.kaigokensaku.mhlw.go.jp/20/index.php?action_kouhyou_detail_004_kani=true&JigyosyoCd=2070105487-00&ServiceCd=780&Type=search", "url2": "http://www.avis.ne.jp/~j-koyama" }, "geometry": { "type": "Point", "coordinates": [ 138.13306, 36.5841551 ] } },
{ "type": "Feature", "properties": { "内容": "寄り合い処　ふらっと柳原【地域密着型通所介護】長野県長野市柳原2223-1ケアライフ柳原第2　2F", "url": "https://www.kaigokensaku.mhlw.go.jp/20/index.php?action_kouhyou_detail_004_kani=true&JigyosyoCd=2070105685-00&ServiceCd=780&Type=search", "url2": "ds_yanagihara2_manager@fb-kaigo.co.jp" }, "geometry": { "type": "Point", "coordinates": [ 138.2593111, 36.6648659 ] } },
{ "type": "Feature", "properties": { "内容": "デイサービスフォーエバーケアりょくふう【地域密着型通所介護】長野県長野市川合新田1491-1有料老人ホームフォーエバーケア緑風", "url": "https://www.kaigokensaku.mhlw.go.jp/20/index.php?action_kouhyou_detail_004_kani=true&JigyosyoCd=2090101250-00&ServiceCd=780&Type=search", "url2": null }, "geometry": { "type": "Point", "coordinates": [ 138.205775, 36.6222878 ] } },
{ "type": "Feature", "properties": { "内容": "福老弐番館【地域密着型通所介護】長野県長野市吉田5丁目29番28－8", "url": "https://www.kaigokensaku.mhlw.go.jp/20/index.php?action_kouhyou_detail_004_kani=true&JigyosyoCd=2070105529-00&ServiceCd=780&Type=search", "url2": "http://www.fukurou-kaigo.com/" }, "geometry": { "type": "Point", "coordinates": [ 138.226372699999956, 36.6611599 ] } },
{ "type": "Feature", "properties": { "内容": "デイサービスフォーエバーケア田園【地域密着型通所介護】長野県長野市西尾張部1026-1サービス付き高齢者向け住宅フォーエバーケア田園", "url": "https://www.kaigokensaku.mhlw.go.jp/20/index.php?action_kouhyou_detail_004_kani=true&JigyosyoCd=2070106576-00&ServiceCd=780&Type=search", "url2": "http://forever-care.jp" }, "geometry": { "type": "Point", "coordinates": [ 138.225850265606653, 36.6487536005096 ] } },
{ "type": "Feature", "properties": { "内容": "デイサービスセンター　ふくろう【地域密着型通所介護】長野県長野市松代温泉75-1", "url": "https://www.kaigokensaku.mhlw.go.jp/20/index.php?action_kouhyou_detail_004_kani=true&JigyosyoCd=2070103458-00&ServiceCd=780&Type=search", "url2": "http://kaigo585043852.wordpress.com" }, "geometry": { "type": "Point", "coordinates": [ 138.210359, 36.573737 ] } },
{ "type": "Feature", "properties": { "内容": "鬼無里介護サービスセンター通所介護事業所【地域密着型通所介護】長野県長野市鬼無里160番地3", "url": "https://www.kaigokensaku.mhlw.go.jp/20/index.php?action_kouhyou_detail_004_kani=true&JigyosyoCd=2090101003-00&ServiceCd=780&Type=search", "url2": "kinasa-dayservice@csw-naganocity.or.jp" }, "geometry": { "type": "Point", "coordinates": [ 138.003288200000043, 36.6807345 ] } },
{ "type": "Feature", "properties": { "内容": "デイサービスセンターねむの木【地域密着型通所介護】長野県長野市富竹715-1", "url": "https://www.kaigokensaku.mhlw.go.jp/20/index.php?action_kouhyou_detail_004_kani=true&JigyosyoCd=2070102385-00&ServiceCd=780&Type=search", "url2": null }, "geometry": { "type": "Point", "coordinates": [ 138.244997039219498, 36.67082351271084 ] } },
{ "type": "Feature", "properties": { "内容": "宅老所あったかいご【地域密着型通所介護】長野県長野市松代町松代1303", "url": "https://www.kaigokensaku.mhlw.go.jp/20/index.php?action_kouhyou_detail_004_kani=true&JigyosyoCd=2070101304-00&ServiceCd=780&Type=search", "url2": null }, "geometry": { "type": "Point", "coordinates": [ 138.199358399999937, 36.5611239 ] } },
{ "type": "Feature", "properties": { "内容": "デイサービスセンター宅幼老所なかよしこよし【地域密着型通所介護】長野県長野市上松２丁目１８番１１号", "url": "https://www.kaigokensaku.mhlw.go.jp/20/index.php?action_kouhyou_detail_004_kani=true&JigyosyoCd=2070102484-00&ServiceCd=780&Type=search", "url2": "https://www.kaigo-takurou-nakayosi.com" }, "geometry": { "type": "Point", "coordinates": [ 138.197298400000022, 36.6680883 ] } },
{ "type": "Feature", "properties": { "内容": "宅老所ふるさと【地域密着型通所介護】長野県長野市南長池２８６－５", "url": "https://www.kaigokensaku.mhlw.go.jp/20/index.php?action_kouhyou_detail_004_kani=true&JigyosyoCd=2070101585-00&ServiceCd=780&Type=search", "url2": null }, "geometry": { "type": "Point", "coordinates": [ 138.237018300000045, 36.642072 ] } },
{ "type": "Feature", "properties": { "内容": "デイサービス　おはな【地域密着型通所介護】長野県長野市西尾張部301-10", "url": "https://www.kaigokensaku.mhlw.go.jp/20/index.php?action_kouhyou_detail_004_kani=true&JigyosyoCd=2070105370-00&ServiceCd=780&Type=search", "url2": null }, "geometry": { "type": "Point", "coordinates": [ 138.225633799999969, 36.648506600000019 ] } },
{ "type": "Feature", "properties": { "内容": "生活リハビリ　ぽかぽかスタジオ【地域密着型通所介護】長野県長野市三輪　2-5-5-2", "url": "https://www.kaigokensaku.mhlw.go.jp/20/index.php?action_kouhyou_detail_004_kani=true&JigyosyoCd=2090100831-00&ServiceCd=780&Type=search", "url2": "https://one-life-ikiruba.co.jp/" }, "geometry": { "type": "Point", "coordinates": [ 138.207831613491891, 36.65894340947937 ] } },
{ "type": "Feature", "properties": { "内容": "デイサービス太陽まゆみだ【地域密着型通所介護】長野県長野市檀田2丁目23-10", "url": "https://www.kaigokensaku.mhlw.go.jp/20/index.php?action_kouhyou_detail_004_kani=true&JigyosyoCd=2090101458-00&ServiceCd=780&Type=search", "url2": "https://taiyo-takada.com/" }, "geometry": { "type": "Point", "coordinates": [ 138.211886, 36.6750825 ] } },
{ "type": "Feature", "properties": { "内容": "すまいるケア若里店【地域密着型通所介護】長野県長野市若里4-15-21", "url": "https://www.kaigokensaku.mhlw.go.jp/20/index.php?action_kouhyou_detail_004_kani=true&JigyosyoCd=2070105271-00&ServiceCd=780&Type=search", "url2": null }, "geometry": { "type": "Point", "coordinates": [ 138.185979357469392, 36.628718152245398 ] } },
{ "type": "Feature", "properties": { "内容": "デイサービスさくら【地域密着型通所介護】長野県長野市篠ノ井岡田216-5", "url": "https://www.kaigokensaku.mhlw.go.jp/20/index.php?action_kouhyou_detail_004_kani=true&JigyosyoCd=2090101409-00&ServiceCd=780&Type=search", "url2": null }, "geometry": { "type": "Point", "coordinates": [ 138.1382149, 36.5847105 ] } },
{ "type": "Feature", "properties": { "内容": "リハライフ朝陽　しなの木【地域密着型通所介護】長野県長野市北堀797-1", "url": "https://www.kaigokensaku.mhlw.go.jp/20/index.php?action_kouhyou_detail_004_kani=true&JigyosyoCd=2090101151-00&ServiceCd=780&Type=search", "url2": null }, "geometry": { "type": "Point", "coordinates": [ 138.2382177, 36.6670483 ] } },
{ "type": "Feature", "properties": { "内容": "口腔支援ステーション　虹テラス　和合の里【地域密着型通所介護】長野県松本市高宮南9-7", "url": "https://www.kaigokensaku.mhlw.go.jp/20/index.php?action_kouhyou_detail_004_kani=true&JigyosyoCd=2090200524-00&ServiceCd=780&Type=search", "url2": "https://nijiwagou.livedoor.blog/" }, "geometry": { "type": "Point", "coordinates": [ 137.95715180982171, 36.209145112048176 ] } },
{ "type": "Feature", "properties": { "内容": "生活介護センターあおば【地域密着型通所介護】長野県松本市小屋北1丁目16番35号", "url": "https://www.kaigokensaku.mhlw.go.jp/20/index.php?action_kouhyou_detail_004_kani=true&JigyosyoCd=2090200508-00&ServiceCd=780&Type=search", "url2": "meditowntemari+aoba@gmail.com" }, "geometry": { "type": "Point", "coordinates": [ 137.958335, 36.1863007 ] } },
{ "type": "Feature", "properties": { "内容": "集まってみま専科　まゆ【地域密着型通所介護】長野県松本市和田1104-2", "url": "https://www.kaigokensaku.mhlw.go.jp/20/index.php?action_kouhyou_detail_004_kani=true&JigyosyoCd=2070203258-00&ServiceCd=780&Type=search", "url2": null }, "geometry": { "type": "Point", "coordinates": [ 137.916136700000038, 36.2099178 ] } },
{ "type": "Feature", "properties": { "内容": "療養通所介護あおいそら【地域密着型通所介護】長野県松本市笹賀2975-1", "url": "https://www.kaigokensaku.mhlw.go.jp/20/index.php?action_kouhyou_detail_004_kani=true&JigyosyoCd=2090200409-00&ServiceCd=780&Type=search", "url2": null }, "geometry": { "type": "Point", "coordinates": [ 137.93294190000006, 36.1717493 ] } },
{ "type": "Feature", "properties": { "内容": "カモミールハウスばらの湯【地域密着型通所介護】長野県松本市蟻ケ崎2丁目2-18カモミールハウスばらの湯", "url": "https://www.kaigokensaku.mhlw.go.jp/20/index.php?action_kouhyou_detail_004_kani=true&JigyosyoCd=2090200615-00&ServiceCd=780&Type=search", "url2": "https://camomile-house.com/" }, "geometry": { "type": "Point", "coordinates": [ 137.9660309, 36.2415006 ] } },
{ "type": "Feature", "properties": { "内容": "宅老所もみじの家【地域密着型通所介護】長野県松本市会田701", "url": "https://www.kaigokensaku.mhlw.go.jp/20/index.php?action_kouhyou_detail_004_kani=true&JigyosyoCd=2072700707-00&ServiceCd=780&Type=search", "url2": null }, "geometry": { "type": "Point", "coordinates": [ 137.997655399999985, 36.3510814 ] } },
{ "type": "Feature", "properties": { "内容": "ももせ薬局短時間デイサービスらいふラボ【地域密着型通所介護】長野県松本市松原46-1松原ビル2F東", "url": "https://www.kaigokensaku.mhlw.go.jp/20/index.php?action_kouhyou_detail_004_kani=true&JigyosyoCd=2090200623-00&ServiceCd=780&Type=search", "url2": "https://www.momopharma10142.com/" }, "geometry": { "type": "Point", "coordinates": [ 137.989381900000012, 36.1760568 ] } },
{ "type": "Feature", "properties": { "内容": "デイサービスしろにし【地域密着型通所介護】長野県松本市城西1-5-16城西病院", "url": "https://www.kaigokensaku.mhlw.go.jp/20/index.php?action_kouhyou_detail_004_kani=true&JigyosyoCd=2090200441-00&ServiceCd=780&Type=search", "url2": "http://www.shironishi.or.jp/" }, "geometry": { "type": "Point", "coordinates": [ 137.9624723, 36.2394851 ] } },
{ "type": "Feature", "properties": { "内容": "半日リハビリデイ　　よはく【地域密着型通所介護】長野県松本市岡田下岡田キャピタルメゾンウメムラ１階", "url": "https://www.kaigokensaku.mhlw.go.jp/20/index.php?action_kouhyou_detail_004_kani=true&JigyosyoCd=2090200581-00&ServiceCd=780&Type=search", "url2": "http://yohaku-wo-tanoshiku.com/" }, "geometry": { "type": "Point", "coordinates": [ 137.9770949, 36.2661125 ] } },
{ "type": "Feature", "properties": { "内容": "リハビリ専門デイサービス　常念望【地域密着型通所介護】長野県松本市島立674-1", "url": "https://www.kaigokensaku.mhlw.go.jp/20/index.php?action_kouhyou_detail_004_kani=true&JigyosyoCd=2070203225-00&ServiceCd=780&Type=search", "url2": null }, "geometry": { "type": "Point", "coordinates": [ 137.952067, 36.23634 ] } },
{ "type": "Feature", "properties": { "内容": "デイサービスここたいむ【地域密着型通所介護】長野県松本市小屋北1丁目16番35号", "url": "https://www.kaigokensaku.mhlw.go.jp/20/index.php?action_kouhyou_detail_004_kani=true&JigyosyoCd=2070203696-00&ServiceCd=780&Type=search", "url2": "http://temari.naganoblog.jp/" }, "geometry": { "type": "Point", "coordinates": [ 137.958615471827699, 36.186478684992124 ] } },
{ "type": "Feature", "properties": { "内容": "宅老所けやき【地域密着型通所介護】長野県松本市大字神林３８３４番地２", "url": "https://www.kaigokensaku.mhlw.go.jp/20/index.php?action_kouhyou_detail_004_kani=true&JigyosyoCd=2070202573-00&ServiceCd=780&Type=search", "url2": null }, "geometry": { "type": "Point", "coordinates": [ 137.936316472105432, 36.197349049745057 ] } },
{ "type": "Feature", "properties": { "内容": "デイサービスあがた【地域密着型通所介護】長野県松本市県2-4-7三沢医院併設", "url": "https://www.kaigokensaku.mhlw.go.jp/20/index.php?action_kouhyou_detail_004_kani=true&JigyosyoCd=2070202995-00&ServiceCd=780&Type=search", "url2": "http://www.drmisawa.com" }, "geometry": { "type": "Point", "coordinates": [ 137.985255, 36.2336228 ] } },
{ "type": "Feature", "properties": { "内容": "松本市安曇デイサービスセンターいいら【地域密着型通所介護】長野県松本市安曇88番地1安曇保険福祉センター1階", "url": "https://www.kaigokensaku.mhlw.go.jp/20/index.php?action_kouhyou_detail_004_kani=true&JigyosyoCd=2090200573-00&ServiceCd=780&Type=search", "url2": null }, "geometry": { "type": "Point", "coordinates": [ 137.801193357008373, 36.184233159101886 ] } },
{ "type": "Feature", "properties": { "内容": "リハビリデイサービス　うご工房【地域密着型通所介護】長野県松本市南原2-6-16", "url": "https://www.kaigokensaku.mhlw.go.jp/20/index.php?action_kouhyou_detail_004_kani=true&JigyosyoCd=2090200474-00&ServiceCd=780&Type=search", "url2": "https://ugoko.jp" }, "geometry": { "type": "Point", "coordinates": [ 137.944871, 36.2104242 ] } },
{ "type": "Feature", "properties": { "内容": "デイサービスセンターカモミールハウス野溝【地域密着型通所介護】長野県松本市野溝木工２丁目２番４８号", "url": "https://www.kaigokensaku.mhlw.go.jp/20/index.php?action_kouhyou_detail_004_kani=true&JigyosyoCd=2090200540-00&ServiceCd=780&Type=search", "url2": "www.camomile-house.com" }, "geometry": { "type": "Point", "coordinates": [ 137.9562467, 36.2052374 ] } },
{ "type": "Feature", "properties": { "内容": "デイサービスセンター　カモミールハウス北栗【地域密着型通所介護】長野県松本市大字島立３８０３番地１", "url": "https://www.kaigokensaku.mhlw.go.jp/20/index.php?action_kouhyou_detail_004_kani=true&JigyosyoCd=2070203381-00&ServiceCd=780&Type=search", "url2": "http://www.camomile-house.com/" }, "geometry": { "type": "Point", "coordinates": [ 137.938254499999971, 36.2163926 ] } },
{ "type": "Feature", "properties": { "内容": "デイサービス　きたえる～む松本寿【地域密着型通所介護】長野県松本市寿北6丁目27番17号", "url": "https://www.kaigokensaku.mhlw.go.jp/20/index.php?action_kouhyou_detail_004_kani=true&JigyosyoCd=2090200375-00&ServiceCd=780&Type=search", "url2": null }, "geometry": { "type": "Point", "coordinates": [ 137.972372, 36.1945466 ] } },
{ "type": "Feature", "properties": { "内容": "松本市社会福祉協議会松本市奈川デイサービスセンター心和荘【地域密着型通所介護】長野県松本市奈川1575", "url": "https://www.kaigokensaku.mhlw.go.jp/20/index.php?action_kouhyou_detail_004_kani=true&JigyosyoCd=2090200565-00&ServiceCd=780&Type=search", "url2": "http://nagawa-zaitaku@syakyo-matsumoto.or.jp" }, "geometry": { "type": "Point", "coordinates": [ 137.684958599999987, 36.0582121 ] } },
{ "type": "Feature", "properties": { "内容": "KARADARAK（からだ・楽）【地域密着型通所介護】長野県松本市城東1-4-6", "url": "https://www.kaigokensaku.mhlw.go.jp/20/index.php?action_kouhyou_detail_004_kani=true&JigyosyoCd=2070202755-00&ServiceCd=780&Type=search", "url2": "http://www.karadarak.jp/" }, "geometry": { "type": "Point", "coordinates": [ 137.974900209348874, 36.238496458125411 ] } },
{ "type": "Feature", "properties": { "内容": "御殿の湯【地域密着型通所介護】長野県松本市浅間温泉３－３１－２８", "url": "https://www.kaigokensaku.mhlw.go.jp/20/index.php?action_kouhyou_detail_004_kani=true&JigyosyoCd=2070200932-00&ServiceCd=780&Type=search", "url2": "https://www.caretown.org" }, "geometry": { "type": "Point", "coordinates": [ 137.991942, 36.2658379 ] } },
{ "type": "Feature", "properties": { "内容": "デイサービスセンター明かり【地域密着型通所介護】長野県松本市野溝東1-14-3", "url": "https://www.kaigokensaku.mhlw.go.jp/20/index.php?action_kouhyou_detail_004_kani=true&JigyosyoCd=2070203613-00&ServiceCd=780&Type=search", "url2": "http://aki-kaigo.co.jp" }, "geometry": { "type": "Point", "coordinates": [ 137.959591899999964, 36.1980727 ] } },
{ "type": "Feature", "properties": { "内容": "くわの実【地域密着型通所介護】長野県松本市梓川梓498-3", "url": "https://www.kaigokensaku.mhlw.go.jp/20/index.php?action_kouhyou_detail_004_kani=true&JigyosyoCd=2070202037-00&ServiceCd=780&Type=search", "url2": "http://www.kuwanomi.net" }, "geometry": { "type": "Point", "coordinates": [ 137.87324220000005, 36.234174 ] } },
{ "type": "Feature", "properties": { "内容": "松本神林デイサービス【地域密着型通所介護】長野県松本市神林5096-1", "url": "https://www.kaigokensaku.mhlw.go.jp/20/index.php?action_kouhyou_detail_004_kani=true&JigyosyoCd=2090200607-00&ServiceCd=780&Type=search", "url2": "https://kanaya-group.jp/service/" }, "geometry": { "type": "Point", "coordinates": [ 137.9295706, 36.1802388 ] } },
{ "type": "Feature", "properties": { "内容": "リハビリデイサービスぽっかぽか芳川【地域密着型通所介護】長野県松本市小屋南1-14-2", "url": "https://www.kaigokensaku.mhlw.go.jp/20/index.php?action_kouhyou_detail_004_kani=true&JigyosyoCd=2070203001-00&ServiceCd=780&Type=search", "url2": "http://www.reha-pokkapoka.com/" }, "geometry": { "type": "Point", "coordinates": [ 137.957493200000044, 36.1821532 ] } },
{ "type": "Feature", "properties": { "内容": "リハビリデイサービスぽっかぽか南浅間【地域密着型通所介護】長野県松本市南浅間506－3", "url": "https://www.kaigokensaku.mhlw.go.jp/20/index.php?action_kouhyou_detail_004_kani=true&JigyosyoCd=2070203043-00&ServiceCd=780&Type=search", "url2": "http://www.daishin-japan.jp" }, "geometry": { "type": "Point", "coordinates": [ 137.983809899999983, 36.254878 ] } },
{ "type": "Feature", "properties": { "内容": "リハビリデイサービスぽっかぽか島内【地域密着型通所介護】長野県松本市島内4578-1コンチェルト１F", "url": "https://www.kaigokensaku.mhlw.go.jp/20/index.php?action_kouhyou_detail_004_kani=true&JigyosyoCd=2070203365-00&ServiceCd=780&Type=search", "url2": "http://www.reha-pokkapoka.com/" }, "geometry": { "type": "Point", "coordinates": [ 137.945719599999961, 36.2468886 ] } },
{ "type": "Feature", "properties": { "内容": "小規模デイサービス　結いの家【地域密着型通所介護】長野県松本市笹部2丁目６番６０－５号", "url": "https://www.kaigokensaku.mhlw.go.jp/20/index.php?action_kouhyou_detail_004_kani=true&JigyosyoCd=2070201112-00&ServiceCd=780&Type=search", "url2": "http://yuinomati.org/sasabe/index.html" }, "geometry": { "type": "Point", "coordinates": [ 137.952148200000011, 36.21431 ] } },
{ "type": "Feature", "properties": { "内容": "デイサービスセンターカモミールハウス島立【地域密着型通所介護】長野県松本市大字島立3129", "url": "https://www.kaigokensaku.mhlw.go.jp/20/index.php?action_kouhyou_detail_004_kani=true&JigyosyoCd=2090200334-00&ServiceCd=780&Type=search", "url2": "www.camomile-house.com" }, "geometry": { "type": "Point", "coordinates": [ 137.93723209999996, 36.2231416 ] } },
{ "type": "Feature", "properties": { "内容": "相澤デイサービス「結」本庄【地域密着型通所介護】長野県松本市本庄2丁目10番21号サービス付き高齢者向け住宅「結」本庄　１Ｆ", "url": "https://www.kaigokensaku.mhlw.go.jp/20/index.php?action_kouhyou_detail_004_kani=true&JigyosyoCd=2070202854-00&ServiceCd=780&Type=search", "url2": null }, "geometry": { "type": "Point", "coordinates": [ 137.975134199999957, 36.2277674 ] } },
{ "type": "Feature", "properties": { "内容": "幸の家　神林【地域密着型通所介護】長野県松本市大字神林　3830番地4", "url": "https://www.kaigokensaku.mhlw.go.jp/20/index.php?action_kouhyou_detail_004_kani=true&JigyosyoCd=2070203589-00&ServiceCd=780&Type=search", "url2": null }, "geometry": { "type": "Point", "coordinates": [ 137.9362135, 36.1977063 ] } },
{ "type": "Feature", "properties": { "内容": "ふくろうの家【地域密着型通所介護】長野県松本市横田4-27-19", "url": "https://www.kaigokensaku.mhlw.go.jp/20/index.php?action_kouhyou_detail_004_kani=true&JigyosyoCd=2070202870-00&ServiceCd=780&Type=search", "url2": "http://www.fukurou-home.jp" }, "geometry": { "type": "Point", "coordinates": [ 137.988498596805073, 36.248123036109277 ] } },
{ "type": "Feature", "properties": { "内容": "特定非営利活動法人峠茶屋【地域密着型通所介護】長野県松本市刈谷原町531-1", "url": "https://www.kaigokensaku.mhlw.go.jp/20/index.php?action_kouhyou_detail_004_kani=true&JigyosyoCd=2070201476-00&ServiceCd=780&Type=search", "url2": "http://www.touge.or.jp" }, "geometry": { "type": "Point", "coordinates": [ 137.991871330719022, 36.317332015599391 ] } },
{ "type": "Feature", "properties": { "内容": "デイサービス　ハルニレの杜【地域密着型通所介護】長野県松本市島立3541-4", "url": "https://www.kaigokensaku.mhlw.go.jp/20/index.php?action_kouhyou_detail_004_kani=true&JigyosyoCd=2090200458-00&ServiceCd=780&Type=search", "url2": null }, "geometry": { "type": "Point", "coordinates": [ 137.9457289, 36.2212801 ] } },
{ "type": "Feature", "properties": { "内容": "爽快デイサービス【地域密着型通所介護】長野県松本市中山３７１０番地", "url": "https://www.kaigokensaku.mhlw.go.jp/20/index.php?action_kouhyou_detail_004_kani=true&JigyosyoCd=2070203027-00&ServiceCd=780&Type=search", "url2": "www.npoacross.or.jp" }, "geometry": { "type": "Point", "coordinates": [ 138.0021329, 36.1942725 ] } },
{ "type": "Feature", "properties": { "内容": "こころとからだの健康回復センター　デイサービス優ケア村井【地域密着型通所介護】長野県松本市村井町南4-2-7", "url": "https://www.kaigokensaku.mhlw.go.jp/20/index.php?action_kouhyou_detail_004_kani=true&JigyosyoCd=2070202722-00&ServiceCd=780&Type=search", "url2": "https://u-care.fun" }, "geometry": { "type": "Point", "coordinates": [ 137.962474500000013, 36.1742097 ] } },
{ "type": "Feature", "properties": { "内容": "運動・体操デイサービス柏木【地域密着型通所介護】長野県松本市小屋南一丁目43番7号", "url": "https://www.kaigokensaku.mhlw.go.jp/20/index.php?action_kouhyou_detail_004_kani=true&JigyosyoCd=2070202177-00&ServiceCd=780&Type=search", "url2": "paradigm-shift1031.com" }, "geometry": { "type": "Point", "coordinates": [ 137.9534255, 36.1753558 ] } },
{ "type": "Feature", "properties": { "内容": "ほほ笑みホーム福田【地域密着型通所介護】長野県上田市福田50－3", "url": "https://www.kaigokensaku.mhlw.go.jp/20/index.php?action_kouhyou_detail_004_kani=true&JigyosyoCd=2070301599-00&ServiceCd=780&Type=search", "url2": "http://hohoemikaigo.com" }, "geometry": { "type": "Point", "coordinates": [ 138.201907399999982, 36.3874959 ] } },
{ "type": "Feature", "properties": { "内容": "やまがデイサービス【地域密着型通所介護】長野県上田市大字古里135-1", "url": "https://www.kaigokensaku.mhlw.go.jp/20/index.php?action_kouhyou_detail_004_kani=true&JigyosyoCd=2070301706-00&ServiceCd=780&Type=search", "url2": "https://yamaga-day.wixsite.com/site" }, "geometry": { "type": "Point", "coordinates": [ 138.286805100000038, 36.3992369 ] } },
{ "type": "Feature", "properties": { "内容": "デイサービスセンターはるかぜ【地域密着型通所介護】長野県上田市小島227-1", "url": "https://www.kaigokensaku.mhlw.go.jp/20/index.php?action_kouhyou_detail_004_kani=true&JigyosyoCd=2090300373-00&ServiceCd=780&Type=search", "url2": null }, "geometry": { "type": "Point", "coordinates": [ 138.207758296681277, 36.372250203286647 ] } },
{ "type": "Feature", "properties": { "内容": "オーダーメイド　デイリハ　おひさま【地域密着型通所介護】長野県上田市住吉３１１－６", "url": "https://www.kaigokensaku.mhlw.go.jp/20/index.php?action_kouhyou_detail_004_kani=true&JigyosyoCd=2070301508-00&ServiceCd=780&Type=search", "url2": "http://www.archms.com/ohisama.html" }, "geometry": { "type": "Point", "coordinates": [ 138.27879710000002, 36.4069387 ] } },
{ "type": "Feature", "properties": { "内容": "コープながの福祉センター　宅老所こーぷの家国分【地域密着型通所介護】長野県上田市国分813-2", "url": "https://www.kaigokensaku.mhlw.go.jp/20/index.php?action_kouhyou_detail_004_kani=true&JigyosyoCd=2070301680-00&ServiceCd=780&Type=search", "url2": "http://nagano.coopnet.jp/" }, "geometry": { "type": "Point", "coordinates": [ 138.269965899999988, 36.3834857 ] } },
{ "type": "Feature", "properties": { "内容": "コープながの福祉センター　宅老所こーぷの家保野【地域密着型通所介護】長野県上田市保野398", "url": "https://www.kaigokensaku.mhlw.go.jp/20/index.php?action_kouhyou_detail_004_kani=true&JigyosyoCd=2070301771-00&ServiceCd=780&Type=search", "url2": null }, "geometry": { "type": "Point", "coordinates": [ 138.269965899999988, 36.3834857 ] } },
{ "type": "Feature", "properties": { "内容": "リハビリ特化型デイサービス　わら福【地域密着型通所介護】長野県上田市常田3-2-25グランピアトーワ1B", "url": "https://www.kaigokensaku.mhlw.go.jp/20/index.php?action_kouhyou_detail_004_kani=true&JigyosyoCd=2070301870-00&ServiceCd=780&Type=search", "url2": null }, "geometry": { "type": "Point", "coordinates": [ 138.2615492, 36.3969731 ] } },
{ "type": "Feature", "properties": { "内容": "宅老所腰越庵【地域密着型通所介護】長野県上田市腰越１５８７－５", "url": "https://www.kaigokensaku.mhlw.go.jp/20/index.php?action_kouhyou_detail_004_kani=true&JigyosyoCd=2072200666-00&ServiceCd=780&Type=search", "url2": null }, "geometry": { "type": "Point", "coordinates": [ 138.266766100000041, 36.3163331 ] } },
{ "type": "Feature", "properties": { "内容": "アースサポート上田【地域密着型通所介護】長野県上田市常盤城5丁目1番26号", "url": "https://www.kaigokensaku.mhlw.go.jp/20/index.php?action_kouhyou_detail_004_kani=true&JigyosyoCd=2090300423-00&ServiceCd=780&Type=search", "url2": "http://www.earthsupport.co.jp" }, "geometry": { "type": "Point", "coordinates": [ 138.242022099999986, 36.4106939 ] } },
{ "type": "Feature", "properties": { "内容": "デイサービス古里【地域密着型通所介護】長野県上田市古里914番地6", "url": "https://www.kaigokensaku.mhlw.go.jp/20/index.php?action_kouhyou_detail_004_kani=true&JigyosyoCd=2070301227-00&ServiceCd=780&Type=search", "url2": "http://www.fb-kaigo.co.jp/service/daycare.php" }, "geometry": { "type": "Point", "coordinates": [ 138.283289200000013, 36.392246 ] } },
{ "type": "Feature", "properties": { "内容": "ハッピーデイサービス【地域密着型通所介護】長野県上田市材木町2-14-63", "url": "https://www.kaigokensaku.mhlw.go.jp/20/index.php?action_kouhyou_detail_004_kani=true&JigyosyoCd=2070301805-00&ServiceCd=780&Type=search", "url2": "naka@archms.com" }, "geometry": { "type": "Point", "coordinates": [ 138.269843886308308, 36.39368746576389 ] } },
{ "type": "Feature", "properties": { "内容": "宅幼老所のどか【地域密着型通所介護】長野県上田市上田原６５６－２４", "url": "https://www.kaigokensaku.mhlw.go.jp/20/index.php?action_kouhyou_detail_004_kani=true&JigyosyoCd=2070300682-00&ServiceCd=780&Type=search", "url2": null }, "geometry": { "type": "Point", "coordinates": [ 138.218615219743356, 36.394241157338165 ] } },
{ "type": "Feature", "properties": { "内容": "諏訪形デイサービスセンター【地域密着型通所介護】長野県上田市諏訪形1694-4", "url": "https://www.kaigokensaku.mhlw.go.jp/20/index.php?action_kouhyou_detail_004_kani=true&JigyosyoCd=2090300530-00&ServiceCd=780&Type=search", "url2": "http://carehouse-sakudaira.com/" }, "geometry": { "type": "Point", "coordinates": [ 138.241571, 36.384399 ] } },
{ "type": "Feature", "properties": { "内容": "元気倶楽部まゆ【地域密着型通所介護】長野県上田市上塩尻　393-1", "url": "https://www.kaigokensaku.mhlw.go.jp/20/index.php?action_kouhyou_detail_004_kani=true&JigyosyoCd=2070301219-00&ServiceCd=780&Type=search", "url2": "https://www.toshin-iryou.com/" }, "geometry": { "type": "Point", "coordinates": [ 138.221547998980668, 36.414906274315982 ] } },
{ "type": "Feature", "properties": { "内容": "デイサービスSora【地域密着型通所介護】長野県上田市中央二丁目12-12", "url": "https://www.kaigokensaku.mhlw.go.jp/20/index.php?action_kouhyou_detail_004_kani=true&JigyosyoCd=2090300464-00&ServiceCd=780&Type=search", "url2": "https://day-service-sora.com" }, "geometry": { "type": "Point", "coordinates": [ 139.775272099999938, 35.6800533 ] } },
{ "type": "Feature", "properties": { "内容": "株式会社　デルトラウム　健康道場さくら【地域密着型通所介護】長野県上田市材木町２丁目１２番１", "url": "https://www.kaigokensaku.mhlw.go.jp/20/index.php?action_kouhyou_detail_004_kani=true&JigyosyoCd=2070300963-00&ServiceCd=780&Type=search", "url2": "http://www.dertraum-care.net/" }, "geometry": { "type": "Point", "coordinates": [ 138.266473899999937, 36.3943484 ] } },
{ "type": "Feature", "properties": { "内容": "はつらつ俱楽部　しろがね【地域密着型通所介護】長野県上田市仁古田357-1", "url": "https://www.kaigokensaku.mhlw.go.jp/20/index.php?action_kouhyou_detail_004_kani=true&JigyosyoCd=2090300670-00&ServiceCd=780&Type=search", "url2": "https://www.toshin-iryou.com/" }, "geometry": { "type": "Point", "coordinates": [ 138.172925099999986, 36.3790303 ] } },
{ "type": "Feature", "properties": { "内容": "ふれあいデイサービスうらら【地域密着型通所介護】長野県上田市神畑乙７５－３M－２２KANAZAWA", "url": "https://www.kaigokensaku.mhlw.go.jp/20/index.php?action_kouhyou_detail_004_kani=true&JigyosyoCd=2070301359-00&ServiceCd=780&Type=search", "url2": "http://www.lifturara.com" }, "geometry": { "type": "Point", "coordinates": [ 138.217712399999982, 36.3771526 ] } },
{ "type": "Feature", "properties": { "内容": "たくろうじょおおら【地域密着型通所介護】長野県上田市古里167-2", "url": "https://www.kaigokensaku.mhlw.go.jp/20/index.php?action_kouhyou_detail_004_kani=true&JigyosyoCd=2070301615-00&ServiceCd=780&Type=search", "url2": "http://nakaobi.jp" }, "geometry": { "type": "Point", "coordinates": [ 138.290032500000052, 36.4017116 ] } },
{ "type": "Feature", "properties": { "内容": "あさがお上田【地域密着型通所介護】長野県上田市下之条636-1", "url": "https://www.kaigokensaku.mhlw.go.jp/20/index.php?action_kouhyou_detail_004_kani=true&JigyosyoCd=2070301946-00&ServiceCd=780&Type=search", "url2": null }, "geometry": { "type": "Point", "coordinates": [ 138.219546199999968, 36.4029308 ] } },
{ "type": "Feature", "properties": { "内容": "宅老所遊子舎【地域密着型通所介護】長野県上田市武石沖２５０", "url": "https://www.kaigokensaku.mhlw.go.jp/20/index.php?action_kouhyou_detail_004_kani=true&JigyosyoCd=2090300365-00&ServiceCd=780&Type=search", "url2": "https://lifecare-shinsuy.com/" }, "geometry": { "type": "Point", "coordinates": [ 138.25203190000002, 36.2959798 ] } },
{ "type": "Feature", "properties": { "内容": "寄り合い処ふらっと腰越【地域密着型通所介護】長野県上田市腰越1527-1", "url": "https://www.kaigokensaku.mhlw.go.jp/20/index.php?action_kouhyou_detail_004_kani=true&JigyosyoCd=2090300605-00&ServiceCd=780&Type=search", "url2": "http://www.fb-kaigo.co.jp/" }, "geometry": { "type": "Point", "coordinates": [ 138.2640931, 36.314183 ] } },
{ "type": "Feature", "properties": { "内容": "リハビリテーション颯　うえだ【地域密着型通所介護】長野県上田市小島268-4", "url": "https://www.kaigokensaku.mhlw.go.jp/20/index.php?action_kouhyou_detail_004_kani=true&JigyosyoCd=2090300548-00&ServiceCd=780&Type=search", "url2": null }, "geometry": { "type": "Point", "coordinates": [ 138.208891200000011, 36.3766131 ] } },
{ "type": "Feature", "properties": { "内容": "アトリエウララ【地域密着型通所介護】長野県上田市神畑乙105番地1", "url": "https://www.kaigokensaku.mhlw.go.jp/20/index.php?action_kouhyou_detail_004_kani=true&JigyosyoCd=2090300662-00&ServiceCd=780&Type=search", "url2": "http://lifturara.sakura.ne.jp/index.html" }, "geometry": { "type": "Point", "coordinates": [ 138.217245100000014, 36.3772451 ] } },
{ "type": "Feature", "properties": { "内容": "宅老所あっといーず上田【地域密着型通所介護】長野県上田市常磐城６－１－２０", "url": "https://www.kaigokensaku.mhlw.go.jp/20/index.php?action_kouhyou_detail_004_kani=true&JigyosyoCd=2070300518-00&ServiceCd=780&Type=search", "url2": "www.at-ease-care.com" }, "geometry": { "type": "Point", "coordinates": [ 138.239719299999933, 36.4144601 ] } },
{ "type": "Feature", "properties": { "内容": "あすか苑デイサービスセンター【地域密着型通所介護】長野県上田市前山３９７番地８", "url": "https://www.kaigokensaku.mhlw.go.jp/20/index.php?action_kouhyou_detail_004_kani=true&JigyosyoCd=2070301284-00&ServiceCd=780&Type=search", "url2": "http://www.e-asukaen.com" }, "geometry": { "type": "Point", "coordinates": [ 138.19596839999997, 36.3460223 ] } },
{ "type": "Feature", "properties": { "内容": "上田デイサービスセンター　みどり【地域密着型通所介護】長野県上田市材木町2丁目４-19", "url": "https://www.kaigokensaku.mhlw.go.jp/20/index.php?action_kouhyou_detail_004_kani=true&JigyosyoCd=2090300340-00&ServiceCd=780&Type=search", "url2": null }, "geometry": { "type": "Point", "coordinates": [ 138.273204299999946, 36.406795 ] } },
{ "type": "Feature", "properties": { "内容": "リハビリテーションらく【地域密着型通所介護】長野県上田市常磐城4-13-17", "url": "https://www.kaigokensaku.mhlw.go.jp/20/index.php?action_kouhyou_detail_004_kani=true&JigyosyoCd=2090300647-00&ServiceCd=780&Type=search", "url2": null }, "geometry": { "type": "Point", "coordinates": [ 138.237956200000013, 36.4123613 ] } },
{ "type": "Feature", "properties": { "内容": "特定非営利活動法人めだかの学校【地域密着型通所介護】長野県岡谷市天竜町二丁目３番２０号", "url": "https://www.kaigokensaku.mhlw.go.jp/20/index.php?action_kouhyou_detail_004_kani=true&JigyosyoCd=2070400383-00&ServiceCd=780&Type=search", "url2": null }, "geometry": { "type": "Point", "coordinates": [ 138.047117699999944, 36.055499 ] } },
{ "type": "Feature", "properties": { "内容": "リハビリスタジオなないろ【地域密着型通所介護】長野県岡谷市長地小萩2-8-28", "url": "https://www.kaigokensaku.mhlw.go.jp/20/index.php?action_kouhyou_detail_004_kani=true&JigyosyoCd=2090400264-00&ServiceCd=780&Type=search", "url2": null }, "geometry": { "type": "Point", "coordinates": [ 138.0594896, 36.0846717 ] } },
{ "type": "Feature", "properties": { "内容": "ホープ　岡谷【地域密着型通所介護】長野県岡谷市山下町二丁目13-10特定非営利活動法人　ホープ", "url": "https://www.kaigokensaku.mhlw.go.jp/20/index.php?action_kouhyou_detail_004_kani=true&JigyosyoCd=2070400680-00&ServiceCd=780&Type=search", "url2": "http://www.hope-okaya.com" }, "geometry": { "type": "Point", "coordinates": [ 138.043412100000069, 36.06825280000001 ] } },
{ "type": "Feature", "properties": { "内容": "リハビリデイサービスいずみ橋原【地域密着型通所介護】長野県岡谷市川岸東2-7-25", "url": "https://www.kaigokensaku.mhlw.go.jp/20/index.php?action_kouhyou_detail_004_kani=true&JigyosyoCd=2070400540-00&ServiceCd=780&Type=search", "url2": null }, "geometry": { "type": "Point", "coordinates": [ 138.0298778, 36.0468333 ] } },
{ "type": "Feature", "properties": { "内容": "私をデイに連れてって【地域密着型通所介護】長野県岡谷市湊五丁目９番１号みなとスクエア", "url": "https://www.kaigokensaku.mhlw.go.jp/20/index.php?action_kouhyou_detail_004_kani=true&JigyosyoCd=2090400116-00&ServiceCd=780&Type=search", "url2": "area-star.jp" }, "geometry": { "type": "Point", "coordinates": [ 138.074646601436143, 36.031630873012169 ] } },
{ "type": "Feature", "properties": { "内容": "宅老所　たんぽぽの家　長地出早【地域密着型通所介護】長野県岡谷市長地出早1-15-24", "url": "https://www.kaigokensaku.mhlw.go.jp/20/index.php?action_kouhyou_detail_004_kani=true&JigyosyoCd=2090400215-00&ServiceCd=780&Type=search", "url2": null }, "geometry": { "type": "Point", "coordinates": [ 138.053633600000012, 36.0866117 ] } },
{ "type": "Feature", "properties": { "内容": "パセオおかや【地域密着型通所介護】長野県岡谷市赤羽３丁目２番１５号", "url": "https://www.kaigokensaku.mhlw.go.jp/20/index.php?action_kouhyou_detail_004_kani=true&JigyosyoCd=2070400599-00&ServiceCd=780&Type=search", "url2": null }, "geometry": { "type": "Point", "coordinates": [ 138.051305500000012, 36.0792517 ] } },
{ "type": "Feature", "properties": { "内容": "ひかりサロンwagaya【地域密着型通所介護】長野県岡谷市中央町1-11-1イルフプラザ2F", "url": "https://www.kaigokensaku.mhlw.go.jp/20/index.php?action_kouhyou_detail_004_kani=true&JigyosyoCd=2090400199-00&ServiceCd=780&Type=search", "url2": "https://wagaya.co.jp/" }, "geometry": { "type": "Point", "coordinates": [ 138.048, 36.0598 ] } },
{ "type": "Feature", "properties": { "内容": "在宅介護てまり【地域密着型通所介護】長野県岡谷市神明町１－２－２", "url": "https://www.kaigokensaku.mhlw.go.jp/20/index.php?action_kouhyou_detail_004_kani=true&JigyosyoCd=2070400292-00&ServiceCd=780&Type=search", "url2": null }, "geometry": { "type": "Point", "coordinates": [ 138.043495300000018, 36.071994 ] } },
{ "type": "Feature", "properties": { "内容": "デイサービスセンター由楽里ハウス【地域密着型通所介護】長野県岡谷市御倉町2-21由楽里ハウス", "url": "https://www.kaigokensaku.mhlw.go.jp/20/index.php?action_kouhyou_detail_004_kani=true&JigyosyoCd=2090400223-00&ServiceCd=780&Type=search", "url2": null }, "geometry": { "type": "Point", "coordinates": [ 138.041779800000029, 36.056847599999983 ] } },
{ "type": "Feature", "properties": { "内容": "リハビリデイサービスwagaya岡谷店【地域密着型通所介護】長野県岡谷市若宮1-7-35", "url": "https://www.kaigokensaku.mhlw.go.jp/20/index.php?action_kouhyou_detail_004_kani=true&JigyosyoCd=2070400649-00&ServiceCd=780&Type=search", "url2": "http://www.my-nagomi.com" }, "geometry": { "type": "Point", "coordinates": [ 138.061091199999964, 36.0625846 ] } },
{ "type": "Feature", "properties": { "内容": "デイサービスセンター　なごやか岡谷【地域密着型通所介護】長野県岡谷市神明町1丁目4番10号", "url": "https://www.kaigokensaku.mhlw.go.jp/20/index.php?action_kouhyou_detail_004_kani=true&JigyosyoCd=2070400607-00&ServiceCd=780&Type=search", "url2": "https://kanaya-group.jp" }, "geometry": { "type": "Point", "coordinates": [ 138.04417544956118, 36.0744877598366 ] } },
{ "type": "Feature", "properties": { "内容": "ほがら家　南宮【地域密着型通所介護】岡谷市南宮１－５－１６", "url": "https://www.kaigokensaku.mhlw.go.jp/20/index.php?action_kouhyou_detail_004_kani=true&JigyosyoCd=2070400573-00&ServiceCd=780&Type=search", "url2": null }, "geometry": { "type": "Point", "coordinates": [ 138.064126900000019, 36.0666453 ] } },
{ "type": "Feature", "properties": { "内容": "ブルーム花の木【地域密着型通所介護】長野県飯田市丸山町１－８－２", "url": "https://www.kaigokensaku.mhlw.go.jp/20/index.php?action_kouhyou_detail_004_kani=true&JigyosyoCd=2090500378-00&ServiceCd=780&Type=search", "url2": null }, "geometry": { "type": "Point", "coordinates": [ 137.815474200000011, 35.5226352 ] } },
{ "type": "Feature", "properties": { "内容": "デイサービスセンターおてだま【地域密着型通所介護】長野県飯田市松尾新井5838-7", "url": "https://www.kaigokensaku.mhlw.go.jp/20/index.php?action_kouhyou_detail_004_kani=true&JigyosyoCd=2090500345-00&ServiceCd=780&Type=search", "url2": null }, "geometry": { "type": "Point", "coordinates": [ 137.854913399999987, 35.5003311 ] } },
{ "type": "Feature", "properties": { "内容": "観生庵【地域密着型通所介護】長野県飯田市松尾明5194ー5", "url": "https://www.kaigokensaku.mhlw.go.jp/20/index.php?action_kouhyou_detail_004_kani=true&JigyosyoCd=2090500469-00&ServiceCd=780&Type=search", "url2": null }, "geometry": { "type": "Point", "coordinates": [ 137.84778750000001, 35.4956438 ] } },
{ "type": "Feature", "properties": { "内容": "宅幼老所しろいわ【地域密着型通所介護】長野県飯田市南信濃八重河内３０２－３２", "url": "https://www.kaigokensaku.mhlw.go.jp/20/index.php?action_kouhyou_detail_004_kani=true&JigyosyoCd=2090500303-00&ServiceCd=780&Type=search", "url2": "https://kaigo-yorozu.com/about/" }, "geometry": { "type": "Point", "coordinates": [ 137.927615022090151, 35.311771795800446 ] } },
{ "type": "Feature", "properties": { "内容": "飯田市千代デイサービスセンター【地域密着型通所介護】長野県飯田市千栄2678-7", "url": "https://www.kaigokensaku.mhlw.go.jp/20/index.php?action_kouhyou_detail_004_kani=true&JigyosyoCd=2070501651-00&ServiceCd=780&Type=search", "url2": "http://www.mis.janis.or.jp/~chiyo932/" }, "geometry": { "type": "Point", "coordinates": [ 137.847001699999964, 35.4208286 ] } },
{ "type": "Feature", "properties": { "内容": "飯田市かなえデイサービスセンター【地域密着型通所介護】長野県飯田市鼎一色５５１番地", "url": "https://www.kaigokensaku.mhlw.go.jp/20/index.php?action_kouhyou_detail_004_kani=true&JigyosyoCd=2090500410-00&ServiceCd=780&Type=search", "url2": "kayagakikai.or.jp" }, "geometry": { "type": "Point", "coordinates": [ 137.8188577, 35.502123 ] } },
{ "type": "Feature", "properties": { "内容": "デイサービス　あんじゃない【地域密着型通所介護】長野県飯田市山本3120-1", "url": "https://www.kaigokensaku.mhlw.go.jp/20/index.php?action_kouhyou_detail_004_kani=true&JigyosyoCd=2070501990-00&ServiceCd=780&Type=search", "url2": null }, "geometry": { "type": "Point", "coordinates": [ 137.758814, 35.473779 ] } },
{ "type": "Feature", "properties": { "内容": "もとまちデイ【地域密着型通所介護】長野県飯田市元町５４５０番地６", "url": "https://www.kaigokensaku.mhlw.go.jp/20/index.php?action_kouhyou_detail_004_kani=true&JigyosyoCd=2090500402-00&ServiceCd=780&Type=search", "url2": "https://motomachiday.wixsite.com/index" }, "geometry": { "type": "Point", "coordinates": [ 137.8199261, 35.5180741 ] } },
{ "type": "Feature", "properties": { "内容": "レッツ倶楽部　桜町【地域密着型通所介護】長野県飯田市桜町２－４７－１", "url": "https://www.kaigokensaku.mhlw.go.jp/20/index.php?action_kouhyou_detail_004_kani=true&JigyosyoCd=2070501925-00&ServiceCd=780&Type=search", "url2": "http://www.lets-club.jp/shop/sakuramachi/" }, "geometry": { "type": "Point", "coordinates": [ 137.829164157672153, 35.520639903203218 ] } },
{ "type": "Feature", "properties": { "内容": "デイサービス　ピュアスマイル飯田【地域密着型通所介護】長野県飯田市山本581-2", "url": "https://www.kaigokensaku.mhlw.go.jp/20/index.php?action_kouhyou_detail_004_kani=true&JigyosyoCd=2090500279-00&ServiceCd=780&Type=search", "url2": "http://www.pure-sml.jp/" }, "geometry": { "type": "Point", "coordinates": [ 137.753893100000028, 35.4792435 ] } },
{ "type": "Feature", "properties": { "内容": "デイサービス大瀬木の杜【地域密着型通所介護】長野県飯田市大瀬木647番地1", "url": "https://www.kaigokensaku.mhlw.go.jp/20/index.php?action_kouhyou_detail_004_kani=true&JigyosyoCd=2070501776-00&ServiceCd=780&Type=search", "url2": "http://kafune.jp/ooseginomori/" }, "geometry": { "type": "Point", "coordinates": [ 137.79150451009528, 35.497356856913164 ] } },
{ "type": "Feature", "properties": { "内容": "宅老所ひだまり【地域密着型通所介護】長野県飯田市駄科1046-3", "url": "https://www.kaigokensaku.mhlw.go.jp/20/index.php?action_kouhyou_detail_004_kani=true&JigyosyoCd=2070501412-00&ServiceCd=780&Type=search", "url2": "takurousyo.h@ion.ocn.ne.jp" }, "geometry": { "type": "Point", "coordinates": [ 137.835227900000064, 35.4752606 ] } },
{ "type": "Feature", "properties": { "内容": "三穂宅老所さろんまめだに【地域密着型通所介護】長野県飯田市伊豆木３８４１－１", "url": "https://www.kaigokensaku.mhlw.go.jp/20/index.php?action_kouhyou_detail_004_kani=true&JigyosyoCd=2070501800-00&ServiceCd=780&Type=search", "url2": null }, "geometry": { "type": "Point", "coordinates": [ 137.794814299999985, 35.4439078 ] } },
{ "type": "Feature", "properties": { "内容": "かやの木診療所【地域密着型通所介護】長野県飯田市中村76-1", "url": "https://www.kaigokensaku.mhlw.go.jp/20/index.php?action_kouhyou_detail_004_kani=true&JigyosyoCd=2090500311-00&ServiceCd=780&Type=search", "url2": null }, "geometry": { "type": "Point", "coordinates": [ 137.7856089, 35.4891482 ] } },
{ "type": "Feature", "properties": { "内容": "オレンジ【地域密着型通所介護】長野県飯田市松尾寺所6984番地1", "url": "https://www.kaigokensaku.mhlw.go.jp/20/index.php?action_kouhyou_detail_004_kani=true&JigyosyoCd=2070501917-00&ServiceCd=780&Type=search", "url2": "http://wak-wak.net/" }, "geometry": { "type": "Point", "coordinates": [ 137.856269339109105, 35.495668708906514 ] } },
{ "type": "Feature", "properties": { "内容": "でいさーびすせんたーしき【地域密着型通所介護】長野県飯田市松尾代田910－1", "url": "https://www.kaigokensaku.mhlw.go.jp/20/index.php?action_kouhyou_detail_004_kani=true&JigyosyoCd=2090500428-00&ServiceCd=780&Type=search", "url2": null }, "geometry": { "type": "Point", "coordinates": [ 137.8281819, 35.4912693 ] } },
{ "type": "Feature", "properties": { "内容": "下山デイサービスセンターゆったりホーム【地域密着型通所介護】長野県飯田市鼎下山６８５番地", "url": "https://www.kaigokensaku.mhlw.go.jp/20/index.php?action_kouhyou_detail_004_kani=true&JigyosyoCd=2070500950-00&ServiceCd=780&Type=search", "url2": "http://www.sekiguchi-fukushi.com" }, "geometry": { "type": "Point", "coordinates": [ 137.834501400000022, 35.5067374 ] } },
{ "type": "Feature", "properties": { "内容": "宅老所　おおせぎ別家【地域密着型通所介護】長野県飯田市大瀬木4463-1番地", "url": "https://www.kaigokensaku.mhlw.go.jp/20/index.php?action_kouhyou_detail_004_kani=true&JigyosyoCd=2070501768-00&ServiceCd=780&Type=search", "url2": "http://oinanyo.iida-city.com" }, "geometry": { "type": "Point", "coordinates": [ 137.792468089042387, 35.494304082177671 ] } },
{ "type": "Feature", "properties": { "内容": "はなまるデイ【地域密着型通所介護】長野県飯田市丸山町1-8-2", "url": "https://www.kaigokensaku.mhlw.go.jp/20/index.php?action_kouhyou_detail_004_kani=true&JigyosyoCd=2090500501-00&ServiceCd=780&Type=search", "url2": "https://hanamarugrow.wixsite.com/hanamaru" }, "geometry": { "type": "Point", "coordinates": [ 137.815453600000012, 35.5226403 ] } },
{ "type": "Feature", "properties": { "内容": "切石デイサービスセンターやわら機能訓練ホーム【地域密着型通所介護】長野県飯田市鼎切石４３５７－２", "url": "https://www.kaigokensaku.mhlw.go.jp/20/index.php?action_kouhyou_detail_004_kani=true&JigyosyoCd=2070501321-00&ServiceCd=780&Type=search", "url2": "http://www.sekiguchi-fukushi.co.jp" }, "geometry": { "type": "Point", "coordinates": [ 137.808206700000028, 35.5107643 ] } },
{ "type": "Feature", "properties": { "内容": "わか葉【地域密着型通所介護】長野県飯田市松尾寺所7041番地", "url": "https://www.kaigokensaku.mhlw.go.jp/20/index.php?action_kouhyou_detail_004_kani=true&JigyosyoCd=2070501446-00&ServiceCd=780&Type=search", "url2": "http://wak-wak.net/" }, "geometry": { "type": "Point", "coordinates": [ 137.855968152778587, 35.495838506590239 ] } },
{ "type": "Feature", "properties": { "内容": "宅老所かけはし【地域密着型通所介護】長野県飯田市上郷黒田２７６３－１", "url": "https://www.kaigokensaku.mhlw.go.jp/20/index.php?action_kouhyou_detail_004_kani=true&JigyosyoCd=2070500729-00&ServiceCd=780&Type=search", "url2": "https://g-kakehasi.jp/" }, "geometry": { "type": "Point", "coordinates": [ 137.834902599999964, 35.5327648 ] } },
{ "type": "Feature", "properties": { "内容": "デイサービスセンターおよりて【地域密着型通所介護】長野県飯田市龍江7159-1", "url": "https://www.kaigokensaku.mhlw.go.jp/20/index.php?action_kouhyou_detail_004_kani=true&JigyosyoCd=2070501503-00&ServiceCd=780&Type=search", "url2": "http://yuinosato-nagano.or.jp/" }, "geometry": { "type": "Point", "coordinates": [ 137.821267401295131, 35.44212607730195 ] } },
{ "type": "Feature", "properties": { "内容": "暮らしのデイサービスりんごみち【地域密着型通所介護】長野県飯田市鼎上山2696-2", "url": "https://www.kaigokensaku.mhlw.go.jp/20/index.php?action_kouhyou_detail_004_kani=true&JigyosyoCd=2090500493-00&ServiceCd=780&Type=search", "url2": null }, "geometry": { "type": "Point", "coordinates": [ 137.8201421, 35.5042483 ] } },
{ "type": "Feature", "properties": { "内容": "川路宅老所さろんあやめ【地域密着型通所介護】長野県飯田市川路2682", "url": "https://www.kaigokensaku.mhlw.go.jp/20/index.php?action_kouhyou_detail_004_kani=true&JigyosyoCd=2070500976-00&ServiceCd=780&Type=search", "url2": null }, "geometry": { "type": "Point", "coordinates": [ 137.812312, 35.4514463 ] } },
{ "type": "Feature", "properties": { "内容": "デイサービスわくわく【地域密着型通所介護】長野県飯田市桐林２０６番地", "url": "https://www.kaigokensaku.mhlw.go.jp/20/index.php?action_kouhyou_detail_004_kani=true&JigyosyoCd=2070501040-00&ServiceCd=780&Type=search", "url2": "http://w1.avis.ne.jp/~waku2/" }, "geometry": { "type": "Point", "coordinates": [ 137.825368300000036, 35.4675002 ] } },
{ "type": "Feature", "properties": { "内容": "リハプライド　飯田【地域密着型通所介護】長野県飯田市松尾代田1859-12", "url": "https://www.kaigokensaku.mhlw.go.jp/20/index.php?action_kouhyou_detail_004_kani=true&JigyosyoCd=2070502113-00&ServiceCd=780&Type=search", "url2": "https://www.rehapride.co.jp/iida/profile/" }, "geometry": { "type": "Point", "coordinates": [ 137.831617100000017, 35.493376300000016 ] } },
{ "type": "Feature", "properties": { "内容": "なの花【地域密着型通所介護】長野県飯田市羽場町2丁目13番地16", "url": "https://www.kaigokensaku.mhlw.go.jp/20/index.php?action_kouhyou_detail_004_kani=true&JigyosyoCd=2070501818-00&ServiceCd=780&Type=search", "url2": null }, "geometry": { "type": "Point", "coordinates": [ 137.80877905007253, 35.518529699277124 ] } },
{ "type": "Feature", "properties": { "内容": "共生ホームひなたぼっこ【地域密着型通所介護】長野県飯田市鼎名古熊1711", "url": "https://www.kaigokensaku.mhlw.go.jp/20/index.php?action_kouhyou_detail_004_kani=true&JigyosyoCd=2070501883-00&ServiceCd=780&Type=search", "url2": null }, "geometry": { "type": "Point", "coordinates": [ 137.827016800000024, 35.4914196 ] } },
{ "type": "Feature", "properties": { "内容": "宅幼老所あやとり【地域密着型通所介護】長野県諏訪市小和田９番6号", "url": "https://www.kaigokensaku.mhlw.go.jp/20/index.php?action_kouhyou_detail_004_kani=true&JigyosyoCd=2070600248-00&ServiceCd=780&Type=search", "url2": null }, "geometry": { "type": "Point", "coordinates": [ 138.1185951, 36.0401222 ] } },
{ "type": "Feature", "properties": { "内容": "通所介護事業所こころ高島【地域密着型通所介護】長野県諏訪市高島三丁目1300番1号", "url": "https://www.kaigokensaku.mhlw.go.jp/20/index.php?action_kouhyou_detail_004_kani=true&JigyosyoCd=2070600495-00&ServiceCd=780&Type=search", "url2": "http://www.kokoro5560.or.jp" }, "geometry": { "type": "Point", "coordinates": [ 138.109109799999942, 36.0395249 ] } },
{ "type": "Feature", "properties": { "内容": "リハビリデイサービスいずみ【地域密着型通所介護】長野県諏訪市上川1-1544", "url": "https://www.kaigokensaku.mhlw.go.jp/20/index.php?action_kouhyou_detail_004_kani=true&JigyosyoCd=2070600412-00&ServiceCd=780&Type=search", "url2": "http://izumigrups.com" }, "geometry": { "type": "Point", "coordinates": [ 138.108307299999979, 36.0353004 ] } },
{ "type": "Feature", "properties": { "内容": "パワーリハビリかいき諏訪【地域密着型通所介護】長野県諏訪市四賀122-1", "url": "https://www.kaigokensaku.mhlw.go.jp/20/index.php?action_kouhyou_detail_004_kani=true&JigyosyoCd=2090600236-00&ServiceCd=780&Type=search", "url2": "https://kaiki.jp/" }, "geometry": { "type": "Point", "coordinates": [ 138.1267612, 36.0288514 ] } },
{ "type": "Feature", "properties": { "内容": "かりんの里デイサービスセンターきずな【地域密着型通所介護】長野県諏訪市高島1-1-11", "url": "https://www.kaigokensaku.mhlw.go.jp/20/index.php?action_kouhyou_detail_004_kani=true&JigyosyoCd=2070600255-00&ServiceCd=780&Type=search", "url2": "http://suwafukushi.com/005_tsuusho/005_komo_01_gaiyou.html" }, "geometry": { "type": "Point", "coordinates": [ 138.1105953, 36.0419152 ] } },
{ "type": "Feature", "properties": { "内容": "アストレ城南【地域密着型通所介護】長野県諏訪市高島一丁目１７－６", "url": "https://www.kaigokensaku.mhlw.go.jp/20/index.php?action_kouhyou_detail_004_kani=true&JigyosyoCd=2070600842-00&ServiceCd=780&Type=search", "url2": "http://suwacity-shakyo.com/asutore.html" }, "geometry": { "type": "Point", "coordinates": [ 138.111551299999974, 36.0368892 ] } },
{ "type": "Feature", "properties": { "内容": "かりんの里デイサービスセンターあおぞら【地域密着型通所介護】長野県諏訪市四賀桑原８６１", "url": "https://www.kaigokensaku.mhlw.go.jp/20/index.php?action_kouhyou_detail_004_kani=true&JigyosyoCd=2070600263-00&ServiceCd=780&Type=search", "url2": "http://suwafukushi.com/005_tsuusho/005_ao_01_gaiyou.html" }, "geometry": { "type": "Point", "coordinates": [ 138.139088899999933, 36.0222567 ] } },
{ "type": "Feature", "properties": { "内容": "かりんの里デイサービスセンターうららか【地域密着型通所介護】長野県諏訪市中州下金子3838-4", "url": "https://www.kaigokensaku.mhlw.go.jp/20/index.php?action_kouhyou_detail_004_kani=true&JigyosyoCd=2090600210-00&ServiceCd=780&Type=search", "url2": "https://suwafukushi.com/" }, "geometry": { "type": "Point", "coordinates": [ 138.115516, 36.013453 ] } },
{ "type": "Feature", "properties": { "内容": "パセオとよだ【地域密着型通所介護】長野県諏訪市豊田３０４０－１", "url": "https://www.kaigokensaku.mhlw.go.jp/20/index.php?action_kouhyou_detail_004_kani=true&JigyosyoCd=2090600129-00&ServiceCd=780&Type=search", "url2": null }, "geometry": { "type": "Point", "coordinates": [ 138.0819907, 36.0262952 ] } },
{ "type": "Feature", "properties": { "内容": "合同会社元気作りジムおれんじ【地域密着型通所介護】長野県諏訪市豊田2009番地", "url": "https://www.kaigokensaku.mhlw.go.jp/20/index.php?action_kouhyou_detail_004_kani=true&JigyosyoCd=2090600251-00&ServiceCd=780&Type=search", "url2": "https://www.orange-genkidukuri.com/" }, "geometry": { "type": "Point", "coordinates": [ 138.096631839359077, 36.021688585182403 ] } },
{ "type": "Feature", "properties": { "内容": "デイサービス湖岸通り【地域密着型通所介護】長野県諏訪市湖岸通り2-305-1", "url": "https://www.kaigokensaku.mhlw.go.jp/20/index.php?action_kouhyou_detail_004_kani=true&JigyosyoCd=2090600160-00&ServiceCd=780&Type=search", "url2": "https://kanaya-group.jp/" }, "geometry": { "type": "Point", "coordinates": [ 138.11404790000006, 36.0530397 ] } },
{ "type": "Feature", "properties": { "内容": "ハビリス【地域密着型通所介護】長野県須坂市大字須坂164-1クラージュすざか105", "url": "https://www.kaigokensaku.mhlw.go.jp/20/index.php?action_kouhyou_detail_004_kani=true&JigyosyoCd=2090700101-00&ServiceCd=780&Type=search", "url2": null }, "geometry": { "type": "Point", "coordinates": [ 138.3134397, 36.6542865 ] } },
{ "type": "Feature", "properties": { "内容": "デイサービスセンター陽だまり【地域密着型通所介護】長野県須坂市大字小河原3339-1", "url": "https://www.kaigokensaku.mhlw.go.jp/20/index.php?action_kouhyou_detail_004_kani=true&JigyosyoCd=2070700568-00&ServiceCd=780&Type=search", "url2": null }, "geometry": { "type": "Point", "coordinates": [ 138.317213046003332, 36.679702516538775 ] } },
{ "type": "Feature", "properties": { "内容": "特定非営利活動法人宅老所赤とんぼ【地域密着型通所介護】長野県須坂市大字小河原１８９６番地8", "url": "https://www.kaigokensaku.mhlw.go.jp/20/index.php?action_kouhyou_detail_004_kani=true&JigyosyoCd=2070700295-00&ServiceCd=780&Type=search", "url2": null }, "geometry": { "type": "Point", "coordinates": [ 138.3163015, 36.6771362 ] } },
{ "type": "Feature", "properties": { "内容": "宅老所たつまち【地域密着型通所介護】長野県須坂市大字須坂1525－3", "url": "https://www.kaigokensaku.mhlw.go.jp/20/index.php?action_kouhyou_detail_004_kani=true&JigyosyoCd=2070700428-00&ServiceCd=780&Type=search", "url2": null }, "geometry": { "type": "Point", "coordinates": [ 138.308036099999981, 36.650878 ] } },
{ "type": "Feature", "properties": { "内容": "パウル会　療養デイサービスすざか【地域密着型通所介護】大字須坂1641-3", "url": "https://www.kaigokensaku.mhlw.go.jp/20/index.php?action_kouhyou_detail_004_kani=true&JigyosyoCd=2090700135-00&ServiceCd=780&Type=search", "url2": "https://www.newlife.or.jp/powell.kai/" }, "geometry": { "type": "Point", "coordinates": [ 138.304997213915755, 36.654940826468334 ] } },
{ "type": "Feature", "properties": { "内容": "宅老所たのし家【地域密着型通所介護】長野県須坂市大字野辺６６番地１１", "url": "https://www.kaigokensaku.mhlw.go.jp/20/index.php?action_kouhyou_detail_004_kani=true&JigyosyoCd=2070700311-00&ServiceCd=780&Type=search", "url2": "tanotano@sko.janis.or.jp" }, "geometry": { "type": "Point", "coordinates": [ 138.29476550000004, 36.6343185 ] } },
{ "type": "Feature", "properties": { "内容": "宅老所　さかたの家【地域密着型通所介護】長野県須坂市大字坂田103", "url": "https://www.kaigokensaku.mhlw.go.jp/20/index.php?action_kouhyou_detail_004_kani=true&JigyosyoCd=2070700535-00&ServiceCd=780&Type=search", "url2": null }, "geometry": { "type": "Point", "coordinates": [ 138.322809399999983, 36.6435515 ] } },
{ "type": "Feature", "properties": { "内容": "なずな豊丘【地域密着型通所介護】長野県須坂市大字豊丘町２７５５", "url": "https://www.kaigokensaku.mhlw.go.jp/20/index.php?action_kouhyou_detail_004_kani=true&JigyosyoCd=2070700501-00&ServiceCd=780&Type=search", "url2": "nazuna727.jp" }, "geometry": { "type": "Point", "coordinates": [ 138.343916400000012, 36.6370967 ] } },
{ "type": "Feature", "properties": { "内容": "デイサービス桜花【地域密着型通所介護】長野県小諸市八満６８番１", "url": "https://www.kaigokensaku.mhlw.go.jp/20/index.php?action_kouhyou_detail_004_kani=true&JigyosyoCd=2070800566-00&ServiceCd=780&Type=search", "url2": "http://www.fb-kaigo.co.jp/service/daycare.php" }, "geometry": { "type": "Point", "coordinates": [ 138.454973, 36.3215512 ] } },
{ "type": "Feature", "properties": { "内容": "宅幼老所いずみ【地域密着型通所介護】長野県小諸市諸２４５-２宅幼老所いずみ", "url": "https://www.kaigokensaku.mhlw.go.jp/20/index.php?action_kouhyou_detail_004_kani=true&JigyosyoCd=2070800574-00&ServiceCd=780&Type=search", "url2": "http://www.yanagibashi.or.jp/page18.html" }, "geometry": { "type": "Point", "coordinates": [ 138.417560055819649, 36.341141342201567 ] } },
{ "type": "Feature", "properties": { "内容": "さんえいコモンズ小諸【地域密着型通所介護】長野県小諸市大字市字藤塚337-1", "url": "https://www.kaigokensaku.mhlw.go.jp/20/index.php?action_kouhyou_detail_004_kani=true&JigyosyoCd=2070800749-00&ServiceCd=780&Type=search", "url2": "http://www.carehouse-sakudaira.com/" }, "geometry": { "type": "Point", "coordinates": [ 138.460811, 36.3338194 ] } },
{ "type": "Feature", "properties": { "内容": "寄り合い処　ふらっとこもろ【地域密着型通所介護】長野県小諸市御幸町1-10-6", "url": "https://www.kaigokensaku.mhlw.go.jp/20/index.php?action_kouhyou_detail_004_kani=true&JigyosyoCd=2070800715-00&ServiceCd=780&Type=search", "url2": "http://www.fb-kaigo.co.jp" }, "geometry": { "type": "Point", "coordinates": [ 138.434395783011581, 36.316910483422149 ] } },
{ "type": "Feature", "properties": { "内容": "通所介護事業所愛灯園【地域密着型通所介護】長野県小諸市己字高峯143番地1", "url": "https://www.kaigokensaku.mhlw.go.jp/20/index.php?action_kouhyou_detail_004_kani=true&JigyosyoCd=2070800137-00&ServiceCd=780&Type=search", "url2": "http://www.aitouen.org/" }, "geometry": { "type": "Point", "coordinates": [ 138.452752771858286, 36.34571055844053 ] } },
{ "type": "Feature", "properties": { "内容": "宅幼老所あんだんて【地域密着型通所介護】長野県小諸市相生町3-1-7", "url": "https://www.kaigokensaku.mhlw.go.jp/20/index.php?action_kouhyou_detail_004_kani=true&JigyosyoCd=2070800400-00&ServiceCd=780&Type=search", "url2": null }, "geometry": { "type": "Point", "coordinates": [ 138.425463499999978, 36.3284662 ] } },
{ "type": "Feature", "properties": { "内容": "宅幼老所きらきら福地【地域密着型通所介護】長野県伊那市富県7658番地1宅幼老所きらきら福地", "url": "https://www.kaigokensaku.mhlw.go.jp/20/index.php?action_kouhyou_detail_004_kani=true&JigyosyoCd=2070900648-00&ServiceCd=780&Type=search", "url2": "https://www.kirakiraf.com/" }, "geometry": { "type": "Point", "coordinates": [ 137.993313299999954, 35.8065484 ] } },
{ "type": "Feature", "properties": { "内容": "宅幼老所ＳＡＬＡ【地域密着型通所介護】長野県伊那市高遠町下山田727", "url": "https://www.kaigokensaku.mhlw.go.jp/20/index.php?action_kouhyou_detail_004_kani=true&JigyosyoCd=2072400852-00&ServiceCd=780&Type=search", "url2": "https://www.npo-sala.com/" }, "geometry": { "type": "Point", "coordinates": [ 138.0391869, 35.8264886 ] } },
{ "type": "Feature", "properties": { "内容": "ふれ愛センター伊那北【地域密着型通所介護】長野県伊那市御園1407-1", "url": "https://www.kaigokensaku.mhlw.go.jp/20/index.php?action_kouhyou_detail_004_kani=true&JigyosyoCd=2070900200-00&ServiceCd=780&Type=search", "url2": null }, "geometry": { "type": "Point", "coordinates": [ 137.960114827478037, 35.853546218970003 ] } },
{ "type": "Feature", "properties": { "内容": "宅幼老所　おらほ【地域密着型通所介護】長野県伊那市東春近960番地", "url": "https://www.kaigokensaku.mhlw.go.jp/20/index.php?action_kouhyou_detail_004_kani=true&JigyosyoCd=2070900192-00&ServiceCd=780&Type=search", "url2": "https://www.day-oraho.info/" }, "geometry": { "type": "Point", "coordinates": [ 137.957277866226377, 35.813170188835791 ] } },
{ "type": "Feature", "properties": { "内容": "長谷デイサービスセンターやすらぎ【地域密着型通所介護】長野県伊那市長谷非持５４３－３", "url": "https://www.kaigokensaku.mhlw.go.jp/20/index.php?action_kouhyou_detail_004_kani=true&JigyosyoCd=2090900198-00&ServiceCd=780&Type=search", "url2": "https://ina-shakyo.jp/" }, "geometry": { "type": "Point", "coordinates": [ 138.081681300000014, 35.8086918 ] } },
{ "type": "Feature", "properties": { "内容": "宅老所たんぽぽ【地域密着型通所介護】長野県伊那市東春近7734-2", "url": "https://www.kaigokensaku.mhlw.go.jp/20/index.php?action_kouhyou_detail_004_kani=true&JigyosyoCd=2070900440-00&ServiceCd=780&Type=search", "url2": "tanpopo-iina.com" }, "geometry": { "type": "Point", "coordinates": [ 137.974228700000026, 35.8142914 ] } },
{ "type": "Feature", "properties": { "内容": "宅幼老所たんぽぽみすず【地域密着型通所介護】長野県伊那市美篶9201-3", "url": "https://www.kaigokensaku.mhlw.go.jp/20/index.php?action_kouhyou_detail_004_kani=true&JigyosyoCd=2070900531-00&ServiceCd=780&Type=search", "url2": "http://tanpopo-iina.com/" }, "geometry": { "type": "Point", "coordinates": [ 137.9933938, 35.8351631 ] } },
{ "type": "Feature", "properties": { "内容": "ふれ愛センターつどい【地域密着型通所介護】長野県伊那市御園2318", "url": "https://www.kaigokensaku.mhlw.go.jp/20/index.php?action_kouhyou_detail_004_kani=true&JigyosyoCd=2090900222-00&ServiceCd=780&Type=search", "url2": null }, "geometry": { "type": "Point", "coordinates": [ 137.959615526705875, 35.853460049625795 ] } },
{ "type": "Feature", "properties": { "内容": "元気リハ　デイサービス【地域密着型通所介護】長野県伊那市美篶下川手9632元気リハデイサービス", "url": "https://www.kaigokensaku.mhlw.go.jp/20/index.php?action_kouhyou_detail_004_kani=true&JigyosyoCd=2090900214-00&ServiceCd=780&Type=search", "url2": null }, "geometry": { "type": "Point", "coordinates": [ 137.989487700000041, 35.8371938 ] } },
{ "type": "Feature", "properties": { "内容": "宅幼老所やよい【地域密着型通所介護】長野県伊那市西町５７４１番地１２", "url": "https://www.kaigokensaku.mhlw.go.jp/20/index.php?action_kouhyou_detail_004_kani=true&JigyosyoCd=2070900564-00&ServiceCd=780&Type=search", "url2": null }, "geometry": { "type": "Point", "coordinates": [ 137.94967740000007, 35.838832300000014 ] } },
{ "type": "Feature", "properties": { "内容": "宅老所花うた【地域密着型通所介護】長野県伊那市西春近3308-3", "url": "https://www.kaigokensaku.mhlw.go.jp/20/index.php?action_kouhyou_detail_004_kani=true&JigyosyoCd=2090900180-00&ServiceCd=780&Type=search", "url2": "http://gururi-hanauta.com/" }, "geometry": { "type": "Point", "coordinates": [ 137.924069300000042, 35.8159065 ] } },
{ "type": "Feature", "properties": { "内容": "生協宅幼老所みなみ【地域密着型通所介護】長野県伊那市長谷溝口423", "url": "https://www.kaigokensaku.mhlw.go.jp/20/index.php?action_kouhyou_detail_004_kani=true&JigyosyoCd=2070900762-00&ServiceCd=780&Type=search", "url2": null }, "geometry": { "type": "Point", "coordinates": [ 138.0858121, 35.795685 ] } },
{ "type": "Feature", "properties": { "内容": "伊那市デイサービスセンターくつろぎの家【地域密着型通所介護】長野県伊那市高遠町長藤１８４１", "url": "https://www.kaigokensaku.mhlw.go.jp/20/index.php?action_kouhyou_detail_004_kani=true&JigyosyoCd=2090900206-00&ServiceCd=780&Type=search", "url2": null }, "geometry": { "type": "Point", "coordinates": [ 138.0883847, 35.8609581 ] } },
{ "type": "Feature", "properties": { "内容": "きどころ宅幼老所【地域密着型通所介護】長野県駒ヶ根市北町31番地4号", "url": "https://www.kaigokensaku.mhlw.go.jp/20/index.php?action_kouhyou_detail_004_kani=true&JigyosyoCd=2071000174-00&ServiceCd=780&Type=search", "url2": null }, "geometry": { "type": "Point", "coordinates": [ 137.939102538600679, 35.744246666613101 ] } },
{ "type": "Feature", "properties": { "内容": "サポートハウスぽぷり【地域密着型通所介護】長野県駒ヶ根市赤穂２４-５４", "url": "https://www.kaigokensaku.mhlw.go.jp/20/index.php?action_kouhyou_detail_004_kani=true&JigyosyoCd=2071000257-00&ServiceCd=780&Type=search", "url2": "http://www.lnag.jp/popuri.html" }, "geometry": { "type": "Point", "coordinates": [ 137.902309899999977, 35.7336959 ] } },
{ "type": "Feature", "properties": { "内容": "サポートハウス悠々【地域密着型通所介護】長野県駒ヶ根市飯坂1-17-12", "url": "https://www.kaigokensaku.mhlw.go.jp/20/index.php?action_kouhyou_detail_004_kani=true&JigyosyoCd=2091000089-00&ServiceCd=780&Type=search", "url2": null }, "geometry": { "type": "Point", "coordinates": [ 137.944182399999988, 35.7389199 ] } },
{ "type": "Feature", "properties": { "内容": "こまネット梨の木【地域密着型通所介護】長野県駒ヶ根市梨の木5-34", "url": "https://www.kaigokensaku.mhlw.go.jp/20/index.php?action_kouhyou_detail_004_kani=true&JigyosyoCd=2071000182-00&ServiceCd=780&Type=search", "url2": "http://www001.upp.so-net.ne.jp" }, "geometry": { "type": "Point", "coordinates": [ 137.94235070000002, 35.7329111 ] } },
{ "type": "Feature", "properties": { "内容": "宅老所こまネット東伊那【地域密着型通所介護】長野県駒ヶ根市東伊那2395-1", "url": "https://www.kaigokensaku.mhlw.go.jp/20/index.php?action_kouhyou_detail_004_kani=true&JigyosyoCd=2071000372-00&ServiceCd=780&Type=search", "url2": "http://www001.upp.so-net.ne.jp" }, "geometry": { "type": "Point", "coordinates": [ 137.978452699999906, 35.752146 ] } },
{ "type": "Feature", "properties": { "内容": "駒ヶ根市デイサービスセンター大原こだま園【地域密着型通所介護】長野県駒ヶ根市赤穂１４番地３６４駒ヶ根市デイサービスセンター大原こだま園", "url": "https://www.kaigokensaku.mhlw.go.jp/20/index.php?action_kouhyou_detail_004_kani=true&JigyosyoCd=2071000091-00&ServiceCd=780&Type=search", "url2": "http//www.kmshakyo.server-shared.com/" }, "geometry": { "type": "Point", "coordinates": [ 137.927247200000011, 35.708836 ] } },
{ "type": "Feature", "properties": { "内容": "宅幼老所こころ【地域密着型通所介護】長野県駒ヶ根市中澤２４６４番地", "url": "https://www.kaigokensaku.mhlw.go.jp/20/index.php?action_kouhyou_detail_004_kani=true&JigyosyoCd=2071000216-00&ServiceCd=780&Type=search", "url2": null }, "geometry": { "type": "Point", "coordinates": [ 137.9839594, 35.7255377 ] } },
{ "type": "Feature", "properties": { "内容": "宅幼老所アルプスの郷いすず【地域密着型通所介護】長野県駒ヶ根市赤穂2789番地", "url": "https://www.kaigokensaku.mhlw.go.jp/20/index.php?action_kouhyou_detail_004_kani=true&JigyosyoCd=2071000232-00&ServiceCd=780&Type=search", "url2": "http://www.cek.ne.jp/~project2789/" }, "geometry": { "type": "Point", "coordinates": [ 137.92141909999998, 35.7370622 ] } },
{ "type": "Feature", "properties": { "内容": "花の道デイサービスセンター【地域密着型通所介護】長野県駒ヶ根市赤穂１６６２１番地５", "url": "https://www.kaigokensaku.mhlw.go.jp/20/index.php?action_kouhyou_detail_004_kani=true&JigyosyoCd=2071000380-00&ServiceCd=780&Type=search", "url2": "https://www.hanamichi-clinic.com/" }, "geometry": { "type": "Point", "coordinates": [ 137.915620699999977, 35.706374900000014 ] } },
{ "type": "Feature", "properties": { "内容": "伊南訪問看護ステーション【地域密着型通所介護】長野県駒ヶ根市赤穂３２１３番地1", "url": "https://www.kaigokensaku.mhlw.go.jp/20/index.php?action_kouhyou_detail_004_kani=true&JigyosyoCd=2091000097-00&ServiceCd=780&Type=search", "url2": "https://inanfukushi.or.jp" }, "geometry": { "type": "Point", "coordinates": [ 137.91952550000002, 35.7353971 ] } },
{ "type": "Feature", "properties": { "内容": "宅老所あんきな日【地域密着型通所介護】長野県中野市中野1872-7", "url": "https://www.kaigokensaku.mhlw.go.jp/20/index.php?action_kouhyou_detail_004_kani=true&JigyosyoCd=2071100842-00&ServiceCd=780&Type=search", "url2": "https://anki.amebaownd.com/" }, "geometry": { "type": "Point", "coordinates": [ 138.373944800000032, 36.7513436 ] } },
{ "type": "Feature", "properties": { "内容": "デイサービス暖暖【地域密着型通所介護】長野県中野市岩船４３８－１３", "url": "https://www.kaigokensaku.mhlw.go.jp/20/index.php?action_kouhyou_detail_004_kani=true&JigyosyoCd=2071100545-00&ServiceCd=780&Type=search", "url2": null }, "geometry": { "type": "Point", "coordinates": [ 138.362914530688499, 36.744338875852478 ] } },
{ "type": "Feature", "properties": { "内容": "よりあい処　こっちのたむろ【地域密着型通所介護】長野県中野市大字三ツ和594-1", "url": "https://www.kaigokensaku.mhlw.go.jp/20/index.php?action_kouhyou_detail_004_kani=true&JigyosyoCd=2091100145-00&ServiceCd=780&Type=search", "url2": null }, "geometry": { "type": "Point", "coordinates": [ 138.33915920000004, 36.719007200000014 ] } },
{ "type": "Feature", "properties": { "内容": "宅老所ぽぽんた【地域密着型通所介護】長野県中野市新野５９-１", "url": "https://www.kaigokensaku.mhlw.go.jp/20/index.php?action_kouhyou_detail_004_kani=true&JigyosyoCd=2071100271-00&ServiceCd=780&Type=search", "url2": null }, "geometry": { "type": "Point", "coordinates": [ 138.371397900000034, 36.7213797 ] } },
{ "type": "Feature", "properties": { "内容": "宅老所縁が和【地域密着型通所介護】長野県中野市新野５９-４", "url": "https://www.kaigokensaku.mhlw.go.jp/20/index.php?action_kouhyou_detail_004_kani=true&JigyosyoCd=2071100453-00&ServiceCd=780&Type=search", "url2": null }, "geometry": { "type": "Point", "coordinates": [ 138.371247899999958, 36.7214714 ] } },
{ "type": "Feature", "properties": { "内容": "デイサービスセンターえにし【地域密着型通所介護】長野県中野市大字新井361-1", "url": "https://www.kaigokensaku.mhlw.go.jp/20/index.php?action_kouhyou_detail_004_kani=true&JigyosyoCd=2071100420-00&ServiceCd=780&Type=search", "url2": "http://www.enishi-web.com" }, "geometry": { "type": "Point", "coordinates": [ 138.36468949999994, 36.7608503 ] } },
{ "type": "Feature", "properties": { "内容": "しなの元気処よっとくらい【地域密着型通所介護】長野県中野市片塩419-1", "url": "https://www.kaigokensaku.mhlw.go.jp/20/index.php?action_kouhyou_detail_004_kani=true&JigyosyoCd=2091100111-00&ServiceCd=780&Type=search", "url2": "http://hp.kaipoke.biz/tb9/" }, "geometry": { "type": "Point", "coordinates": [ 138.3390229, 36.7402492 ] } },
{ "type": "Feature", "properties": { "内容": "長野県大町市八坂　1128番地【地域密着型通所介護】長野県大町市八坂　1128番地", "url": "https://www.kaigokensaku.mhlw.go.jp/20/index.php?action_kouhyou_detail_004_kani=true&JigyosyoCd=2091200101-00&ServiceCd=780&Type=search", "url2": "http://www.omachishakyo.org//kaigo/daycenter/27-2011-02-28-03-12-19.html" }, "geometry": { "type": "Point", "coordinates": [ 137.911927600000013, 36.4993093 ] } },
{ "type": "Feature", "properties": { "内容": "大町協立デイサービスセンター【地域密着型通所介護】長野県大町市大町6989番地7", "url": "https://www.kaigokensaku.mhlw.go.jp/20/index.php?action_kouhyou_detail_004_kani=true&JigyosyoCd=2071200410-00&ServiceCd=780&Type=search", "url2": null }, "geometry": { "type": "Point", "coordinates": [ 137.8527193, 36.4931969 ] } },
{ "type": "Feature", "properties": { "内容": "大町協立デイサービスらいちょう【地域密着型通所介護】長野県大町市大町６９８９－７", "url": "https://www.kaigokensaku.mhlw.go.jp/20/index.php?action_kouhyou_detail_004_kani=true&JigyosyoCd=2091200085-00&ServiceCd=780&Type=search", "url2": null }, "geometry": { "type": "Point", "coordinates": [ 137.852629, 36.4931961 ] } },
{ "type": "Feature", "properties": { "内容": "宅幼老所悠悠館【地域密着型通所介護】長野県大町市大町１２７７－５", "url": "https://www.kaigokensaku.mhlw.go.jp/20/index.php?action_kouhyou_detail_004_kani=true&JigyosyoCd=2071200360-00&ServiceCd=780&Type=search", "url2": null }, "geometry": { "type": "Point", "coordinates": [ 137.860040700000013, 36.5117889 ] } },
{ "type": "Feature", "properties": { "内容": "ぽれぽれ野の花【地域密着型通所介護】長野県大町市大町1698番地7", "url": "https://www.kaigokensaku.mhlw.go.jp/20/index.php?action_kouhyou_detail_004_kani=true&JigyosyoCd=2071200253-00&ServiceCd=780&Type=search", "url2": "http://www.porepore.info/" }, "geometry": { "type": "Point", "coordinates": [ 137.8579436, 36.5212264 ] } },
{ "type": "Feature", "properties": { "内容": "ぽれぽれ道草【地域密着型通所介護】長野県大町市大町1600番地20", "url": "https://www.kaigokensaku.mhlw.go.jp/20/index.php?action_kouhyou_detail_004_kani=true&JigyosyoCd=2071200428-00&ServiceCd=780&Type=search", "url2": "http://www.porepore.info/" }, "geometry": { "type": "Point", "coordinates": [ 137.85573260000001, 36.5174186 ] } },
{ "type": "Feature", "properties": { "内容": "びすたりライフデイサービスセンター【地域密着型通所介護】長野県大町市平８０００番地５４７", "url": "https://www.kaigokensaku.mhlw.go.jp/20/index.php?action_kouhyou_detail_004_kani=true&JigyosyoCd=2071200352-00&ServiceCd=780&Type=search", "url2": "https://bistari-life.jimdofree.com/" }, "geometry": { "type": "Point", "coordinates": [ 137.831464899999986, 36.5261749 ] } },
{ "type": "Feature", "properties": { "内容": "リハビリ特化型通所介護Lifewell【地域密着型通所介護】長野県飯山市南町25番地１太洋ビル1階", "url": "https://www.kaigokensaku.mhlw.go.jp/20/index.php?action_kouhyou_detail_004_kani=true&JigyosyoCd=2091300059-00&ServiceCd=780&Type=search", "url2": null }, "geometry": { "type": "Point", "coordinates": [ 138.360879100000034, 36.8500056 ] } },
{ "type": "Feature", "properties": { "内容": "飯山市社協デイサービスセンター外様【地域密着型通所介護】長野県飯山市大字緑1051番地5", "url": "https://www.kaigokensaku.mhlw.go.jp/20/index.php?action_kouhyou_detail_004_kani=true&JigyosyoCd=2071300384-00&ServiceCd=780&Type=search", "url2": null }, "geometry": { "type": "Point", "coordinates": [ 138.358936, 36.895949 ] } },
{ "type": "Feature", "properties": { "内容": "宅幼老所ゆりかご【地域密着型通所介護】長野県飯山市大字静間２９００-２", "url": "https://www.kaigokensaku.mhlw.go.jp/20/index.php?action_kouhyou_detail_004_kani=true&JigyosyoCd=2071300228-00&ServiceCd=780&Type=search", "url2": "http://www.yuri-kago.co.jp" }, "geometry": { "type": "Point", "coordinates": [ 138.3472954, 36.824428 ] } },
{ "type": "Feature", "properties": { "内容": "宅幼老所しらかば【地域密着型通所介護】長野県茅野市北山3419-10", "url": "https://www.kaigokensaku.mhlw.go.jp/20/index.php?action_kouhyou_detail_004_kani=true&JigyosyoCd=2091400099-00&ServiceCd=780&Type=search", "url2": null }, "geometry": { "type": "Point", "coordinates": [ 138.23928965396729, 36.103717011129255 ] } },
{ "type": "Feature", "properties": { "内容": "デイサービスセンター白駒の森【地域密着型通所介護】長野県茅野市ちの3000-1", "url": "https://www.kaigokensaku.mhlw.go.jp/20/index.php?action_kouhyou_detail_004_kani=true&JigyosyoCd=2071400481-00&ServiceCd=780&Type=search", "url2": "http://www.lcv.ne.jp/~komakusa/index.html" }, "geometry": { "type": "Point", "coordinates": [ 138.151455, 35.9921235 ] } },
{ "type": "Feature", "properties": { "内容": "パワーリハビリかいき茅野【地域密着型通所介護】長野県茅野市玉川4617", "url": "https://www.kaigokensaku.mhlw.go.jp/20/index.php?action_kouhyou_detail_004_kani=true&JigyosyoCd=2091400164-00&ServiceCd=780&Type=search", "url2": "https://kaiki.jp/" }, "geometry": { "type": "Point", "coordinates": [ 138.171753621165465, 35.990447236686563 ] } },
{ "type": "Feature", "properties": { "内容": "デイサービス茶の間【地域密着型通所介護】長野県茅野市米沢4133-2", "url": "https://www.kaigokensaku.mhlw.go.jp/20/index.php?action_kouhyou_detail_004_kani=true&JigyosyoCd=2091400123-00&ServiceCd=780&Type=search", "url2": "https://www.kaigo-yonezawa.com" }, "geometry": { "type": "Point", "coordinates": [ 138.184862964417988, 36.031105347230245 ] } },
{ "type": "Feature", "properties": { "内容": "ゆうもあ【地域密着型通所介護】長野県茅野市塚原二丁目１番１号", "url": "https://www.kaigokensaku.mhlw.go.jp/20/index.php?action_kouhyou_detail_004_kani=true&JigyosyoCd=2071400846-00&ServiceCd=780&Type=search", "url2": "http://www.care-concier.co.jp" }, "geometry": { "type": "Point", "coordinates": [ 138.155636788360653, 35.994491640208643 ] } },
{ "type": "Feature", "properties": { "内容": "デイサービスゆるり【地域密着型通所介護】長野県茅野市ちの3502-1ベルビア西１階", "url": "https://www.kaigokensaku.mhlw.go.jp/20/index.php?action_kouhyou_detail_004_kani=true&JigyosyoCd=2071400853-00&ServiceCd=780&Type=search", "url2": "http://ds-yururi.com/" }, "geometry": { "type": "Point", "coordinates": [ 138.151546606537636, 35.993717051706597 ] } },
{ "type": "Feature", "properties": { "内容": "宅老所みみずく玉川【地域密着型通所介護】長野県茅野市玉川３２５５－１", "url": "https://www.kaigokensaku.mhlw.go.jp/20/index.php?action_kouhyou_detail_004_kani=true&JigyosyoCd=2071400879-00&ServiceCd=780&Type=search", "url2": null }, "geometry": { "type": "Point", "coordinates": [ 138.189568152331532, 35.991940874932055 ] } },
{ "type": "Feature", "properties": { "内容": "和デイサービス【地域密着型通所介護】長野県茅野市城山5-15", "url": "https://www.kaigokensaku.mhlw.go.jp/20/index.php?action_kouhyou_detail_004_kani=true&JigyosyoCd=2091400149-00&ServiceCd=780&Type=search", "url2": null }, "geometry": { "type": "Point", "coordinates": [ 138.1697524, 36.0036841 ] } },
{ "type": "Feature", "properties": { "内容": "マンボほほえみ【地域密着型通所介護】塩尻市広丘吉田６２２－３", "url": "https://www.kaigokensaku.mhlw.go.jp/20/index.php?action_kouhyou_detail_004_kani=true&JigyosyoCd=2071500769-00&ServiceCd=780&Type=search", "url2": null }, "geometry": { "type": "Point", "coordinates": [ 137.9519358, 36.1650718 ] } },
{ "type": "Feature", "properties": { "内容": "さくら苑【地域密着型通所介護】長野県塩尻市広丘高出1892-2", "url": "https://www.kaigokensaku.mhlw.go.jp/20/index.php?action_kouhyou_detail_004_kani=true&JigyosyoCd=2071500447-00&ServiceCd=780&Type=search", "url2": null }, "geometry": { "type": "Point", "coordinates": [ 137.963474799999972, 36.1326066 ] } },
{ "type": "Feature", "properties": { "内容": "カイフクデイサービス塩尻【地域密着型通所介護】長野県塩尻市大門幸町5-201階", "url": "https://www.kaigokensaku.mhlw.go.jp/20/index.php?action_kouhyou_detail_004_kani=true&JigyosyoCd=2091500153-00&ServiceCd=780&Type=search", "url2": "https://kaifuku-day.com/" }, "geometry": { "type": "Point", "coordinates": [ 137.9569876, 36.1177815 ] } },
{ "type": "Feature", "properties": { "内容": "リハビリデイサービスぽっかぽか塩尻【地域密着型通所介護】長野県塩尻市大門七番町8－12", "url": "https://www.kaigokensaku.mhlw.go.jp/20/index.php?action_kouhyou_detail_004_kani=true&JigyosyoCd=2071500900-00&ServiceCd=780&Type=search", "url2": "http://www.reha-pokkapoka.com/index.html" }, "geometry": { "type": "Point", "coordinates": [ 137.952540699999986, 36.1158639 ] } },
{ "type": "Feature", "properties": { "内容": "カイフクデイサービスなるかみ【地域密着型通所介護】長野県塩尻市大字宗賀1641-2", "url": "https://www.kaigokensaku.mhlw.go.jp/20/index.php?action_kouhyou_detail_004_kani=true&JigyosyoCd=2091500203-00&ServiceCd=780&Type=search", "url2": "https://kaifuku-day.com/" }, "geometry": { "type": "Point", "coordinates": [ 137.9356742, 36.0995558 ] } },
{ "type": "Feature", "properties": { "内容": "リハビリデイサービスえんじょい塩尻店【地域密着型通所介護】長野県塩尻市大字広丘野村2054番地6", "url": "https://www.kaigokensaku.mhlw.go.jp/20/index.php?action_kouhyou_detail_004_kani=true&JigyosyoCd=2091500229-00&ServiceCd=780&Type=search", "url2": "https://www.enrei.or.jp" }, "geometry": { "type": "Point", "coordinates": [ 137.9522366, 36.1507149 ] } },
{ "type": "Feature", "properties": { "内容": "猿久保デイサービスセンター【地域密着型通所介護】長野県佐久市猿久保４７０番地８", "url": "https://www.kaigokensaku.mhlw.go.jp/20/index.php?action_kouhyou_detail_004_kani=true&JigyosyoCd=2071701045-00&ServiceCd=780&Type=search", "url2": null }, "geometry": { "type": "Point", "coordinates": [ 138.4747582, 36.2598311 ] } },
{ "type": "Feature", "properties": { "内容": "宅幼老所いちわ【地域密着型通所介護】長野県佐久市臼田２１７７－１", "url": "https://www.kaigokensaku.mhlw.go.jp/20/index.php?action_kouhyou_detail_004_kani=true&JigyosyoCd=2091700209-00&ServiceCd=780&Type=search", "url2": null }, "geometry": { "type": "Point", "coordinates": [ 138.4791502, 36.1975772 ] } },
{ "type": "Feature", "properties": { "内容": "宅老所和楽【地域密着型通所介護】長野県佐久市春日2700-1", "url": "https://www.kaigokensaku.mhlw.go.jp/20/index.php?action_kouhyou_detail_004_kani=true&JigyosyoCd=2072100494-00&ServiceCd=780&Type=search", "url2": null }, "geometry": { "type": "Point", "coordinates": [ 138.353332300000034, 36.2224827 ] } },
{ "type": "Feature", "properties": { "内容": "ホームケアセンター慈温【地域密着型通所介護】長野県佐久市協和295", "url": "https://www.kaigokensaku.mhlw.go.jp/20/index.php?action_kouhyou_detail_004_kani=true&JigyosyoCd=2071701417-00&ServiceCd=780&Type=search", "url2": "http://www.ymmd-hcc.jp/location/慈温/" }, "geometry": { "type": "Point", "coordinates": [ 138.345475609956338, 36.262607794624245 ] } },
{ "type": "Feature", "properties": { "内容": "宅老所およりなんし【地域密着型通所介護】長野県佐久市野沢３２３-３１", "url": "https://www.kaigokensaku.mhlw.go.jp/20/index.php?action_kouhyou_detail_004_kani=true&JigyosyoCd=2071700419-00&ServiceCd=780&Type=search", "url2": null }, "geometry": { "type": "Point", "coordinates": [ 138.464012899999943, 36.2264202 ] } },
{ "type": "Feature", "properties": { "内容": "運動特化型デイサニタス【地域密着型通所介護】長野県佐久市岩村田3162-47", "url": "https://www.kaigokensaku.mhlw.go.jp/20/index.php?action_kouhyou_detail_004_kani=true&JigyosyoCd=2091700258-00&ServiceCd=780&Type=search", "url2": null }, "geometry": { "type": "Point", "coordinates": [ 138.4794482, 36.269740300000016 ] } },
{ "type": "Feature", "properties": { "内容": "宅老所若草【地域密着型通所介護】長野県佐久市中込１１３３－１", "url": "https://www.kaigokensaku.mhlw.go.jp/20/index.php?action_kouhyou_detail_004_kani=true&JigyosyoCd=2071700856-00&ServiceCd=780&Type=search", "url2": null }, "geometry": { "type": "Point", "coordinates": [ 138.46075159999998, 36.2447571 ] } },
{ "type": "Feature", "properties": { "内容": "宅老所　野菊【地域密着型通所介護】長野県佐久市中込1133-14", "url": "https://www.kaigokensaku.mhlw.go.jp/20/index.php?action_kouhyou_detail_004_kani=true&JigyosyoCd=2071701318-00&ServiceCd=780&Type=search", "url2": null }, "geometry": { "type": "Point", "coordinates": [ 138.460796, 36.2446488 ] } },
{ "type": "Feature", "properties": { "内容": "リハプライド佐久【地域密着型通所介護】長野県佐久市中込3125番地", "url": "https://www.kaigokensaku.mhlw.go.jp/20/index.php?action_kouhyou_detail_004_kani=true&JigyosyoCd=2091700142-00&ServiceCd=780&Type=search", "url2": "https://www.rehapride.co.jp/saku/" }, "geometry": { "type": "Point", "coordinates": [ 138.4766691, 36.2518986 ] } },
{ "type": "Feature", "properties": { "内容": "宅幼老所みんなとニワ【地域密着型通所介護】佐久市三分539", "url": "https://www.kaigokensaku.mhlw.go.jp/20/index.php?action_kouhyou_detail_004_kani=true&JigyosyoCd=2091700241-00&ServiceCd=780&Type=search", "url2": null }, "geometry": { "type": "Point", "coordinates": [ 138.4945122, 36.1925181 ] } },
{ "type": "Feature", "properties": { "内容": "寄り合い処　ふらっと聖【地域密着型通所介護】長野県佐久市長土呂908番地１", "url": "https://www.kaigokensaku.mhlw.go.jp/20/index.php?action_kouhyou_detail_004_kani=true&JigyosyoCd=2071701367-00&ServiceCd=780&Type=search", "url2": "http://blog.goo.ne.jp/fb-kaigo_hijiri" }, "geometry": { "type": "Point", "coordinates": [ 138.469915240061397, 36.290882796260725 ] } },
{ "type": "Feature", "properties": { "内容": "結の里　千曲　デイサービスセンター【地域密着型通所介護】長野県佐久市大字伴野2024-2", "url": "https://www.kaigokensaku.mhlw.go.jp/20/index.php?action_kouhyou_detail_004_kani=true&JigyosyoCd=2071701425-00&ServiceCd=780&Type=search", "url2": null }, "geometry": { "type": "Point", "coordinates": [ 138.4260713, 36.2473397 ] } },
{ "type": "Feature", "properties": { "内容": "マリーゴールド宅幼老所【地域密着型通所介護】長野県佐久市印内１３３－１", "url": "https://www.kaigokensaku.mhlw.go.jp/20/index.php?action_kouhyou_detail_004_kani=true&JigyosyoCd=2071701052-00&ServiceCd=780&Type=search", "url2": null }, "geometry": { "type": "Point", "coordinates": [ 138.352929600000039, 36.2912358 ] } },
{ "type": "Feature", "properties": { "内容": "デイサービスセンターあいわ中込原【地域密着型通所介護】長野県佐久市中込２９５５番地デイサービスセンターあいわ中込原", "url": "https://www.kaigokensaku.mhlw.go.jp/20/index.php?action_kouhyou_detail_004_kani=true&JigyosyoCd=2071701383-00&ServiceCd=780&Type=search", "url2": "http://aiwa-saku.jp/" }, "geometry": { "type": "Point", "coordinates": [ 138.4794872, 36.2502939 ] } },
{ "type": "Feature", "properties": { "内容": "佐久市みついデイサービスセンター【地域密着型通所介護】長野県佐久市新子田８６６番地", "url": "https://www.kaigokensaku.mhlw.go.jp/20/index.php?action_kouhyou_detail_004_kani=true&JigyosyoCd=2091700225-00&ServiceCd=780&Type=search", "url2": "https://naganosaiseikai.jp" }, "geometry": { "type": "Point", "coordinates": [ 138.5052784, 36.2578814 ] } },
{ "type": "Feature", "properties": { "内容": "デイサポートこまち　千曲【地域密着型通所介護】長野県千曲市大字戸倉1978-1", "url": "https://www.kaigokensaku.mhlw.go.jp/20/index.php?action_kouhyou_detail_004_kani=true&JigyosyoCd=2091800199-00&ServiceCd=780&Type=search", "url2": null }, "geometry": { "type": "Point", "coordinates": [ 138.1487907, 36.4897234 ] } },
{ "type": "Feature", "properties": { "内容": "宅老所潤【地域密着型通所介護】長野県千曲市大字上徳間636-1", "url": "https://www.kaigokensaku.mhlw.go.jp/20/index.php?action_kouhyou_detail_004_kani=true&JigyosyoCd=2071800730-00&ServiceCd=780&Type=search", "url2": null }, "geometry": { "type": "Point", "coordinates": [ 138.140232355819762, 36.502683144915146 ] } },
{ "type": "Feature", "properties": { "内容": "ささえ愛【地域密着型通所介護】長野県千曲市大字鋳物師屋３５６番地１", "url": "https://www.kaigokensaku.mhlw.go.jp/20/index.php?action_kouhyou_detail_004_kani=true&JigyosyoCd=2071800417-00&ServiceCd=780&Type=search", "url2": "https://care-net.biz/20/sasaeai.info/" }, "geometry": { "type": "Point", "coordinates": [ 138.127351128341616, 36.517784402136471 ] } },
{ "type": "Feature", "properties": { "内容": "有限会社ハートケアあわさ【地域密着型通所介護】長野県千曲市大字粟佐１４１２", "url": "https://www.kaigokensaku.mhlw.go.jp/20/index.php?action_kouhyou_detail_004_kani=true&JigyosyoCd=2071800193-00&ServiceCd=780&Type=search", "url2": null }, "geometry": { "type": "Point", "coordinates": [ 138.123434, 36.5404213 ] } },
{ "type": "Feature", "properties": { "内容": "あさがお千曲【地域密着型通所介護】長野県千曲市上徳間606-3", "url": "https://www.kaigokensaku.mhlw.go.jp/20/index.php?action_kouhyou_detail_004_kani=true&JigyosyoCd=2071800581-00&ServiceCd=780&Type=search", "url2": null }, "geometry": { "type": "Point", "coordinates": [ 138.140447, 36.5004732 ] } },
{ "type": "Feature", "properties": { "内容": "宅老所千曲の里【地域密着型通所介護】長野県千曲市大字雨宮178", "url": "https://www.kaigokensaku.mhlw.go.jp/20/index.php?action_kouhyou_detail_004_kani=true&JigyosyoCd=2071800300-00&ServiceCd=780&Type=search", "url2": "http://www.taishikai.or.jp/kaigo/sub05-3.html" }, "geometry": { "type": "Point", "coordinates": [ 138.145846200000051, 36.5459597 ] } },
{ "type": "Feature", "properties": { "内容": "戸倉デイサービスゆいっこ【地域密着型通所介護】千曲市戸倉2060番地1", "url": "https://www.kaigokensaku.mhlw.go.jp/20/index.php?action_kouhyou_detail_004_kani=true&JigyosyoCd=2071800540-00&ServiceCd=780&Type=search", "url2": "http://www.healthcoop-nagano.or.jp/office/map10.html" }, "geometry": { "type": "Point", "coordinates": [ 138.15292009999996, 36.4862249 ] } },
{ "type": "Feature", "properties": { "内容": "ﾃﾞｲｻｰﾋﾞｽココカラ【地域密着型通所介護】長野県千曲市杭瀬下5丁目203", "url": "https://www.kaigokensaku.mhlw.go.jp/20/index.php?action_kouhyou_detail_004_kani=true&JigyosyoCd=2091800165-00&ServiceCd=780&Type=search", "url2": "https://rehadaykokokara.wixsite.com/kokokara" }, "geometry": { "type": "Point", "coordinates": [ 138.115890173402363, 36.535322375429459 ] } },
{ "type": "Feature", "properties": { "内容": "デイサービス森と人と【地域密着型通所介護】長野県千曲市八幡985-6", "url": "https://www.kaigokensaku.mhlw.go.jp/20/index.php?action_kouhyou_detail_004_kani=true&JigyosyoCd=2091800132-00&ServiceCd=780&Type=search", "url2": null }, "geometry": { "type": "Point", "coordinates": [ 138.0827351, 36.5115414 ] } },
{ "type": "Feature", "properties": { "内容": "リハビリ特化型デイサービスカラダラボ千曲いもじや【地域密着型通所介護】長野県千曲市鋳物師屋384-6", "url": "https://www.kaigokensaku.mhlw.go.jp/20/index.php?action_kouhyou_detail_004_kani=true&JigyosyoCd=2071800847-00&ServiceCd=780&Type=search", "url2": null }, "geometry": { "type": "Point", "coordinates": [ 138.12416742023774, 36.516372509509651 ] } },
{ "type": "Feature", "properties": { "内容": "宅幼老所和らぎの家【地域密着型通所介護】長野県千曲市大字桜堂５５５番地３", "url": "https://www.kaigokensaku.mhlw.go.jp/20/index.php?action_kouhyou_detail_004_kani=true&JigyosyoCd=2091800173-00&ServiceCd=780&Type=search", "url2": "https://zeromichi.jp/" }, "geometry": { "type": "Point", "coordinates": [ 138.123957267459133, 36.527993137537457 ] } },
{ "type": "Feature", "properties": { "内容": "有限会社くすのき学園【地域密着型通所介護】長野県千曲市大字戸倉2119番地4", "url": "https://www.kaigokensaku.mhlw.go.jp/20/index.php?action_kouhyou_detail_004_kani=true&JigyosyoCd=2091800116-00&ServiceCd=780&Type=search", "url2": "http://www.kusunokigakuen.com/" }, "geometry": { "type": "Point", "coordinates": [ 138.1500231, 36.482839 ] } },
{ "type": "Feature", "properties": { "内容": "あっといーず更埴【地域密着型通所介護】長野県千曲市稲荷山1993-3", "url": "https://www.kaigokensaku.mhlw.go.jp/20/index.php?action_kouhyou_detail_004_kani=true&JigyosyoCd=2071600205-00&ServiceCd=780&Type=search", "url2": "www.at-ease-care.com" }, "geometry": { "type": "Point", "coordinates": [ 138.10254, 36.5351763 ] } },
{ "type": "Feature", "properties": { "内容": "ほほえみ【地域密着型通所介護】長野県千曲市大字雨宮８１８番地３", "url": "https://www.kaigokensaku.mhlw.go.jp/20/index.php?action_kouhyou_detail_004_kani=true&JigyosyoCd=2071800276-00&ServiceCd=780&Type=search", "url2": null }, "geometry": { "type": "Point", "coordinates": [ 138.151437, 36.5492289 ] } },
{ "type": "Feature", "properties": { "内容": "有限会社くすのき学園【地域密着型通所介護】長野県千曲市大字2119番地4", "url": "https://www.kaigokensaku.mhlw.go.jp/20/index.php?action_kouhyou_detail_004_kani=true&JigyosyoCd=2071800334-00&ServiceCd=780&Type=search", "url2": "http://www.kusunokigakuen.com/" }, "geometry": { "type": "Point", "coordinates": [ 138.1500231, 36.482839 ] } },
{ "type": "Feature", "properties": { "内容": "日日（是好日）館【地域密着型通所介護】東御市新張１０８９－２", "url": "https://www.kaigokensaku.mhlw.go.jp/20/index.php?action_kouhyou_detail_004_kani=true&JigyosyoCd=2091900056-00&ServiceCd=780&Type=search", "url2": "http://www.ryokuhuukai.or.jp/" }, "geometry": { "type": "Point", "coordinates": [ 138.369283399999972, 36.3644941 ] } },
{ "type": "Feature", "properties": { "内容": "リハビリサロン夢里逢【地域密着型通所介護】長野県東御市常田493-1", "url": "https://www.kaigokensaku.mhlw.go.jp/20/index.php?action_kouhyou_detail_004_kani=true&JigyosyoCd=2071900274-00&ServiceCd=780&Type=search", "url2": "https://www.asucomelife.com/" }, "geometry": { "type": "Point", "coordinates": [ 138.343204253803265, 36.361703126168713 ] } },
{ "type": "Feature", "properties": { "内容": "運動特化型LIFE【地域密着型通所介護】長野県東御市布下37", "url": "https://www.kaigokensaku.mhlw.go.jp/20/index.php?action_kouhyou_detail_004_kani=true&JigyosyoCd=2091900106-00&ServiceCd=780&Type=search", "url2": null }, "geometry": { "type": "Point", "coordinates": [ 138.360251, 36.3358276 ] } },
{ "type": "Feature", "properties": { "内容": "宅幼老所岩井屋【地域密着型通所介護】長野県東御市田中２２０", "url": "https://www.kaigokensaku.mhlw.go.jp/20/index.php?action_kouhyou_detail_004_kani=true&JigyosyoCd=2071900084-00&ServiceCd=780&Type=search", "url2": "https://www.iwaiya.org" }, "geometry": { "type": "Point", "coordinates": [ 138.329280338702063, 36.35568562876751 ] } },
{ "type": "Feature", "properties": { "内容": "デイサービスセンターリハビリ処東御【地域密着型通所介護】長野県東御市和２５７１", "url": "https://www.kaigokensaku.mhlw.go.jp/20/index.php?action_kouhyou_detail_004_kani=true&JigyosyoCd=2071900076-00&ServiceCd=780&Type=search", "url2": null }, "geometry": { "type": "Point", "coordinates": [ 138.319036200000028, 36.3778411 ] } },
{ "type": "Feature", "properties": { "内容": "やえはらデイサービス・みはらしの郷【地域密着型通所介護】長野県東御市八重原2149番地", "url": "https://www.kaigokensaku.mhlw.go.jp/20/index.php?action_kouhyou_detail_004_kani=true&JigyosyoCd=2071900209-00&ServiceCd=780&Type=search", "url2": "https://www.cpmimaki.or.jp" }, "geometry": { "type": "Point", "coordinates": [ 138.325507600000037, 36.325675600000039 ] } },
{ "type": "Feature", "properties": { "内容": "デイサービスセンターあぜだ【地域密着型通所介護】長野県東御市下之城21-4", "url": "https://www.kaigokensaku.mhlw.go.jp/20/index.php?action_kouhyou_detail_004_kani=true&JigyosyoCd=2071900118-00&ServiceCd=780&Type=search", "url2": "http://www.cpmimaki.or.jp" }, "geometry": { "type": "Point", "coordinates": [ 138.348832200000061, 36.2991905 ] } },
{ "type": "Feature", "properties": { "内容": "Family【地域密着型通所介護】長野県安曇野市穂高8111-3", "url": "https://www.kaigokensaku.mhlw.go.jp/20/index.php?action_kouhyou_detail_004_kani=true&JigyosyoCd=2094000466-00&ServiceCd=780&Type=search", "url2": null }, "geometry": { "type": "Point", "coordinates": [ 137.860227, 36.332001400000017 ] } },
{ "type": "Feature", "properties": { "内容": "古民家デイサービスにじいろ【地域密着型通所介護】長野県安曇野市豊科４４８２－１", "url": "https://www.kaigokensaku.mhlw.go.jp/20/index.php?action_kouhyou_detail_004_kani=true&JigyosyoCd=2094000482-00&ServiceCd=780&Type=search", "url2": "https://hnt-bokko.com/" }, "geometry": { "type": "Point", "coordinates": [ 137.9055196, 36.2972134 ] } },
{ "type": "Feature", "properties": { "内容": "トレーニングと整体の「りふろぎ」【地域密着型通所介護】長野県安曇野市穂高996-3", "url": "https://www.kaigokensaku.mhlw.go.jp/20/index.php?action_kouhyou_detail_004_kani=true&JigyosyoCd=2094000391-00&ServiceCd=780&Type=search", "url2": "https://sites.google.com/view/refrogi" }, "geometry": { "type": "Point", "coordinates": [ 137.8930167, 36.3262816 ] } },
{ "type": "Feature", "properties": { "内容": "よりどころ　うらら【地域密着型通所介護】長野県安曇野市明科七貴５６４５－５", "url": "https://www.kaigokensaku.mhlw.go.jp/20/index.php?action_kouhyou_detail_004_kani=true&JigyosyoCd=2094000276-00&ServiceCd=780&Type=search", "url2": null }, "geometry": { "type": "Point", "coordinates": [ 137.9168738, 36.3628441 ] } },
{ "type": "Feature", "properties": { "内容": "サンクスデイサービスさいわい【地域密着型通所介護】長野県安曇野市穂高有明9990-1", "url": "https://www.kaigokensaku.mhlw.go.jp/20/index.php?action_kouhyou_detail_004_kani=true&JigyosyoCd=2074000502-00&ServiceCd=780&Type=search", "url2": "http://thanks-saiwainomachi.com" }, "geometry": { "type": "Point", "coordinates": [ 137.861565297608877, 36.346126093989341 ] } },
{ "type": "Feature", "properties": { "内容": "デイサービスきたえるーむ安曇野穂高【地域密着型通所介護】長野県安曇野市穂高6670", "url": "https://www.kaigokensaku.mhlw.go.jp/20/index.php?action_kouhyou_detail_004_kani=true&JigyosyoCd=2094000409-00&ServiceCd=780&Type=search", "url2": null }, "geometry": { "type": "Point", "coordinates": [ 137.887339, 36.3378172 ] } },
{ "type": "Feature", "properties": { "内容": "デイサービス風彩【地域密着型通所介護】長野県安曇野市豊科南穂高４４２番地７", "url": "https://www.kaigokensaku.mhlw.go.jp/20/index.php?action_kouhyou_detail_004_kani=true&JigyosyoCd=2074000403-00&ServiceCd=780&Type=search", "url2": "https://kazewoyomu.com/" }, "geometry": { "type": "Point", "coordinates": [ 137.910666150926204, 36.300816586335309 ] } },
{ "type": "Feature", "properties": { "内容": "デイサービスまがりっと太田屋【地域密着型通所介護】長野県安曇野市三郷温2193-1", "url": "https://www.kaigokensaku.mhlw.go.jp/20/index.php?action_kouhyou_detail_004_kani=true&JigyosyoCd=2072800754-00&ServiceCd=780&Type=search", "url2": null }, "geometry": { "type": "Point", "coordinates": [ 137.883266887680065, 36.25562266450352 ] } },
{ "type": "Feature", "properties": { "内容": "七貴デイサービス【地域密着型通所介護】安曇野市明科七貴9052-4", "url": "https://www.kaigokensaku.mhlw.go.jp/20/index.php?action_kouhyou_detail_004_kani=true&JigyosyoCd=2094000490-00&ServiceCd=780&Type=search", "url2": null }, "geometry": { "type": "Point", "coordinates": [ 137.9168738, 36.3628441 ] } },
{ "type": "Feature", "properties": { "内容": "いやしろ地　えんじゅ【地域密着型通所介護】長野県安曇野市穂高有明2181－13", "url": "https://www.kaigokensaku.mhlw.go.jp/20/index.php?action_kouhyou_detail_004_kani=true&JigyosyoCd=2074000213-00&ServiceCd=780&Type=search", "url2": "https://www.kikou2007.co.jp/index.html" }, "geometry": { "type": "Point", "coordinates": [ 137.830159398672578, 36.361790319908927 ] } },
{ "type": "Feature", "properties": { "内容": "宅幼老所　なかむら【地域密着型通所介護】長野県安曇野市穂高柏原1425-1", "url": "https://www.kaigokensaku.mhlw.go.jp/20/index.php?action_kouhyou_detail_004_kani=true&JigyosyoCd=2094000342-00&ServiceCd=780&Type=search", "url2": null }, "geometry": { "type": "Point", "coordinates": [ 137.8812313, 36.323761 ] } },
{ "type": "Feature", "properties": { "内容": "デイサービスむらやま【地域密着型通所介護】長野県安曇野市穂高4563-7", "url": "https://www.kaigokensaku.mhlw.go.jp/20/index.php?action_kouhyou_detail_004_kani=true&JigyosyoCd=2072800614-00&ServiceCd=780&Type=search", "url2": "http://www.e-office.gr.jp/i-you-hotaka/daycare.html" }, "geometry": { "type": "Point", "coordinates": [ 137.886149872352547, 36.342998146667718 ] } },
{ "type": "Feature", "properties": { "内容": "デイサービスはるあ【地域密着型通所介護】安曇野市穂高有明2099－30", "url": "https://www.kaigokensaku.mhlw.go.jp/20/index.php?action_kouhyou_detail_004_kani=true&JigyosyoCd=2094000441-00&ServiceCd=780&Type=search", "url2": null }, "geometry": { "type": "Point", "coordinates": [ 137.8501202, 36.3707039 ] } },
{ "type": "Feature", "properties": { "内容": "宅老所笑楽【地域密着型通所介護】長野県安曇野市穂高有明460－5", "url": "https://www.kaigokensaku.mhlw.go.jp/20/index.php?action_kouhyou_detail_004_kani=true&JigyosyoCd=2074000783-00&ServiceCd=780&Type=search", "url2": null }, "geometry": { "type": "Point", "coordinates": [ 137.864978400000041, 36.3529078 ] } },
{ "type": "Feature", "properties": { "内容": "古民家デイサービス匠【地域密着型通所介護】長野県安曇野市穂高有明１８３６番地２", "url": "https://www.kaigokensaku.mhlw.go.jp/20/index.php?action_kouhyou_detail_004_kani=true&JigyosyoCd=2074000791-00&ServiceCd=780&Type=search", "url2": null }, "geometry": { "type": "Point", "coordinates": [ 137.863997, 36.3530633 ] } },
{ "type": "Feature", "properties": { "内容": "すずらん【地域密着型通所介護】長野県安曇野市穂高５６２０－１", "url": "https://www.kaigokensaku.mhlw.go.jp/20/index.php?action_kouhyou_detail_004_kani=true&JigyosyoCd=2072800556-00&ServiceCd=780&Type=search", "url2": "http://nanatsunokane.or.jp" }, "geometry": { "type": "Point", "coordinates": [ 137.882582899999989, 36.3428623 ] } },
{ "type": "Feature", "properties": { "内容": "デイサービスいいせ新宅【地域密着型通所介護】長野県安曇野市豊科高家5809-1", "url": "https://www.kaigokensaku.mhlw.go.jp/20/index.php?action_kouhyou_detail_004_kani=true&JigyosyoCd=2094000433-00&ServiceCd=780&Type=search", "url2": null }, "geometry": { "type": "Point", "coordinates": [ 137.9123854, 36.263872 ] } },
{ "type": "Feature", "properties": { "内容": "リハビリデイサービスぽっかぽか豊科【地域密着型通所介護】長野県安曇野市豊科南穂高1228-2", "url": "https://www.kaigokensaku.mhlw.go.jp/20/index.php?action_kouhyou_detail_004_kani=true&JigyosyoCd=2074000718-00&ServiceCd=780&Type=search", "url2": null }, "geometry": { "type": "Point", "coordinates": [ 137.925991634356876, 36.300476506546765 ] } },
{ "type": "Feature", "properties": { "内容": "ちえの和デイサービス【地域密着型通所介護】長野県安曇野市豊科５１７９-１", "url": "https://www.kaigokensaku.mhlw.go.jp/20/index.php?action_kouhyou_detail_004_kani=true&JigyosyoCd=2072800739-00&ServiceCd=780&Type=search", "url2": null }, "geometry": { "type": "Point", "coordinates": [ 137.894618499999979, 36.3020675 ] } },
{ "type": "Feature", "properties": { "内容": "デイサービス七彩【地域密着型通所介護】長野県穂高有明7794-1", "url": "https://www.kaigokensaku.mhlw.go.jp/20/index.php?action_kouhyou_detail_004_kani=true&JigyosyoCd=2094000318-00&ServiceCd=780&Type=search", "url2": null }, "geometry": { "type": "Point", "coordinates": [ 137.8358773, 36.344921 ] } },
{ "type": "Feature", "properties": { "内容": "デイサービスきたえる～む安曇野【地域密着型通所介護】長野県安曇野市豊科4260-1", "url": "https://www.kaigokensaku.mhlw.go.jp/20/index.php?action_kouhyou_detail_004_kani=true&JigyosyoCd=2074000825-00&ServiceCd=780&Type=search", "url2": null }, "geometry": { "type": "Point", "coordinates": [ 137.909177382803364, 36.300779219313213 ] } },
{ "type": "Feature", "properties": { "内容": "シャルールサロンさらん【地域密着型通所介護】長野県安曇野市穂高有明3131-3", "url": "https://www.kaigokensaku.mhlw.go.jp/20/index.php?action_kouhyou_detail_004_kani=true&JigyosyoCd=2094000201-00&ServiceCd=780&Type=search", "url2": null }, "geometry": { "type": "Point", "coordinates": [ 137.843249600000036, 36.3504572 ] } },
{ "type": "Feature", "properties": { "内容": "アトリエつむぎ【地域密着型通所介護】長野県安曇野市堀金烏川703-9", "url": "https://www.kaigokensaku.mhlw.go.jp/20/index.php?action_kouhyou_detail_004_kani=true&JigyosyoCd=2094000425-00&ServiceCd=780&Type=search", "url2": null }, "geometry": { "type": "Point", "coordinates": [ 137.7736217, 36.2964744 ] } },
{ "type": "Feature", "properties": { "内容": "リハビリセンター　アライブ【地域密着型通所介護】長野県安曇野市穂高451-1", "url": "https://www.kaigokensaku.mhlw.go.jp/20/index.php?action_kouhyou_detail_004_kani=true&JigyosyoCd=2094000235-00&ServiceCd=780&Type=search", "url2": "http://acelive.co.jp" }, "geometry": { "type": "Point", "coordinates": [ 137.893622448692156, 36.320408237053762 ] } },
{ "type": "Feature", "properties": { "内容": "株式会社デイサービスきらく【地域密着型通所介護】長野県安曇野市豊科457-9番地", "url": "https://www.kaigokensaku.mhlw.go.jp/20/index.php?action_kouhyou_detail_004_kani=true&JigyosyoCd=2074000338-00&ServiceCd=780&Type=search", "url2": null }, "geometry": { "type": "Point", "coordinates": [ 137.9097994, 36.2694987 ] } },
{ "type": "Feature", "properties": { "内容": "デイサービスクローバー安曇野【地域密着型通所介護】長野県安曇野市三郷温4898-8", "url": "https://www.kaigokensaku.mhlw.go.jp/20/index.php?action_kouhyou_detail_004_kani=true&JigyosyoCd=2094000383-00&ServiceCd=780&Type=search", "url2": "https://day-clover.com/dayservice/office/azumino" }, "geometry": { "type": "Point", "coordinates": [ 137.8717958, 36.244808900000017 ] } },
{ "type": "Feature", "properties": { "内容": "小海町宅老所「なごみ」【地域密着型通所介護】長野県南佐久郡小海町大字豊里８１３番地", "url": "https://www.kaigokensaku.mhlw.go.jp/20/index.php?action_kouhyou_detail_004_kani=true&JigyosyoCd=2072000637-00&ServiceCd=780&Type=search", "url2": "https://koumi-syakyo.jp/" }, "geometry": { "type": "Point", "coordinates": [ 138.480285901465038, 36.083587442296313 ] } },
{ "type": "Feature", "properties": { "内容": "宅老所ねむの木【地域密着型通所介護】長野県南佐久郡小海町大字千代里3006番地5", "url": "https://www.kaigokensaku.mhlw.go.jp/20/index.php?action_kouhyou_detail_004_kani=true&JigyosyoCd=2072000660-00&ServiceCd=780&Type=search", "url2": null }, "geometry": { "type": "Point", "coordinates": [ 138.472953937048374, 36.117631502212753 ] } },
{ "type": "Feature", "properties": { "内容": "社会福祉法人小海町社会福祉協議会【地域密着型通所介護】長野県南佐久郡小海町豊里８０５番地", "url": "https://www.kaigokensaku.mhlw.go.jp/20/index.php?action_kouhyou_detail_004_kani=true&JigyosyoCd=2072000181-00&ServiceCd=780&Type=search", "url2": null }, "geometry": { "type": "Point", "coordinates": [ 138.4802842, 36.0836964 ] } },
{ "type": "Feature", "properties": { "内容": "南牧村デイサービスセンター海ノ口【地域密着型通所介護】長野県南佐久郡南牧村海ノ口966番地15", "url": "https://www.kaigokensaku.mhlw.go.jp/20/index.php?action_kouhyou_detail_004_kani=true&JigyosyoCd=2072000348-00&ServiceCd=780&Type=search", "url2": null }, "geometry": { "type": "Point", "coordinates": [ 138.49058249999996, 36.0217334 ] } },
{ "type": "Feature", "properties": { "内容": "南牧村デイサービスセンター野辺山【地域密着型通所介護】長野県南佐久郡南牧村大字野野辺山65-3", "url": "https://www.kaigokensaku.mhlw.go.jp/20/index.php?action_kouhyou_detail_004_kani=true&JigyosyoCd=2072000355-00&ServiceCd=780&Type=search", "url2": "http://www.ja-naganokai.or.jp/facilities/nobeyama/" }, "geometry": { "type": "Point", "coordinates": [ 138.465826409326155, 35.960715051525085 ] } },
{ "type": "Feature", "properties": { "内容": "社会福祉法人南相木村社会福祉協議会【地域密着型通所介護】長野県南佐久郡南相木村3781番地162", "url": "https://www.kaigokensaku.mhlw.go.jp/20/index.php?action_kouhyou_detail_004_kani=true&JigyosyoCd=2072000207-00&ServiceCd=780&Type=search", "url2": "http://www.ytg.janis.or.jp/~mshakyo3781/" }, "geometry": { "type": "Point", "coordinates": [ 138.543685218493692, 36.035933144893527 ] } },
{ "type": "Feature", "properties": { "内容": "北相木村老人福祉複合センターみどり【地域密着型通所介護】長野県南佐久郡北相木村１６０７番地１", "url": "https://www.kaigokensaku.mhlw.go.jp/20/index.php?action_kouhyou_detail_004_kani=true&JigyosyoCd=2072000082-00&ServiceCd=780&Type=search", "url2": null }, "geometry": { "type": "Point", "coordinates": [ 138.55088330000001, 36.0591688 ] } },
{ "type": "Feature", "properties": { "内容": "佐久穂町社会福祉協議会指定地域密着型通所介護事業所宅老所よりあい亭【地域密着型通所介護】長野県南佐久郡佐久穂町高野町1700-23", "url": "https://www.kaigokensaku.mhlw.go.jp/20/index.php?action_kouhyou_detail_004_kani=true&JigyosyoCd=2072000629-00&ServiceCd=780&Type=search", "url2": "https://www.sakuhotown-shakyo.or.jp" }, "geometry": { "type": "Point", "coordinates": [ 138.476535900000044, 36.1628059 ] } },
{ "type": "Feature", "properties": { "内容": "長野県厚生農業協同組合連合会佐久総合病院宅老所やちほの家【地域密着型通所介護】長野県南佐久郡佐久穂町大字畑９９６番地１やちほの家", "url": "https://www.kaigokensaku.mhlw.go.jp/20/index.php?action_kouhyou_detail_004_kani=true&JigyosyoCd=2072000546-00&ServiceCd=780&Type=search", "url2": null }, "geometry": { "type": "Point", "coordinates": [ 138.487382199999956, 36.1635755 ] } },
{ "type": "Feature", "properties": { "内容": "宅老所ふらりとみかさ【地域密着型通所介護】長野県北佐久郡軽井沢町大字軽井沢１９９－５", "url": "https://www.kaigokensaku.mhlw.go.jp/20/index.php?action_kouhyou_detail_004_kani=true&JigyosyoCd=2072100510-00&ServiceCd=780&Type=search", "url2": "http://www.karuizawa-seizanso.com" }, "geometry": { "type": "Point", "coordinates": [ 138.633452299366809, 36.358368840506522 ] } },
{ "type": "Feature", "properties": { "内容": "宅老所おひさまの丘【地域密着型通所介護】長野県北佐久郡立科町大字宇山1732-1", "url": "https://www.kaigokensaku.mhlw.go.jp/20/index.php?action_kouhyou_detail_004_kani=true&JigyosyoCd=2072100817-00&ServiceCd=780&Type=search", "url2": null }, "geometry": { "type": "Point", "coordinates": [ 138.298280571753054, 36.272141008537403 ] } },
{ "type": "Feature", "properties": { "内容": "デイサービス　春うらら【地域密着型通所介護】長野県諏訪郡下諏訪町9125-1", "url": "https://www.kaigokensaku.mhlw.go.jp/20/index.php?action_kouhyou_detail_004_kani=true&JigyosyoCd=2092300256-00&ServiceCd=780&Type=search", "url2": "https://www.haru-urara.info" }, "geometry": { "type": "Point", "coordinates": [ 138.0801295, 36.0695678 ] } },
{ "type": "Feature", "properties": { "内容": "デイサービスセンターグレイスフル下諏訪【地域密着型通所介護】長野県諏訪郡下諏訪町高木9375番地１", "url": "https://www.kaigokensaku.mhlw.go.jp/20/index.php?action_kouhyou_detail_004_kani=true&JigyosyoCd=2072300227-00&ServiceCd=780&Type=search", "url2": "https://sun-vision.or.jp/facility/400/" }, "geometry": { "type": "Point", "coordinates": [ 138.106794700000023, 36.0672207 ] } },
{ "type": "Feature", "properties": { "内容": "みんなの家紙風船【地域密着型通所介護】長野県諏訪郡下諏訪町6175-3", "url": "https://www.kaigokensaku.mhlw.go.jp/20/index.php?action_kouhyou_detail_004_kani=true&JigyosyoCd=2072300409-00&ServiceCd=780&Type=search", "url2": null }, "geometry": { "type": "Point", "coordinates": [ 138.092298265420595, 36.066136835608965 ] } },
{ "type": "Feature", "properties": { "内容": "デイサービスセンタースマイル【地域密着型通所介護】長野県諏訪郡下諏訪町大門121-5", "url": "https://www.kaigokensaku.mhlw.go.jp/20/index.php?action_kouhyou_detail_004_kani=true&JigyosyoCd=2072300276-00&ServiceCd=780&Type=search", "url2": "http://www.lcv.ne.jp/~ghtakao/smile/index_smile.htm" }, "geometry": { "type": "Point", "coordinates": [ 138.079655958721929, 36.079399132131194 ] } },
{ "type": "Feature", "properties": { "内容": "デイサービスセンター「陽だまり横丁」【地域密着型通所介護】長野県諏訪郡下諏訪町東山田６６７２番地15", "url": "https://www.kaigokensaku.mhlw.go.jp/20/index.php?action_kouhyou_detail_004_kani=true&JigyosyoCd=2072300581-00&ServiceCd=780&Type=search", "url2": null }, "geometry": { "type": "Point", "coordinates": [ 138.079614, 36.0820298 ] } },
{ "type": "Feature", "properties": { "内容": "ほがら家【地域密着型通所介護】長野県下諏訪町西赤砂4415", "url": "https://www.kaigokensaku.mhlw.go.jp/20/index.php?action_kouhyou_detail_004_kani=true&JigyosyoCd=2072300540-00&ServiceCd=780&Type=search", "url2": null }, "geometry": { "type": "Point", "coordinates": [ 138.0753937, 36.0646931 ] } },
{ "type": "Feature", "properties": { "内容": "宅幼老所ひなたぼっこ【地域密着型通所介護】長野県諏訪郡富士見町富士見11651-6", "url": "https://www.kaigokensaku.mhlw.go.jp/20/index.php?action_kouhyou_detail_004_kani=true&JigyosyoCd=2092300231-00&ServiceCd=780&Type=search", "url2": "https://www.hinatabokko.net/sisetuannai.html" }, "geometry": { "type": "Point", "coordinates": [ 138.2290371, 35.9227678 ] } },
{ "type": "Feature", "properties": { "内容": "宅幼老所ぽかぽか【地域密着型通所介護】長野県諏訪郡富士見町富士見１１６５０－６", "url": "https://www.kaigokensaku.mhlw.go.jp/20/index.php?action_kouhyou_detail_004_kani=true&JigyosyoCd=2092300249-00&ServiceCd=780&Type=search", "url2": "https://www.hinatabokko.net/sisetuannai.html" }, "geometry": { "type": "Point", "coordinates": [ 138.2291124, 35.9229408 ] } },
{ "type": "Feature", "properties": { "内容": "デイホームめぐる【地域密着型通所介護】長野県上伊那郡辰野町樋口1592-3", "url": "https://www.kaigokensaku.mhlw.go.jp/20/index.php?action_kouhyou_detail_004_kani=true&JigyosyoCd=2092400304-00&ServiceCd=780&Type=search", "url2": null }, "geometry": { "type": "Point", "coordinates": [ 137.989140564418022, 35.958507417224553 ] } },
{ "type": "Feature", "properties": { "内容": "ふらっとデイサービス　お茶やしき【地域密着型通所介護】長野県上伊那郡辰野町大字平出1575", "url": "https://www.kaigokensaku.mhlw.go.jp/20/index.php?action_kouhyou_detail_004_kani=true&JigyosyoCd=2072401330-00&ServiceCd=780&Type=search", "url2": "http://flat-tatsuno.wixsite.com/otohakai/ochayashiki" }, "geometry": { "type": "Point", "coordinates": [ 138.000775392868064, 35.983188287938859 ] } },
{ "type": "Feature", "properties": { "内容": "デイサービスセンター　第2グレイスフル辰野【地域密着型通所介護】長野県上伊那郡辰野町樋口454-1", "url": "https://www.kaigokensaku.mhlw.go.jp/20/index.php?action_kouhyou_detail_004_kani=true&JigyosyoCd=2072401314-00&ServiceCd=780&Type=search", "url2": "http://www.sun-vision.or.jp" }, "geometry": { "type": "Point", "coordinates": [ 137.999558100000058, 35.9639067 ] } },
{ "type": "Feature", "properties": { "内容": "ふらっとデイサービス【地域密着型通所介護】長野県上伊那郡辰野町大字伊那富6333-2", "url": "https://www.kaigokensaku.mhlw.go.jp/20/index.php?action_kouhyou_detail_004_kani=true&JigyosyoCd=2072401199-00&ServiceCd=780&Type=search", "url2": "flat-tatsuno@honey.ocn.ne.jp" }, "geometry": { "type": "Point", "coordinates": [ 137.985301199999981, 35.9552296 ] } },
{ "type": "Feature", "properties": { "内容": "宅幼老所なの花【地域密着型通所介護】長野県上伊那郡箕輪町東箕輪5139番地5", "url": "https://www.kaigokensaku.mhlw.go.jp/20/index.php?action_kouhyou_detail_004_kani=true&JigyosyoCd=2072400720-00&ServiceCd=780&Type=search", "url2": "nanohana@inacatv.ne.jp" }, "geometry": { "type": "Point", "coordinates": [ 137.990131900000051, 35.9403342 ] } },
{ "type": "Feature", "properties": { "内容": "上伊那医療生協デイサービスセンターつむぎ【地域密着型通所介護】長野県上伊那郡箕輪町大字中箕輪11329-1番地", "url": "https://www.kaigokensaku.mhlw.go.jp/20/index.php?action_kouhyou_detail_004_kani=true&JigyosyoCd=2072400670-00&ServiceCd=780&Type=search", "url2": "http://www.kamiina-mcoop.com/" }, "geometry": { "type": "Point", "coordinates": [ 137.992219277280839, 35.902905164807024 ] } },
{ "type": "Feature", "properties": { "内容": "宅老所しばみや【地域密着型通所介護】長野県上伊那郡箕輪町大字中箕輪９３４４", "url": "https://www.kaigokensaku.mhlw.go.jp/20/index.php?action_kouhyou_detail_004_kani=true&JigyosyoCd=2072400647-00&ServiceCd=780&Type=search", "url2": null }, "geometry": { "type": "Point", "coordinates": [ 137.98691359999998, 35.9080769 ] } },
{ "type": "Feature", "properties": { "内容": "飯島町デイサービスセンター石楠花苑【地域密着型通所介護】長野県上伊那郡飯島町飯島2551", "url": "https://www.kaigokensaku.mhlw.go.jp/20/index.php?action_kouhyou_detail_004_kani=true&JigyosyoCd=2092400247-00&ServiceCd=780&Type=search", "url2": "http://www.iisyakyo.or.jp" }, "geometry": { "type": "Point", "coordinates": [ 137.9194243, 35.6775764 ] } },
{ "type": "Feature", "properties": { "内容": "松の学校【地域密着型通所介護】長野県上伊那郡南箕輪村3461-1", "url": "https://www.kaigokensaku.mhlw.go.jp/20/index.php?action_kouhyou_detail_004_kani=true&JigyosyoCd=2072401231-00&ServiceCd=780&Type=search", "url2": null }, "geometry": { "type": "Point", "coordinates": [ 137.981435715344219, 35.877909455067282 ] } },
{ "type": "Feature", "properties": { "内容": "宅老所かいご家【地域密着型通所介護】長野県上伊那郡南箕輪村６４１３－１", "url": "https://www.kaigokensaku.mhlw.go.jp/20/index.php?action_kouhyou_detail_004_kani=true&JigyosyoCd=2072400548-00&ServiceCd=780&Type=search", "url2": null }, "geometry": { "type": "Point", "coordinates": [ 137.973830847265589, 35.860070801156795 ] } },
{ "type": "Feature", "properties": { "内容": "デイサービスセンター福本【地域密着型通所介護】長野県下伊那郡松川町上片桐368", "url": "https://www.kaigokensaku.mhlw.go.jp/20/index.php?action_kouhyou_detail_004_kani=true&JigyosyoCd=2072501519-00&ServiceCd=780&Type=search", "url2": null }, "geometry": { "type": "Point", "coordinates": [ 137.9048613, 35.6172831 ] } },
{ "type": "Feature", "properties": { "内容": "宅老所びすけっと　やまぶき亭【地域密着型通所介護】長野県下伊那郡高森町山吹3637-8", "url": "https://www.kaigokensaku.mhlw.go.jp/20/index.php?action_kouhyou_detail_004_kani=true&JigyosyoCd=2072501451-00&ServiceCd=780&Type=search", "url2": "yamabukitei@ap.wakwak.com" }, "geometry": { "type": "Point", "coordinates": [ 137.8895665, 35.5810291 ] } },
{ "type": "Feature", "properties": { "内容": "宅幼老所びすけっとさくら亭【地域密着型通所介護】長野県下伊那郡高森町下市田2235-6", "url": "https://www.kaigokensaku.mhlw.go.jp/20/index.php?action_kouhyou_detail_004_kani=true&JigyosyoCd=2072501162-00&ServiceCd=780&Type=search", "url2": "http://bisukettonpo.wixsite.com/home" }, "geometry": { "type": "Point", "coordinates": [ 137.874395899999939, 35.5507358 ] } },
{ "type": "Feature", "properties": { "内容": "宅老所ふらっと【地域密着型通所介護】長野県下伊那郡高森町大島山1129-1", "url": "https://www.kaigokensaku.mhlw.go.jp/20/index.php?action_kouhyou_detail_004_kani=true&JigyosyoCd=2092500160-00&ServiceCd=780&Type=search", "url2": null }, "geometry": { "type": "Point", "coordinates": [ 137.863454708528906, 35.559467519153884 ] } },
{ "type": "Feature", "properties": { "内容": "新野デイサービスセンターはなのき荘【地域密着型通所介護】長野県下伊那郡阿南町新野28-1", "url": "https://www.kaigokensaku.mhlw.go.jp/20/index.php?action_kouhyou_detail_004_kani=true&JigyosyoCd=2092500178-00&ServiceCd=780&Type=search", "url2": "http://kayagakikai.or.jp/" }, "geometry": { "type": "Point", "coordinates": [ 137.7607501, 35.272349400000017 ] } },
{ "type": "Feature", "properties": { "内容": "介護ホームそら【地域密着型通所介護】長野県下伊那郡阿智村伍和3158-1", "url": "https://www.kaigokensaku.mhlw.go.jp/20/index.php?action_kouhyou_detail_004_kani=true&JigyosyoCd=2072500990-00&ServiceCd=780&Type=search", "url2": null }, "geometry": { "type": "Point", "coordinates": [ 137.756468300000051, 35.4356779 ] } },
{ "type": "Feature", "properties": { "内容": "阿智村社協デイサービスセンターひだまり【地域密着型通所介護】長野県下伊那郡阿智村清内路７６２番地１", "url": "https://www.kaigokensaku.mhlw.go.jp/20/index.php?action_kouhyou_detail_004_kani=true&JigyosyoCd=2072501352-00&ServiceCd=780&Type=search", "url2": "http://www.achi-syakyo.or.jp/" }, "geometry": { "type": "Point", "coordinates": [ 137.704052733957724, 35.496197787159915 ] } },
{ "type": "Feature", "properties": { "内容": "平谷村社会福祉協議会指定通所介護事業所【地域密着型通所介護】長野県下伊那郡平谷村383-1", "url": "https://www.kaigokensaku.mhlw.go.jp/20/index.php?action_kouhyou_detail_004_kani=true&JigyosyoCd=2072500636-00&ServiceCd=780&Type=search", "url2": null }, "geometry": { "type": "Point", "coordinates": [ 137.6282488132141, 35.323108671374499 ] } },
{ "type": "Feature", "properties": { "内容": "「なごみ」通所介護事業所【地域密着型通所介護】長野県下伊那郡根羽村3015番地362", "url": "https://www.kaigokensaku.mhlw.go.jp/20/index.php?action_kouhyou_detail_004_kani=true&JigyosyoCd=2092500145-00&ServiceCd=780&Type=search", "url2": "https://iful-jikeikai.com" }, "geometry": { "type": "Point", "coordinates": [ 137.5820416, 35.2554936 ] } },
{ "type": "Feature", "properties": { "内容": "有閑荘【地域密着型通所介護】長野県下伊那郡根羽村125番地", "url": "https://www.kaigokensaku.mhlw.go.jp/20/index.php?action_kouhyou_detail_004_kani=true&JigyosyoCd=2072501295-00&ServiceCd=780&Type=search", "url2": null }, "geometry": { "type": "Point", "coordinates": [ 137.581260499999985, 35.2530774 ] } },
{ "type": "Feature", "properties": { "内容": "デイサービスセンター幸齢館【地域密着型通所介護】長野県下伊那郡下條村睦沢8817-1", "url": "https://www.kaigokensaku.mhlw.go.jp/20/index.php?action_kouhyou_detail_004_kani=true&JigyosyoCd=2072501600-00&ServiceCd=780&Type=search", "url2": "https://hikari-sono.com/aboutus/koreikan" }, "geometry": { "type": "Point", "coordinates": [ 137.7875823, 35.3967836 ] } },
{ "type": "Feature", "properties": { "内容": "光の園デイサービスセンター【地域密着型通所介護】長野県下伊那郡下條村睦沢7105番地", "url": "https://www.kaigokensaku.mhlw.go.jp/20/index.php?action_kouhyou_detail_004_kani=true&JigyosyoCd=2072501386-00&ServiceCd=780&Type=search", "url2": "https://hikari-sono.com/aboutus/dayservice" }, "geometry": { "type": "Point", "coordinates": [ 137.7544653, 35.3943078 ] } },
{ "type": "Feature", "properties": { "内容": "社会福祉法人天龍村社会福祉協議会デイサービスセンター山百合荘【地域密着型通所介護】長野県下伊那郡天龍村平岡７７３番地２デイサービスセンター山百合荘", "url": "https://www.kaigokensaku.mhlw.go.jp/20/index.php?action_kouhyou_detail_004_kani=true&JigyosyoCd=2072500420-00&ServiceCd=780&Type=search", "url2": "http://tenryushakyo.info/" }, "geometry": { "type": "Point", "coordinates": [ 137.859755700000051, 35.282771 ] } },
{ "type": "Feature", "properties": { "内容": "社会福祉法人泰阜村社会福祉協議会指定通所介護事業所【地域密着型通所介護】長野県下伊那郡泰阜村3247番地3", "url": "https://www.kaigokensaku.mhlw.go.jp/20/index.php?action_kouhyou_detail_004_kani=true&JigyosyoCd=2072500537-00&ServiceCd=780&Type=search", "url2": "http://yasuokasyakyo.jp/" }, "geometry": { "type": "Point", "coordinates": [ 137.844897, 35.376827 ] } },
{ "type": "Feature", "properties": { "内容": "喬木村社協宅老所ふれ愛【地域密着型通所介護】長野県下伊那郡喬木村６５１４番地４１", "url": "https://www.kaigokensaku.mhlw.go.jp/20/index.php?action_kouhyou_detail_004_kani=true&JigyosyoCd=2072501345-00&ServiceCd=780&Type=search", "url2": "takagi-shakyo.coｍ" }, "geometry": { "type": "Point", "coordinates": [ 137.87112019999995, 35.5163322 ] } },
{ "type": "Feature", "properties": { "内容": "どんつくデイサービスセンター【地域密着型通所介護】長野県下伊那郡豊丘村河野４３１番地", "url": "https://www.kaigokensaku.mhlw.go.jp/20/index.php?action_kouhyou_detail_004_kani=true&JigyosyoCd=2072501477-00&ServiceCd=780&Type=search", "url2": null }, "geometry": { "type": "Point", "coordinates": [ 137.905986195106493, 35.56144389789403 ] } },
{ "type": "Feature", "properties": { "内容": "宅幼老所まめ大福【地域密着型通所介護】長野県下伊那郡大鹿村大字大河原９１４番地", "url": "https://www.kaigokensaku.mhlw.go.jp/20/index.php?action_kouhyou_detail_004_kani=true&JigyosyoCd=2072501311-00&ServiceCd=780&Type=search", "url2": "http://anjanet.blog.fc2.com/" }, "geometry": { "type": "Point", "coordinates": [ 138.0404641, 35.5602142 ] } },
{ "type": "Feature", "properties": { "内容": "宅幼老所ごうどの家【地域密着型通所介護】長野県木曽郡南木曽町読書3348番地9", "url": "https://www.kaigokensaku.mhlw.go.jp/20/index.php?action_kouhyou_detail_004_kani=true&JigyosyoCd=2072600725-00&ServiceCd=780&Type=search", "url2": null }, "geometry": { "type": "Point", "coordinates": [ 137.603803199999987, 35.5939377 ] } },
{ "type": "Feature", "properties": { "内容": "王滝村デイサービスセンター【地域密着型通所介護】長野県木曽郡王滝村２８３０", "url": "https://www.kaigokensaku.mhlw.go.jp/20/index.php?action_kouhyou_detail_004_kani=true&JigyosyoCd=2072600402-00&ServiceCd=780&Type=search", "url2": null }, "geometry": { "type": "Point", "coordinates": [ 137.550969099999946, 35.8093945 ] } },
{ "type": "Feature", "properties": { "内容": "宅幼老所あがらんしょ【地域密着型通所介護】長野県木曽郡大桑村大字野尻１３２６－３", "url": "https://www.kaigokensaku.mhlw.go.jp/20/index.php?action_kouhyou_detail_004_kani=true&JigyosyoCd=2072600477-00&ServiceCd=780&Type=search", "url2": null }, "geometry": { "type": "Point", "coordinates": [ 137.639804700000013, 35.6751167 ] } },
{ "type": "Feature", "properties": { "内容": "開田デイサービスセンター【地域密着型通所介護】長野県木曽郡木曽町開田高原末川2797", "url": "https://www.kaigokensaku.mhlw.go.jp/20/index.php?action_kouhyou_detail_004_kani=true&JigyosyoCd=2072600659-00&ServiceCd=780&Type=search", "url2": "www.kisomachi-shakyo.or.jp" }, "geometry": { "type": "Point", "coordinates": [ 137.634959500000036, 35.9363854 ] } },
{ "type": "Feature", "properties": { "内容": "デイサービスセンターグレイスフル日義【地域密着型通所介護】長野県木曽郡木曽町日義２７５２-１", "url": "https://www.kaigokensaku.mhlw.go.jp/20/index.php?action_kouhyou_detail_004_kani=true&JigyosyoCd=2072600451-00&ServiceCd=780&Type=search", "url2": "http://www.sun-vision.or.jp/" }, "geometry": { "type": "Point", "coordinates": [ 137.757678, 35.8856181 ] } },
{ "type": "Feature", "properties": { "内容": "デイサービス団らんみんなのまる福【地域密着型通所介護】長野県木曽郡木曽町三岳6308-3みんなのまる福", "url": "https://www.kaigokensaku.mhlw.go.jp/20/index.php?action_kouhyou_detail_004_kani=true&JigyosyoCd=2092600127-00&ServiceCd=780&Type=search", "url2": "info@minna-no-marufuku.com" }, "geometry": { "type": "Point", "coordinates": [ 137.62606310000001, 35.8466408 ] } },
{ "type": "Feature", "properties": { "内容": "フィジカル＆メンタルヘルスケア　彩里【地域密着型通所介護】長野県木曽郡木曽町福島7981番地1", "url": "https://www.kaigokensaku.mhlw.go.jp/20/index.php?action_kouhyou_detail_004_kani=true&JigyosyoCd=2092600101-00&ServiceCd=780&Type=search", "url2": "http://www.irodori.care/" }, "geometry": { "type": "Point", "coordinates": [ 137.7144578, 35.840556 ] } },
{ "type": "Feature", "properties": { "内容": "デイサービス清雲【地域密着型通所介護】長野県木曽郡木曽町日義４８７８", "url": "https://www.kaigokensaku.mhlw.go.jp/20/index.php?action_kouhyou_detail_004_kani=true&JigyosyoCd=2072600774-00&ServiceCd=780&Type=search", "url2": null }, "geometry": { "type": "Point", "coordinates": [ 137.740103099999942, 35.8621153 ] } },
{ "type": "Feature", "properties": { "内容": "宅幼老所茶の間【地域密着型通所介護】長野県東筑摩郡筑北村西条４０８４－４", "url": "https://www.kaigokensaku.mhlw.go.jp/20/index.php?action_kouhyou_detail_004_kani=true&JigyosyoCd=2072700699-00&ServiceCd=780&Type=search", "url2": "chanoma@go.tvm.ne.jp" }, "geometry": { "type": "Point", "coordinates": [ 138.010630200000037, 36.4016337 ] } },
{ "type": "Feature", "properties": { "内容": "デイサービス坂井【地域密着型通所介護】長野県東筑摩郡筑北村坂井5727番地", "url": "https://www.kaigokensaku.mhlw.go.jp/20/index.php?action_kouhyou_detail_004_kani=true&JigyosyoCd=2092700091-00&ServiceCd=780&Type=search", "url2": "http://chikuhoku-shakyo.or.jp/" }, "geometry": { "type": "Point", "coordinates": [ 138.0682319, 36.4480264 ] } },
{ "type": "Feature", "properties": { "内容": "よりどころ　なごみ【地域密着型通所介護】長野県北安曇郡池田町大字会染3846-1", "url": "https://www.kaigokensaku.mhlw.go.jp/20/index.php?action_kouhyou_detail_004_kani=true&JigyosyoCd=2072900778-00&ServiceCd=780&Type=search", "url2": null }, "geometry": { "type": "Point", "coordinates": [ 137.892655845422354, 36.407157767527671 ] } },
{ "type": "Feature", "properties": { "内容": "いけだデイサービスセンター小島館【地域密着型通所介護】長野県北安曇郡池田町大字池田２１２８番地３", "url": "https://www.kaigokensaku.mhlw.go.jp/20/index.php?action_kouhyou_detail_004_kani=true&JigyosyoCd=2072900463-00&ServiceCd=780&Type=search", "url2": "http://www.ikedashakyo.or.jp" }, "geometry": { "type": "Point", "coordinates": [ 137.882759800000031, 36.4211213 ] } },
{ "type": "Feature", "properties": { "内容": "憩いの家　嬉々【地域密着型通所介護】長野県北安曇郡池田町大字池田４１１６－２", "url": "https://www.kaigokensaku.mhlw.go.jp/20/index.php?action_kouhyou_detail_004_kani=true&JigyosyoCd=2092900048-00&ServiceCd=780&Type=search", "url2": null }, "geometry": { "type": "Point", "coordinates": [ 137.879034717104076, 36.41726244899548 ] } },
{ "type": "Feature", "properties": { "内容": "松川村社協デイサービスセンター【地域密着型通所介護】長野県北安曇郡松川村５６５０－１９福祉プラザゆうあい館", "url": "https://www.kaigokensaku.mhlw.go.jp/20/index.php?action_kouhyou_detail_004_kani=true&JigyosyoCd=2072900505-00&ServiceCd=780&Type=search", "url2": "http://www.matsukawa-shakyo.jp/" }, "geometry": { "type": "Point", "coordinates": [ 137.866583600000013, 36.403264 ] } },
{ "type": "Feature", "properties": { "内容": "宅老所花・HANA【地域密着型通所介護】長野県北安曇郡松川村5960番地165", "url": "https://www.kaigokensaku.mhlw.go.jp/20/index.php?action_kouhyou_detail_004_kani=true&JigyosyoCd=2072900356-00&ServiceCd=780&Type=search", "url2": null }, "geometry": { "type": "Point", "coordinates": [ 137.855740335220531, 36.392806017253065 ] } },
{ "type": "Feature", "properties": { "内容": "小規模デイサービス花こころ【地域密着型通所介護】長野県北安曇郡松川村５９６０番地１６５", "url": "https://www.kaigokensaku.mhlw.go.jp/20/index.php?action_kouhyou_detail_004_kani=true&JigyosyoCd=2072900752-00&ServiceCd=780&Type=search", "url2": "office-hana@peach.ocn.ne.jp" }, "geometry": { "type": "Point", "coordinates": [ -81.297689399999967, 40.7308291 ] } },
{ "type": "Feature", "properties": { "内容": "デイサービスセンター白嶺【地域密着型通所介護】長野県北安曇郡白馬村大字神城22847-2", "url": "https://www.kaigokensaku.mhlw.go.jp/20/index.php?action_kouhyou_detail_004_kani=true&JigyosyoCd=2072900141-00&ServiceCd=780&Type=search", "url2": "http://www.hakurei-nagano.com/" }, "geometry": { "type": "Point", "coordinates": [ 137.844896799999987, 36.6640499 ] } },
{ "type": "Feature", "properties": { "内容": "白馬村社協デイサービスセンター岳の湯【地域密着型通所介護】長野県北安曇郡白馬村大字北城265番地38", "url": "https://www.kaigokensaku.mhlw.go.jp/20/index.php?action_kouhyou_detail_004_kani=true&JigyosyoCd=2072900745-00&ServiceCd=780&Type=search", "url2": null }, "geometry": { "type": "Point", "coordinates": [ 137.853491837748749, 36.681372754475163 ] } },
{ "type": "Feature", "properties": { "内容": "さかき美山園デイサービスセンター【地域密着型通所介護】長野県埴科郡坂城町大字南条2725ｰ2", "url": "https://www.kaigokensaku.mhlw.go.jp/20/index.php?action_kouhyou_detail_004_kani=true&JigyosyoCd=2073100113-00&ServiceCd=780&Type=search", "url2": "http://www.sakakifukushikai.or.jp" }, "geometry": { "type": "Point", "coordinates": [ 138.203716500000041, 36.4372679 ] } },
{ "type": "Feature", "properties": { "内容": "運動型デイ　チェリーガーデン【地域密着型通所介護】長野県埴科郡坂城町中之条872", "url": "https://www.kaigokensaku.mhlw.go.jp/20/index.php?action_kouhyou_detail_004_kani=true&JigyosyoCd=2093100069-00&ServiceCd=780&Type=search", "url2": "https://www.koujin-kai.or.jp/" }, "geometry": { "type": "Point", "coordinates": [ 138.189440499999989, 36.4493293 ] } },
{ "type": "Feature", "properties": { "内容": "宅幼老所　お福星【地域密着型通所介護】長野県上高井郡小布施町大字小布施627番地36", "url": "https://www.kaigokensaku.mhlw.go.jp/20/index.php?action_kouhyou_detail_004_kani=true&JigyosyoCd=2073200335-00&ServiceCd=780&Type=search", "url2": "https://kabushikigaisyai00.wixsite.com/ohuse" }, "geometry": { "type": "Point", "coordinates": [ 138.31927, 36.6993225 ] } },
{ "type": "Feature", "properties": { "内容": "リハライフ須高【地域密着型通所介護】大字高井４８９４－１", "url": "https://www.kaigokensaku.mhlw.go.jp/20/index.php?action_kouhyou_detail_004_kani=true&JigyosyoCd=2073200277-00&ServiceCd=780&Type=search", "url2": null }, "geometry": { "type": "Point", "coordinates": [ 138.369124300000067, 36.6805259 ] } },
{ "type": "Feature", "properties": { "内容": "宅老所おひさま【地域密着型通所介護】長野県上高井郡高山村大字高井4119", "url": "https://www.kaigokensaku.mhlw.go.jp/20/index.php?action_kouhyou_detail_004_kani=true&JigyosyoCd=2073200269-00&ServiceCd=780&Type=search", "url2": null }, "geometry": { "type": "Point", "coordinates": [ 138.373613, 36.6742627 ] } },
{ "type": "Feature", "properties": { "内容": "通所介護事業所たかやしろ【地域密着型通所介護】長野県下高井郡山ノ内町大字夜間瀬２４４９－２", "url": "https://www.kaigokensaku.mhlw.go.jp/20/index.php?action_kouhyou_detail_004_kani=true&JigyosyoCd=2073300309-00&ServiceCd=780&Type=search", "url2": null }, "geometry": { "type": "Point", "coordinates": [ 138.3993302, 36.7620257 ] } },
{ "type": "Feature", "properties": { "内容": "デイサービス　ぬくもり【地域密着型通所介護】長野県下高井郡山ノ内町大字平穏欠端４３８７－１", "url": "https://www.kaigokensaku.mhlw.go.jp/20/index.php?action_kouhyou_detail_004_kani=true&JigyosyoCd=2073300374-00&ServiceCd=780&Type=search", "url2": null }, "geometry": { "type": "Point", "coordinates": [ 138.404882899999961, 36.7494135 ] } },
{ "type": "Feature", "properties": { "内容": "宅幼老所おら家【地域密着型通所介護】長野県下高井郡野沢温泉村大字豊郷４３９９番地", "url": "https://www.kaigokensaku.mhlw.go.jp/20/index.php?action_kouhyou_detail_004_kani=true&JigyosyoCd=2073300242-00&ServiceCd=780&Type=search", "url2": "http//orauchi.jp/" }, "geometry": { "type": "Point", "coordinates": [ 138.445579700000053, 36.9204136 ] } },
{ "type": "Feature", "properties": { "内容": "宅老所こころ【地域密着型通所介護】長野県上水内郡信濃町大字柏原６４－５", "url": "https://www.kaigokensaku.mhlw.go.jp/20/index.php?action_kouhyou_detail_004_kani=true&JigyosyoCd=2073400562-00&ServiceCd=780&Type=search", "url2": "https://v-c-shinano.or.jp" }, "geometry": { "type": "Point", "coordinates": [ 138.204726803443918, 36.805565350138991 ] } },
{ "type": "Feature", "properties": { "内容": "信濃町デイサービスセンター【地域密着型通所介護】長野県上水内郡信濃町柏原大字柏原350番地", "url": "https://www.kaigokensaku.mhlw.go.jp/20/index.php?action_kouhyou_detail_004_kani=true&JigyosyoCd=2093400097-00&ServiceCd=780&Type=search", "url2": "https://oragakai.jp" }, "geometry": { "type": "Point", "coordinates": [ 138.2047933, 36.8092018 ] } },
{ "type": "Feature", "properties": { "内容": "宅幼老所ひなたぼっこの家【地域密着型通所介護】長野県上水内郡信濃町大字大井４５２－１", "url": "https://www.kaigokensaku.mhlw.go.jp/20/index.php?action_kouhyou_detail_004_kani=true&JigyosyoCd=2073400646-00&ServiceCd=780&Type=search", "url2": null }, "geometry": { "type": "Point", "coordinates": [ 138.18817690000003, 36.7737976 ] } },
{ "type": "Feature", "properties": { "内容": "株式会社　ライフ・パートナー　ケアプラザみつえ　デイサービスセンター【地域密着型通所介護】長野県上水内郡飯綱町大字牟礼字裏町2519-1", "url": "https://www.kaigokensaku.mhlw.go.jp/20/index.php?action_kouhyou_detail_004_kani=true&JigyosyoCd=2073400794-00&ServiceCd=780&Type=search", "url2": "careplaza-mitsue.jp/" }, "geometry": { "type": "Point", "coordinates": [ 138.234666800000014, 36.7522108 ] } },
{ "type": "Feature", "properties": { "内容": "りんごパーク【地域密着型通所介護】長野県上水内郡飯綱町大字芋川１６０番地", "url": "https://www.kaigokensaku.mhlw.go.jp/20/index.php?action_kouhyou_detail_004_kani=true&JigyosyoCd=2093400063-00&ServiceCd=780&Type=search", "url2": "https://www.ii-shakyo.or.jp/" }, "geometry": { "type": "Point", "coordinates": [ 138.254950799999961, 36.763274 ] } },
{ "type": "Feature", "properties": { "内容": "さみずの郷【地域密着型通所介護】長野県上水内郡飯綱町大字芋川1209", "url": "https://www.kaigokensaku.mhlw.go.jp/20/index.php?action_kouhyou_detail_004_kani=true&JigyosyoCd=2093400105-00&ServiceCd=780&Type=search", "url2": "https://www.ii-shakyo.or.jp" }, "geometry": { "type": "Point", "coordinates": [ 138.258846799999986, 36.765205 ] } },
{ "type": "Feature", "properties": { "内容": "栄村高齢者生きがいセンター【地域密着型通所介護】長野県下水内郡栄村堺18174-1", "url": "https://www.kaigokensaku.mhlw.go.jp/20/index.php?action_kouhyou_detail_004_kani=true&JigyosyoCd=2093500029-00&ServiceCd=780&Type=search", "url2": null }, "geometry": { "type": "Point", "coordinates": [ 138.6355992, 36.8629345 ] } }
]
}
