{
  "type": "FeatureCollection",
  "features": [
    {
      "type": "Feature",
      "geometry": {
        "type": "Point",
        "coordinates": [
          137.6066763,
          36.2097172
        ]
      },
      "properties": {
        "内容": "バス停: 中の湯",
        "name": "中の湯",
        "operator": "事業者不明",
        "ref": "K26",
        "url": "",
        "url2": ""
      }
    },
    {
      "type": "Feature",
      "geometry": {
        "type": "Point",
        "coordinates": [
          137.9412568,
          36.4195905
        ]
      },
      "properties": {
        "内容": "バス停: 小舟",
        "name": "小舟",
        "operator": "事業者不明",
        "ref": "",
        "url": "",
        "url2": ""
      }
    },
    {
      "type": "Feature",
      "geometry": {
        "type": "Point",
        "coordinates": [
          138.2718461,
          36.1294481
        ]
      },
      "properties": {
        "内容": "バス停: 名称不明バス停",
        "name": "名称不明バス停",
        "operator": "事業者不明",
        "ref": "",
        "url": "",
        "url2": ""
      }
    },
    {
      "type": "Feature",
      "geometry": {
        "type": "Point",
        "coordinates": [
          138.2136548,
          35.7421356
        ]
      },
      "properties": {
        "内容": "バス停: 北沢峠",
        "name": "北沢峠",
        "operator": "事業者不明",
        "ref": "",
        "url": "",
        "url2": ""
      }
    },
    {
      "type": "Feature",
      "geometry": {
        "type": "Point",
        "coordinates": [
          138.2744436,
          36.7107194
        ]
      },
      "properties": {
        "内容": "バス停: 名称不明バス停",
        "name": "名称不明バス停",
        "operator": "事業者不明",
        "ref": "",
        "url": "",
        "url2": ""
      }
    },
    {
      "type": "Feature",
      "geometry": {
        "type": "Point",
        "coordinates": [
          138.1967534,
          36.8078844
        ]
      },
      "properties": {
        "内容": "バス停: 名称不明バス停",
        "name": "名称不明バス停",
        "operator": "事業者不明",
        "ref": "",
        "url": "",
        "url2": ""
      }
    },
    {
      "type": "Feature",
      "geometry": {
        "type": "Point",
        "coordinates": [
          138.2469409,
          36.7530259
        ]
      },
      "properties": {
        "内容": "バス停: 名称不明バス停",
        "name": "名称不明バス停",
        "operator": "事業者不明",
        "ref": "",
        "url": "",
        "url2": ""
      }
    },
    {
      "type": "Feature",
      "geometry": {
        "type": "Point",
        "coordinates": [
          137.9966712,
          36.0976731
        ]
      },
      "properties": {
        "内容": "バス停: 長野道みどり湖",
        "name": "長野道みどり湖",
        "operator": "事業者不明",
        "ref": "",
        "url": "",
        "url2": ""
      }
    },
    {
      "type": "Feature",
      "geometry": {
        "type": "Point",
        "coordinates": [
          137.5927679,
          35.5616895
        ]
      },
      "properties": {
        "内容": "バス停: 庚申塚",
        "name": "庚申塚",
        "operator": "事業者不明",
        "ref": "",
        "url": "",
        "url2": ""
      }
    },
    {
      "type": "Feature",
      "geometry": {
        "type": "Point",
        "coordinates": [
          137.984188,
          36.865881
        ]
      },
      "properties": {
        "内容": "バス停: 名称不明バス停",
        "name": "名称不明バス停",
        "operator": "事業者不明",
        "ref": "",
        "url": "",
        "url2": ""
      }
    },
    {
      "type": "Feature",
      "geometry": {
        "type": "Point",
        "coordinates": [
          138.6370993,
          36.3430426
        ]
      },
      "properties": {
        "内容": "バス停: 軽井沢駅 (西武観光バス)",
        "name": "軽井沢駅",
        "operator": "西武観光バス",
        "ref": "",
        "url": "",
        "url2": ""
      }
    },
    {
      "type": "Feature",
      "geometry": {
        "type": "Point",
        "coordinates": [
          138.6368478,
          36.3430465
        ]
      },
      "properties": {
        "内容": "バス停: 軽井沢駅 (千曲バス)",
        "name": "軽井沢駅",
        "operator": "千曲バス",
        "ref": "",
        "url": "",
        "url2": ""
      }
    },
    {
      "type": "Feature",
      "geometry": {
        "type": "Point",
        "coordinates": [
          138.6362978,
          36.3430653
        ]
      },
      "properties": {
        "内容": "バス停: 軽井沢駅 (西武観光バス)",
        "name": "軽井沢駅",
        "operator": "西武観光バス",
        "ref": "",
        "url": "",
        "url2": ""
      }
    },
    {
      "type": "Feature",
      "geometry": {
        "type": "Point",
        "coordinates": [
          138.6365462,
          36.3430609
        ]
      },
      "properties": {
        "内容": "バス停: 軽井沢駅 (草軽交通)",
        "name": "軽井沢駅",
        "operator": "草軽交通",
        "ref": "",
        "url": "",
        "url2": ""
      }
    },
    {
      "type": "Feature",
      "geometry": {
        "type": "Point",
        "coordinates": [
          138.6368648,
          36.3431402
        ]
      },
      "properties": {
        "内容": "バス停: 軽井沢駅 (ジェイアールバス関東)",
        "name": "軽井沢駅",
        "operator": "ジェイアールバス関東",
        "ref": "",
        "url": "",
        "url2": ""
      }
    },
    {
      "type": "Feature",
      "geometry": {
        "type": "Point",
        "coordinates": [
          138.6031626,
          36.3448671
        ]
      },
      "properties": {
        "内容": "バス停: 中学校前",
        "name": "中学校前",
        "operator": "事業者不明",
        "ref": "",
        "url": "",
        "url2": ""
      }
    },
    {
      "type": "Feature",
      "geometry": {
        "type": "Point",
        "coordinates": [
          138.3049565,
          36.6568423
        ]
      },
      "properties": {
        "内容": "バス停: 名称不明バス停 (長電バス)",
        "name": "名称不明バス停",
        "operator": "長電バス",
        "ref": "",
        "url": "",
        "url2": ""
      }
    },
    {
      "type": "Feature",
      "geometry": {
        "type": "Point",
        "coordinates": [
          137.8208072,
          35.5190141
        ]
      },
      "properties": {
        "内容": "バス停: 名称不明バス停",
        "name": "名称不明バス停",
        "operator": "事業者不明",
        "ref": "",
        "url": "",
        "url2": ""
      }
    },
    {
      "type": "Feature",
      "geometry": {
        "type": "Point",
        "coordinates": [
          137.8225005,
          35.5198539
        ]
      },
      "properties": {
        "内容": "バス停: 結いスクエア",
        "name": "結いスクエア",
        "operator": "事業者不明",
        "ref": "",
        "url": "",
        "url2": ""
      }
    },
    {
      "type": "Feature",
      "geometry": {
        "type": "Point",
        "coordinates": [
          138.1877749,
          36.6436463
        ]
      },
      "properties": {
        "内容": "バス停: 長野駅",
        "name": "長野駅",
        "operator": "事業者不明",
        "ref": "",
        "url": "",
        "url2": ""
      }
    },
    {
      "type": "Feature",
      "geometry": {
        "type": "Point",
        "coordinates": [
          138.1882133,
          36.6437467
        ]
      },
      "properties": {
        "内容": "バス停: 長野 西",
        "name": "長野 西",
        "operator": "事業者不明",
        "ref": "",
        "url": "",
        "url2": ""
      }
    },
    {
      "type": "Feature",
      "geometry": {
        "type": "Point",
        "coordinates": [
          137.7475157,
          36.3924611
        ]
      },
      "properties": {
        "内容": "バス停: 中房温泉のりば",
        "name": "中房温泉のりば",
        "operator": "事業者不明",
        "ref": "",
        "url": "",
        "url2": ""
      }
    },
    {
      "type": "Feature",
      "geometry": {
        "type": "Point",
        "coordinates": [
          137.749417,
          36.3874678
        ]
      },
      "properties": {
        "内容": "バス停: 有明荘",
        "name": "有明荘",
        "operator": "事業者不明",
        "ref": "",
        "url": "",
        "url2": ""
      }
    },
    {
      "type": "Feature",
      "geometry": {
        "type": "Point",
        "coordinates": [
          138.1881321,
          36.6436122
        ]
      },
      "properties": {
        "内容": "バス停: 長野駅",
        "name": "長野駅",
        "operator": "事業者不明",
        "ref": "",
        "url": "",
        "url2": ""
      }
    },
    {
      "type": "Feature",
      "geometry": {
        "type": "Point",
        "coordinates": [
          138.1879329,
          36.6439033
        ]
      },
      "properties": {
        "内容": "バス停: 名称不明バス停",
        "name": "名称不明バス停",
        "operator": "事業者不明",
        "ref": "",
        "url": "",
        "url2": ""
      }
    },
    {
      "type": "Feature",
      "geometry": {
        "type": "Point",
        "coordinates": [
          137.8342519,
          35.7678962
        ]
      },
      "properties": {
        "内容": "バス停: しらび平",
        "name": "しらび平",
        "operator": "事業者不明",
        "ref": "",
        "url": "",
        "url2": ""
      }
    },
    {
      "type": "Feature",
      "geometry": {
        "type": "Point",
        "coordinates": [
          137.8617599,
          36.6940375
        ]
      },
      "properties": {
        "内容": "バス停: 白馬町 (アルピコ交通)",
        "name": "白馬町",
        "operator": "アルピコ交通",
        "ref": "",
        "url": "",
        "url2": ""
      }
    },
    {
      "type": "Feature",
      "geometry": {
        "type": "Point",
        "coordinates": [
          137.8456096,
          36.7015349
        ]
      },
      "properties": {
        "内容": "バス停: 白馬八方バスターミナル (アルピコ交通)",
        "name": "白馬八方バスターミナル",
        "operator": "アルピコ交通",
        "ref": "",
        "url": "",
        "url2": ""
      }
    },
    {
      "type": "Feature",
      "geometry": {
        "type": "Point",
        "coordinates": [
          137.5949441,
          35.5790314
        ]
      },
      "properties": {
        "内容": "バス停: 名称不明バス停",
        "name": "名称不明バス停",
        "operator": "事業者不明",
        "ref": "",
        "url": "",
        "url2": ""
      }
    },
    {
      "type": "Feature",
      "geometry": {
        "type": "Point",
        "coordinates": [
          137.5948617,
          35.579051
        ]
      },
      "properties": {
        "内容": "バス停: 名称不明バス停",
        "name": "名称不明バス停",
        "operator": "事業者不明",
        "ref": "",
        "url": "",
        "url2": ""
      }
    },
    {
      "type": "Feature",
      "geometry": {
        "type": "Point",
        "coordinates": [
          138.419923,
          36.3271197
        ]
      },
      "properties": {
        "内容": "バス停: 名称不明バス停",
        "name": "名称不明バス停",
        "operator": "事業者不明",
        "ref": "",
        "url": "",
        "url2": ""
      }
    },
    {
      "type": "Feature",
      "geometry": {
        "type": "Point",
        "coordinates": [
          138.4182091,
          36.3250581
        ]
      },
      "properties": {
        "内容": "バス停: 名称不明バス停",
        "name": "名称不明バス停",
        "operator": "事業者不明",
        "ref": "",
        "url": "",
        "url2": ""
      }
    },
    {
      "type": "Feature",
      "geometry": {
        "type": "Point",
        "coordinates": [
          138.4246498,
          36.3280376
        ]
      },
      "properties": {
        "内容": "バス停: 名称不明バス停",
        "name": "名称不明バス停",
        "operator": "事業者不明",
        "ref": "",
        "url": "",
        "url2": ""
      }
    },
    {
      "type": "Feature",
      "geometry": {
        "type": "Point",
        "coordinates": [
          138.421796,
          36.3274001
        ]
      },
      "properties": {
        "内容": "バス停: 小諸駅",
        "name": "小諸駅",
        "operator": "事業者不明",
        "ref": "",
        "url": "",
        "url2": ""
      }
    },
    {
      "type": "Feature",
      "geometry": {
        "type": "Point",
        "coordinates": [
          138.4217255,
          36.3273033
        ]
      },
      "properties": {
        "内容": "バス停: 名称不明バス停",
        "name": "名称不明バス停",
        "operator": "事業者不明",
        "ref": "",
        "url": "",
        "url2": ""
      }
    },
    {
      "type": "Feature",
      "geometry": {
        "type": "Point",
        "coordinates": [
          138.4237837,
          36.3266134
        ]
      },
      "properties": {
        "内容": "バス停: 赤坂",
        "name": "赤坂",
        "operator": "事業者不明",
        "ref": "",
        "url": "",
        "url2": ""
      }
    },
    {
      "type": "Feature",
      "geometry": {
        "type": "Point",
        "coordinates": [
          138.235425,
          36.654962
        ]
      },
      "properties": {
        "内容": "バス停: 尾張部神社前",
        "name": "尾張部神社前",
        "operator": "事業者不明",
        "ref": "",
        "url": "",
        "url2": ""
      }
    },
    {
      "type": "Feature",
      "geometry": {
        "type": "Point",
        "coordinates": [
          138.239554,
          36.655259
        ]
      },
      "properties": {
        "内容": "バス停: 北尾張部",
        "name": "北尾張部",
        "operator": "事業者不明",
        "ref": "",
        "url": "",
        "url2": ""
      }
    },
    {
      "type": "Feature",
      "geometry": {
        "type": "Point",
        "coordinates": [
          137.773109,
          36.169043
        ]
      },
      "properties": {
        "内容": "バス停: 稲核ダム (アルピコ交通)",
        "name": "稲核ダム",
        "operator": "アルピコ交通",
        "ref": "K-08",
        "url": "",
        "url2": ""
      }
    },
    {
      "type": "Feature",
      "geometry": {
        "type": "Point",
        "coordinates": [
          137.6892636,
          36.1474878
        ]
      },
      "properties": {
        "内容": "バス停: 親子滝 (アルピコ交通)",
        "name": "親子滝",
        "operator": "アルピコ交通",
        "ref": "K-17",
        "url": "",
        "url2": ""
      }
    },
    {
      "type": "Feature",
      "geometry": {
        "type": "Point",
        "coordinates": [
          137.6484665,
          36.1695782
        ]
      },
      "properties": {
        "内容": "バス停: さわんど岩見平",
        "name": "さわんど岩見平",
        "operator": "事業者不明",
        "ref": "",
        "url": "",
        "url2": ""
      }
    },
    {
      "type": "Feature",
      "geometry": {
        "type": "Point",
        "coordinates": [
          137.6352483,
          36.2462826
        ]
      },
      "properties": {
        "内容": "バス停: 上高地",
        "name": "上高地",
        "operator": "事業者不明",
        "ref": "K30",
        "url": "",
        "url2": ""
      }
    },
    {
      "type": "Feature",
      "geometry": {
        "type": "Point",
        "coordinates": [
          137.6590023,
          36.1635352
        ]
      },
      "properties": {
        "内容": "バス停: さわんど大橋 (アルピコ交通)",
        "name": "さわんど大橋",
        "operator": "アルピコ交通",
        "ref": "K-18",
        "url": "",
        "url2": ""
      }
    },
    {
      "type": "Feature",
      "geometry": {
        "type": "Point",
        "coordinates": [
          137.6330949,
          35.4556754
        ]
      },
      "properties": {
        "内容": "バス停: 名称不明バス停",
        "name": "名称不明バス停",
        "operator": "事業者不明",
        "ref": "",
        "url": "",
        "url2": ""
      }
    },
    {
      "type": "Feature",
      "geometry": {
        "type": "Point",
        "coordinates": [
          137.811605,
          36.527489
        ]
      },
      "properties": {
        "内容": "バス停: 大町温泉郷",
        "name": "大町温泉郷",
        "operator": "事業者不明",
        "ref": "",
        "url": "",
        "url2": ""
      }
    },
    {
      "type": "Feature",
      "geometry": {
        "type": "Point",
        "coordinates": [
          137.8912596,
          35.7431758
        ]
      },
      "properties": {
        "内容": "バス停: 菅の台バスセンター (中央アルプス観光株式会社)",
        "name": "菅の台バスセンター",
        "operator": "中央アルプス観光株式会社",
        "ref": "",
        "url": "",
        "url2": ""
      }
    },
    {
      "type": "Feature",
      "geometry": {
        "type": "Point",
        "coordinates": [
          138.1674446,
          36.0973159
        ]
      },
      "properties": {
        "内容": "バス停: 霧ヶ峰インターチェンジ",
        "name": "霧ヶ峰インターチェンジ",
        "operator": "事業者不明",
        "ref": "",
        "url": "",
        "url2": ""
      }
    },
    {
      "type": "Feature",
      "geometry": {
        "type": "Point",
        "coordinates": [
          138.1876438,
          36.1038447
        ]
      },
      "properties": {
        "内容": "バス停: 車山肩",
        "name": "車山肩",
        "operator": "事業者不明",
        "ref": "",
        "url": "",
        "url2": ""
      }
    },
    {
      "type": "Feature",
      "geometry": {
        "type": "Point",
        "coordinates": [
          138.4570305,
          36.6687608
        ]
      },
      "properties": {
        "内容": "バス停: 名称不明バス停",
        "name": "名称不明バス停",
        "operator": "事業者不明",
        "ref": "",
        "url": "",
        "url2": ""
      }
    },
    {
      "type": "Feature",
      "geometry": {
        "type": "Point",
        "coordinates": [
          138.199572,
          36.343302
        ]
      },
      "properties": {
        "内容": "バス停: 無言館入口 (上田バス)",
        "name": "無言館入口",
        "operator": "上田バス",
        "ref": "",
        "url": "",
        "url2": ""
      }
    },
    {
      "type": "Feature",
      "geometry": {
        "type": "Point",
        "coordinates": [
          138.461701,
          36.373132
        ]
      },
      "properties": {
        "内容": "バス停: 浅間登山口",
        "name": "浅間登山口",
        "operator": "事業者不明",
        "ref": "",
        "url": "",
        "url2": ""
      }
    },
    {
      "type": "Feature",
      "geometry": {
        "type": "Point",
        "coordinates": [
          138.424696,
          36.328048
        ]
      },
      "properties": {
        "内容": "バス停: 小諸相生町",
        "name": "小諸相生町",
        "operator": "事業者不明",
        "ref": "",
        "url": "",
        "url2": ""
      }
    },
    {
      "type": "Feature",
      "geometry": {
        "type": "Point",
        "coordinates": [
          138.31609,
          36.695533
        ]
      },
      "properties": {
        "内容": "バス停: 小布施 (高速バス大阪線)",
        "name": "小布施",
        "operator": "高速バス大阪線",
        "ref": "",
        "url": "",
        "url2": ""
      }
    },
    {
      "type": "Feature",
      "geometry": {
        "type": "Point",
        "coordinates": [
          138.313045,
          36.698956
        ]
      },
      "properties": {
        "内容": "バス停: 名称不明バス停",
        "name": "名称不明バス停",
        "operator": "事業者不明",
        "ref": "",
        "url": "",
        "url2": ""
      }
    },
    {
      "type": "Feature",
      "geometry": {
        "type": "Point",
        "coordinates": [
          138.317651,
          36.695689
        ]
      },
      "properties": {
        "内容": "バス停: 北斎館入口",
        "name": "北斎館入口",
        "operator": "事業者不明",
        "ref": "3",
        "url": "",
        "url2": ""
      }
    },
    {
      "type": "Feature",
      "geometry": {
        "type": "Point",
        "coordinates": [
          138.265347,
          36.707783
        ]
      },
      "properties": {
        "内容": "バス停: りんごの湯",
        "name": "りんごの湯",
        "operator": "事業者不明",
        "ref": "",
        "url": "",
        "url2": ""
      }
    },
    {
      "type": "Feature",
      "geometry": {
        "type": "Point",
        "coordinates": [
          138.5187564,
          36.6698445
        ]
      },
      "properties": {
        "内容": "バス停: のぞき",
        "name": "のぞき",
        "operator": "事業者不明",
        "ref": "",
        "url": "",
        "url2": ""
      }
    },
    {
      "type": "Feature",
      "geometry": {
        "type": "Point",
        "coordinates": [
          137.7209374,
          36.5586111
        ]
      },
      "properties": {
        "内容": "バス停: 扇沢",
        "name": "扇沢",
        "operator": "事業者不明",
        "ref": "",
        "url": "",
        "url2": ""
      }
    },
    {
      "type": "Feature",
      "geometry": {
        "type": "Point",
        "coordinates": [
          137.7210841,
          36.5591491
        ]
      },
      "properties": {
        "内容": "バス停: 扇沢",
        "name": "扇沢",
        "operator": "事業者不明",
        "ref": "",
        "url": "",
        "url2": ""
      }
    },
    {
      "type": "Feature",
      "geometry": {
        "type": "Point",
        "coordinates": [
          137.720928,
          36.5587813
        ]
      },
      "properties": {
        "内容": "バス停: 扇沢",
        "name": "扇沢",
        "operator": "事業者不明",
        "ref": "",
        "url": "",
        "url2": ""
      }
    },
    {
      "type": "Feature",
      "geometry": {
        "type": "Point",
        "coordinates": [
          138.0844306,
          36.0170167
        ]
      },
      "properties": {
        "内容": "バス停: 中央有賀",
        "name": "中央有賀",
        "operator": "事業者不明",
        "ref": "",
        "url": "",
        "url2": ""
      }
    },
    {
      "type": "Feature",
      "geometry": {
        "type": "Point",
        "coordinates": [
          137.841396,
          36.56638
        ]
      },
      "properties": {
        "内容": "バス停: 名称不明バス停",
        "name": "名称不明バス停",
        "operator": "事業者不明",
        "ref": "",
        "url": "",
        "url2": ""
      }
    },
    {
      "type": "Feature",
      "geometry": {
        "type": "Point",
        "coordinates": [
          137.84817,
          36.656755
        ]
      },
      "properties": {
        "内容": "バス停: 白馬五竜",
        "name": "白馬五竜",
        "operator": "事業者不明",
        "ref": "",
        "url": "",
        "url2": ""
      }
    },
    {
      "type": "Feature",
      "geometry": {
        "type": "Point",
        "coordinates": [
          137.8586442,
          36.6971744
        ]
      },
      "properties": {
        "内容": "バス停: 八方口 (アルピコ交通)",
        "name": "八方口",
        "operator": "アルピコ交通",
        "ref": "",
        "url": "",
        "url2": ""
      }
    },
    {
      "type": "Feature",
      "geometry": {
        "type": "Point",
        "coordinates": [
          137.9107396,
          35.7390444
        ]
      },
      "properties": {
        "内容": "バス停: 名称不明バス停",
        "name": "名称不明バス停",
        "operator": "事業者不明",
        "ref": "",
        "url": "",
        "url2": ""
      }
    },
    {
      "type": "Feature",
      "geometry": {
        "type": "Point",
        "coordinates": [
          137.9215484,
          35.7389265
        ]
      },
      "properties": {
        "内容": "バス停: 名称不明バス停",
        "name": "名称不明バス停",
        "operator": "事業者不明",
        "ref": "",
        "url": "",
        "url2": ""
      }
    },
    {
      "type": "Feature",
      "geometry": {
        "type": "Point",
        "coordinates": [
          137.9334155,
          35.7361715
        ]
      },
      "properties": {
        "内容": "バス停: 名称不明バス停",
        "name": "名称不明バス停",
        "operator": "事業者不明",
        "ref": "",
        "url": "",
        "url2": ""
      }
    },
    {
      "type": "Feature",
      "geometry": {
        "type": "Point",
        "coordinates": [
          137.9365325,
          35.7362472
        ]
      },
      "properties": {
        "内容": "バス停: 名称不明バス停",
        "name": "名称不明バス停",
        "operator": "事業者不明",
        "ref": "",
        "url": "",
        "url2": ""
      }
    },
    {
      "type": "Feature",
      "geometry": {
        "type": "Point",
        "coordinates": [
          137.9692429,
          36.2321247
        ]
      },
      "properties": {
        "内容": "バス停: 本町",
        "name": "本町",
        "operator": "事業者不明",
        "ref": "",
        "url": "",
        "url2": ""
      }
    },
    {
      "type": "Feature",
      "geometry": {
        "type": "Point",
        "coordinates": [
          137.8632682,
          36.6956821
        ]
      },
      "properties": {
        "内容": "バス停: 白馬駅前 (アルピコ交通)",
        "name": "白馬駅前",
        "operator": "アルピコ交通",
        "ref": "",
        "url": "",
        "url2": ""
      }
    },
    {
      "type": "Feature",
      "geometry": {
        "type": "Point",
        "coordinates": [
          138.3476775,
          36.3700336
        ]
      },
      "properties": {
        "内容": "バス停: 東部湯の丸",
        "name": "東部湯の丸",
        "operator": "事業者不明",
        "ref": "",
        "url": "",
        "url2": ""
      }
    },
    {
      "type": "Feature",
      "geometry": {
        "type": "Point",
        "coordinates": [
          138.3486533,
          36.3716334
        ]
      },
      "properties": {
        "内容": "バス停: 東部湯の丸",
        "name": "東部湯の丸",
        "operator": "事業者不明",
        "ref": "",
        "url": "",
        "url2": ""
      }
    },
    {
      "type": "Feature",
      "geometry": {
        "type": "Point",
        "coordinates": [
          137.9069037,
          35.6764024
        ]
      },
      "properties": {
        "内容": "バス停: 高速道飯島BS（上り）",
        "name": "高速道飯島BS（上り）",
        "operator": "事業者不明",
        "ref": "",
        "url": "",
        "url2": ""
      }
    },
    {
      "type": "Feature",
      "geometry": {
        "type": "Point",
        "coordinates": [
          137.9073802,
          35.6764549
        ]
      },
      "properties": {
        "内容": "バス停: 高速道飯島BS（下り）",
        "name": "高速道飯島BS（下り）",
        "operator": "事業者不明",
        "ref": "",
        "url": "",
        "url2": ""
      }
    },
    {
      "type": "Feature",
      "geometry": {
        "type": "Point",
        "coordinates": [
          138.1792693,
          36.6097165
        ]
      },
      "properties": {
        "内容": "バス停: 下氷鉋",
        "name": "下氷鉋",
        "operator": "事業者不明",
        "ref": "",
        "url": "",
        "url2": ""
      }
    },
    {
      "type": "Feature",
      "geometry": {
        "type": "Point",
        "coordinates": [
          138.1757311,
          36.6019109
        ]
      },
      "properties": {
        "内容": "バス停: 下氷鉋小学校前",
        "name": "下氷鉋小学校前",
        "operator": "事業者不明",
        "ref": "",
        "url": "",
        "url2": ""
      }
    },
    {
      "type": "Feature",
      "geometry": {
        "type": "Point",
        "coordinates": [
          138.1816967,
          36.6369901
        ]
      },
      "properties": {
        "内容": "バス停: 中御所",
        "name": "中御所",
        "operator": "事業者不明",
        "ref": "",
        "url": "",
        "url2": ""
      }
    },
    {
      "type": "Feature",
      "geometry": {
        "type": "Point",
        "coordinates": [
          138.1811221,
          36.6177266
        ]
      },
      "properties": {
        "内容": "バス停: 丹波島橋南",
        "name": "丹波島橋南",
        "operator": "事業者不明",
        "ref": "",
        "url": "",
        "url2": ""
      }
    },
    {
      "type": "Feature",
      "geometry": {
        "type": "Point",
        "coordinates": [
          138.1743665,
          36.5886324
        ]
      },
      "properties": {
        "内容": "バス停: 広徳",
        "name": "広徳",
        "operator": "事業者不明",
        "ref": "",
        "url": "",
        "url2": ""
      }
    },
    {
      "type": "Feature",
      "geometry": {
        "type": "Point",
        "coordinates": [
          138.1743492,
          36.5930899
        ]
      },
      "properties": {
        "内容": "バス停: 広田",
        "name": "広田",
        "operator": "事業者不明",
        "ref": "",
        "url": "",
        "url2": ""
      }
    },
    {
      "type": "Feature",
      "geometry": {
        "type": "Point",
        "coordinates": [
          138.1748529,
          36.5961936
        ]
      },
      "properties": {
        "内容": "バス停: 田牧",
        "name": "田牧",
        "operator": "事業者不明",
        "ref": "",
        "url": "",
        "url2": ""
      }
    },
    {
      "type": "Feature",
      "geometry": {
        "type": "Point",
        "coordinates": [
          138.1820622,
          36.6341238
        ]
      },
      "properties": {
        "内容": "バス停: 荒木入口",
        "name": "荒木入口",
        "operator": "事業者不明",
        "ref": "",
        "url": "",
        "url2": ""
      }
    },
    {
      "type": "Feature",
      "geometry": {
        "type": "Point",
        "coordinates": [
          138.1771436,
          36.6051154
        ]
      },
      "properties": {
        "内容": "バス停: 野池（田牧線）",
        "name": "野池（田牧線）",
        "operator": "事業者不明",
        "ref": "",
        "url": "",
        "url2": ""
      }
    },
    {
      "type": "Feature",
      "geometry": {
        "type": "Point",
        "coordinates": [
          138.1834474,
          36.6428103
        ]
      },
      "properties": {
        "内容": "バス停: 長野バスターミナル（ギャラリー82前）",
        "name": "長野バスターミナル（ギャラリー82前）",
        "operator": "事業者不明",
        "ref": "",
        "url": "",
        "url2": ""
      }
    },
    {
      "type": "Feature",
      "geometry": {
        "type": "Point",
        "coordinates": [
          138.1752391,
          36.59906
        ]
      },
      "properties": {
        "内容": "バス停: 長野南高校前",
        "name": "長野南高校前",
        "operator": "事業者不明",
        "ref": "",
        "url": "",
        "url2": ""
      }
    },
    {
      "type": "Feature",
      "geometry": {
        "type": "Point",
        "coordinates": [
          138.1869947,
          36.6435035
        ]
      },
      "properties": {
        "内容": "バス停: #7",
        "name": "#7",
        "operator": "事業者不明",
        "ref": "",
        "url": "",
        "url2": ""
      }
    },
    {
      "type": "Feature",
      "geometry": {
        "type": "Point",
        "coordinates": [
          138.1798881,
          36.6151562
        ]
      },
      "properties": {
        "内容": "バス停: 青木島",
        "name": "青木島",
        "operator": "事業者不明",
        "ref": "",
        "url": "",
        "url2": ""
      }
    },
    {
      "type": "Feature",
      "geometry": {
        "type": "Point",
        "coordinates": [
          138.1694926,
          36.6353414
        ]
      },
      "properties": {
        "内容": "バス停: 安茂里大門",
        "name": "安茂里大門",
        "operator": "事業者不明",
        "ref": "",
        "url": "",
        "url2": ""
      }
    },
    {
      "type": "Feature",
      "geometry": {
        "type": "Point",
        "coordinates": [
          138.1330554,
          36.6217747
        ]
      },
      "properties": {
        "内容": "バス停: 小市上町",
        "name": "小市上町",
        "operator": "事業者不明",
        "ref": "",
        "url": "",
        "url2": ""
      }
    },
    {
      "type": "Feature",
      "geometry": {
        "type": "Point",
        "coordinates": [
          138.1412003,
          36.6247236
        ]
      },
      "properties": {
        "内容": "バス停: 小市小田切口",
        "name": "小市小田切口",
        "operator": "事業者不明",
        "ref": "",
        "url": "",
        "url2": ""
      }
    },
    {
      "type": "Feature",
      "geometry": {
        "type": "Point",
        "coordinates": [
          138.1558856,
          36.6286123
        ]
      },
      "properties": {
        "内容": "バス停: 小市東",
        "name": "小市東",
        "operator": "事業者不明",
        "ref": "",
        "url": "",
        "url2": ""
      }
    },
    {
      "type": "Feature",
      "geometry": {
        "type": "Point",
        "coordinates": [
          138.1483234,
          36.6262188
        ]
      },
      "properties": {
        "内容": "バス停: 小市犀沢橋",
        "name": "小市犀沢橋",
        "operator": "事業者不明",
        "ref": "",
        "url": "",
        "url2": ""
      }
    },
    {
      "type": "Feature",
      "geometry": {
        "type": "Point",
        "coordinates": [
          138.1669601,
          36.6331494
        ]
      },
      "properties": {
        "内容": "バス停: 小路",
        "name": "小路",
        "operator": "事業者不明",
        "ref": "",
        "url": "",
        "url2": ""
      }
    },
    {
      "type": "Feature",
      "geometry": {
        "type": "Point",
        "coordinates": [
          138.1248445,
          36.6190608
        ]
      },
      "properties": {
        "内容": "バス停: 新橋",
        "name": "新橋",
        "operator": "事業者不明",
        "ref": "",
        "url": "",
        "url2": ""
      }
    },
    {
      "type": "Feature",
      "geometry": {
        "type": "Point",
        "coordinates": [
          138.1445987,
          36.6250153
        ]
      },
      "properties": {
        "内容": "バス停: 松ヶ丘小学校入口",
        "name": "松ヶ丘小学校入口",
        "operator": "事業者不明",
        "ref": "",
        "url": "",
        "url2": ""
      }
    },
    {
      "type": "Feature",
      "geometry": {
        "type": "Point",
        "coordinates": [
          138.1382417,
          36.6244098
        ]
      },
      "properties": {
        "内容": "バス停: 無常院",
        "name": "無常院",
        "operator": "事業者不明",
        "ref": "",
        "url": "",
        "url2": ""
      }
    },
    {
      "type": "Feature",
      "geometry": {
        "type": "Point",
        "coordinates": [
          138.0516917,
          36.5864986
        ]
      },
      "properties": {
        "内容": "バス停: みすず橋",
        "name": "みすず橋",
        "operator": "事業者不明",
        "ref": "",
        "url": "",
        "url2": ""
      }
    },
    {
      "type": "Feature",
      "geometry": {
        "type": "Point",
        "coordinates": [
          138.0511455,
          36.5788016
        ]
      },
      "properties": {
        "内容": "バス停: 名称不明バス停",
        "name": "名称不明バス停",
        "operator": "事業者不明",
        "ref": "",
        "url": "",
        "url2": ""
      }
    },
    {
      "type": "Feature",
      "geometry": {
        "type": "Point",
        "coordinates": [
          138.0471762,
          36.5933449
        ]
      },
      "properties": {
        "内容": "バス停: 安庭",
        "name": "安庭",
        "operator": "事業者不明",
        "ref": "",
        "url": "",
        "url2": ""
      }
    },
    {
      "type": "Feature",
      "geometry": {
        "type": "Point",
        "coordinates": [
          138.0503787,
          36.5818867
        ]
      },
      "properties": {
        "内容": "バス停: 花倉口",
        "name": "花倉口",
        "operator": "事業者不明",
        "ref": "",
        "url": "",
        "url2": ""
      }
    },
    {
      "type": "Feature",
      "geometry": {
        "type": "Point",
        "coordinates": [
          138.0443073,
          36.5736584
        ]
      },
      "properties": {
        "内容": "バス停: 追沢入口",
        "name": "追沢入口",
        "operator": "事業者不明",
        "ref": "",
        "url": "",
        "url2": ""
      }
    },
    {
      "type": "Feature",
      "geometry": {
        "type": "Point",
        "coordinates": [
          138.0529704,
          36.5679856
        ]
      },
      "properties": {
        "内容": "バス停: ヤチクラ",
        "name": "ヤチクラ",
        "operator": "事業者不明",
        "ref": "",
        "url": "",
        "url2": ""
      }
    },
    {
      "type": "Feature",
      "geometry": {
        "type": "Point",
        "coordinates": [
          138.0630949,
          36.5716932
        ]
      },
      "properties": {
        "内容": "バス停: 上三水",
        "name": "上三水",
        "operator": "事業者不明",
        "ref": "",
        "url": "",
        "url2": ""
      }
    },
    {
      "type": "Feature",
      "geometry": {
        "type": "Point",
        "coordinates": [
          138.0617544,
          36.5712271
        ]
      },
      "properties": {
        "内容": "バス停: 下三水入口",
        "name": "下三水入口",
        "operator": "事業者不明",
        "ref": "",
        "url": "",
        "url2": ""
      }
    },
    {
      "type": "Feature",
      "geometry": {
        "type": "Point",
        "coordinates": [
          138.0465923,
          36.5685103
        ]
      },
      "properties": {
        "内容": "バス停: 今泉",
        "name": "今泉",
        "operator": "事業者不明",
        "ref": "",
        "url": "",
        "url2": ""
      }
    },
    {
      "type": "Feature",
      "geometry": {
        "type": "Point",
        "coordinates": [
          138.0729861,
          36.5718922
        ]
      },
      "properties": {
        "内容": "バス停: 原市場",
        "name": "原市場",
        "operator": "事業者不明",
        "ref": "",
        "url": "",
        "url2": ""
      }
    },
    {
      "type": "Feature",
      "geometry": {
        "type": "Point",
        "coordinates": [
          138.0419981,
          36.5661534
        ]
      },
      "properties": {
        "内容": "バス停: 吉原入口",
        "name": "吉原入口",
        "operator": "事業者不明",
        "ref": "",
        "url": "",
        "url2": ""
      }
    },
    {
      "type": "Feature",
      "geometry": {
        "type": "Point",
        "coordinates": [
          138.0729615,
          36.5702974
        ]
      },
      "properties": {
        "内容": "バス停: 大岡口",
        "name": "大岡口",
        "operator": "事業者不明",
        "ref": "",
        "url": "",
        "url2": ""
      }
    },
    {
      "type": "Feature",
      "geometry": {
        "type": "Point",
        "coordinates": [
          138.0501512,
          36.5686283
        ]
      },
      "properties": {
        "内容": "バス停: 大沼入口",
        "name": "大沼入口",
        "operator": "事業者不明",
        "ref": "",
        "url": "",
        "url2": ""
      }
    },
    {
      "type": "Feature",
      "geometry": {
        "type": "Point",
        "coordinates": [
          138.119447,
          36.5691769
        ]
      },
      "properties": {
        "内容": "バス停: 川柳連絡所前",
        "name": "川柳連絡所前",
        "operator": "事業者不明",
        "ref": "",
        "url": "",
        "url2": ""
      }
    },
    {
      "type": "Feature",
      "geometry": {
        "type": "Point",
        "coordinates": [
          138.124018,
          36.5693755
        ]
      },
      "properties": {
        "内容": "バス停: 方田公民館前",
        "name": "方田公民館前",
        "operator": "事業者不明",
        "ref": "",
        "url": "",
        "url2": ""
      }
    },
    {
      "type": "Feature",
      "geometry": {
        "type": "Point",
        "coordinates": [
          138.1344435,
          36.571296
        ]
      },
      "properties": {
        "内容": "バス停: 昭和団地入口",
        "name": "昭和団地入口",
        "operator": "事業者不明",
        "ref": "",
        "url": "",
        "url2": ""
      }
    },
    {
      "type": "Feature",
      "geometry": {
        "type": "Point",
        "coordinates": [
          138.0787462,
          36.5649657
        ]
      },
      "properties": {
        "内容": "バス停: 田野口",
        "name": "田野口",
        "operator": "事業者不明",
        "ref": "",
        "url": "",
        "url2": ""
      }
    },
    {
      "type": "Feature",
      "geometry": {
        "type": "Point",
        "coordinates": [
          138.13081,
          36.5711162
        ]
      },
      "properties": {
        "内容": "バス停: 篠ノ井中条",
        "name": "篠ノ井中条",
        "operator": "事業者不明",
        "ref": "",
        "url": "",
        "url2": ""
      }
    },
    {
      "type": "Feature",
      "geometry": {
        "type": "Point",
        "coordinates": [
          138.1385154,
          36.5770681
        ]
      },
      "properties": {
        "内容": "バス停: 篠ノ井駅",
        "name": "篠ノ井駅",
        "operator": "事業者不明",
        "ref": "",
        "url": "",
        "url2": ""
      }
    },
    {
      "type": "Feature",
      "geometry": {
        "type": "Point",
        "coordinates": [
          138.0928866,
          36.5637517
        ]
      },
      "properties": {
        "内容": "バス停: 赤田待合所",
        "name": "赤田待合所",
        "operator": "事業者不明",
        "ref": "",
        "url": "",
        "url2": ""
      }
    },
    {
      "type": "Feature",
      "geometry": {
        "type": "Point",
        "coordinates": [
          138.0867143,
          36.5627565
        ]
      },
      "properties": {
        "内容": "バス停: 赤田西",
        "name": "赤田西",
        "operator": "事業者不明",
        "ref": "",
        "url": "",
        "url2": ""
      }
    },
    {
      "type": "Feature",
      "geometry": {
        "type": "Point",
        "coordinates": [
          138.0977067,
          36.5647097
        ]
      },
      "properties": {
        "内容": "バス停: 赤田酒屋前",
        "name": "赤田酒屋前",
        "operator": "事業者不明",
        "ref": "",
        "url": "",
        "url2": ""
      }
    },
    {
      "type": "Feature",
      "geometry": {
        "type": "Point",
        "coordinates": [
          138.139508,
          36.5721752
        ]
      },
      "properties": {
        "内容": "バス停: 通明小学校前",
        "name": "通明小学校前",
        "operator": "事業者不明",
        "ref": "",
        "url": "",
        "url2": ""
      }
    },
    {
      "type": "Feature",
      "geometry": {
        "type": "Point",
        "coordinates": [
          138.182986,
          36.6295703
        ]
      },
      "properties": {
        "内容": "バス停: 荒木",
        "name": "荒木",
        "operator": "事業者不明",
        "ref": "",
        "url": "",
        "url2": ""
      }
    },
    {
      "type": "Feature",
      "geometry": {
        "type": "Point",
        "coordinates": [
          138.1414619,
          36.5796707
        ]
      },
      "properties": {
        "内容": "バス停: JAグリーン長野",
        "name": "JAグリーン長野",
        "operator": "事業者不明",
        "ref": "S-2",
        "url": "",
        "url2": ""
      }
    },
    {
      "type": "Feature",
      "geometry": {
        "type": "Point",
        "coordinates": [
          138.1762481,
          36.5739217
        ]
      },
      "properties": {
        "内容": "バス停: JA東部流通センター",
        "name": "JA東部流通センター",
        "operator": "事業者不明",
        "ref": "S-31",
        "url": "",
        "url2": ""
      }
    },
    {
      "type": "Feature",
      "geometry": {
        "type": "Point",
        "coordinates": [
          138.1767112,
          36.5847196
        ]
      },
      "properties": {
        "内容": "バス停: さいなみ団地",
        "name": "さいなみ団地",
        "operator": "事業者不明",
        "ref": "S-20",
        "url": "",
        "url2": ""
      }
    },
    {
      "type": "Feature",
      "geometry": {
        "type": "Point",
        "coordinates": [
          138.1878967,
          36.5799771
        ]
      },
      "properties": {
        "内容": "バス停: やすらぎの園入口",
        "name": "やすらぎの園入口",
        "operator": "事業者不明",
        "ref": "S-27",
        "url": "",
        "url2": ""
      }
    },
    {
      "type": "Feature",
      "geometry": {
        "type": "Point",
        "coordinates": [
          138.1852636,
          36.5765988
        ]
      },
      "properties": {
        "内容": "バス停: 荒堀",
        "name": "荒堀",
        "operator": "事業者不明",
        "ref": "S-28",
        "url": "",
        "url2": ""
      }
    },
    {
      "type": "Feature",
      "geometry": {
        "type": "Point",
        "coordinates": [
          138.1739654,
          36.5854028
        ]
      },
      "properties": {
        "内容": "バス停: 下布施公民館",
        "name": "下布施公民館",
        "operator": "事業者不明",
        "ref": "S-12",
        "url": "",
        "url2": ""
      }
    },
    {
      "type": "Feature",
      "geometry": {
        "type": "Point",
        "coordinates": [
          138.1797007,
          36.5739378
        ]
      },
      "properties": {
        "内容": "バス停: 中沢",
        "name": "中沢",
        "operator": "事業者不明",
        "ref": "S-30",
        "url": "",
        "url2": ""
      }
    },
    {
      "type": "Feature",
      "geometry": {
        "type": "Point",
        "coordinates": [
          138.1531399,
          36.5927664
        ]
      },
      "properties": {
        "内容": "バス停: 中津農協前",
        "name": "中津農協前",
        "operator": "事業者不明",
        "ref": "S-7",
        "url": "",
        "url2": ""
      }
    },
    {
      "type": "Feature",
      "geometry": {
        "type": "Point",
        "coordinates": [
          138.1889595,
          36.5832105
        ]
      },
      "properties": {
        "内容": "バス停: 典厩寺入口",
        "name": "典厩寺入口",
        "operator": "事業者不明",
        "ref": "S-25",
        "url": "",
        "url2": ""
      }
    },
    {
      "type": "Feature",
      "geometry": {
        "type": "Point",
        "coordinates": [
          138.1539129,
          36.5941076
        ]
      },
      "properties": {
        "内容": "バス停: 北原",
        "name": "北原",
        "operator": "事業者不明",
        "ref": "S-8",
        "url": "",
        "url2": ""
      }
    },
    {
      "type": "Feature",
      "geometry": {
        "type": "Point",
        "coordinates": [
          138.1890738,
          36.5819824
        ]
      },
      "properties": {
        "内容": "バス停: 北村",
        "name": "北村",
        "operator": "事業者不明",
        "ref": "S-26",
        "url": "",
        "url2": ""
      }
    },
    {
      "type": "Feature",
      "geometry": {
        "type": "Point",
        "coordinates": [
          138.1497709,
          36.5878717
        ]
      },
      "properties": {
        "内容": "バス停: 南原",
        "name": "南原",
        "operator": "事業者不明",
        "ref": "S-6",
        "url": "",
        "url2": ""
      }
    },
    {
      "type": "Feature",
      "geometry": {
        "type": "Point",
        "coordinates": [
          138.1483154,
          36.5858772
        ]
      },
      "properties": {
        "内容": "バス停: 南原上町",
        "name": "南原上町",
        "operator": "事業者不明",
        "ref": "S-5",
        "url": "",
        "url2": ""
      }
    },
    {
      "type": "Feature",
      "geometry": {
        "type": "Point",
        "coordinates": [
          138.1427148,
          36.5825638
        ]
      },
      "properties": {
        "内容": "バス停: 南条",
        "name": "南条",
        "operator": "事業者不明",
        "ref": "S-3",
        "url": "",
        "url2": ""
      }
    },
    {
      "type": "Feature",
      "geometry": {
        "type": "Point",
        "coordinates": [
          138.1626334,
          36.5910584
        ]
      },
      "properties": {
        "内容": "バス停: 大沢組公民館",
        "name": "大沢組公民館",
        "operator": "事業者不明",
        "ref": "S-10",
        "url": "",
        "url2": ""
      }
    },
    {
      "type": "Feature",
      "geometry": {
        "type": "Point",
        "coordinates": [
          138.1825704,
          36.5848122
        ]
      },
      "properties": {
        "内容": "バス停: 岡神明神社",
        "name": "岡神明神社",
        "operator": "事業者不明",
        "ref": "S-23",
        "url": "",
        "url2": ""
      }
    },
    {
      "type": "Feature",
      "geometry": {
        "type": "Point",
        "coordinates": [
          138.165669,
          36.5897621
        ]
      },
      "properties": {
        "内容": "バス停: 平井組公民館",
        "name": "平井組公民館",
        "operator": "事業者不明",
        "ref": "S-11",
        "url": "",
        "url2": ""
      }
    },
    {
      "type": "Feature",
      "geometry": {
        "type": "Point",
        "coordinates": [
          138.1791899,
          36.5852826
        ]
      },
      "properties": {
        "内容": "バス停: 東さいなみ",
        "name": "東さいなみ",
        "operator": "事業者不明",
        "ref": "S-21",
        "url": "",
        "url2": ""
      }
    },
    {
      "type": "Feature",
      "geometry": {
        "type": "Point",
        "coordinates": [
          138.1805103,
          36.5849248
        ]
      },
      "properties": {
        "内容": "バス停: 東犀南東公園",
        "name": "東犀南東公園",
        "operator": "事業者不明",
        "ref": "S-22",
        "url": "",
        "url2": ""
      }
    },
    {
      "type": "Feature",
      "geometry": {
        "type": "Point",
        "coordinates": [
          138.1821234,
          36.574469
        ]
      },
      "properties": {
        "内容": "バス停: 杵淵",
        "name": "杵淵",
        "operator": "事業者不明",
        "ref": "S-29",
        "url": "",
        "url2": ""
      }
    },
    {
      "type": "Feature",
      "geometry": {
        "type": "Point",
        "coordinates": [
          138.1385091,
          36.5772942
        ]
      },
      "properties": {
        "内容": "バス停: 篠ノ井駅",
        "name": "篠ノ井駅",
        "operator": "事業者不明",
        "ref": "S-1",
        "url": "",
        "url2": ""
      }
    },
    {
      "type": "Feature",
      "geometry": {
        "type": "Point",
        "coordinates": [
          138.1572851,
          36.5938474
        ]
      },
      "properties": {
        "内容": "バス停: 西友川中島店",
        "name": "西友川中島店",
        "operator": "事業者不明",
        "ref": "S-9",
        "url": "",
        "url2": ""
      }
    },
    {
      "type": "Feature",
      "geometry": {
        "type": "Point",
        "coordinates": [
          138.1836924,
          36.5841841
        ]
      },
      "properties": {
        "内容": "バス停: 西寺尾公園",
        "name": "西寺尾公園",
        "operator": "事業者不明",
        "ref": "S-24",
        "url": "",
        "url2": ""
      }
    },
    {
      "type": "Feature",
      "geometry": {
        "type": "Point",
        "coordinates": [
          138.1466044,
          36.5828916
        ]
      },
      "properties": {
        "内容": "バス停: 高田",
        "name": "高田",
        "operator": "事業者不明",
        "ref": "S-4",
        "url": "",
        "url2": ""
      }
    },
    {
      "type": "Feature",
      "geometry": {
        "type": "Point",
        "coordinates": [
          138.1764604,
          36.5846061
        ]
      },
      "properties": {
        "内容": "バス停: 犀南団地",
        "name": "犀南団地",
        "operator": "事業者不明",
        "ref": "",
        "url": "",
        "url2": ""
      }
    },
    {
      "type": "Feature",
      "geometry": {
        "type": "Point",
        "coordinates": [
          138.1575109,
          35.9898142
        ]
      },
      "properties": {
        "内容": "バス停: 名称不明バス停",
        "name": "名称不明バス停",
        "operator": "事業者不明",
        "ref": "",
        "url": "",
        "url2": ""
      }
    },
    {
      "type": "Feature",
      "geometry": {
        "type": "Point",
        "coordinates": [
          138.1293123,
          35.9763923
        ]
      },
      "properties": {
        "内容": "バス停: 杖突峠",
        "name": "杖突峠",
        "operator": "事業者不明",
        "ref": "",
        "url": "",
        "url2": ""
      }
    },
    {
      "type": "Feature",
      "geometry": {
        "type": "Point",
        "coordinates": [
          138.281064,
          36.0842432
        ]
      },
      "properties": {
        "内容": "バス停: 名称不明バス停",
        "name": "名称不明バス停",
        "operator": "事業者不明",
        "ref": "",
        "url": "",
        "url2": ""
      }
    },
    {
      "type": "Feature",
      "geometry": {
        "type": "Point",
        "coordinates": [
          138.1299625,
          35.9760969
        ]
      },
      "properties": {
        "内容": "バス停: 名称不明バス停",
        "name": "名称不明バス停",
        "operator": "事業者不明",
        "ref": "",
        "url": "",
        "url2": ""
      }
    },
    {
      "type": "Feature",
      "geometry": {
        "type": "Point",
        "coordinates": [
          137.969384,
          36.233442
        ]
      },
      "properties": {
        "内容": "バス停: 本町",
        "name": "本町",
        "operator": "事業者不明",
        "ref": "",
        "url": "",
        "url2": ""
      }
    },
    {
      "type": "Feature",
      "geometry": {
        "type": "Point",
        "coordinates": [
          137.969545,
          36.2349691
        ]
      },
      "properties": {
        "内容": "バス停: 大名町",
        "name": "大名町",
        "operator": "事業者不明",
        "ref": "",
        "url": "",
        "url2": ""
      }
    },
    {
      "type": "Feature",
      "geometry": {
        "type": "Point",
        "coordinates": [
          137.9683718,
          36.2311878
        ]
      },
      "properties": {
        "内容": "バス停: 国府町",
        "name": "国府町",
        "operator": "事業者不明",
        "ref": "",
        "url": "",
        "url2": ""
      }
    },
    {
      "type": "Feature",
      "geometry": {
        "type": "Point",
        "coordinates": [
          137.968255,
          36.2310474
        ]
      },
      "properties": {
        "内容": "バス停: 国府町",
        "name": "国府町",
        "operator": "事業者不明",
        "ref": "",
        "url": "",
        "url2": ""
      }
    },
    {
      "type": "Feature",
      "geometry": {
        "type": "Point",
        "coordinates": [
          137.9666921,
          36.2311886
        ]
      },
      "properties": {
        "内容": "バス停: バスターミナル北",
        "name": "バスターミナル北",
        "operator": "事業者不明",
        "ref": "",
        "url": "",
        "url2": ""
      }
    },
    {
      "type": "Feature",
      "geometry": {
        "type": "Point",
        "coordinates": [
          137.966694,
          36.2310232
        ]
      },
      "properties": {
        "内容": "バス停: バスターミナル北",
        "name": "バスターミナル北",
        "operator": "事業者不明",
        "ref": "",
        "url": "",
        "url2": ""
      }
    },
    {
      "type": "Feature",
      "geometry": {
        "type": "Point",
        "coordinates": [
          138.3027156,
          36.0681903
        ]
      },
      "properties": {
        "内容": "バス停: 名称不明バス停",
        "name": "名称不明バス停",
        "operator": "事業者不明",
        "ref": "",
        "url": "",
        "url2": ""
      }
    },
    {
      "type": "Feature",
      "geometry": {
        "type": "Point",
        "coordinates": [
          138.446064,
          36.9223008
        ]
      },
      "properties": {
        "内容": "バス停: 中央バスターミナル",
        "name": "中央バスターミナル",
        "operator": "事業者不明",
        "ref": "",
        "url": "",
        "url2": ""
      }
    },
    {
      "type": "Feature",
      "geometry": {
        "type": "Point",
        "coordinates": [
          138.4918404,
          36.7178044
        ]
      },
      "properties": {
        "内容": "バス停: 蓮池",
        "name": "蓮池",
        "operator": "事業者不明",
        "ref": "",
        "url": "",
        "url2": ""
      }
    },
    {
      "type": "Feature",
      "geometry": {
        "type": "Point",
        "coordinates": [
          138.4887778,
          36.7176945
        ]
      },
      "properties": {
        "内容": "バス停: 丸池",
        "name": "丸池",
        "operator": "事業者不明",
        "ref": "",
        "url": "",
        "url2": ""
      }
    },
    {
      "type": "Feature",
      "geometry": {
        "type": "Point",
        "coordinates": [
          138.4825155,
          36.7173611
        ]
      },
      "properties": {
        "内容": "バス停: サンバレー",
        "name": "サンバレー",
        "operator": "事業者不明",
        "ref": "",
        "url": "",
        "url2": ""
      }
    },
    {
      "type": "Feature",
      "geometry": {
        "type": "Point",
        "coordinates": [
          138.4920107,
          36.7197957
        ]
      },
      "properties": {
        "内容": "バス停: 総合会館98前",
        "name": "総合会館98前",
        "operator": "事業者不明",
        "ref": "",
        "url": "",
        "url2": ""
      }
    },
    {
      "type": "Feature",
      "geometry": {
        "type": "Point",
        "coordinates": [
          138.5085598,
          36.7253427
        ]
      },
      "properties": {
        "内容": "バス停: 発哺温泉",
        "name": "発哺温泉",
        "operator": "事業者不明",
        "ref": "",
        "url": "",
        "url2": ""
      }
    },
    {
      "type": "Feature",
      "geometry": {
        "type": "Point",
        "coordinates": [
          138.5074869,
          36.7310567
        ]
      },
      "properties": {
        "内容": "バス停: 高天ヶ原",
        "name": "高天ヶ原",
        "operator": "事業者不明",
        "ref": "",
        "url": "",
        "url2": ""
      }
    },
    {
      "type": "Feature",
      "geometry": {
        "type": "Point",
        "coordinates": [
          138.5121123,
          36.7353922
        ]
      },
      "properties": {
        "内容": "バス停: 一の瀬",
        "name": "一の瀬",
        "operator": "事業者不明",
        "ref": "",
        "url": "",
        "url2": ""
      }
    },
    {
      "type": "Feature",
      "geometry": {
        "type": "Point",
        "coordinates": [
          138.513259,
          36.7394271
        ]
      },
      "properties": {
        "内容": "バス停: 一の瀬スキー場",
        "name": "一の瀬スキー場",
        "operator": "事業者不明",
        "ref": "",
        "url": "",
        "url2": ""
      }
    },
    {
      "type": "Feature",
      "geometry": {
        "type": "Point",
        "coordinates": [
          138.5131517,
          36.7383437
        ]
      },
      "properties": {
        "内容": "バス停: 一の瀬スキー場",
        "name": "一の瀬スキー場",
        "operator": "事業者不明",
        "ref": "",
        "url": "",
        "url2": ""
      }
    },
    {
      "type": "Feature",
      "geometry": {
        "type": "Point",
        "coordinates": [
          138.5357037,
          36.7660109
        ]
      },
      "properties": {
        "内容": "バス停: 奥志賀ゴンドラ前",
        "name": "奥志賀ゴンドラ前",
        "operator": "事業者不明",
        "ref": "",
        "url": "",
        "url2": ""
      }
    },
    {
      "type": "Feature",
      "geometry": {
        "type": "Point",
        "coordinates": [
          138.5281036,
          36.7801608
        ]
      },
      "properties": {
        "内容": "バス停: 奥志賀高原ホテル前",
        "name": "奥志賀高原ホテル前",
        "operator": "事業者不明",
        "ref": "",
        "url": "",
        "url2": ""
      }
    },
    {
      "type": "Feature",
      "geometry": {
        "type": "Point",
        "coordinates": [
          138.4911938,
          36.697948
        ]
      },
      "properties": {
        "内容": "バス停: 木戸池",
        "name": "木戸池",
        "operator": "事業者不明",
        "ref": "",
        "url": "",
        "url2": ""
      }
    },
    {
      "type": "Feature",
      "geometry": {
        "type": "Point",
        "coordinates": [
          138.4954986,
          36.6849321
        ]
      },
      "properties": {
        "内容": "バス停: 熊の湯",
        "name": "熊の湯",
        "operator": "事業者不明",
        "ref": "",
        "url": "",
        "url2": ""
      }
    },
    {
      "type": "Feature",
      "geometry": {
        "type": "Point",
        "coordinates": [
          138.4971024,
          36.6853572
        ]
      },
      "properties": {
        "内容": "バス停: ほたる温泉(硯川)",
        "name": "ほたる温泉(硯川)",
        "operator": "事業者不明",
        "ref": "",
        "url": "",
        "url2": ""
      }
    },
    {
      "type": "Feature",
      "geometry": {
        "type": "Point",
        "coordinates": [
          138.5085996,
          36.676591
        ]
      },
      "properties": {
        "内容": "バス停: 陽坂",
        "name": "陽坂",
        "operator": "事業者不明",
        "ref": "",
        "url": "",
        "url2": ""
      }
    },
    {
      "type": "Feature",
      "geometry": {
        "type": "Point",
        "coordinates": [
          137.6221549,
          36.121936
        ]
      },
      "properties": {
        "内容": "バス停: 鈴蘭 (アルピコ交通)",
        "name": "鈴蘭",
        "operator": "アルピコ交通",
        "ref": "K-30",
        "url": "",
        "url2": ""
      }
    },
    {
      "type": "Feature",
      "geometry": {
        "type": "Point",
        "coordinates": [
          137.6648602,
          36.1315604
        ]
      },
      "properties": {
        "内容": "バス停: 大野川学校前 (アルピコ交通)",
        "name": "大野川学校前",
        "operator": "アルピコ交通",
        "ref": "N-20",
        "url": "",
        "url2": ""
      }
    },
    {
      "type": "Feature",
      "geometry": {
        "type": "Point",
        "coordinates": [
          137.6154633,
          36.118957
        ]
      },
      "properties": {
        "内容": "バス停: すずらん橋 (アルピコ交通)",
        "name": "すずらん橋",
        "operator": "アルピコ交通",
        "ref": "N-32",
        "url": "",
        "url2": ""
      }
    },
    {
      "type": "Feature",
      "geometry": {
        "type": "Point",
        "coordinates": [
          137.6712059,
          36.1371559
        ]
      },
      "properties": {
        "内容": "バス停: 中平 (アルピコ交通)",
        "name": "中平",
        "operator": "アルピコ交通",
        "ref": "N-18",
        "url": "",
        "url2": ""
      }
    },
    {
      "type": "Feature",
      "geometry": {
        "type": "Point",
        "coordinates": [
          137.6612027,
          36.1304328
        ]
      },
      "properties": {
        "内容": "バス停: 宮の原 (アルピコ交通)",
        "name": "宮の原",
        "operator": "アルピコ交通",
        "ref": "N-21",
        "url": "",
        "url2": ""
      }
    },
    {
      "type": "Feature",
      "geometry": {
        "type": "Point",
        "coordinates": [
          137.6686081,
          36.132506
        ]
      },
      "properties": {
        "内容": "バス停: 宮の前 (アルピコ交通)",
        "name": "宮の前",
        "operator": "アルピコ交通",
        "ref": "N-19",
        "url": "",
        "url2": ""
      }
    },
    {
      "type": "Feature",
      "geometry": {
        "type": "Point",
        "coordinates": [
          137.6584321,
          36.1275199
        ]
      },
      "properties": {
        "内容": "バス停: 番所大滝 (アルピコ交通)",
        "name": "番所大滝",
        "operator": "アルピコ交通",
        "ref": "",
        "url": "",
        "url2": ""
      }
    },
    {
      "type": "Feature",
      "geometry": {
        "type": "Point",
        "coordinates": [
          137.6563746,
          36.1263186
        ]
      },
      "properties": {
        "内容": "バス停: 千間淵 (アルピコ交通)",
        "name": "千間淵",
        "operator": "アルピコ交通",
        "ref": "N-23",
        "url": "",
        "url2": ""
      }
    },
    {
      "type": "Feature",
      "geometry": {
        "type": "Point",
        "coordinates": [
          137.6543597,
          36.1245105
        ]
      },
      "properties": {
        "内容": "バス停: 番所 (アルピコ交通)",
        "name": "番所",
        "operator": "アルピコ交通",
        "ref": "N-24",
        "url": "",
        "url2": ""
      }
    },
    {
      "type": "Feature",
      "geometry": {
        "type": "Point",
        "coordinates": [
          137.6484738,
          36.1251514
        ]
      },
      "properties": {
        "内容": "バス停: 千石平 (アルピコ交通)",
        "name": "千石平",
        "operator": "アルピコ交通",
        "ref": "N-25",
        "url": "",
        "url2": ""
      }
    },
    {
      "type": "Feature",
      "geometry": {
        "type": "Point",
        "coordinates": [
          137.6402027,
          36.1241218
        ]
      },
      "properties": {
        "内容": "バス停: 楢の木坂 (アルピコ交通)",
        "name": "楢の木坂",
        "operator": "アルピコ交通",
        "ref": "N-27",
        "url": "",
        "url2": ""
      }
    },
    {
      "type": "Feature",
      "geometry": {
        "type": "Point",
        "coordinates": [
          137.6272567,
          36.1222054
        ]
      },
      "properties": {
        "内容": "バス停: 乗鞍高原せせらぎの湯 (アルピコ交通)",
        "name": "乗鞍高原せせらぎの湯",
        "operator": "アルピコ交通",
        "ref": "N-28",
        "url": "",
        "url2": ""
      }
    },
    {
      "type": "Feature",
      "geometry": {
        "type": "Point",
        "coordinates": [
          137.6196417,
          36.1218883
        ]
      },
      "properties": {
        "内容": "バス停: スキー場前 (アルピコ交通)",
        "name": "スキー場前",
        "operator": "アルピコ交通",
        "ref": "N-41",
        "url": "",
        "url2": ""
      }
    },
    {
      "type": "Feature",
      "geometry": {
        "type": "Point",
        "coordinates": [
          137.6128549,
          36.1146802
        ]
      },
      "properties": {
        "内容": "バス停: 休暇村 (アルピコ交通)",
        "name": "休暇村",
        "operator": "アルピコ交通",
        "ref": "N-33",
        "url": "",
        "url2": ""
      }
    },
    {
      "type": "Feature",
      "geometry": {
        "type": "Point",
        "coordinates": [
          137.6095208,
          36.1073842
        ]
      },
      "properties": {
        "内容": "バス停: 東大ヒュッテ口 (アルピコ交通)",
        "name": "東大ヒュッテ口",
        "operator": "アルピコ交通",
        "ref": "N-34",
        "url": "",
        "url2": ""
      }
    },
    {
      "type": "Feature",
      "geometry": {
        "type": "Point",
        "coordinates": [
          138.2953353,
          36.8549367
        ]
      },
      "properties": {
        "内容": "バス停: 山の家前",
        "name": "山の家前",
        "operator": "事業者不明",
        "ref": "",
        "url": "",
        "url2": ""
      }
    },
    {
      "type": "Feature",
      "geometry": {
        "type": "Point",
        "coordinates": [
          138.3011507,
          35.9820326
        ]
      },
      "properties": {
        "内容": "バス停: 美濃戸口",
        "name": "美濃戸口",
        "operator": "事業者不明",
        "ref": "",
        "url": "",
        "url2": ""
      }
    },
    {
      "type": "Feature",
      "geometry": {
        "type": "Point",
        "coordinates": [
          138.288909,
          35.9794258
        ]
      },
      "properties": {
        "内容": "バス停: 学林",
        "name": "学林",
        "operator": "事業者不明",
        "ref": "",
        "url": "",
        "url2": ""
      }
    },
    {
      "type": "Feature",
      "geometry": {
        "type": "Point",
        "coordinates": [
          137.9399976,
          36.2318775
        ]
      },
      "properties": {
        "内容": "バス停: 長野道松本",
        "name": "長野道松本",
        "operator": "事業者不明",
        "ref": "",
        "url": "",
        "url2": ""
      }
    },
    {
      "type": "Feature",
      "geometry": {
        "type": "Point",
        "coordinates": [
          137.943544,
          36.2310607
        ]
      },
      "properties": {
        "内容": "バス停: 長野道松本",
        "name": "長野道松本",
        "operator": "事業者不明",
        "ref": "",
        "url": "",
        "url2": ""
      }
    },
    {
      "type": "Feature",
      "geometry": {
        "type": "Point",
        "coordinates": [
          137.9377102,
          36.1935948
        ]
      },
      "properties": {
        "内容": "バス停: 神林高速バス停前 (アルピコ交通)",
        "name": "神林高速バス停前",
        "operator": "アルピコ交通",
        "ref": "",
        "url": "",
        "url2": ""
      }
    },
    {
      "type": "Feature",
      "geometry": {
        "type": "Point",
        "coordinates": [
          137.8712072,
          36.7480691
        ]
      },
      "properties": {
        "内容": "バス停: 栂池高原 (アルピコ交通)",
        "name": "栂池高原",
        "operator": "アルピコ交通",
        "ref": "",
        "url": "",
        "url2": ""
      }
    },
    {
      "type": "Feature",
      "geometry": {
        "type": "Point",
        "coordinates": [
          137.945007,
          36.247345
        ]
      },
      "properties": {
        "内容": "バス停: 名称不明バス停",
        "name": "名称不明バス停",
        "operator": "事業者不明",
        "ref": "",
        "url": "",
        "url2": ""
      }
    },
    {
      "type": "Feature",
      "geometry": {
        "type": "Point",
        "coordinates": [
          138.592801,
          36.3479463
        ]
      },
      "properties": {
        "内容": "バス停: 中軽井沢駅 (西武観光バス)",
        "name": "中軽井沢駅",
        "operator": "西武観光バス",
        "ref": "",
        "url": "",
        "url2": ""
      }
    },
    {
      "type": "Feature",
      "geometry": {
        "type": "Point",
        "coordinates": [
          137.6146739,
          36.1982014
        ]
      },
      "properties": {
        "内容": "バス停: 名称不明バス停",
        "name": "名称不明バス停",
        "operator": "事業者不明",
        "ref": "",
        "url": "",
        "url2": ""
      }
    },
    {
      "type": "Feature",
      "geometry": {
        "type": "Point",
        "coordinates": [
          138.1210396,
          35.999936
        ]
      },
      "properties": {
        "内容": "バス停: 上社",
        "name": "上社",
        "operator": "事業者不明",
        "ref": "",
        "url": "",
        "url2": ""
      }
    },
    {
      "type": "Feature",
      "geometry": {
        "type": "Point",
        "coordinates": [
          138.122652,
          35.99867
        ]
      },
      "properties": {
        "内容": "バス停: 神社前",
        "name": "神社前",
        "operator": "事業者不明",
        "ref": "",
        "url": "",
        "url2": ""
      }
    },
    {
      "type": "Feature",
      "geometry": {
        "type": "Point",
        "coordinates": [
          138.126592,
          36.0129224
        ]
      },
      "properties": {
        "内容": "バス停: 諏訪南中学入口",
        "name": "諏訪南中学入口",
        "operator": "事業者不明",
        "ref": "",
        "url": "",
        "url2": ""
      }
    },
    {
      "type": "Feature",
      "geometry": {
        "type": "Point",
        "coordinates": [
          138.123435,
          36.001971
        ]
      },
      "properties": {
        "内容": "バス停: 上金子入口",
        "name": "上金子入口",
        "operator": "事業者不明",
        "ref": "",
        "url": "",
        "url2": ""
      }
    },
    {
      "type": "Feature",
      "geometry": {
        "type": "Point",
        "coordinates": [
          138.1524207,
          35.9872186
        ]
      },
      "properties": {
        "内容": "バス停: 茅野郵便局前",
        "name": "茅野郵便局前",
        "operator": "事業者不明",
        "ref": "",
        "url": "",
        "url2": ""
      }
    },
    {
      "type": "Feature",
      "geometry": {
        "type": "Point",
        "coordinates": [
          138.1418626,
          36.0053314
        ]
      },
      "properties": {
        "内容": "バス停: 新井入口",
        "name": "新井入口",
        "operator": "事業者不明",
        "ref": "",
        "url": "",
        "url2": ""
      }
    },
    {
      "type": "Feature",
      "geometry": {
        "type": "Point",
        "coordinates": [
          138.134015,
          36.017922
        ]
      },
      "properties": {
        "内容": "バス停: 四賀桑原",
        "name": "四賀桑原",
        "operator": "事業者不明",
        "ref": "",
        "url": "",
        "url2": ""
      }
    },
    {
      "type": "Feature",
      "geometry": {
        "type": "Point",
        "coordinates": [
          138.157237,
          35.987539
        ]
      },
      "properties": {
        "内容": "バス停: 四ツ家",
        "name": "四ツ家",
        "operator": "事業者不明",
        "ref": "",
        "url": "",
        "url2": ""
      }
    },
    {
      "type": "Feature",
      "geometry": {
        "type": "Point",
        "coordinates": [
          138.132989,
          36.01959
        ]
      },
      "properties": {
        "内容": "バス停: 四賀出張所前",
        "name": "四賀出張所前",
        "operator": "事業者不明",
        "ref": "",
        "url": "",
        "url2": ""
      }
    },
    {
      "type": "Feature",
      "geometry": {
        "type": "Point",
        "coordinates": [
          138.138222,
          36.0110828
        ]
      },
      "properties": {
        "内容": "バス停: 四賀神戸",
        "name": "四賀神戸",
        "operator": "事業者不明",
        "ref": "",
        "url": "",
        "url2": ""
      }
    },
    {
      "type": "Feature",
      "geometry": {
        "type": "Point",
        "coordinates": [
          138.127343,
          36.028516
        ]
      },
      "properties": {
        "内容": "バス停: 細久保",
        "name": "細久保",
        "operator": "事業者不明",
        "ref": "",
        "url": "",
        "url2": ""
      }
    },
    {
      "type": "Feature",
      "geometry": {
        "type": "Point",
        "coordinates": [
          138.127007,
          36.02849
        ]
      },
      "properties": {
        "内容": "バス停: 細久保",
        "name": "細久保",
        "operator": "事業者不明",
        "ref": "",
        "url": "",
        "url2": ""
      }
    },
    {
      "type": "Feature",
      "geometry": {
        "type": "Point",
        "coordinates": [
          138.118779,
          36.043868
        ]
      },
      "properties": {
        "内容": "バス停: 中町",
        "name": "中町",
        "operator": "事業者不明",
        "ref": "",
        "url": "",
        "url2": ""
      }
    },
    {
      "type": "Feature",
      "geometry": {
        "type": "Point",
        "coordinates": [
          138.0855477,
          36.0930286
        ]
      },
      "properties": {
        "内容": "バス停: 注連掛",
        "name": "注連掛",
        "operator": "事業者不明",
        "ref": "",
        "url": "",
        "url2": ""
      }
    },
    {
      "type": "Feature",
      "geometry": {
        "type": "Point",
        "coordinates": [
          138.123846,
          36.038229
        ]
      },
      "properties": {
        "内容": "バス停: 清水坂下",
        "name": "清水坂下",
        "operator": "事業者不明",
        "ref": "",
        "url": "",
        "url2": ""
      }
    },
    {
      "type": "Feature",
      "geometry": {
        "type": "Point",
        "coordinates": [
          138.112513,
          36.057237
        ]
      },
      "properties": {
        "内容": "バス停: 中大和",
        "name": "中大和",
        "operator": "事業者不明",
        "ref": "",
        "url": "",
        "url2": ""
      }
    },
    {
      "type": "Feature",
      "geometry": {
        "type": "Point",
        "coordinates": [
          138.111095,
          36.059446
        ]
      },
      "properties": {
        "内容": "バス停: 大和下",
        "name": "大和下",
        "operator": "事業者不明",
        "ref": "",
        "url": "",
        "url2": ""
      }
    },
    {
      "type": "Feature",
      "geometry": {
        "type": "Point",
        "coordinates": [
          138.113768,
          36.054572
        ]
      },
      "properties": {
        "内容": "バス停: 浜沢",
        "name": "浜沢",
        "operator": "事業者不明",
        "ref": "",
        "url": "",
        "url2": ""
      }
    },
    {
      "type": "Feature",
      "geometry": {
        "type": "Point",
        "coordinates": [
          138.093571,
          36.101994
        ]
      },
      "properties": {
        "内容": "バス停: 荻倉口",
        "name": "荻倉口",
        "operator": "事業者不明",
        "ref": "",
        "url": "",
        "url2": ""
      }
    },
    {
      "type": "Feature",
      "geometry": {
        "type": "Point",
        "coordinates": [
          138.087302,
          36.079712
        ]
      },
      "properties": {
        "内容": "バス停: 新町上",
        "name": "新町上",
        "operator": "事業者不明",
        "ref": "",
        "url": "",
        "url2": ""
      }
    },
    {
      "type": "Feature",
      "geometry": {
        "type": "Point",
        "coordinates": [
          138.0809064,
          36.0289412
        ]
      },
      "properties": {
        "内容": "バス停: かるがもツアー；水陸両用バス乗場",
        "name": "かるがもツアー；水陸両用バス乗場",
        "operator": "事業者不明",
        "ref": "",
        "url": "",
        "url2": ""
      }
    },
    {
      "type": "Feature",
      "geometry": {
        "type": "Point",
        "coordinates": [
          137.7528849,
          36.1537605
        ]
      },
      "properties": {
        "内容": "バス停: 水殿ダム (アルピコ交通)",
        "name": "水殿ダム",
        "operator": "アルピコ交通",
        "ref": "K-14",
        "url": "",
        "url2": ""
      }
    },
    {
      "type": "Feature",
      "geometry": {
        "type": "Point",
        "coordinates": [
          138.3292665,
          36.3548613
        ]
      },
      "properties": {
        "内容": "バス停: 田中駅",
        "name": "田中駅",
        "operator": "事業者不明",
        "ref": "",
        "url": "",
        "url2": ""
      }
    },
    {
      "type": "Feature",
      "geometry": {
        "type": "Point",
        "coordinates": [
          138.0743338,
          35.7687405
        ]
      },
      "properties": {
        "内容": "バス停: 戸台口",
        "name": "戸台口",
        "operator": "事業者不明",
        "ref": "",
        "url": "",
        "url2": ""
      }
    },
    {
      "type": "Feature",
      "geometry": {
        "type": "Point",
        "coordinates": [
          138.0744129,
          35.7689
        ]
      },
      "properties": {
        "内容": "バス停: 戸台口",
        "name": "戸台口",
        "operator": "事業者不明",
        "ref": "",
        "url": "",
        "url2": ""
      }
    },
    {
      "type": "Feature",
      "geometry": {
        "type": "Point",
        "coordinates": [
          138.0927989,
          35.7687279
        ]
      },
      "properties": {
        "内容": "バス停: 仙流荘",
        "name": "仙流荘",
        "operator": "事業者不明",
        "ref": "",
        "url": "",
        "url2": ""
      }
    },
    {
      "type": "Feature",
      "geometry": {
        "type": "Point",
        "coordinates": [
          138.0935257,
          35.768822
        ]
      },
      "properties": {
        "内容": "バス停: 仙流荘",
        "name": "仙流荘",
        "operator": "事業者不明",
        "ref": "",
        "url": "",
        "url2": ""
      }
    },
    {
      "type": "Feature",
      "geometry": {
        "type": "Point",
        "coordinates": [
          138.1310992,
          35.7768413
        ]
      },
      "properties": {
        "内容": "バス停: 戸台大橋",
        "name": "戸台大橋",
        "operator": "事業者不明",
        "ref": "",
        "url": "",
        "url2": ""
      }
    },
    {
      "type": "Feature",
      "geometry": {
        "type": "Point",
        "coordinates": [
          137.9475561,
          35.8512686
        ]
      },
      "properties": {
        "内容": "バス停: 沢尻",
        "name": "沢尻",
        "operator": "事業者不明",
        "ref": "",
        "url": "",
        "url2": ""
      }
    },
    {
      "type": "Feature",
      "geometry": {
        "type": "Point",
        "coordinates": [
          138.1826301,
          36.0244607
        ]
      },
      "properties": {
        "内容": "バス停: 中大塩保育園",
        "name": "中大塩保育園",
        "operator": "事業者不明",
        "ref": "",
        "url": "",
        "url2": ""
      }
    },
    {
      "type": "Feature",
      "geometry": {
        "type": "Point",
        "coordinates": [
          137.6931498,
          35.8440374
        ]
      },
      "properties": {
        "内容": "バス停: 木曽福島駅前",
        "name": "木曽福島駅前",
        "operator": "事業者不明",
        "ref": "",
        "url": "",
        "url2": ""
      }
    },
    {
      "type": "Feature",
      "geometry": {
        "type": "Point",
        "coordinates": [
          138.2453118,
          35.9588534
        ]
      },
      "properties": {
        "内容": "バス停: 名称不明バス停",
        "name": "名称不明バス停",
        "operator": "事業者不明",
        "ref": "",
        "url": "",
        "url2": ""
      }
    },
    {
      "type": "Feature",
      "geometry": {
        "type": "Point",
        "coordinates": [
          138.2275333,
          36.0328412
        ]
      },
      "properties": {
        "内容": "バス停: 名称不明バス停",
        "name": "名称不明バス停",
        "operator": "事業者不明",
        "ref": "",
        "url": "",
        "url2": ""
      }
    },
    {
      "type": "Feature",
      "geometry": {
        "type": "Point",
        "coordinates": [
          138.2242458,
          36.0350446
        ]
      },
      "properties": {
        "内容": "バス停: 北山小学校前",
        "name": "北山小学校前",
        "operator": "事業者不明",
        "ref": "",
        "url": "",
        "url2": ""
      }
    },
    {
      "type": "Feature",
      "geometry": {
        "type": "Point",
        "coordinates": [
          138.2245859,
          36.0384595
        ]
      },
      "properties": {
        "内容": "バス停: 名称不明バス停",
        "name": "名称不明バス停",
        "operator": "事業者不明",
        "ref": "",
        "url": "",
        "url2": ""
      }
    },
    {
      "type": "Feature",
      "geometry": {
        "type": "Point",
        "coordinates": [
          138.2252224,
          36.0407434
        ]
      },
      "properties": {
        "内容": "バス停: 名称不明バス停",
        "name": "名称不明バス停",
        "operator": "事業者不明",
        "ref": "",
        "url": "",
        "url2": ""
      }
    },
    {
      "type": "Feature",
      "geometry": {
        "type": "Point",
        "coordinates": [
          138.2220121,
          36.0767717
        ]
      },
      "properties": {
        "内容": "バス停: 名称不明バス停",
        "name": "名称不明バス停",
        "operator": "事業者不明",
        "ref": "",
        "url": "",
        "url2": ""
      }
    },
    {
      "type": "Feature",
      "geometry": {
        "type": "Point",
        "coordinates": [
          138.2326544,
          36.1059737
        ]
      },
      "properties": {
        "内容": "バス停: 名称不明バス停",
        "name": "名称不明バス停",
        "operator": "事業者不明",
        "ref": "",
        "url": "",
        "url2": ""
      }
    },
    {
      "type": "Feature",
      "geometry": {
        "type": "Point",
        "coordinates": [
          138.2326517,
          36.1060127
        ]
      },
      "properties": {
        "内容": "バス停: 名称不明バス停",
        "name": "名称不明バス停",
        "operator": "事業者不明",
        "ref": "",
        "url": "",
        "url2": ""
      }
    },
    {
      "type": "Feature",
      "geometry": {
        "type": "Point",
        "coordinates": [
          138.2226175,
          36.0652877
        ]
      },
      "properties": {
        "内容": "バス停: 名称不明バス停",
        "name": "名称不明バス停",
        "operator": "事業者不明",
        "ref": "",
        "url": "",
        "url2": ""
      }
    },
    {
      "type": "Feature",
      "geometry": {
        "type": "Point",
        "coordinates": [
          138.2252731,
          36.0405009
        ]
      },
      "properties": {
        "内容": "バス停: 湯川",
        "name": "湯川",
        "operator": "事業者不明",
        "ref": "",
        "url": "",
        "url2": ""
      }
    },
    {
      "type": "Feature",
      "geometry": {
        "type": "Point",
        "coordinates": [
          138.227462,
          36.0327405
        ]
      },
      "properties": {
        "内容": "バス停: 名称不明バス停",
        "name": "名称不明バス停",
        "operator": "事業者不明",
        "ref": "",
        "url": "",
        "url2": ""
      }
    },
    {
      "type": "Feature",
      "geometry": {
        "type": "Point",
        "coordinates": [
          138.2274107,
          36.0327535
        ]
      },
      "properties": {
        "内容": "バス停: 名称不明バス停",
        "name": "名称不明バス停",
        "operator": "事業者不明",
        "ref": "",
        "url": "",
        "url2": ""
      }
    },
    {
      "type": "Feature",
      "geometry": {
        "type": "Point",
        "coordinates": [
          138.2145568,
          36.0321392
        ]
      },
      "properties": {
        "内容": "バス停: 名称不明バス停",
        "name": "名称不明バス停",
        "operator": "事業者不明",
        "ref": "",
        "url": "",
        "url2": ""
      }
    },
    {
      "type": "Feature",
      "geometry": {
        "type": "Point",
        "coordinates": [
          138.2146373,
          36.0321457
        ]
      },
      "properties": {
        "内容": "バス停: 名称不明バス停",
        "name": "名称不明バス停",
        "operator": "事業者不明",
        "ref": "",
        "url": "",
        "url2": ""
      }
    },
    {
      "type": "Feature",
      "geometry": {
        "type": "Point",
        "coordinates": [
          138.1995652,
          36.0330922
        ]
      },
      "properties": {
        "内容": "バス停: 名称不明バス停",
        "name": "名称不明バス停",
        "operator": "事業者不明",
        "ref": "",
        "url": "",
        "url2": ""
      }
    },
    {
      "type": "Feature",
      "geometry": {
        "type": "Point",
        "coordinates": [
          138.1777736,
          36.023733
        ]
      },
      "properties": {
        "内容": "バス停: 名称不明バス停",
        "name": "名称不明バス停",
        "operator": "事業者不明",
        "ref": "",
        "url": "",
        "url2": ""
      }
    },
    {
      "type": "Feature",
      "geometry": {
        "type": "Point",
        "coordinates": [
          138.1778017,
          36.0237666
        ]
      },
      "properties": {
        "内容": "バス停: 名称不明バス停",
        "name": "名称不明バス停",
        "operator": "事業者不明",
        "ref": "",
        "url": "",
        "url2": ""
      }
    },
    {
      "type": "Feature",
      "geometry": {
        "type": "Point",
        "coordinates": [
          138.1759506,
          36.0139534
        ]
      },
      "properties": {
        "内容": "バス停: 名称不明バス停",
        "name": "名称不明バス停",
        "operator": "事業者不明",
        "ref": "",
        "url": "",
        "url2": ""
      }
    },
    {
      "type": "Feature",
      "geometry": {
        "type": "Point",
        "coordinates": [
          138.1749006,
          36.0043235
        ]
      },
      "properties": {
        "内容": "バス停: 名称不明バス停",
        "name": "名称不明バス停",
        "operator": "事業者不明",
        "ref": "",
        "url": "",
        "url2": ""
      }
    },
    {
      "type": "Feature",
      "geometry": {
        "type": "Point",
        "coordinates": [
          138.1732788,
          36.0013107
        ]
      },
      "properties": {
        "内容": "バス停: 中央保育園前",
        "name": "中央保育園前",
        "operator": "事業者不明",
        "ref": "",
        "url": "",
        "url2": ""
      }
    },
    {
      "type": "Feature",
      "geometry": {
        "type": "Point",
        "coordinates": [
          138.1700269,
          35.9976028
        ]
      },
      "properties": {
        "内容": "バス停: 栗沢橋",
        "name": "栗沢橋",
        "operator": "事業者不明",
        "ref": "",
        "url": "",
        "url2": ""
      }
    },
    {
      "type": "Feature",
      "geometry": {
        "type": "Point",
        "coordinates": [
          138.153644,
          35.9943868
        ]
      },
      "properties": {
        "内容": "バス停: 名称不明バス停",
        "name": "名称不明バス停",
        "operator": "事業者不明",
        "ref": "",
        "url": "",
        "url2": ""
      }
    },
    {
      "type": "Feature",
      "geometry": {
        "type": "Point",
        "coordinates": [
          137.6949087,
          35.8476554
        ]
      },
      "properties": {
        "内容": "バス停: 八沢 (木曽町)",
        "name": "八沢",
        "operator": "木曽町",
        "ref": "6",
        "url": "",
        "url2": ""
      }
    },
    {
      "type": "Feature",
      "geometry": {
        "type": "Point",
        "coordinates": [
          138.4440809,
          36.7274437
        ]
      },
      "properties": {
        "内容": "バス停: スノーモンキパーク",
        "name": "スノーモンキパーク",
        "operator": "事業者不明",
        "ref": "",
        "url": "",
        "url2": ""
      }
    },
    {
      "type": "Feature",
      "geometry": {
        "type": "Point",
        "coordinates": [
          138.332173,
          36.6988508
        ]
      },
      "properties": {
        "内容": "バス停: 名称不明バス停",
        "name": "名称不明バス停",
        "operator": "事業者不明",
        "ref": "",
        "url": "",
        "url2": ""
      }
    },
    {
      "type": "Feature",
      "geometry": {
        "type": "Point",
        "coordinates": [
          138.4144413,
          36.7418438
        ]
      },
      "properties": {
        "内容": "バス停: 名称不明バス停",
        "name": "名称不明バス停",
        "operator": "事業者不明",
        "ref": "",
        "url": "",
        "url2": ""
      }
    },
    {
      "type": "Feature",
      "geometry": {
        "type": "Point",
        "coordinates": [
          138.1894904,
          36.6427727
        ]
      },
      "properties": {
        "内容": "バス停: 長野 東",
        "name": "長野 東",
        "operator": "事業者不明",
        "ref": "",
        "url": "",
        "url2": ""
      }
    },
    {
      "type": "Feature",
      "geometry": {
        "type": "Point",
        "coordinates": [
          138.4419431,
          36.7296052
        ]
      },
      "properties": {
        "内容": "バス停: 上林温泉",
        "name": "上林温泉",
        "operator": "事業者不明",
        "ref": "",
        "url": "",
        "url2": ""
      }
    },
    {
      "type": "Feature",
      "geometry": {
        "type": "Point",
        "coordinates": [
          137.6365066,
          35.6731704
        ]
      },
      "properties": {
        "内容": "バス停: 野尻駅 (くわちゃんバス)",
        "name": "野尻駅",
        "operator": "くわちゃんバス",
        "ref": "",
        "url": "",
        "url2": ""
      }
    },
    {
      "type": "Feature",
      "geometry": {
        "type": "Point",
        "coordinates": [
          138.125809,
          36.7105551
        ]
      },
      "properties": {
        "内容": "バス停: 名称不明バス停",
        "name": "名称不明バス停",
        "operator": "事業者不明",
        "ref": "",
        "url": "",
        "url2": ""
      }
    },
    {
      "type": "Feature",
      "geometry": {
        "type": "Point",
        "coordinates": [
          138.084868,
          36.7413949
        ]
      },
      "properties": {
        "内容": "バス停: 戸隠中社",
        "name": "戸隠中社",
        "operator": "事業者不明",
        "ref": "",
        "url": "",
        "url2": ""
      }
    },
    {
      "type": "Feature",
      "geometry": {
        "type": "Point",
        "coordinates": [
          137.6509617,
          35.6400054
        ]
      },
      "properties": {
        "内容": "バス停: 島の橋 (南木曽町)",
        "name": "島の橋",
        "operator": "南木曽町",
        "ref": "",
        "url": "",
        "url2": ""
      }
    },
    {
      "type": "Feature",
      "geometry": {
        "type": "Point",
        "coordinates": [
          137.975443,
          36.2478789
        ]
      },
      "properties": {
        "内容": "バス停: 元原前",
        "name": "元原前",
        "operator": "事業者不明",
        "ref": "",
        "url": "",
        "url2": ""
      }
    },
    {
      "type": "Feature",
      "geometry": {
        "type": "Point",
        "coordinates": [
          137.96516,
          36.2487162
        ]
      },
      "properties": {
        "内容": "バス停: 名称不明バス停",
        "name": "名称不明バス停",
        "operator": "事業者不明",
        "ref": "",
        "url": "",
        "url2": ""
      }
    },
    {
      "type": "Feature",
      "geometry": {
        "type": "Point",
        "coordinates": [
          137.9783079,
          36.2494231
        ]
      },
      "properties": {
        "内容": "バス停: 名称不明バス停",
        "name": "名称不明バス停",
        "operator": "事業者不明",
        "ref": "",
        "url": "",
        "url2": ""
      }
    },
    {
      "type": "Feature",
      "geometry": {
        "type": "Point",
        "coordinates": [
          137.9675276,
          36.248753
        ]
      },
      "properties": {
        "内容": "バス停: 名称不明バス停",
        "name": "名称不明バス停",
        "operator": "事業者不明",
        "ref": "",
        "url": "",
        "url2": ""
      }
    },
    {
      "type": "Feature",
      "geometry": {
        "type": "Point",
        "coordinates": [
          137.9704257,
          36.2484479
        ]
      },
      "properties": {
        "内容": "バス停: 名称不明バス停",
        "name": "名称不明バス停",
        "operator": "事業者不明",
        "ref": "",
        "url": "",
        "url2": ""
      }
    },
    {
      "type": "Feature",
      "geometry": {
        "type": "Point",
        "coordinates": [
          137.976759,
          36.2502946
        ]
      },
      "properties": {
        "内容": "バス停: 信州大学前",
        "name": "信州大学前",
        "operator": "事業者不明",
        "ref": "",
        "url": "",
        "url2": ""
      }
    },
    {
      "type": "Feature",
      "geometry": {
        "type": "Point",
        "coordinates": [
          137.9750314,
          36.2338036
        ]
      },
      "properties": {
        "内容": "バス停: 伊織霊水",
        "name": "伊織霊水",
        "operator": "事業者不明",
        "ref": "",
        "url": "",
        "url2": ""
      }
    },
    {
      "type": "Feature",
      "geometry": {
        "type": "Point",
        "coordinates": [
          137.9726916,
          36.2338747
        ]
      },
      "properties": {
        "内容": "バス停: はかり資料館",
        "name": "はかり資料館",
        "operator": "事業者不明",
        "ref": "",
        "url": "",
        "url2": ""
      }
    },
    {
      "type": "Feature",
      "geometry": {
        "type": "Point",
        "coordinates": [
          137.9804267,
          36.2334913
        ]
      },
      "properties": {
        "内容": "バス停: 四ッ谷町",
        "name": "四ッ谷町",
        "operator": "事業者不明",
        "ref": "",
        "url": "",
        "url2": ""
      }
    },
    {
      "type": "Feature",
      "geometry": {
        "type": "Point",
        "coordinates": [
          137.9763436,
          36.2337267
        ]
      },
      "properties": {
        "内容": "バス停: 薬祖神社",
        "name": "薬祖神社",
        "operator": "事業者不明",
        "ref": "",
        "url": "",
        "url2": ""
      }
    },
    {
      "type": "Feature",
      "geometry": {
        "type": "Point",
        "coordinates": [
          137.9738075,
          36.2338753
        ]
      },
      "properties": {
        "内容": "バス停: 龍興寺",
        "name": "龍興寺",
        "operator": "事業者不明",
        "ref": "",
        "url": "",
        "url2": ""
      }
    },
    {
      "type": "Feature",
      "geometry": {
        "type": "Point",
        "coordinates": [
          137.9736426,
          36.2409544
        ]
      },
      "properties": {
        "内容": "バス停: 新町",
        "name": "新町",
        "operator": "事業者不明",
        "ref": "",
        "url": "",
        "url2": ""
      }
    },
    {
      "type": "Feature",
      "geometry": {
        "type": "Point",
        "coordinates": [
          137.9429408,
          36.2306682
        ]
      },
      "properties": {
        "内容": "バス停: 長野道松本 (アルピコ交通)",
        "name": "長野道松本",
        "operator": "アルピコ交通",
        "ref": "",
        "url": "",
        "url2": ""
      }
    },
    {
      "type": "Feature",
      "geometry": {
        "type": "Point",
        "coordinates": [
          137.94323,
          35.8873314
        ]
      },
      "properties": {
        "内容": "バス停: 大芝高原",
        "name": "大芝高原",
        "operator": "事業者不明",
        "ref": "",
        "url": "",
        "url2": ""
      }
    },
    {
      "type": "Feature",
      "geometry": {
        "type": "Point",
        "coordinates": [
          137.9471793,
          35.8870309
        ]
      },
      "properties": {
        "内容": "バス停: 大芝の湯",
        "name": "大芝の湯",
        "operator": "事業者不明",
        "ref": "",
        "url": "",
        "url2": ""
      }
    },
    {
      "type": "Feature",
      "geometry": {
        "type": "Point",
        "coordinates": [
          137.6198319,
          36.1219446
        ]
      },
      "properties": {
        "内容": "バス停: スキー場前 (アルピコ交通)",
        "name": "スキー場前",
        "operator": "アルピコ交通",
        "ref": "N-41",
        "url": "",
        "url2": ""
      }
    },
    {
      "type": "Feature",
      "geometry": {
        "type": "Point",
        "coordinates": [
          137.9738025,
          36.2406709
        ]
      },
      "properties": {
        "内容": "バス停: 新町",
        "name": "新町",
        "operator": "事業者不明",
        "ref": "",
        "url": "",
        "url2": ""
      }
    },
    {
      "type": "Feature",
      "geometry": {
        "type": "Point",
        "coordinates": [
          137.9754706,
          36.2387766
        ]
      },
      "properties": {
        "内容": "バス停: 名称不明バス停",
        "name": "名称不明バス停",
        "operator": "事業者不明",
        "ref": "",
        "url": "",
        "url2": ""
      }
    },
    {
      "type": "Feature",
      "geometry": {
        "type": "Point",
        "coordinates": [
          137.9761569,
          36.2385577
        ]
      },
      "properties": {
        "内容": "バス停: 名称不明バス停",
        "name": "名称不明バス停",
        "operator": "事業者不明",
        "ref": "",
        "url": "",
        "url2": ""
      }
    },
    {
      "type": "Feature",
      "geometry": {
        "type": "Point",
        "coordinates": [
          137.6221715,
          36.121875
        ]
      },
      "properties": {
        "内容": "バス停: 鈴蘭 (アルピコ交通)",
        "name": "鈴蘭",
        "operator": "アルピコ交通",
        "ref": "K-30",
        "url": "",
        "url2": ""
      }
    },
    {
      "type": "Feature",
      "geometry": {
        "type": "Point",
        "coordinates": [
          137.9778295,
          36.2385042
        ]
      },
      "properties": {
        "内容": "バス停: 名称不明バス停",
        "name": "名称不明バス停",
        "operator": "事業者不明",
        "ref": "",
        "url": "",
        "url2": ""
      }
    },
    {
      "type": "Feature",
      "geometry": {
        "type": "Point",
        "coordinates": [
          137.9778013,
          36.2383629
        ]
      },
      "properties": {
        "内容": "バス停: 名称不明バス停",
        "name": "名称不明バス停",
        "operator": "事業者不明",
        "ref": "",
        "url": "",
        "url2": ""
      }
    },
    {
      "type": "Feature",
      "geometry": {
        "type": "Point",
        "coordinates": [
          138.2133802,
          35.7423414
        ]
      },
      "properties": {
        "内容": "バス停: 北沢峠",
        "name": "北沢峠",
        "operator": "事業者不明",
        "ref": "",
        "url": "",
        "url2": ""
      }
    },
    {
      "type": "Feature",
      "geometry": {
        "type": "Point",
        "coordinates": [
          137.5944825,
          35.5706053
        ]
      },
      "properties": {
        "内容": "バス停: 名称不明バス停",
        "name": "名称不明バス停",
        "operator": "事業者不明",
        "ref": "",
        "url": "",
        "url2": ""
      }
    },
    {
      "type": "Feature",
      "geometry": {
        "type": "Point",
        "coordinates": [
          137.8954823,
          35.8626422
        ]
      },
      "properties": {
        "内容": "バス停: 与地南",
        "name": "与地南",
        "operator": "事業者不明",
        "ref": "",
        "url": "",
        "url2": ""
      }
    },
    {
      "type": "Feature",
      "geometry": {
        "type": "Point",
        "coordinates": [
          137.9468506,
          35.8840331
        ]
      },
      "properties": {
        "内容": "バス停: 大芝神社前",
        "name": "大芝神社前",
        "operator": "事業者不明",
        "ref": "",
        "url": "",
        "url2": ""
      }
    },
    {
      "type": "Feature",
      "geometry": {
        "type": "Point",
        "coordinates": [
          138.2792901,
          36.4066082
        ]
      },
      "properties": {
        "内容": "バス停: 上田住吉 (上田バス)",
        "name": "上田住吉",
        "operator": "上田バス",
        "ref": "",
        "url": "",
        "url2": ""
      }
    },
    {
      "type": "Feature",
      "geometry": {
        "type": "Point",
        "coordinates": [
          138.25558,
          36.412415
        ]
      },
      "properties": {
        "内容": "バス停: 北小学校前",
        "name": "北小学校前",
        "operator": "事業者不明",
        "ref": "",
        "url": "",
        "url2": ""
      }
    },
    {
      "type": "Feature",
      "geometry": {
        "type": "Point",
        "coordinates": [
          138.254826,
          36.408359
        ]
      },
      "properties": {
        "内容": "バス停: 北上田",
        "name": "北上田",
        "operator": "事業者不明",
        "ref": "",
        "url": "",
        "url2": ""
      }
    },
    {
      "type": "Feature",
      "geometry": {
        "type": "Point",
        "coordinates": [
          138.249899,
          36.407941
        ]
      },
      "properties": {
        "内容": "バス停: 八幡",
        "name": "八幡",
        "operator": "事業者不明",
        "ref": "",
        "url": "",
        "url2": ""
      }
    },
    {
      "type": "Feature",
      "geometry": {
        "type": "Point",
        "coordinates": [
          138.283124,
          36.352249
        ]
      },
      "properties": {
        "内容": "バス停: 長瀬中央",
        "name": "長瀬中央",
        "operator": "事業者不明",
        "ref": "",
        "url": "",
        "url2": ""
      }
    },
    {
      "type": "Feature",
      "geometry": {
        "type": "Point",
        "coordinates": [
          138.270113,
          36.326282
        ]
      },
      "properties": {
        "内容": "バス停: 丸子中学校",
        "name": "丸子中学校",
        "operator": "事業者不明",
        "ref": "",
        "url": "",
        "url2": ""
      }
    },
    {
      "type": "Feature",
      "geometry": {
        "type": "Point",
        "coordinates": [
          138.286622,
          36.355133
        ]
      },
      "properties": {
        "内容": "バス停: 下長瀬",
        "name": "下長瀬",
        "operator": "事業者不明",
        "ref": "",
        "url": "",
        "url2": ""
      }
    },
    {
      "type": "Feature",
      "geometry": {
        "type": "Point",
        "coordinates": [
          138.286761,
          36.355073
        ]
      },
      "properties": {
        "内容": "バス停: 下長瀬",
        "name": "下長瀬",
        "operator": "事業者不明",
        "ref": "",
        "url": "",
        "url2": ""
      }
    },
    {
      "type": "Feature",
      "geometry": {
        "type": "Point",
        "coordinates": [
          138.280636,
          36.347773
        ]
      },
      "properties": {
        "内容": "バス停: 上長瀬",
        "name": "上長瀬",
        "operator": "事業者不明",
        "ref": "",
        "url": "",
        "url2": ""
      }
    },
    {
      "type": "Feature",
      "geometry": {
        "type": "Point",
        "coordinates": [
          138.269814,
          36.329892
        ]
      },
      "properties": {
        "内容": "バス停: 河原町",
        "name": "河原町",
        "operator": "事業者不明",
        "ref": "",
        "url": "",
        "url2": ""
      }
    },
    {
      "type": "Feature",
      "geometry": {
        "type": "Point",
        "coordinates": [
          138.0775681,
          36.7280341
        ]
      },
      "properties": {
        "内容": "バス停: 地蔵堂前",
        "name": "地蔵堂前",
        "operator": "事業者不明",
        "ref": "",
        "url": "",
        "url2": ""
      }
    },
    {
      "type": "Feature",
      "geometry": {
        "type": "Point",
        "coordinates": [
          138.0775017,
          36.7311741
        ]
      },
      "properties": {
        "内容": "バス停: 戸隠宝光社",
        "name": "戸隠宝光社",
        "operator": "事業者不明",
        "ref": "",
        "url": "",
        "url2": ""
      }
    },
    {
      "type": "Feature",
      "geometry": {
        "type": "Point",
        "coordinates": [
          137.9639556,
          35.8450183
        ]
      },
      "properties": {
        "内容": "バス停: 伊那北駅",
        "name": "伊那北駅",
        "operator": "事業者不明",
        "ref": "",
        "url": "",
        "url2": ""
      }
    },
    {
      "type": "Feature",
      "geometry": {
        "type": "Point",
        "coordinates": [
          138.5824127,
          36.3608427
        ]
      },
      "properties": {
        "内容": "バス停: 千ヶ滝別荘管理事務所前 (西武観光バス)",
        "name": "千ヶ滝別荘管理事務所前",
        "operator": "西武観光バス",
        "ref": "",
        "url": "",
        "url2": ""
      }
    },
    {
      "type": "Feature",
      "geometry": {
        "type": "Point",
        "coordinates": [
          137.9543977,
          35.8559149
        ]
      },
      "properties": {
        "内容": "バス停: 伊那中央病院",
        "name": "伊那中央病院",
        "operator": "事業者不明",
        "ref": "",
        "url": "",
        "url2": ""
      }
    },
    {
      "type": "Feature",
      "geometry": {
        "type": "Point",
        "coordinates": [
          138.3023514,
          36.7035424
        ]
      },
      "properties": {
        "内容": "バス停: 名称不明バス停",
        "name": "名称不明バス停",
        "operator": "事業者不明",
        "ref": "",
        "url": "",
        "url2": ""
      }
    },
    {
      "type": "Feature",
      "geometry": {
        "type": "Point",
        "coordinates": [
          138.3031858,
          36.7037478
        ]
      },
      "properties": {
        "内容": "バス停: 小布施",
        "name": "小布施",
        "operator": "事業者不明",
        "ref": "",
        "url": "",
        "url2": ""
      }
    },
    {
      "type": "Feature",
      "geometry": {
        "type": "Point",
        "coordinates": [
          138.3149769,
          36.8018292
        ]
      },
      "properties": {
        "内容": "バス停: 上信越道豊田BS(下り)",
        "name": "上信越道豊田BS(下り)",
        "operator": "事業者不明",
        "ref": "",
        "url": "",
        "url2": ""
      }
    },
    {
      "type": "Feature",
      "geometry": {
        "type": "Point",
        "coordinates": [
          138.2014819,
          36.8147395
        ]
      },
      "properties": {
        "内容": "バス停: 上信越道柏原BS(下り)",
        "name": "上信越道柏原BS(下り)",
        "operator": "事業者不明",
        "ref": "",
        "url": "",
        "url2": ""
      }
    },
    {
      "type": "Feature",
      "geometry": {
        "type": "Point",
        "coordinates": [
          138.2017008,
          36.8149318
        ]
      },
      "properties": {
        "内容": "バス停: 上信越道柏原BS(上り)",
        "name": "上信越道柏原BS(上り)",
        "operator": "事業者不明",
        "ref": "",
        "url": "",
        "url2": ""
      }
    },
    {
      "type": "Feature",
      "geometry": {
        "type": "Point",
        "coordinates": [
          137.9363498,
          36.1946106
        ]
      },
      "properties": {
        "内容": "バス停: 長野道神林",
        "name": "長野道神林",
        "operator": "事業者不明",
        "ref": "",
        "url": "",
        "url2": ""
      }
    },
    {
      "type": "Feature",
      "geometry": {
        "type": "Point",
        "coordinates": [
          137.9359464,
          36.1945151
        ]
      },
      "properties": {
        "内容": "バス停: 長野道神林",
        "name": "長野道神林",
        "operator": "事業者不明",
        "ref": "",
        "url": "",
        "url2": ""
      }
    },
    {
      "type": "Feature",
      "geometry": {
        "type": "Point",
        "coordinates": [
          137.9672935,
          36.1447766
        ]
      },
      "properties": {
        "内容": "バス停: 長野道広丘野村",
        "name": "長野道広丘野村",
        "operator": "事業者不明",
        "ref": "",
        "url": "",
        "url2": ""
      }
    },
    {
      "type": "Feature",
      "geometry": {
        "type": "Point",
        "coordinates": [
          137.9677803,
          36.1450712
        ]
      },
      "properties": {
        "内容": "バス停: 長野道広丘野村",
        "name": "長野道広丘野村",
        "operator": "事業者不明",
        "ref": "",
        "url": "",
        "url2": ""
      }
    },
    {
      "type": "Feature",
      "geometry": {
        "type": "Point",
        "coordinates": [
          138.0847412,
          36.0173445
        ]
      },
      "properties": {
        "内容": "バス停: 中央有賀",
        "name": "中央有賀",
        "operator": "事業者不明",
        "ref": "",
        "url": "",
        "url2": ""
      }
    },
    {
      "type": "Feature",
      "geometry": {
        "type": "Point",
        "coordinates": [
          138.184631,
          35.757334
        ]
      },
      "properties": {
        "内容": "バス停: 歌宿",
        "name": "歌宿",
        "operator": "事業者不明",
        "ref": "",
        "url": "",
        "url2": ""
      }
    },
    {
      "type": "Feature",
      "geometry": {
        "type": "Point",
        "coordinates": [
          138.4934572,
          36.2765779
        ]
      },
      "properties": {
        "内容": "バス停: 紅雲台入口",
        "name": "紅雲台入口",
        "operator": "事業者不明",
        "ref": "",
        "url": "",
        "url2": ""
      }
    },
    {
      "type": "Feature",
      "geometry": {
        "type": "Point",
        "coordinates": [
          138.3810343,
          36.379129
        ]
      },
      "properties": {
        "内容": "バス停: 滝ノ沢入口 (千曲バス)",
        "name": "滝ノ沢入口",
        "operator": "千曲バス",
        "ref": "",
        "url": "",
        "url2": ""
      }
    },
    {
      "type": "Feature",
      "geometry": {
        "type": "Point",
        "coordinates": [
          138.3747562,
          36.3453498
        ]
      },
      "properties": {
        "内容": "バス停: 片羽 (千曲バス)",
        "name": "片羽",
        "operator": "千曲バス",
        "ref": "",
        "url": "",
        "url2": ""
      }
    },
    {
      "type": "Feature",
      "geometry": {
        "type": "Point",
        "coordinates": [
          138.3882628,
          36.3914235
        ]
      },
      "properties": {
        "内容": "バス停: 発電所前 (千曲バス)",
        "name": "発電所前",
        "operator": "千曲バス",
        "ref": "",
        "url": "",
        "url2": ""
      }
    },
    {
      "type": "Feature",
      "geometry": {
        "type": "Point",
        "coordinates": [
          138.3852805,
          36.3433299
        ]
      },
      "properties": {
        "内容": "バス停: 芝生田 (千曲バス)",
        "name": "芝生田",
        "operator": "千曲バス",
        "ref": "",
        "url": "",
        "url2": ""
      }
    },
    {
      "type": "Feature",
      "geometry": {
        "type": "Point",
        "coordinates": [
          138.3797761,
          36.3448666
        ]
      },
      "properties": {
        "内容": "バス停: 赤岩 (千曲バス)",
        "name": "赤岩",
        "operator": "千曲バス",
        "ref": "",
        "url": "",
        "url2": ""
      }
    },
    {
      "type": "Feature",
      "geometry": {
        "type": "Point",
        "coordinates": [
          137.9253704,
          36.2991401
        ]
      },
      "properties": {
        "内容": "バス停: 名称不明バス停",
        "name": "名称不明バス停",
        "operator": "事業者不明",
        "ref": "",
        "url": "",
        "url2": ""
      }
    },
    {
      "type": "Feature",
      "geometry": {
        "type": "Point",
        "coordinates": [
          137.9251981,
          36.2983179
        ]
      },
      "properties": {
        "内容": "バス停: 名称不明バス停",
        "name": "名称不明バス停",
        "operator": "事業者不明",
        "ref": "",
        "url": "",
        "url2": ""
      }
    },
    {
      "type": "Feature",
      "geometry": {
        "type": "Point",
        "coordinates": [
          137.8821513,
          36.3396423
        ]
      },
      "properties": {
        "内容": "バス停: 名称不明バス停",
        "name": "名称不明バス停",
        "operator": "事業者不明",
        "ref": "",
        "url": "",
        "url2": ""
      }
    },
    {
      "type": "Feature",
      "geometry": {
        "type": "Point",
        "coordinates": [
          137.8820357,
          36.3401387
        ]
      },
      "properties": {
        "内容": "バス停: 名称不明バス停",
        "name": "名称不明バス停",
        "operator": "事業者不明",
        "ref": "",
        "url": "",
        "url2": ""
      }
    },
    {
      "type": "Feature",
      "geometry": {
        "type": "Point",
        "coordinates": [
          137.9653658,
          36.230688
        ]
      },
      "properties": {
        "内容": "バス停: 名称不明バス停",
        "name": "名称不明バス停",
        "operator": "事業者不明",
        "ref": "",
        "url": "",
        "url2": ""
      }
    },
    {
      "type": "Feature",
      "geometry": {
        "type": "Point",
        "coordinates": [
          138.0353755,
          35.8405784
        ]
      },
      "properties": {
        "内容": "バス停: 笠原口",
        "name": "笠原口",
        "operator": "事業者不明",
        "ref": "",
        "url": "",
        "url2": ""
      }
    },
    {
      "type": "Feature",
      "geometry": {
        "type": "Point",
        "coordinates": [
          138.0372557,
          35.840349
        ]
      },
      "properties": {
        "内容": "バス停: 芦沢",
        "name": "芦沢",
        "operator": "事業者不明",
        "ref": "",
        "url": "",
        "url2": ""
      }
    },
    {
      "type": "Feature",
      "geometry": {
        "type": "Point",
        "coordinates": [
          138.0051054,
          36.1819728
        ]
      },
      "properties": {
        "内容": "バス停: 古屋敷",
        "name": "古屋敷",
        "operator": "事業者不明",
        "ref": "",
        "url": "",
        "url2": ""
      }
    },
    {
      "type": "Feature",
      "geometry": {
        "type": "Point",
        "coordinates": [
          137.5927227,
          35.561702
        ]
      },
      "properties": {
        "内容": "バス停: 庚申塚",
        "name": "庚申塚",
        "operator": "事業者不明",
        "ref": "",
        "url": "",
        "url2": ""
      }
    },
    {
      "type": "Feature",
      "geometry": {
        "type": "Point",
        "coordinates": [
          137.5927998,
          35.5616695
        ]
      },
      "properties": {
        "内容": "バス停: 庚申塚",
        "name": "庚申塚",
        "operator": "事業者不明",
        "ref": "",
        "url": "",
        "url2": ""
      }
    },
    {
      "type": "Feature",
      "geometry": {
        "type": "Point",
        "coordinates": [
          138.3153271,
          36.8021097
        ]
      },
      "properties": {
        "内容": "バス停: 上信越道豊田BS(上り)",
        "name": "上信越道豊田BS(上り)",
        "operator": "事業者不明",
        "ref": "",
        "url": "",
        "url2": ""
      }
    },
    {
      "type": "Feature",
      "geometry": {
        "type": "Point",
        "coordinates": [
          138.44053,
          36.7291047
        ]
      },
      "properties": {
        "内容": "バス停: 名称不明バス停",
        "name": "名称不明バス停",
        "operator": "事業者不明",
        "ref": "",
        "url": "",
        "url2": ""
      }
    },
    {
      "type": "Feature",
      "geometry": {
        "type": "Point",
        "coordinates": [
          137.6082253,
          35.5985238
        ]
      },
      "properties": {
        "内容": "バス停: Nagiso",
        "name": "Nagiso",
        "operator": "事業者不明",
        "ref": "",
        "url": "",
        "url2": ""
      }
    },
    {
      "type": "Feature",
      "geometry": {
        "type": "Point",
        "coordinates": [
          137.9422605,
          35.8649161
        ]
      },
      "properties": {
        "内容": "バス停: 中央道伊那",
        "name": "中央道伊那",
        "operator": "事業者不明",
        "ref": "",
        "url": "",
        "url2": ""
      }
    },
    {
      "type": "Feature",
      "geometry": {
        "type": "Point",
        "coordinates": [
          137.9430316,
          35.864802
        ]
      },
      "properties": {
        "内容": "バス停: 中央道伊那",
        "name": "中央道伊那",
        "operator": "事業者不明",
        "ref": "",
        "url": "",
        "url2": ""
      }
    },
    {
      "type": "Feature",
      "geometry": {
        "type": "Point",
        "coordinates": [
          138.4436581,
          36.923095
        ]
      },
      "properties": {
        "内容": "バス停: 道祖神火祭会場 (野澤溫泉)",
        "name": "道祖神火祭会場",
        "operator": "野澤溫泉",
        "ref": "",
        "url": "",
        "url2": ""
      }
    },
    {
      "type": "Feature",
      "geometry": {
        "type": "Point",
        "coordinates": [
          138.4398901,
          36.7294507
        ]
      },
      "properties": {
        "内容": "バス停: 名称不明バス停",
        "name": "名称不明バス停",
        "operator": "事業者不明",
        "ref": "",
        "url": "",
        "url2": ""
      }
    },
    {
      "type": "Feature",
      "geometry": {
        "type": "Point",
        "coordinates": [
          138.437503,
          36.7305363
        ]
      },
      "properties": {
        "内容": "バス停: 名称不明バス停",
        "name": "名称不明バス停",
        "operator": "事業者不明",
        "ref": "",
        "url": "",
        "url2": ""
      }
    },
    {
      "type": "Feature",
      "geometry": {
        "type": "Point",
        "coordinates": [
          138.4376706,
          36.730604
        ]
      },
      "properties": {
        "内容": "バス停: 名称不明バス停",
        "name": "名称不明バス停",
        "operator": "事業者不明",
        "ref": "",
        "url": "",
        "url2": ""
      }
    },
    {
      "type": "Feature",
      "geometry": {
        "type": "Point",
        "coordinates": [
          138.4355117,
          36.7309326
        ]
      },
      "properties": {
        "内容": "バス停: 名称不明バス停",
        "name": "名称不明バス停",
        "operator": "事業者不明",
        "ref": "",
        "url": "",
        "url2": ""
      }
    },
    {
      "type": "Feature",
      "geometry": {
        "type": "Point",
        "coordinates": [
          138.4354556,
          36.7308456
        ]
      },
      "properties": {
        "内容": "バス停: 名称不明バス停",
        "name": "名称不明バス停",
        "operator": "事業者不明",
        "ref": "",
        "url": "",
        "url2": ""
      }
    },
    {
      "type": "Feature",
      "geometry": {
        "type": "Point",
        "coordinates": [
          138.4326321,
          36.7319497
        ]
      },
      "properties": {
        "内容": "バス停: 名称不明バス停",
        "name": "名称不明バス停",
        "operator": "事業者不明",
        "ref": "",
        "url": "",
        "url2": ""
      }
    },
    {
      "type": "Feature",
      "geometry": {
        "type": "Point",
        "coordinates": [
          138.4326026,
          36.7318831
        ]
      },
      "properties": {
        "内容": "バス停: 名称不明バス停",
        "name": "名称不明バス停",
        "operator": "事業者不明",
        "ref": "",
        "url": "",
        "url2": ""
      }
    },
    {
      "type": "Feature",
      "geometry": {
        "type": "Point",
        "coordinates": [
          138.4306325,
          36.734455
        ]
      },
      "properties": {
        "内容": "バス停: 渋温泉",
        "name": "渋温泉",
        "operator": "事業者不明",
        "ref": "",
        "url": "",
        "url2": ""
      }
    },
    {
      "type": "Feature",
      "geometry": {
        "type": "Point",
        "coordinates": [
          138.4305856,
          36.7343852
        ]
      },
      "properties": {
        "内容": "バス停: 名称不明バス停",
        "name": "名称不明バス停",
        "operator": "事業者不明",
        "ref": "",
        "url": "",
        "url2": ""
      }
    },
    {
      "type": "Feature",
      "geometry": {
        "type": "Point",
        "coordinates": [
          138.4328346,
          36.7338639
        ]
      },
      "properties": {
        "内容": "バス停: 渋和合橋",
        "name": "渋和合橋",
        "operator": "事業者不明",
        "ref": "",
        "url": "",
        "url2": ""
      }
    },
    {
      "type": "Feature",
      "geometry": {
        "type": "Point",
        "coordinates": [
          138.4327836,
          36.733829
        ]
      },
      "properties": {
        "内容": "バス停: 名称不明バス停",
        "name": "名称不明バス停",
        "operator": "事業者不明",
        "ref": "",
        "url": "",
        "url2": ""
      }
    },
    {
      "type": "Feature",
      "geometry": {
        "type": "Point",
        "coordinates": [
          138.4266213,
          36.7353762
        ]
      },
      "properties": {
        "内容": "バス停: 安代温泉",
        "name": "安代温泉",
        "operator": "事業者不明",
        "ref": "",
        "url": "",
        "url2": ""
      }
    },
    {
      "type": "Feature",
      "geometry": {
        "type": "Point",
        "coordinates": [
          138.4263383,
          36.7353418
        ]
      },
      "properties": {
        "内容": "バス停: 名称不明バス停",
        "name": "名称不明バス停",
        "operator": "事業者不明",
        "ref": "",
        "url": "",
        "url2": ""
      }
    },
    {
      "type": "Feature",
      "geometry": {
        "type": "Point",
        "coordinates": [
          138.4200096,
          36.736696
        ]
      },
      "properties": {
        "内容": "バス停: 名称不明バス停",
        "name": "名称不明バス停",
        "operator": "事業者不明",
        "ref": "",
        "url": "",
        "url2": ""
      }
    },
    {
      "type": "Feature",
      "geometry": {
        "type": "Point",
        "coordinates": [
          138.4206855,
          36.736466
        ]
      },
      "properties": {
        "内容": "バス停: 大噴泉",
        "name": "大噴泉",
        "operator": "事業者不明",
        "ref": "",
        "url": "",
        "url2": ""
      }
    },
    {
      "type": "Feature",
      "geometry": {
        "type": "Point",
        "coordinates": [
          138.4183493,
          36.7376181
        ]
      },
      "properties": {
        "内容": "バス停: 星川中",
        "name": "星川中",
        "operator": "事業者不明",
        "ref": "",
        "url": "",
        "url2": ""
      }
    },
    {
      "type": "Feature",
      "geometry": {
        "type": "Point",
        "coordinates": [
          138.4179135,
          36.7377234
        ]
      },
      "properties": {
        "内容": "バス停: 名称不明バス停",
        "name": "名称不明バス停",
        "operator": "事業者不明",
        "ref": "",
        "url": "",
        "url2": ""
      }
    },
    {
      "type": "Feature",
      "geometry": {
        "type": "Point",
        "coordinates": [
          138.4155907,
          36.7394634
        ]
      },
      "properties": {
        "内容": "バス停: 星川温泉",
        "name": "星川温泉",
        "operator": "事業者不明",
        "ref": "",
        "url": "",
        "url2": ""
      }
    },
    {
      "type": "Feature",
      "geometry": {
        "type": "Point",
        "coordinates": [
          138.4973994,
          36.685282
        ]
      },
      "properties": {
        "内容": "バス停: ほたる温泉(硯川)",
        "name": "ほたる温泉(硯川)",
        "operator": "事業者不明",
        "ref": "",
        "url": "",
        "url2": ""
      }
    },
    {
      "type": "Feature",
      "geometry": {
        "type": "Point",
        "coordinates": [
          138.4921047,
          36.6895396
        ]
      },
      "properties": {
        "内容": "バス停: 名称不明バス停",
        "name": "名称不明バス停",
        "operator": "事業者不明",
        "ref": "",
        "url": "",
        "url2": ""
      }
    },
    {
      "type": "Feature",
      "geometry": {
        "type": "Point",
        "coordinates": [
          138.491874,
          36.6921497
        ]
      },
      "properties": {
        "内容": "バス停: 名称不明バス停",
        "name": "名称不明バス停",
        "operator": "事業者不明",
        "ref": "",
        "url": "",
        "url2": ""
      }
    },
    {
      "type": "Feature",
      "geometry": {
        "type": "Point",
        "coordinates": [
          138.4911445,
          36.7100741
        ]
      },
      "properties": {
        "内容": "バス停: 名称不明バス停",
        "name": "名称不明バス停",
        "operator": "事業者不明",
        "ref": "",
        "url": "",
        "url2": ""
      }
    },
    {
      "type": "Feature",
      "geometry": {
        "type": "Point",
        "coordinates": [
          138.4935692,
          36.7115728
        ]
      },
      "properties": {
        "内容": "バス停: 名称不明バス停",
        "name": "名称不明バス停",
        "operator": "事業者不明",
        "ref": "",
        "url": "",
        "url2": ""
      }
    },
    {
      "type": "Feature",
      "geometry": {
        "type": "Point",
        "coordinates": [
          138.4937932,
          36.7117308
        ]
      },
      "properties": {
        "内容": "バス停: 名称不明バス停",
        "name": "名称不明バス停",
        "operator": "事業者不明",
        "ref": "",
        "url": "",
        "url2": ""
      }
    },
    {
      "type": "Feature",
      "geometry": {
        "type": "Point",
        "coordinates": [
          138.493765,
          36.7145228
        ]
      },
      "properties": {
        "内容": "バス停: 名称不明バス停",
        "name": "名称不明バス停",
        "operator": "事業者不明",
        "ref": "",
        "url": "",
        "url2": ""
      }
    },
    {
      "type": "Feature",
      "geometry": {
        "type": "Point",
        "coordinates": [
          138.4883067,
          36.7179006
        ]
      },
      "properties": {
        "内容": "バス停: 丸池",
        "name": "丸池",
        "operator": "事業者不明",
        "ref": "",
        "url": "",
        "url2": ""
      }
    },
    {
      "type": "Feature",
      "geometry": {
        "type": "Point",
        "coordinates": [
          138.4749104,
          36.7236226
        ]
      },
      "properties": {
        "内容": "バス停: 名称不明バス停",
        "name": "名称不明バス停",
        "operator": "事業者不明",
        "ref": "",
        "url": "",
        "url2": ""
      }
    },
    {
      "type": "Feature",
      "geometry": {
        "type": "Point",
        "coordinates": [
          138.5048076,
          36.7126049
        ]
      },
      "properties": {
        "内容": "バス停: 名称不明バス停",
        "name": "名称不明バス停",
        "operator": "事業者不明",
        "ref": "",
        "url": "",
        "url2": ""
      }
    },
    {
      "type": "Feature",
      "geometry": {
        "type": "Point",
        "coordinates": [
          138.212927,
          35.7427646
        ]
      },
      "properties": {
        "内容": "バス停: 北沢峠",
        "name": "北沢峠",
        "operator": "事業者不明",
        "ref": "",
        "url": "",
        "url2": ""
      }
    },
    {
      "type": "Feature",
      "geometry": {
        "type": "Point",
        "coordinates": [
          138.1987645,
          36.5659974
        ]
      },
      "properties": {
        "内容": "バス停: 名称不明バス停",
        "name": "名称不明バス停",
        "operator": "事業者不明",
        "ref": "",
        "url": "",
        "url2": ""
      }
    },
    {
      "type": "Feature",
      "geometry": {
        "type": "Point",
        "coordinates": [
          138.0793639,
          36.7560784
        ]
      },
      "properties": {
        "内容": "バス停: 戸隠奥社入口",
        "name": "戸隠奥社入口",
        "operator": "事業者不明",
        "ref": "",
        "url": "",
        "url2": ""
      }
    },
    {
      "type": "Feature",
      "geometry": {
        "type": "Point",
        "coordinates": [
          138.0857146,
          36.7388062
        ]
      },
      "properties": {
        "内容": "バス停: 名称不明バス停",
        "name": "名称不明バス停",
        "operator": "事業者不明",
        "ref": "",
        "url": "",
        "url2": ""
      }
    },
    {
      "type": "Feature",
      "geometry": {
        "type": "Point",
        "coordinates": [
          138.0846328,
          36.7362397
        ]
      },
      "properties": {
        "内容": "バス停: 名称不明バス停",
        "name": "名称不明バス停",
        "operator": "事業者不明",
        "ref": "",
        "url": "",
        "url2": ""
      }
    },
    {
      "type": "Feature",
      "geometry": {
        "type": "Point",
        "coordinates": [
          137.880412,
          36.4345604
        ]
      },
      "properties": {
        "内容": "バス停: 名称不明バス停",
        "name": "名称不明バス停",
        "operator": "事業者不明",
        "ref": "",
        "url": "",
        "url2": ""
      }
    },
    {
      "type": "Feature",
      "geometry": {
        "type": "Point",
        "coordinates": [
          137.8795785,
          36.4374475
        ]
      },
      "properties": {
        "内容": "バス停: 名称不明バス停",
        "name": "名称不明バス停",
        "operator": "事業者不明",
        "ref": "",
        "url": "",
        "url2": ""
      }
    },
    {
      "type": "Feature",
      "geometry": {
        "type": "Point",
        "coordinates": [
          137.8739006,
          36.4343683
        ]
      },
      "properties": {
        "内容": "バス停: 名称不明バス停",
        "name": "名称不明バス停",
        "operator": "事業者不明",
        "ref": "",
        "url": "",
        "url2": ""
      }
    },
    {
      "type": "Feature",
      "geometry": {
        "type": "Point",
        "coordinates": [
          137.8728561,
          36.4395604
        ]
      },
      "properties": {
        "内容": "バス停: 正科中屋前 (池田町)",
        "name": "正科中屋前",
        "operator": "池田町",
        "ref": "",
        "url": "",
        "url2": ""
      }
    },
    {
      "type": "Feature",
      "geometry": {
        "type": "Point",
        "coordinates": [
          137.8746539,
          36.4406862
        ]
      },
      "properties": {
        "内容": "バス停: 正科消防詰所前 (池田町)",
        "name": "正科消防詰所前",
        "operator": "池田町",
        "ref": "",
        "url": "",
        "url2": ""
      }
    },
    {
      "type": "Feature",
      "geometry": {
        "type": "Point",
        "coordinates": [
          137.8841252,
          36.4327256
        ]
      },
      "properties": {
        "内容": "バス停: 堀の内入口 (池田町)",
        "name": "堀の内入口",
        "operator": "池田町",
        "ref": "",
        "url": "",
        "url2": ""
      }
    },
    {
      "type": "Feature",
      "geometry": {
        "type": "Point",
        "coordinates": [
          138.3078727,
          36.7960374
        ]
      },
      "properties": {
        "内容": "バス停: 名称不明バス停",
        "name": "名称不明バス停",
        "operator": "事業者不明",
        "ref": "",
        "url": "",
        "url2": ""
      }
    },
    {
      "type": "Feature",
      "geometry": {
        "type": "Point",
        "coordinates": [
          138.1491372,
          35.9866318
        ]
      },
      "properties": {
        "内容": "バス停: 中央道茅野",
        "name": "中央道茅野",
        "operator": "事業者不明",
        "ref": "",
        "url": "",
        "url2": ""
      }
    },
    {
      "type": "Feature",
      "geometry": {
        "type": "Point",
        "coordinates": [
          138.1493746,
          35.9868012
        ]
      },
      "properties": {
        "内容": "バス停: 中央道茅野",
        "name": "中央道茅野",
        "operator": "事業者不明",
        "ref": "",
        "url": "",
        "url2": ""
      }
    },
    {
      "type": "Feature",
      "geometry": {
        "type": "Point",
        "coordinates": [
          137.972711,
          36.236522
        ]
      },
      "properties": {
        "内容": "バス停: 上土町",
        "name": "上土町",
        "operator": "事業者不明",
        "ref": "",
        "url": "",
        "url2": ""
      }
    },
    {
      "type": "Feature",
      "geometry": {
        "type": "Point",
        "coordinates": [
          137.9704781,
          36.2364906
        ]
      },
      "properties": {
        "内容": "バス停: 丸の内",
        "name": "丸の内",
        "operator": "事業者不明",
        "ref": "",
        "url": "",
        "url2": ""
      }
    },
    {
      "type": "Feature",
      "geometry": {
        "type": "Point",
        "coordinates": [
          137.9714812,
          36.2382744
        ]
      },
      "properties": {
        "内容": "バス停: 松本城・市役所前",
        "name": "松本城・市役所前",
        "operator": "事業者不明",
        "ref": "",
        "url": "",
        "url2": ""
      }
    },
    {
      "type": "Feature",
      "geometry": {
        "type": "Point",
        "coordinates": [
          137.9713887,
          36.238415
        ]
      },
      "properties": {
        "内容": "バス停: 松本城・市役所前",
        "name": "松本城・市役所前",
        "operator": "事業者不明",
        "ref": "",
        "url": "",
        "url2": ""
      }
    },
    {
      "type": "Feature",
      "geometry": {
        "type": "Point",
        "coordinates": [
          137.9700757,
          36.2395605
        ]
      },
      "properties": {
        "内容": "バス停: 松本城北",
        "name": "松本城北",
        "operator": "事業者不明",
        "ref": "",
        "url": "",
        "url2": ""
      }
    },
    {
      "type": "Feature",
      "geometry": {
        "type": "Point",
        "coordinates": [
          137.9677074,
          36.2412035
        ]
      },
      "properties": {
        "内容": "バス停: 旧開智学校",
        "name": "旧開智学校",
        "operator": "事業者不明",
        "ref": "",
        "url": "",
        "url2": ""
      }
    },
    {
      "type": "Feature",
      "geometry": {
        "type": "Point",
        "coordinates": [
          138.1880066,
          36.1038804
        ]
      },
      "properties": {
        "内容": "バス停: 車山肩",
        "name": "車山肩",
        "operator": "事業者不明",
        "ref": "",
        "url": "",
        "url2": ""
      }
    },
    {
      "type": "Feature",
      "geometry": {
        "type": "Point",
        "coordinates": [
          137.9651873,
          36.2311111
        ]
      },
      "properties": {
        "内容": "バス停: 名称不明バス停",
        "name": "名称不明バス停",
        "operator": "事業者不明",
        "ref": "",
        "url": "",
        "url2": ""
      }
    },
    {
      "type": "Feature",
      "geometry": {
        "type": "Point",
        "coordinates": [
          137.9458971,
          35.839016
        ]
      },
      "properties": {
        "内容": "バス停: 名称不明バス停",
        "name": "名称不明バス停",
        "operator": "事業者不明",
        "ref": "",
        "url": "",
        "url2": ""
      }
    },
    {
      "type": "Feature",
      "geometry": {
        "type": "Point",
        "coordinates": [
          138.6251853,
          36.8286227
        ]
      },
      "properties": {
        "内容": "バス停: 和山温泉 (南越後観光バス)",
        "name": "和山温泉",
        "operator": "南越後観光バス",
        "ref": "",
        "url": "",
        "url2": ""
      }
    },
    {
      "type": "Feature",
      "geometry": {
        "type": "Point",
        "coordinates": [
          138.6214467,
          36.8443324
        ]
      },
      "properties": {
        "内容": "バス停: 上野原入口 (南越後観光バス)",
        "name": "上野原入口",
        "operator": "南越後観光バス",
        "ref": "",
        "url": "",
        "url2": ""
      }
    },
    {
      "type": "Feature",
      "geometry": {
        "type": "Point",
        "coordinates": [
          138.1875466,
          36.6568827
        ]
      },
      "properties": {
        "内容": "バス停: 善光寺大門",
        "name": "善光寺大門",
        "operator": "事業者不明",
        "ref": "",
        "url": "",
        "url2": ""
      }
    },
    {
      "type": "Feature",
      "geometry": {
        "type": "Point",
        "coordinates": [
          138.0162153,
          36.6037872
        ]
      },
      "properties": {
        "内容": "バス停: 道の駅中条",
        "name": "道の駅中条",
        "operator": "事業者不明",
        "ref": "",
        "url": "",
        "url2": ""
      }
    },
    {
      "type": "Feature",
      "geometry": {
        "type": "Point",
        "coordinates": [
          138.5876997,
          36.373705
        ]
      },
      "properties": {
        "内容": "バス停: 西武軽井沢営業所 (西武観光バス)",
        "name": "西武軽井沢営業所",
        "operator": "西武観光バス",
        "ref": "",
        "url": "",
        "url2": ""
      }
    },
    {
      "type": "Feature",
      "geometry": {
        "type": "Point",
        "coordinates": [
          138.5872472,
          36.3692491
        ]
      },
      "properties": {
        "内容": "バス停: 千ヶ滝温泉入口 (西武観光バス)",
        "name": "千ヶ滝温泉入口",
        "operator": "西武観光バス",
        "ref": "",
        "url": "",
        "url2": ""
      }
    },
    {
      "type": "Feature",
      "geometry": {
        "type": "Point",
        "coordinates": [
          138.5885439,
          36.3613239
        ]
      },
      "properties": {
        "内容": "バス停: 星野温泉トンボの湯",
        "name": "星野温泉トンボの湯",
        "operator": "事業者不明",
        "ref": "",
        "url": "",
        "url2": ""
      }
    },
    {
      "type": "Feature",
      "geometry": {
        "type": "Point",
        "coordinates": [
          138.5887097,
          36.3608912
        ]
      },
      "properties": {
        "内容": "バス停: 星野温泉トンボの湯",
        "name": "星野温泉トンボの湯",
        "operator": "事業者不明",
        "ref": "",
        "url": "",
        "url2": ""
      }
    },
    {
      "type": "Feature",
      "geometry": {
        "type": "Point",
        "coordinates": [
          138.5852391,
          36.3665712
        ]
      },
      "properties": {
        "内容": "バス停: 軽井沢千ヶ滝温泉 (西武観光バス)",
        "name": "軽井沢千ヶ滝温泉",
        "operator": "西武観光バス",
        "ref": "",
        "url": "",
        "url2": ""
      }
    },
    {
      "type": "Feature",
      "geometry": {
        "type": "Point",
        "coordinates": [
          138.5875232,
          36.3657481
        ]
      },
      "properties": {
        "内容": "バス停: 塩壺上 (西武観光バス)",
        "name": "塩壺上",
        "operator": "西武観光バス",
        "ref": "",
        "url": "",
        "url2": ""
      }
    },
    {
      "type": "Feature",
      "geometry": {
        "type": "Point",
        "coordinates": [
          138.5979537,
          36.3482954
        ]
      },
      "properties": {
        "内容": "バス停: 軽井沢病院",
        "name": "軽井沢病院",
        "operator": "事業者不明",
        "ref": "",
        "url": "",
        "url2": ""
      }
    },
    {
      "type": "Feature",
      "geometry": {
        "type": "Point",
        "coordinates": [
          138.5965902,
          36.3357041
        ]
      },
      "properties": {
        "内容": "バス停: 軽井沢千住博美術館",
        "name": "軽井沢千住博美術館",
        "operator": "事業者不明",
        "ref": "",
        "url": "",
        "url2": ""
      }
    },
    {
      "type": "Feature",
      "geometry": {
        "type": "Point",
        "coordinates": [
          138.5963631,
          36.326318
        ]
      },
      "properties": {
        "内容": "バス停: 軽井沢絵本の森美術館・エルツおもちゃ博物館",
        "name": "軽井沢絵本の森美術館・エルツおもちゃ博物館",
        "operator": "事業者不明",
        "ref": "",
        "url": "",
        "url2": ""
      }
    },
    {
      "type": "Feature",
      "geometry": {
        "type": "Point",
        "coordinates": [
          138.5966913,
          36.3258737
        ]
      },
      "properties": {
        "内容": "バス停: 軽井沢絵本の森美術館・エルツおもちゃ博物館",
        "name": "軽井沢絵本の森美術館・エルツおもちゃ博物館",
        "operator": "事業者不明",
        "ref": "",
        "url": "",
        "url2": ""
      }
    },
    {
      "type": "Feature",
      "geometry": {
        "type": "Point",
        "coordinates": [
          138.5969312,
          36.3278117
        ]
      },
      "properties": {
        "内容": "バス停: 塩沢湖",
        "name": "塩沢湖",
        "operator": "事業者不明",
        "ref": "",
        "url": "",
        "url2": ""
      }
    },
    {
      "type": "Feature",
      "geometry": {
        "type": "Point",
        "coordinates": [
          138.597036,
          36.3277655
        ]
      },
      "properties": {
        "内容": "バス停: 塩沢湖",
        "name": "塩沢湖",
        "operator": "事業者不明",
        "ref": "",
        "url": "",
        "url2": ""
      }
    },
    {
      "type": "Feature",
      "geometry": {
        "type": "Point",
        "coordinates": [
          138.5998926,
          36.331907
        ]
      },
      "properties": {
        "内容": "バス停: 塩沢",
        "name": "塩沢",
        "operator": "事業者不明",
        "ref": "",
        "url": "",
        "url2": ""
      }
    },
    {
      "type": "Feature",
      "geometry": {
        "type": "Point",
        "coordinates": [
          138.6000264,
          36.3318274
        ]
      },
      "properties": {
        "内容": "バス停: 塩沢",
        "name": "塩沢",
        "operator": "事業者不明",
        "ref": "",
        "url": "",
        "url2": ""
      }
    },
    {
      "type": "Feature",
      "geometry": {
        "type": "Point",
        "coordinates": [
          138.601897,
          36.3336107
        ]
      },
      "properties": {
        "内容": "バス停: 塩沢交差点",
        "name": "塩沢交差点",
        "operator": "事業者不明",
        "ref": "",
        "url": "",
        "url2": ""
      }
    },
    {
      "type": "Feature",
      "geometry": {
        "type": "Point",
        "coordinates": [
          138.5988005,
          36.3319735
        ]
      },
      "properties": {
        "内容": "バス停: 東急ハーヴェストクラブ軽井沢&VIALA",
        "name": "東急ハーヴェストクラブ軽井沢&VIALA",
        "operator": "事業者不明",
        "ref": "",
        "url": "",
        "url2": ""
      }
    },
    {
      "type": "Feature",
      "geometry": {
        "type": "Point",
        "coordinates": [
          138.5859083,
          36.3474517
        ]
      },
      "properties": {
        "内容": "バス停: 発地入口 (西武観光バス)",
        "name": "発地入口",
        "operator": "西武観光バス",
        "ref": "",
        "url": "",
        "url2": ""
      }
    },
    {
      "type": "Feature",
      "geometry": {
        "type": "Point",
        "coordinates": [
          138.5863528,
          36.3469573
        ]
      },
      "properties": {
        "内容": "バス停: 発地入口 (西武観光バス)",
        "name": "発地入口",
        "operator": "西武観光バス",
        "ref": "",
        "url": "",
        "url2": ""
      }
    },
    {
      "type": "Feature",
      "geometry": {
        "type": "Point",
        "coordinates": [
          138.5834596,
          36.348142
        ]
      },
      "properties": {
        "内容": "バス停: 富ヶ丘入口 (西武観光バス)",
        "name": "富ヶ丘入口",
        "operator": "西武観光バス",
        "ref": "",
        "url": "",
        "url2": ""
      }
    },
    {
      "type": "Feature",
      "geometry": {
        "type": "Point",
        "coordinates": [
          138.5830091,
          36.3530587
        ]
      },
      "properties": {
        "内容": "バス停: 富ヶ丘 (西武観光バス)",
        "name": "富ヶ丘",
        "operator": "西武観光バス",
        "ref": "",
        "url": "",
        "url2": ""
      }
    },
    {
      "type": "Feature",
      "geometry": {
        "type": "Point",
        "coordinates": [
          138.5831025,
          36.353026
        ]
      },
      "properties": {
        "内容": "バス停: 富ヶ丘 (西武観光バス)",
        "name": "富ヶ丘",
        "operator": "西武観光バス",
        "ref": "",
        "url": "",
        "url2": ""
      }
    },
    {
      "type": "Feature",
      "geometry": {
        "type": "Point",
        "coordinates": [
          138.5834769,
          36.356284
        ]
      },
      "properties": {
        "内容": "バス停: 上ノ原 (西武観光バス)",
        "name": "上ノ原",
        "operator": "西武観光バス",
        "ref": "",
        "url": "",
        "url2": ""
      }
    },
    {
      "type": "Feature",
      "geometry": {
        "type": "Point",
        "coordinates": [
          138.5836396,
          36.3562762
        ]
      },
      "properties": {
        "内容": "バス停: 上ノ原 (西武観光バス)",
        "name": "上ノ原",
        "operator": "西武観光バス",
        "ref": "",
        "url": "",
        "url2": ""
      }
    },
    {
      "type": "Feature",
      "geometry": {
        "type": "Point",
        "coordinates": [
          138.5805207,
          36.3651502
        ]
      },
      "properties": {
        "内容": "バス停: 黒橋 (西武観光バス)",
        "name": "黒橋",
        "operator": "西武観光バス",
        "ref": "",
        "url": "",
        "url2": ""
      }
    },
    {
      "type": "Feature",
      "geometry": {
        "type": "Point",
        "coordinates": [
          138.5787484,
          36.3685686
        ]
      },
      "properties": {
        "内容": "バス停: 立教女学院前 (西武観光バス)",
        "name": "立教女学院前",
        "operator": "西武観光バス",
        "ref": "",
        "url": "",
        "url2": ""
      }
    },
    {
      "type": "Feature",
      "geometry": {
        "type": "Point",
        "coordinates": [
          138.5781033,
          36.3702059
        ]
      },
      "properties": {
        "内容": "バス停: 桔梗ヶ丘 (西武観光バス)",
        "name": "桔梗ヶ丘",
        "operator": "西武観光バス",
        "ref": "",
        "url": "",
        "url2": ""
      }
    },
    {
      "type": "Feature",
      "geometry": {
        "type": "Point",
        "coordinates": [
          138.5778731,
          36.3715537
        ]
      },
      "properties": {
        "内容": "バス停: 芹ヶ沢 (西武観光バス)",
        "name": "芹ヶ沢",
        "operator": "西武観光バス",
        "ref": "",
        "url": "",
        "url2": ""
      }
    },
    {
      "type": "Feature",
      "geometry": {
        "type": "Point",
        "coordinates": [
          138.581885,
          36.3706559
        ]
      },
      "properties": {
        "内容": "バス停: 忍ヶ丘 (西武観光バス)",
        "name": "忍ヶ丘",
        "operator": "西武観光バス",
        "ref": "",
        "url": "",
        "url2": ""
      }
    },
    {
      "type": "Feature",
      "geometry": {
        "type": "Point",
        "coordinates": [
          138.585538,
          36.3691713
        ]
      },
      "properties": {
        "内容": "バス停: 千光稲荷神社 (西武観光バス)",
        "name": "千光稲荷神社",
        "operator": "西武観光バス",
        "ref": "",
        "url": "",
        "url2": ""
      }
    },
    {
      "type": "Feature",
      "geometry": {
        "type": "Point",
        "coordinates": [
          138.5876411,
          36.3696289
        ]
      },
      "properties": {
        "内容": "バス停: 千ヶ滝温泉入口 (西武観光バス)",
        "name": "千ヶ滝温泉入口",
        "operator": "西武観光バス",
        "ref": "",
        "url": "",
        "url2": ""
      }
    },
    {
      "type": "Feature",
      "geometry": {
        "type": "Point",
        "coordinates": [
          138.5878733,
          36.3736796
        ]
      },
      "properties": {
        "内容": "バス停: 西武軽井沢営業所 (西武観光バス)",
        "name": "西武軽井沢営業所",
        "operator": "西武観光バス",
        "ref": "",
        "url": "",
        "url2": ""
      }
    },
    {
      "type": "Feature",
      "geometry": {
        "type": "Point",
        "coordinates": [
          138.5701526,
          36.4035302
        ]
      },
      "properties": {
        "内容": "バス停: 峰の茶屋",
        "name": "峰の茶屋",
        "operator": "事業者不明",
        "ref": "",
        "url": "",
        "url2": ""
      }
    },
    {
      "type": "Feature",
      "geometry": {
        "type": "Point",
        "coordinates": [
          138.5695969,
          36.4038542
        ]
      },
      "properties": {
        "内容": "バス停: 峰の茶屋",
        "name": "峰の茶屋",
        "operator": "事業者不明",
        "ref": "",
        "url": "",
        "url2": ""
      }
    },
    {
      "type": "Feature",
      "geometry": {
        "type": "Point",
        "coordinates": [
          138.1561761,
          36.6288098
        ]
      },
      "properties": {
        "内容": "バス停: 小市東",
        "name": "小市東",
        "operator": "事業者不明",
        "ref": "",
        "url": "",
        "url2": ""
      }
    },
    {
      "type": "Feature",
      "geometry": {
        "type": "Point",
        "coordinates": [
          138.1765655,
          36.6329096
        ]
      },
      "properties": {
        "内容": "バス停: 裾花中学校前",
        "name": "裾花中学校前",
        "operator": "事業者不明",
        "ref": "",
        "url": "",
        "url2": ""
      }
    },
    {
      "type": "Feature",
      "geometry": {
        "type": "Point",
        "coordinates": [
          138.176984,
          36.6327632
        ]
      },
      "properties": {
        "内容": "バス停: 裾花中学校前",
        "name": "裾花中学校前",
        "operator": "事業者不明",
        "ref": "",
        "url": "",
        "url2": ""
      }
    },
    {
      "type": "Feature",
      "geometry": {
        "type": "Point",
        "coordinates": [
          138.1758368,
          36.6307104
        ]
      },
      "properties": {
        "内容": "バス停: 差出南",
        "name": "差出南",
        "operator": "事業者不明",
        "ref": "",
        "url": "",
        "url2": ""
      }
    },
    {
      "type": "Feature",
      "geometry": {
        "type": "Point",
        "coordinates": [
          138.1749733,
          36.628767
        ]
      },
      "properties": {
        "内容": "バス停: 長野工業高校前",
        "name": "長野工業高校前",
        "operator": "事業者不明",
        "ref": "",
        "url": "",
        "url2": ""
      }
    },
    {
      "type": "Feature",
      "geometry": {
        "type": "Point",
        "coordinates": [
          138.1711927,
          36.6285149
        ]
      },
      "properties": {
        "内容": "バス停: 犀川浄水場前",
        "name": "犀川浄水場前",
        "operator": "事業者不明",
        "ref": "",
        "url": "",
        "url2": ""
      }
    },
    {
      "type": "Feature",
      "geometry": {
        "type": "Point",
        "coordinates": [
          138.1676318,
          36.6281582
        ]
      },
      "properties": {
        "内容": "バス停: 伊勢宮南",
        "name": "伊勢宮南",
        "operator": "事業者不明",
        "ref": "",
        "url": "",
        "url2": ""
      }
    },
    {
      "type": "Feature",
      "geometry": {
        "type": "Point",
        "coordinates": [
          138.1640876,
          36.627826
        ]
      },
      "properties": {
        "内容": "バス停: 犀北郵便局前",
        "name": "犀北郵便局前",
        "operator": "事業者不明",
        "ref": "",
        "url": "",
        "url2": ""
      }
    },
    {
      "type": "Feature",
      "geometry": {
        "type": "Point",
        "coordinates": [
          138.1603071,
          36.6274935
        ]
      },
      "properties": {
        "内容": "バス停: 犀北団地",
        "name": "犀北団地",
        "operator": "事業者不明",
        "ref": "",
        "url": "",
        "url2": ""
      }
    },
    {
      "type": "Feature",
      "geometry": {
        "type": "Point",
        "coordinates": [
          138.1620512,
          36.6293009
        ]
      },
      "properties": {
        "内容": "バス停: 宮沖団地西",
        "name": "宮沖団地西",
        "operator": "事業者不明",
        "ref": "",
        "url": "",
        "url2": ""
      }
    },
    {
      "type": "Feature",
      "geometry": {
        "type": "Point",
        "coordinates": [
          138.1624938,
          36.6293698
        ]
      },
      "properties": {
        "内容": "バス停: 宮沖団地西",
        "name": "宮沖団地西",
        "operator": "事業者不明",
        "ref": "",
        "url": "",
        "url2": ""
      }
    },
    {
      "type": "Feature",
      "geometry": {
        "type": "Point",
        "coordinates": [
          138.1648166,
          36.6296582
        ]
      },
      "properties": {
        "内容": "バス停: 宮沖団地",
        "name": "宮沖団地",
        "operator": "事業者不明",
        "ref": "",
        "url": "",
        "url2": ""
      }
    },
    {
      "type": "Feature",
      "geometry": {
        "type": "Point",
        "coordinates": [
          138.1653155,
          36.6296819
        ]
      },
      "properties": {
        "内容": "バス停: 宮沖団地",
        "name": "宮沖団地",
        "operator": "事業者不明",
        "ref": "",
        "url": "",
        "url2": ""
      }
    },
    {
      "type": "Feature",
      "geometry": {
        "type": "Point",
        "coordinates": [
          138.1680004,
          36.6307689
        ]
      },
      "properties": {
        "内容": "バス停: 伊勢宮団地",
        "name": "伊勢宮団地",
        "operator": "事業者不明",
        "ref": "",
        "url": "",
        "url2": ""
      }
    },
    {
      "type": "Feature",
      "geometry": {
        "type": "Point",
        "coordinates": [
          138.1681452,
          36.6308744
        ]
      },
      "properties": {
        "内容": "バス停: 伊勢宮団地",
        "name": "伊勢宮団地",
        "operator": "事業者不明",
        "ref": "",
        "url": "",
        "url2": ""
      }
    },
    {
      "type": "Feature",
      "geometry": {
        "type": "Point",
        "coordinates": [
          138.1674505,
          36.6325102
        ]
      },
      "properties": {
        "内容": "バス停: 伊勢宮一丁目",
        "name": "伊勢宮一丁目",
        "operator": "事業者不明",
        "ref": "",
        "url": "",
        "url2": ""
      }
    },
    {
      "type": "Feature",
      "geometry": {
        "type": "Point",
        "coordinates": [
          138.1677751,
          36.6327448
        ]
      },
      "properties": {
        "内容": "バス停: 伊勢宮一丁目",
        "name": "伊勢宮一丁目",
        "operator": "事業者不明",
        "ref": "",
        "url": "",
        "url2": ""
      }
    },
    {
      "type": "Feature",
      "geometry": {
        "type": "Point",
        "coordinates": [
          138.1699493,
          36.6331924
        ]
      },
      "properties": {
        "内容": "バス停: 伊勢宮郵便局前",
        "name": "伊勢宮郵便局前",
        "operator": "事業者不明",
        "ref": "",
        "url": "",
        "url2": ""
      }
    },
    {
      "type": "Feature",
      "geometry": {
        "type": "Point",
        "coordinates": [
          138.1708775,
          36.633176
        ]
      },
      "properties": {
        "内容": "バス停: 伊勢宮郵便局前",
        "name": "伊勢宮郵便局前",
        "operator": "事業者不明",
        "ref": "",
        "url": "",
        "url2": ""
      }
    },
    {
      "type": "Feature",
      "geometry": {
        "type": "Point",
        "coordinates": [
          138.1732888,
          36.6331329
        ]
      },
      "properties": {
        "内容": "バス停: 伊勢宮団地入口",
        "name": "伊勢宮団地入口",
        "operator": "事業者不明",
        "ref": "",
        "url": "",
        "url2": ""
      }
    },
    {
      "type": "Feature",
      "geometry": {
        "type": "Point",
        "coordinates": [
          138.1731938,
          36.6332376
        ]
      },
      "properties": {
        "内容": "バス停: 伊勢宮団地入口",
        "name": "伊勢宮団地入口",
        "operator": "事業者不明",
        "ref": "",
        "url": "",
        "url2": ""
      }
    },
    {
      "type": "Feature",
      "geometry": {
        "type": "Point",
        "coordinates": [
          138.1808971,
          36.6324948
        ]
      },
      "properties": {
        "内容": "バス停: 裾花小学校前",
        "name": "裾花小学校前",
        "operator": "事業者不明",
        "ref": "",
        "url": "",
        "url2": ""
      }
    },
    {
      "type": "Feature",
      "geometry": {
        "type": "Point",
        "coordinates": [
          138.1809212,
          36.6324025
        ]
      },
      "properties": {
        "内容": "バス停: 裾花小学校前",
        "name": "裾花小学校前",
        "operator": "事業者不明",
        "ref": "",
        "url": "",
        "url2": ""
      }
    },
    {
      "type": "Feature",
      "geometry": {
        "type": "Point",
        "coordinates": [
          138.1819173,
          36.6370693
        ]
      },
      "properties": {
        "内容": "バス停: 中御所",
        "name": "中御所",
        "operator": "事業者不明",
        "ref": "",
        "url": "",
        "url2": ""
      }
    },
    {
      "type": "Feature",
      "geometry": {
        "type": "Point",
        "coordinates": [
          138.1823745,
          36.6335878
        ]
      },
      "properties": {
        "内容": "バス停: 荒木入口",
        "name": "荒木入口",
        "operator": "事業者不明",
        "ref": "",
        "url": "",
        "url2": ""
      }
    },
    {
      "type": "Feature",
      "geometry": {
        "type": "Point",
        "coordinates": [
          138.1448082,
          36.6251505
        ]
      },
      "properties": {
        "内容": "バス停: 松ヶ丘小学校入口",
        "name": "松ヶ丘小学校入口",
        "operator": "事業者不明",
        "ref": "",
        "url": "",
        "url2": ""
      }
    },
    {
      "type": "Feature",
      "geometry": {
        "type": "Point",
        "coordinates": [
          138.1411994,
          36.6248362
        ]
      },
      "properties": {
        "内容": "バス停: 小市小田切口",
        "name": "小市小田切口",
        "operator": "事業者不明",
        "ref": "",
        "url": "",
        "url2": ""
      }
    },
    {
      "type": "Feature",
      "geometry": {
        "type": "Point",
        "coordinates": [
          138.0657318,
          36.0382626
        ]
      },
      "properties": {
        "内容": "バス停: 名称不明バス停",
        "name": "名称不明バス停",
        "operator": "事業者不明",
        "ref": "",
        "url": "",
        "url2": ""
      }
    },
    {
      "type": "Feature",
      "geometry": {
        "type": "Point",
        "coordinates": [
          138.0655119,
          36.0383288
        ]
      },
      "properties": {
        "内容": "バス停: 名称不明バス停",
        "name": "名称不明バス停",
        "operator": "事業者不明",
        "ref": "",
        "url": "",
        "url2": ""
      }
    },
    {
      "type": "Feature",
      "geometry": {
        "type": "Point",
        "coordinates": [
          138.0687196,
          36.036028
        ]
      },
      "properties": {
        "内容": "バス停: 名称不明バス停",
        "name": "名称不明バス停",
        "operator": "事業者不明",
        "ref": "",
        "url": "",
        "url2": ""
      }
    },
    {
      "type": "Feature",
      "geometry": {
        "type": "Point",
        "coordinates": [
          138.0688403,
          36.036002
        ]
      },
      "properties": {
        "内容": "バス停: 名称不明バス停",
        "name": "名称不明バス停",
        "operator": "事業者不明",
        "ref": "",
        "url": "",
        "url2": ""
      }
    },
    {
      "type": "Feature",
      "geometry": {
        "type": "Point",
        "coordinates": [
          138.0698793,
          36.0337883
        ]
      },
      "properties": {
        "内容": "バス停: 名称不明バス停",
        "name": "名称不明バス停",
        "operator": "事業者不明",
        "ref": "",
        "url": "",
        "url2": ""
      }
    },
    {
      "type": "Feature",
      "geometry": {
        "type": "Point",
        "coordinates": [
          138.0719276,
          36.0326196
        ]
      },
      "properties": {
        "内容": "バス停: 名称不明バス停",
        "name": "名称不明バス停",
        "operator": "事業者不明",
        "ref": "",
        "url": "",
        "url2": ""
      }
    },
    {
      "type": "Feature",
      "geometry": {
        "type": "Point",
        "coordinates": [
          138.0747825,
          36.0312579
        ]
      },
      "properties": {
        "内容": "バス停: 名称不明バス停",
        "name": "名称不明バス停",
        "operator": "事業者不明",
        "ref": "",
        "url": "",
        "url2": ""
      }
    },
    {
      "type": "Feature",
      "geometry": {
        "type": "Point",
        "coordinates": [
          138.0779387,
          36.0281437
        ]
      },
      "properties": {
        "内容": "バス停: 名称不明バス停",
        "name": "名称不明バス停",
        "operator": "事業者不明",
        "ref": "",
        "url": "",
        "url2": ""
      }
    },
    {
      "type": "Feature",
      "geometry": {
        "type": "Point",
        "coordinates": [
          137.9786877,
          36.2336297
        ]
      },
      "properties": {
        "内容": "バス停: 日ノ出町",
        "name": "日ノ出町",
        "operator": "事業者不明",
        "ref": "",
        "url": "",
        "url2": ""
      }
    },
    {
      "type": "Feature",
      "geometry": {
        "type": "Point",
        "coordinates": [
          137.9713088,
          36.2338408
        ]
      },
      "properties": {
        "内容": "バス停: 蔵シック館",
        "name": "蔵シック館",
        "operator": "事業者不明",
        "ref": "",
        "url": "",
        "url2": ""
      }
    },
    {
      "type": "Feature",
      "geometry": {
        "type": "Point",
        "coordinates": [
          137.9695752,
          36.2337749
        ]
      },
      "properties": {
        "内容": "バス停: 蔵のまち中町",
        "name": "蔵のまち中町",
        "operator": "事業者不明",
        "ref": "",
        "url": "",
        "url2": ""
      }
    },
    {
      "type": "Feature",
      "geometry": {
        "type": "Point",
        "coordinates": [
          137.9686785,
          36.2351491
        ]
      },
      "properties": {
        "内容": "バス停: 大手門駐車場",
        "name": "大手門駐車場",
        "operator": "事業者不明",
        "ref": "",
        "url": "",
        "url2": ""
      }
    },
    {
      "type": "Feature",
      "geometry": {
        "type": "Point",
        "coordinates": [
          137.9652345,
          36.2311271
        ]
      },
      "properties": {
        "内容": "バス停: 松本駅お城口",
        "name": "松本駅お城口",
        "operator": "事業者不明",
        "ref": "",
        "url": "",
        "url2": ""
      }
    },
    {
      "type": "Feature",
      "geometry": {
        "type": "Point",
        "coordinates": [
          137.9745367,
          36.2311026
        ]
      },
      "properties": {
        "内容": "バス停: 市民芸術館",
        "name": "市民芸術館",
        "operator": "事業者不明",
        "ref": "",
        "url": "",
        "url2": ""
      }
    },
    {
      "type": "Feature",
      "geometry": {
        "type": "Point",
        "coordinates": [
          137.9742672,
          36.2312797
        ]
      },
      "properties": {
        "内容": "バス停: 市民芸術館",
        "name": "市民芸術館",
        "operator": "事業者不明",
        "ref": "",
        "url": "",
        "url2": ""
      }
    },
    {
      "type": "Feature",
      "geometry": {
        "type": "Point",
        "coordinates": [
          137.9765609,
          36.2313102
        ]
      },
      "properties": {
        "内容": "バス停: 松本市美術館",
        "name": "松本市美術館",
        "operator": "事業者不明",
        "ref": "",
        "url": "",
        "url2": ""
      }
    },
    {
      "type": "Feature",
      "geometry": {
        "type": "Point",
        "coordinates": [
          137.9762366,
          36.2311318
        ]
      },
      "properties": {
        "内容": "バス停: 松本市美術館",
        "name": "松本市美術館",
        "operator": "事業者不明",
        "ref": "",
        "url": "",
        "url2": ""
      }
    },
    {
      "type": "Feature",
      "geometry": {
        "type": "Point",
        "coordinates": [
          137.9802721,
          36.2311764
        ]
      },
      "properties": {
        "内容": "バス停: 秀峰学校前",
        "name": "秀峰学校前",
        "operator": "事業者不明",
        "ref": "",
        "url": "",
        "url2": ""
      }
    },
    {
      "type": "Feature",
      "geometry": {
        "type": "Point",
        "coordinates": [
          137.9806437,
          36.2312655
        ]
      },
      "properties": {
        "内容": "バス停: 秀峰学校前",
        "name": "秀峰学校前",
        "operator": "事業者不明",
        "ref": "",
        "url": "",
        "url2": ""
      }
    },
    {
      "type": "Feature",
      "geometry": {
        "type": "Point",
        "coordinates": [
          137.9830096,
          36.2317229
        ]
      },
      "properties": {
        "内容": "バス停: 旧松本高校",
        "name": "旧松本高校",
        "operator": "事業者不明",
        "ref": "",
        "url": "",
        "url2": ""
      }
    },
    {
      "type": "Feature",
      "geometry": {
        "type": "Point",
        "coordinates": [
          137.9843974,
          36.231845
        ]
      },
      "properties": {
        "内容": "バス停: あがたの森公園",
        "name": "あがたの森公園",
        "operator": "事業者不明",
        "ref": "",
        "url": "",
        "url2": ""
      }
    },
    {
      "type": "Feature",
      "geometry": {
        "type": "Point",
        "coordinates": [
          137.9838868,
          36.2336391
        ]
      },
      "properties": {
        "内容": "バス停: 蚕糸公園",
        "name": "蚕糸公園",
        "operator": "事業者不明",
        "ref": "",
        "url": "",
        "url2": ""
      }
    },
    {
      "type": "Feature",
      "geometry": {
        "type": "Point",
        "coordinates": [
          138.2417393,
          35.9684356
        ]
      },
      "properties": {
        "内容": "バス停: たてしな自由農園",
        "name": "たてしな自由農園",
        "operator": "事業者不明",
        "ref": "14",
        "url": "",
        "url2": ""
      }
    },
    {
      "type": "Feature",
      "geometry": {
        "type": "Point",
        "coordinates": [
          138.2542953,
          35.9675344
        ]
      },
      "properties": {
        "内容": "バス停: もみの湯・樅の木荘",
        "name": "もみの湯・樅の木荘",
        "operator": "事業者不明",
        "ref": "13",
        "url": "",
        "url2": ""
      }
    },
    {
      "type": "Feature",
      "geometry": {
        "type": "Point",
        "coordinates": [
          137.8586288,
          35.5581962
        ]
      },
      "properties": {
        "内容": "バス停: 高速バス　バス停高森（下り）",
        "name": "高速バス　バス停高森（下り）",
        "operator": "事業者不明",
        "ref": "",
        "url": "",
        "url2": ""
      }
    },
    {
      "type": "Feature",
      "geometry": {
        "type": "Point",
        "coordinates": [
          137.8580844,
          35.5581518
        ]
      },
      "properties": {
        "内容": "バス停: 高速バス　バス停　高森（上り）",
        "name": "高速バス　バス停　高森（上り）",
        "operator": "事業者不明",
        "ref": "",
        "url": "",
        "url2": ""
      }
    },
    {
      "type": "Feature",
      "geometry": {
        "type": "Point",
        "coordinates": [
          137.9296944,
          35.3210989
        ]
      },
      "properties": {
        "内容": "バス停: かぐらの湯 (飯田市民バス)",
        "name": "かぐらの湯",
        "operator": "飯田市民バス",
        "ref": "",
        "url": "",
        "url2": ""
      }
    },
    {
      "type": "Feature",
      "geometry": {
        "type": "Point",
        "coordinates": [
          138.2071133,
          36.6381672
        ]
      },
      "properties": {
        "内容": "バス停: 南俣 (アルピコ交通)",
        "name": "南俣",
        "operator": "アルピコ交通",
        "ref": "",
        "url": "",
        "url2": ""
      }
    },
    {
      "type": "Feature",
      "geometry": {
        "type": "Point",
        "coordinates": [
          138.2069565,
          36.6384307
        ]
      },
      "properties": {
        "内容": "バス停: 南俣 (アルピコ交通)",
        "name": "南俣",
        "operator": "アルピコ交通",
        "ref": "",
        "url": "",
        "url2": ""
      }
    },
    {
      "type": "Feature",
      "geometry": {
        "type": "Point",
        "coordinates": [
          138.2041265,
          36.6399539
        ]
      },
      "properties": {
        "内容": "バス停: 南俣西 (アルピコ交通)",
        "name": "南俣西",
        "operator": "アルピコ交通",
        "ref": "",
        "url": "",
        "url2": ""
      }
    },
    {
      "type": "Feature",
      "geometry": {
        "type": "Point",
        "coordinates": [
          138.2042173,
          36.639983
        ]
      },
      "properties": {
        "内容": "バス停: 南俣西 (アルピコ交通)",
        "name": "南俣西",
        "operator": "アルピコ交通",
        "ref": "",
        "url": "",
        "url2": ""
      }
    },
    {
      "type": "Feature",
      "geometry": {
        "type": "Point",
        "coordinates": [
          138.1331594,
          36.6218364
        ]
      },
      "properties": {
        "内容": "バス停: 小市上町",
        "name": "小市上町",
        "operator": "事業者不明",
        "ref": "",
        "url": "",
        "url2": ""
      }
    },
    {
      "type": "Feature",
      "geometry": {
        "type": "Point",
        "coordinates": [
          138.1380156,
          36.6244633
        ]
      },
      "properties": {
        "内容": "バス停: 無常院",
        "name": "無常院",
        "operator": "事業者不明",
        "ref": "",
        "url": "",
        "url2": ""
      }
    },
    {
      "type": "Feature",
      "geometry": {
        "type": "Point",
        "coordinates": [
          137.5846955,
          35.5388977
        ]
      },
      "properties": {
        "内容": "バス停: 馬籠峠",
        "name": "馬籠峠",
        "operator": "事業者不明",
        "ref": "",
        "url": "",
        "url2": ""
      }
    },
    {
      "type": "Feature",
      "geometry": {
        "type": "Point",
        "coordinates": [
          137.5877403,
          35.5495783
        ]
      },
      "properties": {
        "内容": "バス停: 名称不明バス停",
        "name": "名称不明バス停",
        "operator": "事業者不明",
        "ref": "",
        "url": "",
        "url2": ""
      }
    },
    {
      "type": "Feature",
      "geometry": {
        "type": "Point",
        "coordinates": [
          137.9505626,
          36.1144756
        ]
      },
      "properties": {
        "内容": "バス停: 塩尻駅東入口",
        "name": "塩尻駅東入口",
        "operator": "事業者不明",
        "ref": "",
        "url": "",
        "url2": ""
      }
    },
    {
      "type": "Feature",
      "geometry": {
        "type": "Point",
        "coordinates": [
          137.9528448,
          36.111749
        ]
      },
      "properties": {
        "内容": "バス停: えんぱーく前",
        "name": "えんぱーく前",
        "operator": "事業者不明",
        "ref": "",
        "url": "",
        "url2": ""
      }
    },
    {
      "type": "Feature",
      "geometry": {
        "type": "Point",
        "coordinates": [
          137.9528706,
          36.1152327
        ]
      },
      "properties": {
        "内容": "バス停: 市役所前",
        "name": "市役所前",
        "operator": "事業者不明",
        "ref": "",
        "url": "",
        "url2": ""
      }
    },
    {
      "type": "Feature",
      "geometry": {
        "type": "Point",
        "coordinates": [
          137.9527806,
          36.1153287
        ]
      },
      "properties": {
        "内容": "バス停: 市役所前",
        "name": "市役所前",
        "operator": "事業者不明",
        "ref": "",
        "url": "",
        "url2": ""
      }
    },
    {
      "type": "Feature",
      "geometry": {
        "type": "Point",
        "coordinates": [
          137.9485757,
          36.1145855
        ]
      },
      "properties": {
        "内容": "バス停: 名称不明バス停",
        "name": "名称不明バス停",
        "operator": "事業者不明",
        "ref": "",
        "url": "",
        "url2": ""
      }
    },
    {
      "type": "Feature",
      "geometry": {
        "type": "Point",
        "coordinates": [
          137.9483732,
          36.1145232
        ]
      },
      "properties": {
        "内容": "バス停: 名称不明バス停",
        "name": "名称不明バス停",
        "operator": "事業者不明",
        "ref": "",
        "url": "",
        "url2": ""
      }
    },
    {
      "type": "Feature",
      "geometry": {
        "type": "Point",
        "coordinates": [
          138.1873434,
          36.6554152
        ]
      },
      "properties": {
        "内容": "バス停: 花の小路",
        "name": "花の小路",
        "operator": "事業者不明",
        "ref": "",
        "url": "",
        "url2": ""
      }
    },
    {
      "type": "Feature",
      "geometry": {
        "type": "Point",
        "coordinates": [
          138.1871402,
          36.6507785
        ]
      },
      "properties": {
        "内容": "バス停: セントラルスクゥエア",
        "name": "セントラルスクゥエア",
        "operator": "事業者不明",
        "ref": "",
        "url": "",
        "url2": ""
      }
    },
    {
      "type": "Feature",
      "geometry": {
        "type": "Point",
        "coordinates": [
          138.1831793,
          36.629797
        ]
      },
      "properties": {
        "内容": "バス停: 荒木",
        "name": "荒木",
        "operator": "事業者不明",
        "ref": "",
        "url": "",
        "url2": ""
      }
    },
    {
      "type": "Feature",
      "geometry": {
        "type": "Point",
        "coordinates": [
          138.1842897,
          36.6285662
        ]
      },
      "properties": {
        "内容": "バス停: 荒木南",
        "name": "荒木南",
        "operator": "事業者不明",
        "ref": "",
        "url": "",
        "url2": ""
      }
    },
    {
      "type": "Feature",
      "geometry": {
        "type": "Point",
        "coordinates": [
          138.1843218,
          36.6283132
        ]
      },
      "properties": {
        "内容": "バス停: 荒木南",
        "name": "荒木南",
        "operator": "事業者不明",
        "ref": "",
        "url": "",
        "url2": ""
      }
    },
    {
      "type": "Feature",
      "geometry": {
        "type": "Point",
        "coordinates": [
          138.187337,
          36.6284077
        ]
      },
      "properties": {
        "内容": "バス停: 信大工学部前",
        "name": "信大工学部前",
        "operator": "事業者不明",
        "ref": "",
        "url": "",
        "url2": ""
      }
    },
    {
      "type": "Feature",
      "geometry": {
        "type": "Point",
        "coordinates": [
          138.1873114,
          36.6286625
        ]
      },
      "properties": {
        "内容": "バス停: 信大工学部前",
        "name": "信大工学部前",
        "operator": "事業者不明",
        "ref": "",
        "url": "",
        "url2": ""
      }
    },
    {
      "type": "Feature",
      "geometry": {
        "type": "Point",
        "coordinates": [
          138.1901147,
          36.6285124
        ]
      },
      "properties": {
        "内容": "バス停: 日赤入口",
        "name": "日赤入口",
        "operator": "事業者不明",
        "ref": "",
        "url": "",
        "url2": ""
      }
    },
    {
      "type": "Feature",
      "geometry": {
        "type": "Point",
        "coordinates": [
          138.1915832,
          36.6288512
        ]
      },
      "properties": {
        "内容": "バス停: 日赤入口",
        "name": "日赤入口",
        "operator": "事業者不明",
        "ref": "",
        "url": "",
        "url2": ""
      }
    },
    {
      "type": "Feature",
      "geometry": {
        "type": "Point",
        "coordinates": [
          137.7981082,
          35.5020972
        ]
      },
      "properties": {
        "内容": "バス停: 伊賀良",
        "name": "伊賀良",
        "operator": "事業者不明",
        "ref": "",
        "url": "",
        "url2": ""
      }
    },
    {
      "type": "Feature",
      "geometry": {
        "type": "Point",
        "coordinates": [
          138.190886,
          36.6277834
        ]
      },
      "properties": {
        "内容": "バス停: 日赤",
        "name": "日赤",
        "operator": "事業者不明",
        "ref": "",
        "url": "",
        "url2": ""
      }
    },
    {
      "type": "Feature",
      "geometry": {
        "type": "Point",
        "coordinates": [
          138.1930496,
          36.6272237
        ]
      },
      "properties": {
        "内容": "バス停: 若里多目的広場",
        "name": "若里多目的広場",
        "operator": "事業者不明",
        "ref": "",
        "url": "",
        "url2": ""
      }
    },
    {
      "type": "Feature",
      "geometry": {
        "type": "Point",
        "coordinates": [
          138.1929935,
          36.6271007
        ]
      },
      "properties": {
        "内容": "バス停: 若里多目的広場",
        "name": "若里多目的広場",
        "operator": "事業者不明",
        "ref": "",
        "url": "",
        "url2": ""
      }
    },
    {
      "type": "Feature",
      "geometry": {
        "type": "Point",
        "coordinates": [
          138.1937368,
          36.6279864
        ]
      },
      "properties": {
        "内容": "バス停: 水野美術館前",
        "name": "水野美術館前",
        "operator": "事業者不明",
        "ref": "",
        "url": "",
        "url2": ""
      }
    },
    {
      "type": "Feature",
      "geometry": {
        "type": "Point",
        "coordinates": [
          138.1938722,
          36.6280581
        ]
      },
      "properties": {
        "内容": "バス停: 水野美術館前",
        "name": "水野美術館前",
        "operator": "事業者不明",
        "ref": "",
        "url": "",
        "url2": ""
      }
    },
    {
      "type": "Feature",
      "geometry": {
        "type": "Point",
        "coordinates": [
          138.1958238,
          36.6290585
        ]
      },
      "properties": {
        "内容": "バス停: ビッグハット",
        "name": "ビッグハット",
        "operator": "事業者不明",
        "ref": "",
        "url": "",
        "url2": ""
      }
    },
    {
      "type": "Feature",
      "geometry": {
        "type": "Point",
        "coordinates": [
          138.1961661,
          36.6288289
        ]
      },
      "properties": {
        "内容": "バス停: 名称不明バス停",
        "name": "名称不明バス停",
        "operator": "事業者不明",
        "ref": "",
        "url": "",
        "url2": ""
      }
    },
    {
      "type": "Feature",
      "geometry": {
        "type": "Point",
        "coordinates": [
          138.2061739,
          36.6294104
        ]
      },
      "properties": {
        "内容": "バス停: 母袋",
        "name": "母袋",
        "operator": "事業者不明",
        "ref": "",
        "url": "",
        "url2": ""
      }
    },
    {
      "type": "Feature",
      "geometry": {
        "type": "Point",
        "coordinates": [
          138.2065877,
          36.6295395
        ]
      },
      "properties": {
        "内容": "バス停: 母袋",
        "name": "母袋",
        "operator": "事業者不明",
        "ref": "",
        "url": "",
        "url2": ""
      }
    },
    {
      "type": "Feature",
      "geometry": {
        "type": "Point",
        "coordinates": [
          138.209035,
          36.6294616
        ]
      },
      "properties": {
        "内容": "バス停: 東母袋",
        "name": "東母袋",
        "operator": "事業者不明",
        "ref": "",
        "url": "",
        "url2": ""
      }
    },
    {
      "type": "Feature",
      "geometry": {
        "type": "Point",
        "coordinates": [
          138.2088459,
          36.6293796
        ]
      },
      "properties": {
        "内容": "バス停: 東母袋",
        "name": "東母袋",
        "operator": "事業者不明",
        "ref": "",
        "url": "",
        "url2": ""
      }
    },
    {
      "type": "Feature",
      "geometry": {
        "type": "Point",
        "coordinates": [
          138.2117938,
          36.629111
        ]
      },
      "properties": {
        "内容": "バス停: 河原口",
        "name": "河原口",
        "operator": "事業者不明",
        "ref": "",
        "url": "",
        "url2": ""
      }
    },
    {
      "type": "Feature",
      "geometry": {
        "type": "Point",
        "coordinates": [
          138.2127696,
          36.6288958
        ]
      },
      "properties": {
        "内容": "バス停: 河原口",
        "name": "河原口",
        "operator": "事業者不明",
        "ref": "",
        "url": "",
        "url2": ""
      }
    },
    {
      "type": "Feature",
      "geometry": {
        "type": "Point",
        "coordinates": [
          138.2153981,
          36.6274259
        ]
      },
      "properties": {
        "内容": "バス停: 松岡宮前",
        "name": "松岡宮前",
        "operator": "事業者不明",
        "ref": "",
        "url": "",
        "url2": ""
      }
    },
    {
      "type": "Feature",
      "geometry": {
        "type": "Point",
        "coordinates": [
          138.215508,
          36.6273665
        ]
      },
      "properties": {
        "内容": "バス停: 松岡宮前",
        "name": "松岡宮前",
        "operator": "事業者不明",
        "ref": "",
        "url": "",
        "url2": ""
      }
    },
    {
      "type": "Feature",
      "geometry": {
        "type": "Point",
        "coordinates": [
          138.2157583,
          36.6253533
        ]
      },
      "properties": {
        "内容": "バス停: 松岡二丁目",
        "name": "松岡二丁目",
        "operator": "事業者不明",
        "ref": "",
        "url": "",
        "url2": ""
      }
    },
    {
      "type": "Feature",
      "geometry": {
        "type": "Point",
        "coordinates": [
          138.2159958,
          36.625136
        ]
      },
      "properties": {
        "内容": "バス停: 松岡二丁目",
        "name": "松岡二丁目",
        "operator": "事業者不明",
        "ref": "",
        "url": "",
        "url2": ""
      }
    },
    {
      "type": "Feature",
      "geometry": {
        "type": "Point",
        "coordinates": [
          138.2204074,
          36.6241745
        ]
      },
      "properties": {
        "内容": "バス停: 松岡南",
        "name": "松岡南",
        "operator": "事業者不明",
        "ref": "",
        "url": "",
        "url2": ""
      }
    },
    {
      "type": "Feature",
      "geometry": {
        "type": "Point",
        "coordinates": [
          138.220318,
          36.6240658
        ]
      },
      "properties": {
        "内容": "バス停: 松岡南",
        "name": "松岡南",
        "operator": "事業者不明",
        "ref": "",
        "url": "",
        "url2": ""
      }
    },
    {
      "type": "Feature",
      "geometry": {
        "type": "Point",
        "coordinates": [
          138.2242063,
          36.6250546
        ]
      },
      "properties": {
        "内容": "バス停: 松岡",
        "name": "松岡",
        "operator": "事業者不明",
        "ref": "",
        "url": "",
        "url2": ""
      }
    },
    {
      "type": "Feature",
      "geometry": {
        "type": "Point",
        "coordinates": [
          138.2123558,
          36.636703
        ]
      },
      "properties": {
        "内容": "バス停: 日詰",
        "name": "日詰",
        "operator": "事業者不明",
        "ref": "",
        "url": "",
        "url2": ""
      }
    },
    {
      "type": "Feature",
      "geometry": {
        "type": "Point",
        "coordinates": [
          138.2126879,
          36.6365288
        ]
      },
      "properties": {
        "内容": "バス停: 日詰",
        "name": "日詰",
        "operator": "事業者不明",
        "ref": "",
        "url": "",
        "url2": ""
      }
    },
    {
      "type": "Feature",
      "geometry": {
        "type": "Point",
        "coordinates": [
          138.2148873,
          36.6365533
        ]
      },
      "properties": {
        "内容": "バス停: 東日詰",
        "name": "東日詰",
        "operator": "事業者不明",
        "ref": "",
        "url": "",
        "url2": ""
      }
    },
    {
      "type": "Feature",
      "geometry": {
        "type": "Point",
        "coordinates": [
          138.2150789,
          36.6365001
        ]
      },
      "properties": {
        "内容": "バス停: 東日詰",
        "name": "東日詰",
        "operator": "事業者不明",
        "ref": "",
        "url": "",
        "url2": ""
      }
    },
    {
      "type": "Feature",
      "geometry": {
        "type": "Point",
        "coordinates": [
          138.5894501,
          36.3549256
        ]
      },
      "properties": {
        "内容": "バス停: 名称不明バス停",
        "name": "名称不明バス停",
        "operator": "事業者不明",
        "ref": "",
        "url": "",
        "url2": ""
      }
    },
    {
      "type": "Feature",
      "geometry": {
        "type": "Point",
        "coordinates": [
          138.5897066,
          36.3545788
        ]
      },
      "properties": {
        "内容": "バス停: 名称不明バス停",
        "name": "名称不明バス停",
        "operator": "事業者不明",
        "ref": "",
        "url": "",
        "url2": ""
      }
    },
    {
      "type": "Feature",
      "geometry": {
        "type": "Point",
        "coordinates": [
          138.5914185,
          36.3515267
        ]
      },
      "properties": {
        "内容": "バス停: 名称不明バス停",
        "name": "名称不明バス停",
        "operator": "事業者不明",
        "ref": "",
        "url": "",
        "url2": ""
      }
    },
    {
      "type": "Feature",
      "geometry": {
        "type": "Point",
        "coordinates": [
          138.1613515,
          36.6309214
        ]
      },
      "properties": {
        "内容": "バス停: 西河原",
        "name": "西河原",
        "operator": "事業者不明",
        "ref": "",
        "url": "",
        "url2": ""
      }
    },
    {
      "type": "Feature",
      "geometry": {
        "type": "Point",
        "coordinates": [
          137.9763279,
          36.2543834
        ]
      },
      "properties": {
        "内容": "バス停: 追分",
        "name": "追分",
        "operator": "事業者不明",
        "ref": "",
        "url": "",
        "url2": ""
      }
    },
    {
      "type": "Feature",
      "geometry": {
        "type": "Point",
        "coordinates": [
          137.9753959,
          36.2587585
        ]
      },
      "properties": {
        "内容": "バス停: 松岡口",
        "name": "松岡口",
        "operator": "事業者不明",
        "ref": "",
        "url": "",
        "url2": ""
      }
    },
    {
      "type": "Feature",
      "geometry": {
        "type": "Point",
        "coordinates": [
          137.9763097,
          36.2617093
        ]
      },
      "properties": {
        "内容": "バス停: 松岡",
        "name": "松岡",
        "operator": "事業者不明",
        "ref": "",
        "url": "",
        "url2": ""
      }
    },
    {
      "type": "Feature",
      "geometry": {
        "type": "Point",
        "coordinates": [
          138.1181422,
          36.0006276
        ]
      },
      "properties": {
        "内容": "バス停: 中洲郵便局前",
        "name": "中洲郵便局前",
        "operator": "事業者不明",
        "ref": "",
        "url": "",
        "url2": ""
      }
    },
    {
      "type": "Feature",
      "geometry": {
        "type": "Point",
        "coordinates": [
          138.1182723,
          36.0007139
        ]
      },
      "properties": {
        "内容": "バス停: 中洲郵便局前",
        "name": "中洲郵便局前",
        "operator": "事業者不明",
        "ref": "",
        "url": "",
        "url2": ""
      }
    },
    {
      "type": "Feature",
      "geometry": {
        "type": "Point",
        "coordinates": [
          137.9764191,
          36.2615857
        ]
      },
      "properties": {
        "内容": "バス停: 松岡",
        "name": "松岡",
        "operator": "事業者不明",
        "ref": "",
        "url": "",
        "url2": ""
      }
    },
    {
      "type": "Feature",
      "geometry": {
        "type": "Point",
        "coordinates": [
          138.119433,
          35.9996087
        ]
      },
      "properties": {
        "内容": "バス停: 上社北参道",
        "name": "上社北参道",
        "operator": "事業者不明",
        "ref": "",
        "url": "",
        "url2": ""
      }
    },
    {
      "type": "Feature",
      "geometry": {
        "type": "Point",
        "coordinates": [
          138.1209566,
          35.9998295
        ]
      },
      "properties": {
        "内容": "バス停: 上社",
        "name": "上社",
        "operator": "事業者不明",
        "ref": "",
        "url": "",
        "url2": ""
      }
    },
    {
      "type": "Feature",
      "geometry": {
        "type": "Point",
        "coordinates": [
          137.6533433,
          36.1639674
        ]
      },
      "properties": {
        "内容": "バス停: さわんど岩見平",
        "name": "さわんど岩見平",
        "operator": "事業者不明",
        "ref": "K-21",
        "url": "",
        "url2": ""
      }
    },
    {
      "type": "Feature",
      "geometry": {
        "type": "Point",
        "coordinates": [
          137.9941154,
          36.2407136
        ]
      },
      "properties": {
        "内容": "バス停: 名称不明バス停",
        "name": "名称不明バス停",
        "operator": "事業者不明",
        "ref": "",
        "url": "",
        "url2": ""
      }
    },
    {
      "type": "Feature",
      "geometry": {
        "type": "Point",
        "coordinates": [
          137.9993713,
          36.2460407
        ]
      },
      "properties": {
        "内容": "バス停: 名称不明バス停",
        "name": "名称不明バス停",
        "operator": "事業者不明",
        "ref": "",
        "url": "",
        "url2": ""
      }
    },
    {
      "type": "Feature",
      "geometry": {
        "type": "Point",
        "coordinates": [
          137.9923384,
          36.2390396
        ]
      },
      "properties": {
        "内容": "バス停: 名称不明バス停",
        "name": "名称不明バス停",
        "operator": "事業者不明",
        "ref": "",
        "url": "",
        "url2": ""
      }
    },
    {
      "type": "Feature",
      "geometry": {
        "type": "Point",
        "coordinates": [
          137.9993229,
          36.2446514
        ]
      },
      "properties": {
        "内容": "バス停: 名称不明バス停",
        "name": "名称不明バス停",
        "operator": "事業者不明",
        "ref": "",
        "url": "",
        "url2": ""
      }
    },
    {
      "type": "Feature",
      "geometry": {
        "type": "Point",
        "coordinates": [
          137.9960765,
          36.2416907
        ]
      },
      "properties": {
        "内容": "バス停: 名称不明バス停",
        "name": "名称不明バス停",
        "operator": "事業者不明",
        "ref": "",
        "url": "",
        "url2": ""
      }
    },
    {
      "type": "Feature",
      "geometry": {
        "type": "Point",
        "coordinates": [
          138.0652244,
          35.8330987
        ]
      },
      "properties": {
        "内容": "バス停: 名称不明バス停",
        "name": "名称不明バス停",
        "operator": "事業者不明",
        "ref": "",
        "url": "",
        "url2": ""
      }
    },
    {
      "type": "Feature",
      "geometry": {
        "type": "Point",
        "coordinates": [
          137.9792238,
          36.2571559
        ]
      },
      "properties": {
        "内容": "バス停: 名称不明バス停",
        "name": "名称不明バス停",
        "operator": "事業者不明",
        "ref": "",
        "url": "",
        "url2": ""
      }
    },
    {
      "type": "Feature",
      "geometry": {
        "type": "Point",
        "coordinates": [
          137.9816587,
          36.2588215
        ]
      },
      "properties": {
        "内容": "バス停: 名称不明バス停",
        "name": "名称不明バス停",
        "operator": "事業者不明",
        "ref": "",
        "url": "",
        "url2": ""
      }
    },
    {
      "type": "Feature",
      "geometry": {
        "type": "Point",
        "coordinates": [
          137.9897124,
          36.2622502
        ]
      },
      "properties": {
        "内容": "バス停: 名称不明バス停",
        "name": "名称不明バス停",
        "operator": "事業者不明",
        "ref": "",
        "url": "",
        "url2": ""
      }
    },
    {
      "type": "Feature",
      "geometry": {
        "type": "Point",
        "coordinates": [
          137.9737178,
          36.2445683
        ]
      },
      "properties": {
        "内容": "バス停: 安原町",
        "name": "安原町",
        "operator": "事業者不明",
        "ref": "",
        "url": "",
        "url2": ""
      }
    },
    {
      "type": "Feature",
      "geometry": {
        "type": "Point",
        "coordinates": [
          137.9769222,
          36.2522572
        ]
      },
      "properties": {
        "内容": "バス停: 大学西門",
        "name": "大学西門",
        "operator": "事業者不明",
        "ref": "",
        "url": "",
        "url2": ""
      }
    },
    {
      "type": "Feature",
      "geometry": {
        "type": "Point",
        "coordinates": [
          137.9768824,
          36.2555525
        ]
      },
      "properties": {
        "内容": "バス停: 追分",
        "name": "追分",
        "operator": "事業者不明",
        "ref": "",
        "url": "",
        "url2": ""
      }
    },
    {
      "type": "Feature",
      "geometry": {
        "type": "Point",
        "coordinates": [
          137.9888371,
          36.2633833
        ]
      },
      "properties": {
        "内容": "バス停: 名称不明バス停",
        "name": "名称不明バス停",
        "operator": "事業者不明",
        "ref": "",
        "url": "",
        "url2": ""
      }
    },
    {
      "type": "Feature",
      "geometry": {
        "type": "Point",
        "coordinates": [
          137.9267856,
          36.327763
        ]
      },
      "properties": {
        "内容": "バス停: 明科BS",
        "name": "明科BS",
        "operator": "事業者不明",
        "ref": "",
        "url": "",
        "url2": ""
      }
    },
    {
      "type": "Feature",
      "geometry": {
        "type": "Point",
        "coordinates": [
          137.9265625,
          36.3280722
        ]
      },
      "properties": {
        "内容": "バス停: 明科BS",
        "name": "明科BS",
        "operator": "事業者不明",
        "ref": "",
        "url": "",
        "url2": ""
      }
    },
    {
      "type": "Feature",
      "geometry": {
        "type": "Point",
        "coordinates": [
          137.8696117,
          36.712626
        ]
      },
      "properties": {
        "内容": "バス停: 岩岳新田 (アルピコ交通)",
        "name": "岩岳新田",
        "operator": "アルピコ交通",
        "ref": "",
        "url": "",
        "url2": ""
      }
    },
    {
      "type": "Feature",
      "geometry": {
        "type": "Point",
        "coordinates": [
          138.0892349,
          36.0754945
        ]
      },
      "properties": {
        "内容": "バス停: 今昔館前",
        "name": "今昔館前",
        "operator": "事業者不明",
        "ref": "",
        "url": "",
        "url2": ""
      }
    },
    {
      "type": "Feature",
      "geometry": {
        "type": "Point",
        "coordinates": [
          138.1169401,
          36.054941
        ]
      },
      "properties": {
        "内容": "バス停: 先宮神社",
        "name": "先宮神社",
        "operator": "事業者不明",
        "ref": "",
        "url": "",
        "url2": ""
      }
    },
    {
      "type": "Feature",
      "geometry": {
        "type": "Point",
        "coordinates": [
          138.1242934,
          36.0378355
        ]
      },
      "properties": {
        "内容": "バス停: 清水坂下",
        "name": "清水坂下",
        "operator": "事業者不明",
        "ref": "",
        "url": "",
        "url2": ""
      }
    },
    {
      "type": "Feature",
      "geometry": {
        "type": "Point",
        "coordinates": [
          138.1387465,
          36.0155164
        ]
      },
      "properties": {
        "内容": "バス停: 一里塚 (かりんちゃんバス)",
        "name": "一里塚",
        "operator": "かりんちゃんバス",
        "ref": "",
        "url": "",
        "url2": ""
      }
    },
    {
      "type": "Feature",
      "geometry": {
        "type": "Point",
        "coordinates": [
          138.1368314,
          36.0186774
        ]
      },
      "properties": {
        "内容": "バス停: 浜鉄工工場前 (かりんちゃんバス)",
        "name": "浜鉄工工場前",
        "operator": "かりんちゃんバス",
        "ref": "",
        "url": "",
        "url2": ""
      }
    },
    {
      "type": "Feature",
      "geometry": {
        "type": "Point",
        "coordinates": [
          138.1359516,
          36.0204693
        ]
      },
      "properties": {
        "内容": "バス停: 立畷川 (かりんちゃんバス)",
        "name": "立畷川",
        "operator": "かりんちゃんバス",
        "ref": "",
        "url": "",
        "url2": ""
      }
    },
    {
      "type": "Feature",
      "geometry": {
        "type": "Point",
        "coordinates": [
          138.1350785,
          36.0231864
        ]
      },
      "properties": {
        "内容": "バス停: 桑原城下 (かりんちゃんバス)",
        "name": "桑原城下",
        "operator": "かりんちゃんバス",
        "ref": "",
        "url": "",
        "url2": ""
      }
    },
    {
      "type": "Feature",
      "geometry": {
        "type": "Point",
        "coordinates": [
          138.1332788,
          36.024603
        ]
      },
      "properties": {
        "内容": "バス停: 足長神社下 (かりんちゃんバス)",
        "name": "足長神社下",
        "operator": "かりんちゃんバス",
        "ref": "",
        "url": "",
        "url2": ""
      }
    },
    {
      "type": "Feature",
      "geometry": {
        "type": "Point",
        "coordinates": [
          138.1313986,
          36.0261713
        ]
      },
      "properties": {
        "内容": "バス停: 普門寺公民館前 (かりんちゃんバス)",
        "name": "普門寺公民館前",
        "operator": "かりんちゃんバス",
        "ref": "",
        "url": "",
        "url2": ""
      }
    },
    {
      "type": "Feature",
      "geometry": {
        "type": "Point",
        "coordinates": [
          138.1281075,
          36.0289067
        ]
      },
      "properties": {
        "内容": "バス停: 火の見櫓",
        "name": "火の見櫓",
        "operator": "事業者不明",
        "ref": "",
        "url": "",
        "url2": ""
      }
    },
    {
      "type": "Feature",
      "geometry": {
        "type": "Point",
        "coordinates": [
          138.1520636,
          35.9941209
        ]
      },
      "properties": {
        "内容": "バス停: 定期バス降車専用",
        "name": "定期バス降車専用",
        "operator": "事業者不明",
        "ref": "",
        "url": "",
        "url2": ""
      }
    },
    {
      "type": "Feature",
      "geometry": {
        "type": "Point",
        "coordinates": [
          138.1516559,
          35.9942598
        ]
      },
      "properties": {
        "内容": "バス停: 茅野駅前3番乗り場",
        "name": "茅野駅前3番乗り場",
        "operator": "事業者不明",
        "ref": "",
        "url": "",
        "url2": ""
      }
    },
    {
      "type": "Feature",
      "geometry": {
        "type": "Point",
        "coordinates": [
          138.1515446,
          35.9943759
        ]
      },
      "properties": {
        "内容": "バス停: 茅野駅前2番乗り場",
        "name": "茅野駅前2番乗り場",
        "operator": "事業者不明",
        "ref": "",
        "url": "",
        "url2": ""
      }
    },
    {
      "type": "Feature",
      "geometry": {
        "type": "Point",
        "coordinates": [
          138.1514333,
          35.9945126
        ]
      },
      "properties": {
        "内容": "バス停: 茅野駅前第1番乗り場",
        "name": "茅野駅前第1番乗り場",
        "operator": "事業者不明",
        "ref": "",
        "url": "",
        "url2": ""
      }
    },
    {
      "type": "Feature",
      "geometry": {
        "type": "Point",
        "coordinates": [
          138.1520811,
          35.9937553
        ]
      },
      "properties": {
        "内容": "バス停: 茅野駅前6番乗り場",
        "name": "茅野駅前6番乗り場",
        "operator": "事業者不明",
        "ref": "",
        "url": "",
        "url2": ""
      }
    },
    {
      "type": "Feature",
      "geometry": {
        "type": "Point",
        "coordinates": [
          138.1519698,
          35.9938866
        ]
      },
      "properties": {
        "内容": "バス停: 茅野駅前5番乗り場",
        "name": "茅野駅前5番乗り場",
        "operator": "事業者不明",
        "ref": "",
        "url": "",
        "url2": ""
      }
    },
    {
      "type": "Feature",
      "geometry": {
        "type": "Point",
        "coordinates": [
          138.1518692,
          35.994007
        ]
      },
      "properties": {
        "内容": "バス停: 茅野駅前4番乗り場",
        "name": "茅野駅前4番乗り場",
        "operator": "事業者不明",
        "ref": "",
        "url": "",
        "url2": ""
      }
    },
    {
      "type": "Feature",
      "geometry": {
        "type": "Point",
        "coordinates": [
          138.1521421,
          35.9936478
        ]
      },
      "properties": {
        "内容": "バス停: 定期バス降車専用",
        "name": "定期バス降車専用",
        "operator": "事業者不明",
        "ref": "",
        "url": "",
        "url2": ""
      }
    },
    {
      "type": "Feature",
      "geometry": {
        "type": "Point",
        "coordinates": [
          138.1456679,
          36.0007211
        ]
      },
      "properties": {
        "内容": "バス停: 八幡前",
        "name": "八幡前",
        "operator": "事業者不明",
        "ref": "",
        "url": "",
        "url2": ""
      }
    },
    {
      "type": "Feature",
      "geometry": {
        "type": "Point",
        "coordinates": [
          138.145047,
          36.0014903
        ]
      },
      "properties": {
        "内容": "バス停: 八幡前",
        "name": "八幡前",
        "operator": "事業者不明",
        "ref": "",
        "url": "",
        "url2": ""
      }
    },
    {
      "type": "Feature",
      "geometry": {
        "type": "Point",
        "coordinates": [
          138.1435812,
          36.003211
        ]
      },
      "properties": {
        "内容": "バス停: 葛井神社入口",
        "name": "葛井神社入口",
        "operator": "事業者不明",
        "ref": "",
        "url": "",
        "url2": ""
      }
    },
    {
      "type": "Feature",
      "geometry": {
        "type": "Point",
        "coordinates": [
          138.1420925,
          36.0051454
        ]
      },
      "properties": {
        "内容": "バス停: 新井入口",
        "name": "新井入口",
        "operator": "事業者不明",
        "ref": "",
        "url": "",
        "url2": ""
      }
    },
    {
      "type": "Feature",
      "geometry": {
        "type": "Point",
        "coordinates": [
          138.1857187,
          35.9531277
        ]
      },
      "properties": {
        "内容": "バス停: 矢の口",
        "name": "矢の口",
        "operator": "事業者不明",
        "ref": "",
        "url": "",
        "url2": ""
      }
    },
    {
      "type": "Feature",
      "geometry": {
        "type": "Point",
        "coordinates": [
          138.1855457,
          35.9532123
        ]
      },
      "properties": {
        "内容": "バス停: 矢の口",
        "name": "矢の口",
        "operator": "事業者不明",
        "ref": "",
        "url": "",
        "url2": ""
      }
    },
    {
      "type": "Feature",
      "geometry": {
        "type": "Point",
        "coordinates": [
          138.1809618,
          35.9588595
        ]
      },
      "properties": {
        "内容": "バス停: 清水橋",
        "name": "清水橋",
        "operator": "事業者不明",
        "ref": "",
        "url": "",
        "url2": ""
      }
    },
    {
      "type": "Feature",
      "geometry": {
        "type": "Point",
        "coordinates": [
          138.181183,
          35.9588878
        ]
      },
      "properties": {
        "内容": "バス停: 清水橋",
        "name": "清水橋",
        "operator": "事業者不明",
        "ref": "",
        "url": "",
        "url2": ""
      }
    },
    {
      "type": "Feature",
      "geometry": {
        "type": "Point",
        "coordinates": [
          138.1774735,
          35.9623071
        ]
      },
      "properties": {
        "内容": "バス停: 木舟",
        "name": "木舟",
        "operator": "事業者不明",
        "ref": "",
        "url": "",
        "url2": ""
      }
    },
    {
      "type": "Feature",
      "geometry": {
        "type": "Point",
        "coordinates": [
          138.1772482,
          35.9624787
        ]
      },
      "properties": {
        "内容": "バス停: 木舟",
        "name": "木舟",
        "operator": "事業者不明",
        "ref": "",
        "url": "",
        "url2": ""
      }
    },
    {
      "type": "Feature",
      "geometry": {
        "type": "Point",
        "coordinates": [
          138.1751414,
          35.965683
        ]
      },
      "properties": {
        "内容": "バス停: 木舟入口",
        "name": "木舟入口",
        "operator": "事業者不明",
        "ref": "",
        "url": "",
        "url2": ""
      }
    },
    {
      "type": "Feature",
      "geometry": {
        "type": "Point",
        "coordinates": [
          138.1753385,
          35.9655147
        ]
      },
      "properties": {
        "内容": "バス停: 木舟入口",
        "name": "木舟入口",
        "operator": "事業者不明",
        "ref": "",
        "url": "",
        "url2": ""
      }
    },
    {
      "type": "Feature",
      "geometry": {
        "type": "Point",
        "coordinates": [
          138.1651206,
          35.9805918
        ]
      },
      "properties": {
        "内容": "バス停: 坂室",
        "name": "坂室",
        "operator": "事業者不明",
        "ref": "",
        "url": "",
        "url2": ""
      }
    },
    {
      "type": "Feature",
      "geometry": {
        "type": "Point",
        "coordinates": [
          138.1652239,
          35.9806976
        ]
      },
      "properties": {
        "内容": "バス停: 坂室",
        "name": "坂室",
        "operator": "事業者不明",
        "ref": "",
        "url": "",
        "url2": ""
      }
    },
    {
      "type": "Feature",
      "geometry": {
        "type": "Point",
        "coordinates": [
          138.1612395,
          35.9844481
        ]
      },
      "properties": {
        "内容": "バス停: 大河原入口",
        "name": "大河原入口",
        "operator": "事業者不明",
        "ref": "",
        "url": "",
        "url2": ""
      }
    },
    {
      "type": "Feature",
      "geometry": {
        "type": "Point",
        "coordinates": [
          138.1612931,
          35.9846543
        ]
      },
      "properties": {
        "内容": "バス停: 大河原入口",
        "name": "大河原入口",
        "operator": "事業者不明",
        "ref": "",
        "url": "",
        "url2": ""
      }
    },
    {
      "type": "Feature",
      "geometry": {
        "type": "Point",
        "coordinates": [
          138.1583139,
          35.9867067
        ]
      },
      "properties": {
        "内容": "バス停: 新田中",
        "name": "新田中",
        "operator": "事業者不明",
        "ref": "",
        "url": "",
        "url2": ""
      }
    },
    {
      "type": "Feature",
      "geometry": {
        "type": "Point",
        "coordinates": [
          138.1583316,
          35.9867525
        ]
      },
      "properties": {
        "内容": "バス停: 新田中",
        "name": "新田中",
        "operator": "事業者不明",
        "ref": "",
        "url": "",
        "url2": ""
      }
    },
    {
      "type": "Feature",
      "geometry": {
        "type": "Point",
        "coordinates": [
          138.15512,
          35.987148
        ]
      },
      "properties": {
        "内容": "バス停: 西茅野入口",
        "name": "西茅野入口",
        "operator": "事業者不明",
        "ref": "",
        "url": "",
        "url2": ""
      }
    },
    {
      "type": "Feature",
      "geometry": {
        "type": "Point",
        "coordinates": [
          138.1935795,
          35.9453819
        ]
      },
      "properties": {
        "内容": "バス停: 名称不明バス停",
        "name": "名称不明バス停",
        "operator": "事業者不明",
        "ref": "",
        "url": "",
        "url2": ""
      }
    },
    {
      "type": "Feature",
      "geometry": {
        "type": "Point",
        "coordinates": [
          138.1908457,
          35.9465735
        ]
      },
      "properties": {
        "内容": "バス停: 金沢上町",
        "name": "金沢上町",
        "operator": "事業者不明",
        "ref": "",
        "url": "",
        "url2": ""
      }
    },
    {
      "type": "Feature",
      "geometry": {
        "type": "Point",
        "coordinates": [
          138.1909101,
          35.9465583
        ]
      },
      "properties": {
        "内容": "バス停: 金沢上町",
        "name": "金沢上町",
        "operator": "事業者不明",
        "ref": "",
        "url": "",
        "url2": ""
      }
    },
    {
      "type": "Feature",
      "geometry": {
        "type": "Point",
        "coordinates": [
          138.191193,
          35.946592
        ]
      },
      "properties": {
        "内容": "バス停: 金沢上町",
        "name": "金沢上町",
        "operator": "事業者不明",
        "ref": "",
        "url": "",
        "url2": ""
      }
    },
    {
      "type": "Feature",
      "geometry": {
        "type": "Point",
        "coordinates": [
          138.1891412,
          35.947416
        ]
      },
      "properties": {
        "内容": "バス停: 金沢学校入口",
        "name": "金沢学校入口",
        "operator": "事業者不明",
        "ref": "",
        "url": "",
        "url2": ""
      }
    },
    {
      "type": "Feature",
      "geometry": {
        "type": "Point",
        "coordinates": [
          138.1889829,
          35.9474909
        ]
      },
      "properties": {
        "内容": "バス停: 金沢学校入口",
        "name": "金沢学校入口",
        "operator": "事業者不明",
        "ref": "",
        "url": "",
        "url2": ""
      }
    },
    {
      "type": "Feature",
      "geometry": {
        "type": "Point",
        "coordinates": [
          138.1867144,
          35.9498137
        ]
      },
      "properties": {
        "内容": "バス停: 金沢下町",
        "name": "金沢下町",
        "operator": "事業者不明",
        "ref": "",
        "url": "",
        "url2": ""
      }
    },
    {
      "type": "Feature",
      "geometry": {
        "type": "Point",
        "coordinates": [
          138.186636,
          35.9497622
        ]
      },
      "properties": {
        "内容": "バス停: 金沢下町",
        "name": "金沢下町",
        "operator": "事業者不明",
        "ref": "",
        "url": "",
        "url2": ""
      }
    },
    {
      "type": "Feature",
      "geometry": {
        "type": "Point",
        "coordinates": [
          138.1066176,
          36.0655342
        ]
      },
      "properties": {
        "内容": "バス停: 高木公民館前 (かりんちゃんバス)",
        "name": "高木公民館前",
        "operator": "かりんちゃんバス",
        "ref": "",
        "url": "",
        "url2": ""
      }
    },
    {
      "type": "Feature",
      "geometry": {
        "type": "Point",
        "coordinates": [
          138.1123951,
          36.060608
        ]
      },
      "properties": {
        "内容": "バス停: 大和製和荘前 (かりんちゃんバス)",
        "name": "大和製和荘前",
        "operator": "かりんちゃんバス",
        "ref": "",
        "url": "",
        "url2": ""
      }
    },
    {
      "type": "Feature",
      "geometry": {
        "type": "Point",
        "coordinates": [
          138.1137241,
          36.0586825
        ]
      },
      "properties": {
        "内容": "バス停: 武居屋酒店前 (かりんちゃんバス)",
        "name": "武居屋酒店前",
        "operator": "かりんちゃんバス",
        "ref": "",
        "url": "",
        "url2": ""
      }
    },
    {
      "type": "Feature",
      "geometry": {
        "type": "Point",
        "coordinates": [
          138.1151149,
          36.0573685
        ]
      },
      "properties": {
        "内容": "バス停: 大和区公民館前 (かりんちゃんバス)",
        "name": "大和区公民館前",
        "operator": "かりんちゃんバス",
        "ref": "",
        "url": "",
        "url2": ""
      }
    },
    {
      "type": "Feature",
      "geometry": {
        "type": "Point",
        "coordinates": [
          138.1184368,
          36.0521859
        ]
      },
      "properties": {
        "内容": "バス停: 湯の脇一丁目 (かりんちゃんバス)",
        "name": "湯の脇一丁目",
        "operator": "かりんちゃんバス",
        "ref": "",
        "url": "",
        "url2": ""
      }
    },
    {
      "type": "Feature",
      "geometry": {
        "type": "Point",
        "coordinates": [
          138.118937,
          36.0449156
        ]
      },
      "properties": {
        "内容": "バス停: 諏訪郵便局前 (かりんちゃんバス)",
        "name": "諏訪郵便局前",
        "operator": "かりんちゃんバス",
        "ref": "",
        "url": "",
        "url2": ""
      }
    },
    {
      "type": "Feature",
      "geometry": {
        "type": "Point",
        "coordinates": [
          138.1197081,
          36.0440796
        ]
      },
      "properties": {
        "内容": "バス停: 中町東 (かりんちゃんバス)",
        "name": "中町東",
        "operator": "かりんちゃんバス",
        "ref": "",
        "url": "",
        "url2": ""
      }
    },
    {
      "type": "Feature",
      "geometry": {
        "type": "Point",
        "coordinates": [
          138.1199697,
          36.043699
        ]
      },
      "properties": {
        "内容": "バス停: 中町東 (かりんちゃんバス)",
        "name": "中町東",
        "operator": "かりんちゃんバス",
        "ref": "",
        "url": "",
        "url2": ""
      }
    },
    {
      "type": "Feature",
      "geometry": {
        "type": "Point",
        "coordinates": [
          138.122448,
          36.0412547
        ]
      },
      "properties": {
        "内容": "バス停: 旧道角問橋 (かりんちゃんバス)",
        "name": "旧道角問橋",
        "operator": "かりんちゃんバス",
        "ref": "",
        "url": "",
        "url2": ""
      }
    },
    {
      "type": "Feature",
      "geometry": {
        "type": "Point",
        "coordinates": [
          138.1256305,
          36.0321951
        ]
      },
      "properties": {
        "内容": "バス停: 旧道赤羽線 (かりんちゃんバス)",
        "name": "旧道赤羽線",
        "operator": "かりんちゃんバス",
        "ref": "",
        "url": "",
        "url2": ""
      }
    },
    {
      "type": "Feature",
      "geometry": {
        "type": "Point",
        "coordinates": [
          138.1405033,
          36.007332
        ]
      },
      "properties": {
        "内容": "バス停: 頼岳寺下",
        "name": "頼岳寺下",
        "operator": "事業者不明",
        "ref": "",
        "url": "",
        "url2": ""
      }
    },
    {
      "type": "Feature",
      "geometry": {
        "type": "Point",
        "coordinates": [
          138.1511316,
          35.9939462
        ]
      },
      "properties": {
        "内容": "バス停: ベルビア西口",
        "name": "ベルビア西口",
        "operator": "事業者不明",
        "ref": "",
        "url": "",
        "url2": ""
      }
    },
    {
      "type": "Feature",
      "geometry": {
        "type": "Point",
        "coordinates": [
          138.153681,
          35.9888441
        ]
      },
      "properties": {
        "内容": "バス停: 中央公民館前",
        "name": "中央公民館前",
        "operator": "事業者不明",
        "ref": "",
        "url": "",
        "url2": ""
      }
    },
    {
      "type": "Feature",
      "geometry": {
        "type": "Point",
        "coordinates": [
          138.1537829,
          35.9888712
        ]
      },
      "properties": {
        "内容": "バス停: 中央公民館前",
        "name": "中央公民館前",
        "operator": "事業者不明",
        "ref": "",
        "url": "",
        "url2": ""
      }
    },
    {
      "type": "Feature",
      "geometry": {
        "type": "Point",
        "coordinates": [
          138.1547593,
          35.9873086
        ]
      },
      "properties": {
        "内容": "バス停: 西茅野入口",
        "name": "西茅野入口",
        "operator": "事業者不明",
        "ref": "",
        "url": "",
        "url2": ""
      }
    },
    {
      "type": "Feature",
      "geometry": {
        "type": "Point",
        "coordinates": [
          138.1558033,
          35.9867395
        ]
      },
      "properties": {
        "内容": "バス停: 宮川茅野",
        "name": "宮川茅野",
        "operator": "事業者不明",
        "ref": "",
        "url": "",
        "url2": ""
      }
    },
    {
      "type": "Feature",
      "geometry": {
        "type": "Point",
        "coordinates": [
          138.1557865,
          35.9868393
        ]
      },
      "properties": {
        "内容": "バス停: 宮川茅野",
        "name": "宮川茅野",
        "operator": "事業者不明",
        "ref": "",
        "url": "",
        "url2": ""
      }
    },
    {
      "type": "Feature",
      "geometry": {
        "type": "Point",
        "coordinates": [
          138.1879127,
          35.948138
        ]
      },
      "properties": {
        "内容": "バス停: 名称不明バス停",
        "name": "名称不明バス停",
        "operator": "事業者不明",
        "ref": "",
        "url": "",
        "url2": ""
      }
    },
    {
      "type": "Feature",
      "geometry": {
        "type": "Point",
        "coordinates": [
          138.4652765,
          36.2779852
        ]
      },
      "properties": {
        "内容": "バス停: 名称不明バス停",
        "name": "名称不明バス停",
        "operator": "事業者不明",
        "ref": "",
        "url": "",
        "url2": ""
      }
    },
    {
      "type": "Feature",
      "geometry": {
        "type": "Point",
        "coordinates": [
          138.4654852,
          36.2779547
        ]
      },
      "properties": {
        "内容": "バス停: 名称不明バス停",
        "name": "名称不明バス停",
        "operator": "事業者不明",
        "ref": "",
        "url": "",
        "url2": ""
      }
    },
    {
      "type": "Feature",
      "geometry": {
        "type": "Point",
        "coordinates": [
          138.465657,
          36.2778802
        ]
      },
      "properties": {
        "内容": "バス停: 名称不明バス停",
        "name": "名称不明バス停",
        "operator": "事業者不明",
        "ref": "",
        "url": "",
        "url2": ""
      }
    },
    {
      "type": "Feature",
      "geometry": {
        "type": "Point",
        "coordinates": [
          138.1874111,
          36.6567435
        ]
      },
      "properties": {
        "内容": "バス停: 善光寺大門 (Alpico group)",
        "name": "善光寺大門",
        "operator": "Alpico group",
        "ref": "",
        "url": "",
        "url2": ""
      }
    },
    {
      "type": "Feature",
      "geometry": {
        "type": "Point",
        "coordinates": [
          137.9737894,
          36.2442409
        ]
      },
      "properties": {
        "内容": "バス停: 安原町",
        "name": "安原町",
        "operator": "事業者不明",
        "ref": "",
        "url": "",
        "url2": ""
      }
    },
    {
      "type": "Feature",
      "geometry": {
        "type": "Point",
        "coordinates": [
          137.9742949,
          36.2461481
        ]
      },
      "properties": {
        "内容": "バス停: 萩町",
        "name": "萩町",
        "operator": "事業者不明",
        "ref": "",
        "url": "",
        "url2": ""
      }
    },
    {
      "type": "Feature",
      "geometry": {
        "type": "Point",
        "coordinates": [
          137.97412,
          36.2464897
        ]
      },
      "properties": {
        "内容": "バス停: 萩町",
        "name": "萩町",
        "operator": "事業者不明",
        "ref": "",
        "url": "",
        "url2": ""
      }
    },
    {
      "type": "Feature",
      "geometry": {
        "type": "Point",
        "coordinates": [
          137.9734328,
          36.2545064
        ]
      },
      "properties": {
        "内容": "バス停: 中原町",
        "name": "中原町",
        "operator": "事業者不明",
        "ref": "",
        "url": "",
        "url2": ""
      }
    },
    {
      "type": "Feature",
      "geometry": {
        "type": "Point",
        "coordinates": [
          137.9746267,
          36.238059
        ]
      },
      "properties": {
        "内容": "バス停: 塩屋小路入口",
        "name": "塩屋小路入口",
        "operator": "事業者不明",
        "ref": "",
        "url": "",
        "url2": ""
      }
    },
    {
      "type": "Feature",
      "geometry": {
        "type": "Point",
        "coordinates": [
          137.9734033,
          36.2543861
        ]
      },
      "properties": {
        "内容": "バス停: 中原町",
        "name": "中原町",
        "operator": "事業者不明",
        "ref": "",
        "url": "",
        "url2": ""
      }
    },
    {
      "type": "Feature",
      "geometry": {
        "type": "Point",
        "coordinates": [
          137.8864955,
          35.6075268
        ]
      },
      "properties": {
        "内容": "バス停: 松川",
        "name": "松川",
        "operator": "事業者不明",
        "ref": "",
        "url": "",
        "url2": ""
      }
    },
    {
      "type": "Feature",
      "geometry": {
        "type": "Point",
        "coordinates": [
          138.4218109,
          36.3285712
        ]
      },
      "properties": {
        "内容": "バス停: 名称不明バス停",
        "name": "名称不明バス停",
        "operator": "事業者不明",
        "ref": "",
        "url": "",
        "url2": ""
      }
    },
    {
      "type": "Feature",
      "geometry": {
        "type": "Point",
        "coordinates": [
          138.2703987,
          36.2530337
        ]
      },
      "properties": {
        "内容": "バス停: 竪町",
        "name": "竪町",
        "operator": "事業者不明",
        "ref": "",
        "url": "",
        "url2": ""
      }
    },
    {
      "type": "Feature",
      "geometry": {
        "type": "Point",
        "coordinates": [
          138.3194482,
          36.2725099
        ]
      },
      "properties": {
        "内容": "バス停: 古町口",
        "name": "古町口",
        "operator": "事業者不明",
        "ref": "",
        "url": "",
        "url2": ""
      }
    },
    {
      "type": "Feature",
      "geometry": {
        "type": "Point",
        "coordinates": [
          138.3157039,
          36.2735111
        ]
      },
      "properties": {
        "内容": "バス停: 芦田",
        "name": "芦田",
        "operator": "事業者不明",
        "ref": "",
        "url": "",
        "url2": ""
      }
    },
    {
      "type": "Feature",
      "geometry": {
        "type": "Point",
        "coordinates": [
          138.3157521,
          36.2734527
        ]
      },
      "properties": {
        "内容": "バス停: 芦田",
        "name": "芦田",
        "operator": "事業者不明",
        "ref": "",
        "url": "",
        "url2": ""
      }
    },
    {
      "type": "Feature",
      "geometry": {
        "type": "Point",
        "coordinates": [
          138.3140664,
          36.273057
        ]
      },
      "properties": {
        "内容": "バス停: 芦田中央",
        "name": "芦田中央",
        "operator": "事業者不明",
        "ref": "",
        "url": "",
        "url2": ""
      }
    },
    {
      "type": "Feature",
      "geometry": {
        "type": "Point",
        "coordinates": [
          138.3278409,
          36.2700436
        ]
      },
      "properties": {
        "内容": "バス停: 茂田井上",
        "name": "茂田井上",
        "operator": "事業者不明",
        "ref": "",
        "url": "",
        "url2": ""
      }
    },
    {
      "type": "Feature",
      "geometry": {
        "type": "Point",
        "coordinates": [
          138.3454321,
          36.271593
        ]
      },
      "properties": {
        "内容": "バス停: 観音寺入口",
        "name": "観音寺入口",
        "operator": "事業者不明",
        "ref": "",
        "url": "",
        "url2": ""
      }
    },
    {
      "type": "Feature",
      "geometry": {
        "type": "Point",
        "coordinates": [
          138.3454737,
          36.2717228
        ]
      },
      "properties": {
        "内容": "バス停: 観音寺入口",
        "name": "観音寺入口",
        "operator": "事業者不明",
        "ref": "",
        "url": "",
        "url2": ""
      }
    },
    {
      "type": "Feature",
      "geometry": {
        "type": "Point",
        "coordinates": [
          138.3571923,
          36.2680022
        ]
      },
      "properties": {
        "内容": "バス停: 日赤病院入口",
        "name": "日赤病院入口",
        "operator": "事業者不明",
        "ref": "",
        "url": "",
        "url2": ""
      }
    },
    {
      "type": "Feature",
      "geometry": {
        "type": "Point",
        "coordinates": [
          138.3568262,
          36.2680249
        ]
      },
      "properties": {
        "内容": "バス停: 日赤病院入口",
        "name": "日赤病院入口",
        "operator": "事業者不明",
        "ref": "",
        "url": "",
        "url2": ""
      }
    },
    {
      "type": "Feature",
      "geometry": {
        "type": "Point",
        "coordinates": [
          138.3502521,
          36.2701182
        ]
      },
      "properties": {
        "内容": "バス停: 旧小学校前",
        "name": "旧小学校前",
        "operator": "事業者不明",
        "ref": "",
        "url": "",
        "url2": ""
      }
    },
    {
      "type": "Feature",
      "geometry": {
        "type": "Point",
        "coordinates": [
          138.350004,
          36.2705302
        ]
      },
      "properties": {
        "内容": "バス停: 旧小学校前",
        "name": "旧小学校前",
        "operator": "事業者不明",
        "ref": "",
        "url": "",
        "url2": ""
      }
    },
    {
      "type": "Feature",
      "geometry": {
        "type": "Point",
        "coordinates": [
          138.3638522,
          36.2636748
        ]
      },
      "properties": {
        "内容": "バス停: 望月バスターミナル",
        "name": "望月バスターミナル",
        "operator": "事業者不明",
        "ref": "",
        "url": "",
        "url2": ""
      }
    },
    {
      "type": "Feature",
      "geometry": {
        "type": "Point",
        "coordinates": [
          138.3623636,
          36.265739
        ]
      },
      "properties": {
        "内容": "バス停: 名称不明バス停",
        "name": "名称不明バス停",
        "operator": "事業者不明",
        "ref": "",
        "url": "",
        "url2": ""
      }
    },
    {
      "type": "Feature",
      "geometry": {
        "type": "Point",
        "coordinates": [
          138.3624065,
          36.2656244
        ]
      },
      "properties": {
        "内容": "バス停: 名称不明バス停",
        "name": "名称不明バス停",
        "operator": "事業者不明",
        "ref": "",
        "url": "",
        "url2": ""
      }
    },
    {
      "type": "Feature",
      "geometry": {
        "type": "Point",
        "coordinates": [
          138.3736745,
          36.2665587
        ]
      },
      "properties": {
        "内容": "バス停: 瓜生坂",
        "name": "瓜生坂",
        "operator": "事業者不明",
        "ref": "",
        "url": "",
        "url2": ""
      }
    },
    {
      "type": "Feature",
      "geometry": {
        "type": "Point",
        "coordinates": [
          137.6553346,
          36.1645907
        ]
      },
      "properties": {
        "内容": "バス停: さわんどバスターミナル",
        "name": "さわんどバスターミナル",
        "operator": "事業者不明",
        "ref": "",
        "url": "",
        "url2": ""
      }
    },
    {
      "type": "Feature",
      "geometry": {
        "type": "Point",
        "coordinates": [
          137.6352878,
          36.2461306
        ]
      },
      "properties": {
        "内容": "バス停: 上高地",
        "name": "上高地",
        "operator": "事業者不明",
        "ref": "K30",
        "url": "",
        "url2": ""
      }
    },
    {
      "type": "Feature",
      "geometry": {
        "type": "Point",
        "coordinates": [
          137.6352657,
          36.2462073
        ]
      },
      "properties": {
        "内容": "バス停: 上高地",
        "name": "上高地",
        "operator": "事業者不明",
        "ref": "K30",
        "url": "",
        "url2": ""
      }
    },
    {
      "type": "Feature",
      "geometry": {
        "type": "Point",
        "coordinates": [
          137.6352563,
          36.2462425
        ]
      },
      "properties": {
        "内容": "バス停: 上高地",
        "name": "上高地",
        "operator": "事業者不明",
        "ref": "K30",
        "url": "",
        "url2": ""
      }
    },
    {
      "type": "Feature",
      "geometry": {
        "type": "Point",
        "coordinates": [
          137.6352764,
          36.2461657
        ]
      },
      "properties": {
        "内容": "バス停: 上高地",
        "name": "上高地",
        "operator": "事業者不明",
        "ref": "K30",
        "url": "",
        "url2": ""
      }
    },
    {
      "type": "Feature",
      "geometry": {
        "type": "Point",
        "coordinates": [
          137.6196921,
          36.2283914
        ]
      },
      "properties": {
        "内容": "バス停: 大正池",
        "name": "大正池",
        "operator": "事業者不明",
        "ref": "K28",
        "url": "",
        "url2": ""
      }
    },
    {
      "type": "Feature",
      "geometry": {
        "type": "Point",
        "coordinates": [
          137.629112,
          36.2420234
        ]
      },
      "properties": {
        "内容": "バス停: 帝国ホテル前",
        "name": "帝国ホテル前",
        "operator": "事業者不明",
        "ref": "K29",
        "url": "",
        "url2": ""
      }
    },
    {
      "type": "Feature",
      "geometry": {
        "type": "Point",
        "coordinates": [
          137.7183625,
          36.1339208
        ]
      },
      "properties": {
        "内容": "バス停: 奈川渡ダム (アルピコ交通)",
        "name": "奈川渡ダム",
        "operator": "アルピコ交通",
        "ref": "K-16",
        "url": "",
        "url2": ""
      }
    },
    {
      "type": "Feature",
      "geometry": {
        "type": "Point",
        "coordinates": [
          137.7184641,
          36.1338477
        ]
      },
      "properties": {
        "内容": "バス停: 奈川渡ダム (アルピコ交通)",
        "name": "奈川渡ダム",
        "operator": "アルピコ交通",
        "ref": "K-16",
        "url": "",
        "url2": ""
      }
    },
    {
      "type": "Feature",
      "geometry": {
        "type": "Point",
        "coordinates": [
          138.3767107,
          36.2683309
        ]
      },
      "properties": {
        "内容": "バス停: 百沢",
        "name": "百沢",
        "operator": "事業者不明",
        "ref": "",
        "url": "",
        "url2": ""
      }
    },
    {
      "type": "Feature",
      "geometry": {
        "type": "Point",
        "coordinates": [
          138.3940016,
          36.2731035
        ]
      },
      "properties": {
        "内容": "バス停: 八幡",
        "name": "八幡",
        "operator": "事業者不明",
        "ref": "",
        "url": "",
        "url2": ""
      }
    },
    {
      "type": "Feature",
      "geometry": {
        "type": "Point",
        "coordinates": [
          138.3911397,
          36.2715406
        ]
      },
      "properties": {
        "内容": "バス停: 八幡入口",
        "name": "八幡入口",
        "operator": "事業者不明",
        "ref": "",
        "url": "",
        "url2": ""
      }
    },
    {
      "type": "Feature",
      "geometry": {
        "type": "Point",
        "coordinates": [
          138.4163927,
          36.2715184
        ]
      },
      "properties": {
        "内容": "バス停: 御馬寄",
        "name": "御馬寄",
        "operator": "事業者不明",
        "ref": "",
        "url": "",
        "url2": ""
      }
    },
    {
      "type": "Feature",
      "geometry": {
        "type": "Point",
        "coordinates": [
          138.4064148,
          36.2745869
        ]
      },
      "properties": {
        "内容": "バス停: 下原中央",
        "name": "下原中央",
        "operator": "事業者不明",
        "ref": "",
        "url": "",
        "url2": ""
      }
    },
    {
      "type": "Feature",
      "geometry": {
        "type": "Point",
        "coordinates": [
          138.405861,
          36.2746172
        ]
      },
      "properties": {
        "内容": "バス停: 下原中央",
        "name": "下原中央",
        "operator": "事業者不明",
        "ref": "",
        "url": "",
        "url2": ""
      }
    },
    {
      "type": "Feature",
      "geometry": {
        "type": "Point",
        "coordinates": [
          138.39834,
          36.2753075
        ]
      },
      "properties": {
        "内容": "バス停: 八幡神社前",
        "name": "八幡神社前",
        "operator": "事業者不明",
        "ref": "",
        "url": "",
        "url2": ""
      }
    },
    {
      "type": "Feature",
      "geometry": {
        "type": "Point",
        "coordinates": [
          138.3983132,
          36.2753556
        ]
      },
      "properties": {
        "内容": "バス停: 八幡神社前",
        "name": "八幡神社前",
        "operator": "事業者不明",
        "ref": "",
        "url": "",
        "url2": ""
      }
    },
    {
      "type": "Feature",
      "geometry": {
        "type": "Point",
        "coordinates": [
          138.3944267,
          36.2732862
        ]
      },
      "properties": {
        "内容": "バス停: 八幡",
        "name": "八幡",
        "operator": "事業者不明",
        "ref": "",
        "url": "",
        "url2": ""
      }
    },
    {
      "type": "Feature",
      "geometry": {
        "type": "Point",
        "coordinates": [
          138.4219328,
          36.2712524
        ]
      },
      "properties": {
        "内容": "バス停: 塩名田",
        "name": "塩名田",
        "operator": "事業者不明",
        "ref": "",
        "url": "",
        "url2": ""
      }
    },
    {
      "type": "Feature",
      "geometry": {
        "type": "Point",
        "coordinates": [
          138.4216223,
          36.2710616
        ]
      },
      "properties": {
        "内容": "バス停: 塩名田",
        "name": "塩名田",
        "operator": "事業者不明",
        "ref": "",
        "url": "",
        "url2": ""
      }
    },
    {
      "type": "Feature",
      "geometry": {
        "type": "Point",
        "coordinates": [
          138.4782283,
          36.2723347
        ]
      },
      "properties": {
        "内容": "バス停: 岩村田",
        "name": "岩村田",
        "operator": "事業者不明",
        "ref": "",
        "url": "",
        "url2": ""
      }
    },
    {
      "type": "Feature",
      "geometry": {
        "type": "Point",
        "coordinates": [
          138.5038769,
          36.3127823
        ]
      },
      "properties": {
        "内容": "バス停: 荒町上宿",
        "name": "荒町上宿",
        "operator": "事業者不明",
        "ref": "",
        "url": "",
        "url2": ""
      }
    },
    {
      "type": "Feature",
      "geometry": {
        "type": "Point",
        "coordinates": [
          138.5022059,
          36.3109279
        ]
      },
      "properties": {
        "内容": "バス停: 荒町",
        "name": "荒町",
        "operator": "事業者不明",
        "ref": "",
        "url": "",
        "url2": ""
      }
    },
    {
      "type": "Feature",
      "geometry": {
        "type": "Point",
        "coordinates": [
          138.4985796,
          36.3078263
        ]
      },
      "properties": {
        "内容": "バス停: 小田井上宿",
        "name": "小田井上宿",
        "operator": "事業者不明",
        "ref": "",
        "url": "",
        "url2": ""
      }
    },
    {
      "type": "Feature",
      "geometry": {
        "type": "Point",
        "coordinates": [
          138.4957726,
          36.3052941
        ]
      },
      "properties": {
        "内容": "バス停: 小田井中央",
        "name": "小田井中央",
        "operator": "事業者不明",
        "ref": "",
        "url": "",
        "url2": ""
      }
    },
    {
      "type": "Feature",
      "geometry": {
        "type": "Point",
        "coordinates": [
          138.4911981,
          36.292459
        ]
      },
      "properties": {
        "内容": "バス停: 名称不明バス停",
        "name": "名称不明バス停",
        "operator": "事業者不明",
        "ref": "",
        "url": "",
        "url2": ""
      }
    },
    {
      "type": "Feature",
      "geometry": {
        "type": "Point",
        "coordinates": [
          138.489214,
          36.2898442
        ]
      },
      "properties": {
        "内容": "バス停: 佐久インターウェーブ",
        "name": "佐久インターウェーブ",
        "operator": "事業者不明",
        "ref": "",
        "url": "",
        "url2": ""
      }
    },
    {
      "type": "Feature",
      "geometry": {
        "type": "Point",
        "coordinates": [
          138.4892381,
          36.2898588
        ]
      },
      "properties": {
        "内容": "バス停: 横根入口",
        "name": "横根入口",
        "operator": "事業者不明",
        "ref": "",
        "url": "",
        "url2": ""
      }
    },
    {
      "type": "Feature",
      "geometry": {
        "type": "Point",
        "coordinates": [
          138.4843424,
          36.2848531
        ]
      },
      "properties": {
        "内容": "バス停: 仙禄湖入口",
        "name": "仙禄湖入口",
        "operator": "事業者不明",
        "ref": "",
        "url": "",
        "url2": ""
      }
    },
    {
      "type": "Feature",
      "geometry": {
        "type": "Point",
        "coordinates": [
          138.4805424,
          36.2814499
        ]
      },
      "properties": {
        "内容": "バス停: 佐久インター東",
        "name": "佐久インター東",
        "operator": "事業者不明",
        "ref": "",
        "url": "",
        "url2": ""
      }
    },
    {
      "type": "Feature",
      "geometry": {
        "type": "Point",
        "coordinates": [
          138.4797062,
          36.2803407
        ]
      },
      "properties": {
        "内容": "バス停: 名称不明バス停",
        "name": "名称不明バス停",
        "operator": "事業者不明",
        "ref": "",
        "url": "",
        "url2": ""
      }
    },
    {
      "type": "Feature",
      "geometry": {
        "type": "Point",
        "coordinates": [
          138.4796727,
          36.280491
        ]
      },
      "properties": {
        "内容": "バス停: 名称不明バス停",
        "name": "名称不明バス停",
        "operator": "事業者不明",
        "ref": "",
        "url": "",
        "url2": ""
      }
    },
    {
      "type": "Feature",
      "geometry": {
        "type": "Point",
        "coordinates": [
          138.4782042,
          36.2753275
        ]
      },
      "properties": {
        "内容": "バス停: 龍雲寺前",
        "name": "龍雲寺前",
        "operator": "事業者不明",
        "ref": "",
        "url": "",
        "url2": ""
      }
    },
    {
      "type": "Feature",
      "geometry": {
        "type": "Point",
        "coordinates": [
          138.4783597,
          36.2750767
        ]
      },
      "properties": {
        "内容": "バス停: 龍雲寺前",
        "name": "龍雲寺前",
        "operator": "事業者不明",
        "ref": "",
        "url": "",
        "url2": ""
      }
    },
    {
      "type": "Feature",
      "geometry": {
        "type": "Point",
        "coordinates": [
          138.6343778,
          36.3488425
        ]
      },
      "properties": {
        "内容": "バス停: 新道",
        "name": "新道",
        "operator": "事業者不明",
        "ref": "",
        "url": "",
        "url2": ""
      }
    },
    {
      "type": "Feature",
      "geometry": {
        "type": "Point",
        "coordinates": [
          138.5391533,
          36.3368427
        ]
      },
      "properties": {
        "内容": "バス停: 追分入口",
        "name": "追分入口",
        "operator": "事業者不明",
        "ref": "",
        "url": "",
        "url2": ""
      }
    },
    {
      "type": "Feature",
      "geometry": {
        "type": "Point",
        "coordinates": [
          138.5391218,
          36.3369275
        ]
      },
      "properties": {
        "内容": "バス停: 追分入口",
        "name": "追分入口",
        "operator": "事業者不明",
        "ref": "",
        "url": "",
        "url2": ""
      }
    },
    {
      "type": "Feature",
      "geometry": {
        "type": "Point",
        "coordinates": [
          138.5361043,
          36.3355247
        ]
      },
      "properties": {
        "内容": "バス停: 浅間サンライン入口 (千曲バス)",
        "name": "浅間サンライン入口",
        "operator": "千曲バス",
        "ref": "",
        "url": "",
        "url2": ""
      }
    },
    {
      "type": "Feature",
      "geometry": {
        "type": "Point",
        "coordinates": [
          138.6339869,
          36.3566252
        ]
      },
      "properties": {
        "内容": "バス停: 旧軽井沢",
        "name": "旧軽井沢",
        "operator": "事業者不明",
        "ref": "",
        "url": "",
        "url2": ""
      }
    },
    {
      "type": "Feature",
      "geometry": {
        "type": "Point",
        "coordinates": [
          138.6299112,
          36.3502256
        ]
      },
      "properties": {
        "内容": "バス停: 六本辻・雲場池",
        "name": "六本辻・雲場池",
        "operator": "事業者不明",
        "ref": "",
        "url": "",
        "url2": ""
      }
    },
    {
      "type": "Feature",
      "geometry": {
        "type": "Point",
        "coordinates": [
          138.629808,
          36.3502872
        ]
      },
      "properties": {
        "内容": "バス停: 六本辻・雲場池",
        "name": "六本辻・雲場池",
        "operator": "事業者不明",
        "ref": "",
        "url": "",
        "url2": ""
      }
    },
    {
      "type": "Feature",
      "geometry": {
        "type": "Point",
        "coordinates": [
          138.6266081,
          36.3486173
        ]
      },
      "properties": {
        "内容": "バス停: 名称不明バス停",
        "name": "名称不明バス停",
        "operator": "事業者不明",
        "ref": "",
        "url": "",
        "url2": ""
      }
    },
    {
      "type": "Feature",
      "geometry": {
        "type": "Point",
        "coordinates": [
          138.6262594,
          36.3486681
        ]
      },
      "properties": {
        "内容": "バス停: 名称不明バス停",
        "name": "名称不明バス停",
        "operator": "事業者不明",
        "ref": "",
        "url": "",
        "url2": ""
      }
    },
    {
      "type": "Feature",
      "geometry": {
        "type": "Point",
        "coordinates": [
          138.6236416,
          36.3477629
        ]
      },
      "properties": {
        "内容": "バス停: 東部小学校",
        "name": "東部小学校",
        "operator": "事業者不明",
        "ref": "",
        "url": "",
        "url2": ""
      }
    },
    {
      "type": "Feature",
      "geometry": {
        "type": "Point",
        "coordinates": [
          138.6234619,
          36.3477845
        ]
      },
      "properties": {
        "内容": "バス停: 東部小学校",
        "name": "東部小学校",
        "operator": "事業者不明",
        "ref": "",
        "url": "",
        "url2": ""
      }
    },
    {
      "type": "Feature",
      "geometry": {
        "type": "Point",
        "coordinates": [
          138.6182503,
          36.3457818
        ]
      },
      "properties": {
        "内容": "バス停: 名称不明バス停",
        "name": "名称不明バス停",
        "operator": "事業者不明",
        "ref": "",
        "url": "",
        "url2": ""
      }
    },
    {
      "type": "Feature",
      "geometry": {
        "type": "Point",
        "coordinates": [
          138.6183134,
          36.3458996
        ]
      },
      "properties": {
        "内容": "バス停: 名称不明バス停",
        "name": "名称不明バス停",
        "operator": "事業者不明",
        "ref": "",
        "url": "",
        "url2": ""
      }
    },
    {
      "type": "Feature",
      "geometry": {
        "type": "Point",
        "coordinates": [
          138.6119398,
          36.3442161
        ]
      },
      "properties": {
        "内容": "バス停: 離山",
        "name": "離山",
        "operator": "事業者不明",
        "ref": "",
        "url": "",
        "url2": ""
      }
    },
    {
      "type": "Feature",
      "geometry": {
        "type": "Point",
        "coordinates": [
          138.6119398,
          36.344296
        ]
      },
      "properties": {
        "内容": "バス停: 離山",
        "name": "離山",
        "operator": "事業者不明",
        "ref": "",
        "url": "",
        "url2": ""
      }
    },
    {
      "type": "Feature",
      "geometry": {
        "type": "Point",
        "coordinates": [
          138.6059538,
          36.3440297
        ]
      },
      "properties": {
        "内容": "バス停: 図書館前",
        "name": "図書館前",
        "operator": "事業者不明",
        "ref": "",
        "url": "",
        "url2": ""
      }
    },
    {
      "type": "Feature",
      "geometry": {
        "type": "Point",
        "coordinates": [
          138.6071004,
          36.3440287
        ]
      },
      "properties": {
        "内容": "バス停: 図書館前",
        "name": "図書館前",
        "operator": "事業者不明",
        "ref": "",
        "url": "",
        "url2": ""
      }
    },
    {
      "type": "Feature",
      "geometry": {
        "type": "Point",
        "coordinates": [
          138.591333,
          36.3484855
        ]
      },
      "properties": {
        "内容": "バス停: 名称不明バス停",
        "name": "名称不明バス停",
        "operator": "事業者不明",
        "ref": "",
        "url": "",
        "url2": ""
      }
    },
    {
      "type": "Feature",
      "geometry": {
        "type": "Point",
        "coordinates": [
          138.5902588,
          36.3484261
        ]
      },
      "properties": {
        "内容": "バス停: 中軽井沢",
        "name": "中軽井沢",
        "operator": "事業者不明",
        "ref": "",
        "url": "",
        "url2": ""
      }
    },
    {
      "type": "Feature",
      "geometry": {
        "type": "Point",
        "coordinates": [
          138.5834648,
          36.3467119
        ]
      },
      "properties": {
        "内容": "バス停: 古宿東",
        "name": "古宿東",
        "operator": "事業者不明",
        "ref": "",
        "url": "",
        "url2": ""
      }
    },
    {
      "type": "Feature",
      "geometry": {
        "type": "Point",
        "coordinates": [
          138.5771991,
          36.3446293
        ]
      },
      "properties": {
        "内容": "バス停: 古宿公民館",
        "name": "古宿公民館",
        "operator": "事業者不明",
        "ref": "",
        "url": "",
        "url2": ""
      }
    },
    {
      "type": "Feature",
      "geometry": {
        "type": "Point",
        "coordinates": [
          138.5637331,
          36.3418633
        ]
      },
      "properties": {
        "内容": "バス停: 遠近宮",
        "name": "遠近宮",
        "operator": "事業者不明",
        "ref": "",
        "url": "",
        "url2": ""
      }
    },
    {
      "type": "Feature",
      "geometry": {
        "type": "Point",
        "coordinates": [
          138.5595918,
          36.3421685
        ]
      },
      "properties": {
        "内容": "バス停: 借宿西",
        "name": "借宿西",
        "operator": "事業者不明",
        "ref": "",
        "url": "",
        "url2": ""
      }
    },
    {
      "type": "Feature",
      "geometry": {
        "type": "Point",
        "coordinates": [
          138.5525671,
          36.3412049
        ]
      },
      "properties": {
        "内容": "バス停: 西部小学校前",
        "name": "西部小学校前",
        "operator": "事業者不明",
        "ref": "",
        "url": "",
        "url2": ""
      }
    },
    {
      "type": "Feature",
      "geometry": {
        "type": "Point",
        "coordinates": [
          138.5527696,
          36.3413745
        ]
      },
      "properties": {
        "内容": "バス停: 西部小学校前",
        "name": "西部小学校前",
        "operator": "事業者不明",
        "ref": "",
        "url": "",
        "url2": ""
      }
    },
    {
      "type": "Feature",
      "geometry": {
        "type": "Point",
        "coordinates": [
          138.5455585,
          36.3397109
        ]
      },
      "properties": {
        "内容": "バス停: 追分昇進橋",
        "name": "追分昇進橋",
        "operator": "事業者不明",
        "ref": "",
        "url": "",
        "url2": ""
      }
    },
    {
      "type": "Feature",
      "geometry": {
        "type": "Point",
        "coordinates": [
          138.5413876,
          36.3383627
        ]
      },
      "properties": {
        "内容": "バス停: 追分公民館",
        "name": "追分公民館",
        "operator": "事業者不明",
        "ref": "",
        "url": "",
        "url2": ""
      }
    },
    {
      "type": "Feature",
      "geometry": {
        "type": "Point",
        "coordinates": [
          138.6342336,
          36.3539715
        ]
      },
      "properties": {
        "内容": "バス停: 中部電力前",
        "name": "中部電力前",
        "operator": "事業者不明",
        "ref": "",
        "url": "",
        "url2": ""
      }
    },
    {
      "type": "Feature",
      "geometry": {
        "type": "Point",
        "coordinates": [
          138.6341384,
          36.3539952
        ]
      },
      "properties": {
        "内容": "バス停: 中部電力前",
        "name": "中部電力前",
        "operator": "事業者不明",
        "ref": "",
        "url": "",
        "url2": ""
      }
    },
    {
      "type": "Feature",
      "geometry": {
        "type": "Point",
        "coordinates": [
          138.6338809,
          36.3563444
        ]
      },
      "properties": {
        "内容": "バス停: 旧軽井沢",
        "name": "旧軽井沢",
        "operator": "事業者不明",
        "ref": "",
        "url": "",
        "url2": ""
      }
    },
    {
      "type": "Feature",
      "geometry": {
        "type": "Point",
        "coordinates": [
          138.6564973,
          36.3691322
        ]
      },
      "properties": {
        "内容": "バス停: 見晴台入口",
        "name": "見晴台入口",
        "operator": "事業者不明",
        "ref": "",
        "url": "",
        "url2": ""
      }
    },
    {
      "type": "Feature",
      "geometry": {
        "type": "Point",
        "coordinates": [
          138.6375421,
          36.3604895
        ]
      },
      "properties": {
        "内容": "バス停: 見晴台行き",
        "name": "見晴台行き",
        "operator": "事業者不明",
        "ref": "",
        "url": "",
        "url2": ""
      }
    },
    {
      "type": "Feature",
      "geometry": {
        "type": "Point",
        "coordinates": [
          138.6359301,
          36.359038
        ]
      },
      "properties": {
        "内容": "バス停: 見晴台行き",
        "name": "見晴台行き",
        "operator": "事業者不明",
        "ref": "",
        "url": "",
        "url2": ""
      }
    },
    {
      "type": "Feature",
      "geometry": {
        "type": "Point",
        "coordinates": [
          138.1363026,
          36.3016578
        ]
      },
      "properties": {
        "内容": "バス停: 鹿教湯温泉",
        "name": "鹿教湯温泉",
        "operator": "事業者不明",
        "ref": "",
        "url": "",
        "url2": ""
      }
    },
    {
      "type": "Feature",
      "geometry": {
        "type": "Point",
        "coordinates": [
          137.7519365,
          36.153539
        ]
      },
      "properties": {
        "内容": "バス停: 水殿ダム (アルピコ交通)",
        "name": "水殿ダム",
        "operator": "アルピコ交通",
        "ref": "K-14",
        "url": "",
        "url2": ""
      }
    },
    {
      "type": "Feature",
      "geometry": {
        "type": "Point",
        "coordinates": [
          137.6247511,
          36.1219277
        ]
      },
      "properties": {
        "内容": "バス停: 乗鞍高原観光センター (アルピコ交通)",
        "name": "乗鞍高原観光センター",
        "operator": "アルピコ交通",
        "ref": "N-29",
        "url": "",
        "url2": ""
      }
    },
    {
      "type": "Feature",
      "geometry": {
        "type": "Point",
        "coordinates": [
          137.8571995,
          36.6980931
        ]
      },
      "properties": {
        "内容": "バス停: スノーピークランドステーション白馬 (アルピコ交通)",
        "name": "スノーピークランドステーション白馬",
        "operator": "アルピコ交通",
        "ref": "",
        "url": "",
        "url2": ""
      }
    },
    {
      "type": "Feature",
      "geometry": {
        "type": "Point",
        "coordinates": [
          137.8576478,
          36.6979699
        ]
      },
      "properties": {
        "内容": "バス停: スノーピークランドステーション白馬 (アルピコ交通)",
        "name": "スノーピークランドステーション白馬",
        "operator": "アルピコ交通",
        "ref": "",
        "url": "",
        "url2": ""
      }
    },
    {
      "type": "Feature",
      "geometry": {
        "type": "Point",
        "coordinates": [
          137.8523102,
          36.6997878
        ]
      },
      "properties": {
        "内容": "バス停: 白馬ハイツ前 (アルピコ交通)",
        "name": "白馬ハイツ前",
        "operator": "アルピコ交通",
        "ref": "",
        "url": "",
        "url2": ""
      }
    },
    {
      "type": "Feature",
      "geometry": {
        "type": "Point",
        "coordinates": [
          137.8483598,
          36.7097911
        ]
      },
      "properties": {
        "内容": "バス停: 倉下の湯 (アルピコ交通)",
        "name": "倉下の湯",
        "operator": "アルピコ交通",
        "ref": "",
        "url": "",
        "url2": ""
      }
    },
    {
      "type": "Feature",
      "geometry": {
        "type": "Point",
        "coordinates": [
          137.8495049,
          36.7097707
        ]
      },
      "properties": {
        "内容": "バス停: 倉下の湯 (アルピコ交通)",
        "name": "倉下の湯",
        "operator": "アルピコ交通",
        "ref": "",
        "url": "",
        "url2": ""
      }
    },
    {
      "type": "Feature",
      "geometry": {
        "type": "Point",
        "coordinates": [
          137.8692194,
          36.712418
        ]
      },
      "properties": {
        "内容": "バス停: 岩岳新田 (アルピコ交通)",
        "name": "岩岳新田",
        "operator": "アルピコ交通",
        "ref": "",
        "url": "",
        "url2": ""
      }
    },
    {
      "type": "Feature",
      "geometry": {
        "type": "Point",
        "coordinates": [
          137.8703989,
          36.714177
        ]
      },
      "properties": {
        "内容": "バス停: 新田口 (アルピコ交通)",
        "name": "新田口",
        "operator": "アルピコ交通",
        "ref": "",
        "url": "",
        "url2": ""
      }
    },
    {
      "type": "Feature",
      "geometry": {
        "type": "Point",
        "coordinates": [
          137.8674193,
          36.7138395
        ]
      },
      "properties": {
        "内容": "バス停: 新田 (アルピコ交通)",
        "name": "新田",
        "operator": "アルピコ交通",
        "ref": "",
        "url": "",
        "url2": ""
      }
    },
    {
      "type": "Feature",
      "geometry": {
        "type": "Point",
        "coordinates": [
          137.8636054,
          36.7163482
        ]
      },
      "properties": {
        "内容": "バス停: 西山スキー場口 (アルピコ交通)",
        "name": "西山スキー場口",
        "operator": "アルピコ交通",
        "ref": "",
        "url": "",
        "url2": ""
      }
    },
    {
      "type": "Feature",
      "geometry": {
        "type": "Point",
        "coordinates": [
          137.8620685,
          36.7176195
        ]
      },
      "properties": {
        "内容": "バス停: 切久保公民館 (アルピコ交通)",
        "name": "切久保公民館",
        "operator": "アルピコ交通",
        "ref": "",
        "url": "",
        "url2": ""
      }
    },
    {
      "type": "Feature",
      "geometry": {
        "type": "Point",
        "coordinates": [
          137.8594974,
          36.7168418
        ]
      },
      "properties": {
        "内容": "バス停: 岩岳マウンテンリゾート (アルピコ交通)",
        "name": "岩岳マウンテンリゾート",
        "operator": "アルピコ交通",
        "ref": "",
        "url": "",
        "url2": ""
      }
    },
    {
      "type": "Feature",
      "geometry": {
        "type": "Point",
        "coordinates": [
          137.8617993,
          36.7195311
        ]
      },
      "properties": {
        "内容": "バス停: 切久保 (アルピコ交通)",
        "name": "切久保",
        "operator": "アルピコ交通",
        "ref": "",
        "url": "",
        "url2": ""
      }
    },
    {
      "type": "Feature",
      "geometry": {
        "type": "Point",
        "coordinates": [
          137.8649751,
          36.718882
        ]
      },
      "properties": {
        "内容": "バス停: 特急切久保 (アルピコ交通)",
        "name": "特急切久保",
        "operator": "アルピコ交通",
        "ref": "",
        "url": "",
        "url2": ""
      }
    },
    {
      "type": "Feature",
      "geometry": {
        "type": "Point",
        "coordinates": [
          137.8611021,
          36.7332984
        ]
      },
      "properties": {
        "内容": "バス停: 楠川 (アルピコ交通)",
        "name": "楠川",
        "operator": "アルピコ交通",
        "ref": "",
        "url": "",
        "url2": ""
      }
    },
    {
      "type": "Feature",
      "geometry": {
        "type": "Point",
        "coordinates": [
          137.8646957,
          36.7334172
        ]
      },
      "properties": {
        "内容": "バス停: 東京海上山荘 (アルピコ交通)",
        "name": "東京海上山荘",
        "operator": "アルピコ交通",
        "ref": "",
        "url": "",
        "url2": ""
      }
    },
    {
      "type": "Feature",
      "geometry": {
        "type": "Point",
        "coordinates": [
          137.8659074,
          36.7348607
        ]
      },
      "properties": {
        "内容": "バス停: 特急落倉 (アルピコ交通)",
        "name": "特急落倉",
        "operator": "アルピコ交通",
        "ref": "",
        "url": "",
        "url2": ""
      }
    },
    {
      "type": "Feature",
      "geometry": {
        "type": "Point",
        "coordinates": [
          137.8659249,
          36.7348812
        ]
      },
      "properties": {
        "内容": "バス停: 地蔵前 (アルピコ交通)",
        "name": "地蔵前",
        "operator": "アルピコ交通",
        "ref": "",
        "url": "",
        "url2": ""
      }
    },
    {
      "type": "Feature",
      "geometry": {
        "type": "Point",
        "coordinates": [
          137.8682268,
          36.7384235
        ]
      },
      "properties": {
        "内容": "バス停: 落倉 (アルピコ交通)",
        "name": "落倉",
        "operator": "アルピコ交通",
        "ref": "",
        "url": "",
        "url2": ""
      }
    },
    {
      "type": "Feature",
      "geometry": {
        "type": "Point",
        "coordinates": [
          137.8712954,
          36.7425847
        ]
      },
      "properties": {
        "内容": "バス停: 松沢 (アルピコ交通)",
        "name": "松沢",
        "operator": "アルピコ交通",
        "ref": "",
        "url": "",
        "url2": ""
      }
    },
    {
      "type": "Feature",
      "geometry": {
        "type": "Point",
        "coordinates": [
          137.8737439,
          36.745443
        ]
      },
      "properties": {
        "内容": "バス停: 松沢口 (アルピコ交通)",
        "name": "松沢口",
        "operator": "アルピコ交通",
        "ref": "",
        "url": "",
        "url2": ""
      }
    },
    {
      "type": "Feature",
      "geometry": {
        "type": "Point",
        "coordinates": [
          137.8765912,
          36.7634252
        ]
      },
      "properties": {
        "内容": "バス停: 白馬乗鞍 (アルピコ交通)",
        "name": "白馬乗鞍",
        "operator": "アルピコ交通",
        "ref": "",
        "url": "",
        "url2": ""
      }
    },
    {
      "type": "Feature",
      "geometry": {
        "type": "Point",
        "coordinates": [
          137.8766135,
          36.763429
        ]
      },
      "properties": {
        "内容": "バス停: アルプスホテル (小谷村営バス)",
        "name": "アルプスホテル",
        "operator": "小谷村営バス",
        "ref": "",
        "url": "",
        "url2": ""
      }
    },
    {
      "type": "Feature",
      "geometry": {
        "type": "Point",
        "coordinates": [
          137.8834337,
          36.7672385
        ]
      },
      "properties": {
        "内容": "バス停: 里見 (アルピコ交通)",
        "name": "里見",
        "operator": "アルピコ交通",
        "ref": "",
        "url": "",
        "url2": ""
      }
    },
    {
      "type": "Feature",
      "geometry": {
        "type": "Point",
        "coordinates": [
          137.8883266,
          36.7752242
        ]
      },
      "properties": {
        "内容": "バス停: 白馬コルチナ (アルピコ交通)",
        "name": "白馬コルチナ",
        "operator": "アルピコ交通",
        "ref": "",
        "url": "",
        "url2": ""
      }
    },
    {
      "type": "Feature",
      "geometry": {
        "type": "Point",
        "coordinates": [
          137.9845692,
          36.8653451
        ]
      },
      "properties": {
        "内容": "バス停: 雨飾高原 (小谷村営バス)",
        "name": "雨飾高原",
        "operator": "小谷村営バス",
        "ref": "",
        "url": "",
        "url2": ""
      }
    },
    {
      "type": "Feature",
      "geometry": {
        "type": "Point",
        "coordinates": [
          137.9813457,
          36.8618462
        ]
      },
      "properties": {
        "内容": "バス停: 小谷温泉山田旅館 (小谷村営バス)",
        "name": "小谷温泉山田旅館",
        "operator": "小谷村営バス",
        "ref": "",
        "url": "",
        "url2": ""
      }
    },
    {
      "type": "Feature",
      "geometry": {
        "type": "Point",
        "coordinates": [
          138.3445289,
          36.3568252
        ]
      },
      "properties": {
        "内容": "バス停: 東部中学校",
        "name": "東部中学校",
        "operator": "事業者不明",
        "ref": "",
        "url": "",
        "url2": ""
      }
    },
    {
      "type": "Feature",
      "geometry": {
        "type": "Point",
        "coordinates": [
          138.3349723,
          36.3552616
        ]
      },
      "properties": {
        "内容": "バス停: 常田",
        "name": "常田",
        "operator": "事業者不明",
        "ref": "",
        "url": "",
        "url2": ""
      }
    },
    {
      "type": "Feature",
      "geometry": {
        "type": "Point",
        "coordinates": [
          138.3327022,
          36.3552337
        ]
      },
      "properties": {
        "内容": "バス停: 田中中央",
        "name": "田中中央",
        "operator": "事業者不明",
        "ref": "",
        "url": "",
        "url2": ""
      }
    },
    {
      "type": "Feature",
      "geometry": {
        "type": "Point",
        "coordinates": [
          137.6767284,
          35.458829
        ]
      },
      "properties": {
        "内容": "バス停: 園原(帰りま",
        "name": "園原(帰りま",
        "operator": "事業者不明",
        "ref": "",
        "url": "",
        "url2": ""
      }
    },
    {
      "type": "Feature",
      "geometry": {
        "type": "Point",
        "coordinates": [
          138.3384484,
          36.3561656
        ]
      },
      "properties": {
        "内容": "バス停: 中学校入口",
        "name": "中学校入口",
        "operator": "事業者不明",
        "ref": "",
        "url": "",
        "url2": ""
      }
    },
    {
      "type": "Feature",
      "geometry": {
        "type": "Point",
        "coordinates": [
          138.3371307,
          36.3562698
        ]
      },
      "properties": {
        "内容": "バス停: 中学校入口",
        "name": "中学校入口",
        "operator": "事業者不明",
        "ref": "",
        "url": "",
        "url2": ""
      }
    },
    {
      "type": "Feature",
      "geometry": {
        "type": "Point",
        "coordinates": [
          138.2969403,
          36.3693197
        ]
      },
      "properties": {
        "内容": "バス停: 大屋駅前",
        "name": "大屋駅前",
        "operator": "事業者不明",
        "ref": "",
        "url": "",
        "url2": ""
      }
    },
    {
      "type": "Feature",
      "geometry": {
        "type": "Point",
        "coordinates": [
          137.5846168,
          35.538999
        ]
      },
      "properties": {
        "内容": "バス停: 馬籠峠",
        "name": "馬籠峠",
        "operator": "事業者不明",
        "ref": "",
        "url": "",
        "url2": ""
      }
    },
    {
      "type": "Feature",
      "geometry": {
        "type": "Point",
        "coordinates": [
          138.2660751,
          36.33454
        ]
      },
      "properties": {
        "内容": "バス停: 上組 (千曲バス)",
        "name": "上組",
        "operator": "千曲バス",
        "ref": "",
        "url": "",
        "url2": ""
      }
    },
    {
      "type": "Feature",
      "geometry": {
        "type": "Point",
        "coordinates": [
          138.2249812,
          36.4120139
        ]
      },
      "properties": {
        "内容": "バス停: 下秋和車庫",
        "name": "下秋和車庫",
        "operator": "事業者不明",
        "ref": "",
        "url": "",
        "url2": ""
      }
    },
    {
      "type": "Feature",
      "geometry": {
        "type": "Point",
        "coordinates": [
          137.8800727,
          35.5221684
        ]
      },
      "properties": {
        "内容": "バス停: 阿島傘資料館前",
        "name": "阿島傘資料館前",
        "operator": "事業者不明",
        "ref": "",
        "url": "",
        "url2": ""
      }
    },
    {
      "type": "Feature",
      "geometry": {
        "type": "Point",
        "coordinates": [
          137.9599949,
          35.8398856
        ]
      },
      "properties": {
        "内容": "バス停: 通り町",
        "name": "通り町",
        "operator": "事業者不明",
        "ref": "",
        "url": "",
        "url2": ""
      }
    },
    {
      "type": "Feature",
      "geometry": {
        "type": "Point",
        "coordinates": [
          137.9515121,
          35.3287063
        ]
      },
      "properties": {
        "内容": "バス停: 大島",
        "name": "大島",
        "operator": "事業者不明",
        "ref": "",
        "url": "",
        "url2": ""
      }
    },
    {
      "type": "Feature",
      "geometry": {
        "type": "Point",
        "coordinates": [
          138.0794413,
          36.7561584
        ]
      },
      "properties": {
        "内容": "バス停: 戸隠奥社入口",
        "name": "戸隠奥社入口",
        "operator": "事業者不明",
        "ref": "",
        "url": "",
        "url2": ""
      }
    },
    {
      "type": "Feature",
      "geometry": {
        "type": "Point",
        "coordinates": [
          137.7183732,
          35.8586168
        ]
      },
      "properties": {
        "内容": "バス停: 木曽こどもセンター",
        "name": "木曽こどもセンター",
        "operator": "事業者不明",
        "ref": "",
        "url": "",
        "url2": ""
      }
    },
    {
      "type": "Feature",
      "geometry": {
        "type": "Point",
        "coordinates": [
          137.7143674,
          35.8577712
        ]
      },
      "properties": {
        "内容": "バス停: 矢崎橋",
        "name": "矢崎橋",
        "operator": "事業者不明",
        "ref": "",
        "url": "",
        "url2": ""
      }
    },
    {
      "type": "Feature",
      "geometry": {
        "type": "Point",
        "coordinates": [
          137.6994972,
          35.8502438
        ]
      },
      "properties": {
        "内容": "バス停: 名称不明バス停",
        "name": "名称不明バス停",
        "operator": "事業者不明",
        "ref": "",
        "url": "",
        "url2": ""
      }
    },
    {
      "type": "Feature",
      "geometry": {
        "type": "Point",
        "coordinates": [
          137.7004132,
          35.8503275
        ]
      },
      "properties": {
        "内容": "バス停: 名称不明バス停",
        "name": "名称不明バス停",
        "operator": "事業者不明",
        "ref": "",
        "url": "",
        "url2": ""
      }
    },
    {
      "type": "Feature",
      "geometry": {
        "type": "Point",
        "coordinates": [
          137.6900786,
          35.8415819
        ]
      },
      "properties": {
        "内容": "バス停: 塩渕",
        "name": "塩渕",
        "operator": "事業者不明",
        "ref": "",
        "url": "",
        "url2": ""
      }
    },
    {
      "type": "Feature",
      "geometry": {
        "type": "Point",
        "coordinates": [
          137.6834764,
          35.826817
        ]
      },
      "properties": {
        "内容": "バス停: 元橋",
        "name": "元橋",
        "operator": "事業者不明",
        "ref": "99",
        "url": "",
        "url2": ""
      }
    },
    {
      "type": "Feature",
      "geometry": {
        "type": "Point",
        "coordinates": [
          138.4726429,
          36.2369328
        ]
      },
      "properties": {
        "内容": "バス停: 旧中込学校前",
        "name": "旧中込学校前",
        "operator": "事業者不明",
        "ref": "",
        "url": "",
        "url2": ""
      }
    },
    {
      "type": "Feature",
      "geometry": {
        "type": "Point",
        "coordinates": [
          138.2393829,
          36.0368145
        ]
      },
      "properties": {
        "内容": "バス停: 栗平 (諏訪バス)",
        "name": "栗平",
        "operator": "諏訪バス",
        "ref": "",
        "url": "",
        "url2": ""
      }
    },
    {
      "type": "Feature",
      "geometry": {
        "type": "Point",
        "coordinates": [
          138.2388157,
          36.0367261
        ]
      },
      "properties": {
        "内容": "バス停: 栗平 (諏訪バス)",
        "name": "栗平",
        "operator": "諏訪バス",
        "ref": "",
        "url": "",
        "url2": ""
      }
    },
    {
      "type": "Feature",
      "geometry": {
        "type": "Point",
        "coordinates": [
          138.4788036,
          36.1985972
        ]
      },
      "properties": {
        "内容": "バス停: 臼田中央",
        "name": "臼田中央",
        "operator": "事業者不明",
        "ref": "",
        "url": "",
        "url2": ""
      }
    },
    {
      "type": "Feature",
      "geometry": {
        "type": "Point",
        "coordinates": [
          138.4785388,
          36.1987838
        ]
      },
      "properties": {
        "内容": "バス停: 臼田中央",
        "name": "臼田中央",
        "operator": "事業者不明",
        "ref": "",
        "url": "",
        "url2": ""
      }
    },
    {
      "type": "Feature",
      "geometry": {
        "type": "Point",
        "coordinates": [
          138.0056567,
          36.5669808
        ]
      },
      "properties": {
        "内容": "バス停: 新町中学校前",
        "name": "新町中学校前",
        "operator": "事業者不明",
        "ref": "",
        "url": "",
        "url2": ""
      }
    },
    {
      "type": "Feature",
      "geometry": {
        "type": "Point",
        "coordinates": [
          137.7030714,
          35.4303223
        ]
      },
      "properties": {
        "内容": "バス停: 大野",
        "name": "大野",
        "operator": "事業者不明",
        "ref": "",
        "url": "",
        "url2": ""
      }
    },
    {
      "type": "Feature",
      "geometry": {
        "type": "Point",
        "coordinates": [
          137.7055474,
          35.4340402
        ]
      },
      "properties": {
        "内容": "バス停: 中野",
        "name": "中野",
        "operator": "事業者不明",
        "ref": "",
        "url": "",
        "url2": ""
      }
    },
    {
      "type": "Feature",
      "geometry": {
        "type": "Point",
        "coordinates": [
          137.7198454,
          35.4477251
        ]
      },
      "properties": {
        "内容": "バス停: 下平",
        "name": "下平",
        "operator": "事業者不明",
        "ref": "",
        "url": "",
        "url2": ""
      }
    },
    {
      "type": "Feature",
      "geometry": {
        "type": "Point",
        "coordinates": [
          138.1879107,
          36.6435973
        ]
      },
      "properties": {
        "内容": "バス停: 長野駅",
        "name": "長野駅",
        "operator": "事業者不明",
        "ref": "",
        "url": "",
        "url2": ""
      }
    },
    {
      "type": "Feature",
      "geometry": {
        "type": "Point",
        "coordinates": [
          138.1825899,
          36.6445902
        ]
      },
      "properties": {
        "内容": "バス停: 長野バスターミナル",
        "name": "長野バスターミナル",
        "operator": "事業者不明",
        "ref": "",
        "url": "",
        "url2": ""
      }
    },
    {
      "type": "Feature",
      "geometry": {
        "type": "Point",
        "coordinates": [
          138.182037,
          36.6440054
        ]
      },
      "properties": {
        "内容": "バス停: 長野バスターミナル",
        "name": "長野バスターミナル",
        "operator": "事業者不明",
        "ref": "",
        "url": "",
        "url2": ""
      }
    },
    {
      "type": "Feature",
      "geometry": {
        "type": "Point",
        "coordinates": [
          138.1753942,
          36.6401549
        ]
      },
      "properties": {
        "内容": "バス停: 差出",
        "name": "差出",
        "operator": "事業者不明",
        "ref": "",
        "url": "",
        "url2": ""
      }
    },
    {
      "type": "Feature",
      "geometry": {
        "type": "Point",
        "coordinates": [
          138.1759098,
          36.6402867
        ]
      },
      "properties": {
        "内容": "バス停: 差出",
        "name": "差出",
        "operator": "事業者不明",
        "ref": "",
        "url": "",
        "url2": ""
      }
    },
    {
      "type": "Feature",
      "geometry": {
        "type": "Point",
        "coordinates": [
          138.1691138,
          36.6350879
        ]
      },
      "properties": {
        "内容": "バス停: 安茂里大門",
        "name": "安茂里大門",
        "operator": "事業者不明",
        "ref": "",
        "url": "",
        "url2": ""
      }
    },
    {
      "type": "Feature",
      "geometry": {
        "type": "Point",
        "coordinates": [
          138.1487498,
          36.6264775
        ]
      },
      "properties": {
        "内容": "バス停: 小市犀沢橋",
        "name": "小市犀沢橋",
        "operator": "事業者不明",
        "ref": "",
        "url": "",
        "url2": ""
      }
    },
    {
      "type": "Feature",
      "geometry": {
        "type": "Point",
        "coordinates": [
          138.1349967,
          36.6235812
        ]
      },
      "properties": {
        "内容": "バス停: 小市団地",
        "name": "小市団地",
        "operator": "事業者不明",
        "ref": "",
        "url": "",
        "url2": ""
      }
    },
    {
      "type": "Feature",
      "geometry": {
        "type": "Point",
        "coordinates": [
          138.1868559,
          36.6561866
        ]
      },
      "properties": {
        "内容": "バス停: 善光寺大門",
        "name": "善光寺大門",
        "operator": "事業者不明",
        "ref": "",
        "url": "",
        "url2": ""
      }
    },
    {
      "type": "Feature",
      "geometry": {
        "type": "Point",
        "coordinates": [
          138.1874715,
          36.6551242
        ]
      },
      "properties": {
        "内容": "バス停: 花の小路",
        "name": "花の小路",
        "operator": "事業者不明",
        "ref": "",
        "url": "",
        "url2": ""
      }
    },
    {
      "type": "Feature",
      "geometry": {
        "type": "Point",
        "coordinates": [
          138.1873776,
          36.6533888
        ]
      },
      "properties": {
        "内容": "バス停: 権堂入口",
        "name": "権堂入口",
        "operator": "事業者不明",
        "ref": "",
        "url": "",
        "url2": ""
      }
    },
    {
      "type": "Feature",
      "geometry": {
        "type": "Point",
        "coordinates": [
          138.1871912,
          36.6525495
        ]
      },
      "properties": {
        "内容": "バス停: 権堂入口",
        "name": "権堂入口",
        "operator": "事業者不明",
        "ref": "",
        "url": "",
        "url2": ""
      }
    },
    {
      "type": "Feature",
      "geometry": {
        "type": "Point",
        "coordinates": [
          138.1873105,
          36.6517792
        ]
      },
      "properties": {
        "内容": "バス停: セントラルスクゥエア",
        "name": "セントラルスクゥエア",
        "operator": "事業者不明",
        "ref": "",
        "url": "",
        "url2": ""
      }
    },
    {
      "type": "Feature",
      "geometry": {
        "type": "Point",
        "coordinates": [
          138.1872663,
          36.6504256
        ]
      },
      "properties": {
        "内容": "バス停: 昭和通り",
        "name": "昭和通り",
        "operator": "事業者不明",
        "ref": "",
        "url": "",
        "url2": ""
      }
    },
    {
      "type": "Feature",
      "geometry": {
        "type": "Point",
        "coordinates": [
          138.1870423,
          36.6481908
        ]
      },
      "properties": {
        "内容": "バス停: 昭和通り",
        "name": "昭和通り",
        "operator": "事業者不明",
        "ref": "",
        "url": "",
        "url2": ""
      }
    },
    {
      "type": "Feature",
      "geometry": {
        "type": "Point",
        "coordinates": [
          138.1871094,
          36.6473752
        ]
      },
      "properties": {
        "内容": "バス停: かるかや山前",
        "name": "かるかや山前",
        "operator": "事業者不明",
        "ref": "",
        "url": "",
        "url2": ""
      }
    },
    {
      "type": "Feature",
      "geometry": {
        "type": "Point",
        "coordinates": [
          138.1867687,
          36.6461948
        ]
      },
      "properties": {
        "内容": "バス停: かるかや山前",
        "name": "かるかや山前",
        "operator": "事業者不明",
        "ref": "",
        "url": "",
        "url2": ""
      }
    },
    {
      "type": "Feature",
      "geometry": {
        "type": "Point",
        "coordinates": [
          138.186648,
          36.6449918
        ]
      },
      "properties": {
        "内容": "バス停: 千石入口",
        "name": "千石入口",
        "operator": "事業者不明",
        "ref": "",
        "url": "",
        "url2": ""
      }
    },
    {
      "type": "Feature",
      "geometry": {
        "type": "Point",
        "coordinates": [
          138.1864596,
          36.6448477
        ]
      },
      "properties": {
        "内容": "バス停: 千石入口",
        "name": "千石入口",
        "operator": "事業者不明",
        "ref": "",
        "url": "",
        "url2": ""
      }
    },
    {
      "type": "Feature",
      "geometry": {
        "type": "Point",
        "coordinates": [
          138.0113778,
          36.5712461
        ]
      },
      "properties": {
        "内容": "バス停: 更水病院前",
        "name": "更水病院前",
        "operator": "事業者不明",
        "ref": "",
        "url": "",
        "url2": ""
      }
    },
    {
      "type": "Feature",
      "geometry": {
        "type": "Point",
        "coordinates": [
          138.0110076,
          36.5712644
        ]
      },
      "properties": {
        "内容": "バス停: 更水病院前",
        "name": "更水病院前",
        "operator": "事業者不明",
        "ref": "",
        "url": "",
        "url2": ""
      }
    },
    {
      "type": "Feature",
      "geometry": {
        "type": "Point",
        "coordinates": [
          137.9943491,
          36.5620275
        ]
      },
      "properties": {
        "内容": "バス停: 犀峡高校",
        "name": "犀峡高校",
        "operator": "事業者不明",
        "ref": "",
        "url": "",
        "url2": ""
      }
    },
    {
      "type": "Feature",
      "geometry": {
        "type": "Point",
        "coordinates": [
          137.9911888,
          36.5630837
        ]
      },
      "properties": {
        "内容": "バス停: 八幡平",
        "name": "八幡平",
        "operator": "事業者不明",
        "ref": "",
        "url": "",
        "url2": ""
      }
    },
    {
      "type": "Feature",
      "geometry": {
        "type": "Point",
        "coordinates": [
          137.9917239,
          36.5631709
        ]
      },
      "properties": {
        "内容": "バス停: 八幡平",
        "name": "八幡平",
        "operator": "事業者不明",
        "ref": "",
        "url": "",
        "url2": ""
      }
    },
    {
      "type": "Feature",
      "geometry": {
        "type": "Point",
        "coordinates": [
          137.9958156,
          36.5640198
        ]
      },
      "properties": {
        "内容": "バス停: 下市場",
        "name": "下市場",
        "operator": "事業者不明",
        "ref": "",
        "url": "",
        "url2": ""
      }
    },
    {
      "type": "Feature",
      "geometry": {
        "type": "Point",
        "coordinates": [
          137.9960261,
          36.5639777
        ]
      },
      "properties": {
        "内容": "バス停: 下市場",
        "name": "下市場",
        "operator": "事業者不明",
        "ref": "",
        "url": "",
        "url2": ""
      }
    },
    {
      "type": "Feature",
      "geometry": {
        "type": "Point",
        "coordinates": [
          137.9978004,
          36.5659479
        ]
      },
      "properties": {
        "内容": "バス停: 穂刈",
        "name": "穂刈",
        "operator": "事業者不明",
        "ref": "",
        "url": "",
        "url2": ""
      }
    },
    {
      "type": "Feature",
      "geometry": {
        "type": "Point",
        "coordinates": [
          137.9989189,
          36.5660685
        ]
      },
      "properties": {
        "内容": "バス停: 穂刈",
        "name": "穂刈",
        "operator": "事業者不明",
        "ref": "",
        "url": "",
        "url2": ""
      }
    },
    {
      "type": "Feature",
      "geometry": {
        "type": "Point",
        "coordinates": [
          138.0025144,
          36.566006
        ]
      },
      "properties": {
        "内容": "バス停: 里穂刈",
        "name": "里穂刈",
        "operator": "事業者不明",
        "ref": "",
        "url": "",
        "url2": ""
      }
    },
    {
      "type": "Feature",
      "geometry": {
        "type": "Point",
        "coordinates": [
          138.0022864,
          36.5658401
        ]
      },
      "properties": {
        "内容": "バス停: 里穂刈",
        "name": "里穂刈",
        "operator": "事業者不明",
        "ref": "",
        "url": "",
        "url2": ""
      }
    },
    {
      "type": "Feature",
      "geometry": {
        "type": "Point",
        "coordinates": [
          138.0059221,
          36.5675749
        ]
      },
      "properties": {
        "内容": "バス停: 新町中学校前",
        "name": "新町中学校前",
        "operator": "事業者不明",
        "ref": "",
        "url": "",
        "url2": ""
      }
    },
    {
      "type": "Feature",
      "geometry": {
        "type": "Point",
        "coordinates": [
          138.0135114,
          36.5722176
        ]
      },
      "properties": {
        "内容": "バス停: 新町昭和通り",
        "name": "新町昭和通り",
        "operator": "事業者不明",
        "ref": "",
        "url": "",
        "url2": ""
      }
    },
    {
      "type": "Feature",
      "geometry": {
        "type": "Point",
        "coordinates": [
          138.0135664,
          36.5721218
        ]
      },
      "properties": {
        "内容": "バス停: 新町昭和通り",
        "name": "新町昭和通り",
        "operator": "事業者不明",
        "ref": "",
        "url": "",
        "url2": ""
      }
    },
    {
      "type": "Feature",
      "geometry": {
        "type": "Point",
        "coordinates": [
          138.0163519,
          36.5729328
        ]
      },
      "properties": {
        "内容": "バス停: 新町",
        "name": "新町",
        "operator": "事業者不明",
        "ref": "",
        "url": "",
        "url2": ""
      }
    },
    {
      "type": "Feature",
      "geometry": {
        "type": "Point",
        "coordinates": [
          138.020518,
          36.5722822
        ]
      },
      "properties": {
        "内容": "バス停: 新町美術館前",
        "name": "新町美術館前",
        "operator": "事業者不明",
        "ref": "",
        "url": "",
        "url2": ""
      }
    },
    {
      "type": "Feature",
      "geometry": {
        "type": "Point",
        "coordinates": [
          138.0205321,
          36.5721078
        ]
      },
      "properties": {
        "内容": "バス停: 新町美術館前",
        "name": "新町美術館前",
        "operator": "事業者不明",
        "ref": "",
        "url": "",
        "url2": ""
      }
    },
    {
      "type": "Feature",
      "geometry": {
        "type": "Point",
        "coordinates": [
          138.0251844,
          36.5733157
        ]
      },
      "properties": {
        "内容": "バス停: 源真寺前",
        "name": "源真寺前",
        "operator": "事業者不明",
        "ref": "",
        "url": "",
        "url2": ""
      }
    },
    {
      "type": "Feature",
      "geometry": {
        "type": "Point",
        "coordinates": [
          138.0253749,
          36.5731751
        ]
      },
      "properties": {
        "内容": "バス停: 源真寺前",
        "name": "源真寺前",
        "operator": "事業者不明",
        "ref": "",
        "url": "",
        "url2": ""
      }
    },
    {
      "type": "Feature",
      "geometry": {
        "type": "Point",
        "coordinates": [
          138.0360346,
          36.5697511
        ]
      },
      "properties": {
        "内容": "バス停: 久米路",
        "name": "久米路",
        "operator": "事業者不明",
        "ref": "",
        "url": "",
        "url2": ""
      }
    },
    {
      "type": "Feature",
      "geometry": {
        "type": "Point",
        "coordinates": [
          138.0362539,
          36.5699472
        ]
      },
      "properties": {
        "内容": "バス停: 久米路",
        "name": "久米路",
        "operator": "事業者不明",
        "ref": "",
        "url": "",
        "url2": ""
      }
    },
    {
      "type": "Feature",
      "geometry": {
        "type": "Point",
        "coordinates": [
          138.0443247,
          36.5736059
        ]
      },
      "properties": {
        "内容": "バス停: 追沢入口",
        "name": "追沢入口",
        "operator": "事業者不明",
        "ref": "",
        "url": "",
        "url2": ""
      }
    },
    {
      "type": "Feature",
      "geometry": {
        "type": "Point",
        "coordinates": [
          138.0451441,
          36.5740884
        ]
      },
      "properties": {
        "内容": "バス停: 追沢入口",
        "name": "追沢入口",
        "operator": "事業者不明",
        "ref": "",
        "url": "",
        "url2": ""
      }
    },
    {
      "type": "Feature",
      "geometry": {
        "type": "Point",
        "coordinates": [
          138.0519006,
          36.5746592
        ]
      },
      "properties": {
        "内容": "バス停: 平水内",
        "name": "平水内",
        "operator": "事業者不明",
        "ref": "",
        "url": "",
        "url2": ""
      }
    },
    {
      "type": "Feature",
      "geometry": {
        "type": "Point",
        "coordinates": [
          138.0518845,
          36.575047
        ]
      },
      "properties": {
        "内容": "バス停: 平水内",
        "name": "平水内",
        "operator": "事業者不明",
        "ref": "",
        "url": "",
        "url2": ""
      }
    },
    {
      "type": "Feature",
      "geometry": {
        "type": "Point",
        "coordinates": [
          138.0504146,
          36.5817112
        ]
      },
      "properties": {
        "内容": "バス停: 花倉口",
        "name": "花倉口",
        "operator": "事業者不明",
        "ref": "",
        "url": "",
        "url2": ""
      }
    },
    {
      "type": "Feature",
      "geometry": {
        "type": "Point",
        "coordinates": [
          138.0503261,
          36.5820494
        ]
      },
      "properties": {
        "内容": "バス停: 花倉口",
        "name": "花倉口",
        "operator": "事業者不明",
        "ref": "",
        "url": "",
        "url2": ""
      }
    },
    {
      "type": "Feature",
      "geometry": {
        "type": "Point",
        "coordinates": [
          138.0517584,
          36.5865324
        ]
      },
      "properties": {
        "内容": "バス停: みすず橋",
        "name": "みすず橋",
        "operator": "事業者不明",
        "ref": "",
        "url": "",
        "url2": ""
      }
    },
    {
      "type": "Feature",
      "geometry": {
        "type": "Point",
        "coordinates": [
          138.0514084,
          36.5870332
        ]
      },
      "properties": {
        "内容": "バス停: みすず橋",
        "name": "みすず橋",
        "operator": "事業者不明",
        "ref": "",
        "url": "",
        "url2": ""
      }
    },
    {
      "type": "Feature",
      "geometry": {
        "type": "Point",
        "coordinates": [
          138.0472941,
          36.5905282
        ]
      },
      "properties": {
        "内容": "バス停: 更府小学校入口",
        "name": "更府小学校入口",
        "operator": "事業者不明",
        "ref": "",
        "url": "",
        "url2": ""
      }
    },
    {
      "type": "Feature",
      "geometry": {
        "type": "Point",
        "coordinates": [
          138.0494168,
          36.5897511
        ]
      },
      "properties": {
        "内容": "バス停: 更府小学校入口",
        "name": "更府小学校入口",
        "operator": "事業者不明",
        "ref": "",
        "url": "",
        "url2": ""
      }
    },
    {
      "type": "Feature",
      "geometry": {
        "type": "Point",
        "coordinates": [
          138.0471236,
          36.5933454
        ]
      },
      "properties": {
        "内容": "バス停: 安庭",
        "name": "安庭",
        "operator": "事業者不明",
        "ref": "",
        "url": "",
        "url2": ""
      }
    },
    {
      "type": "Feature",
      "geometry": {
        "type": "Point",
        "coordinates": [
          138.0472375,
          36.5933518
        ]
      },
      "properties": {
        "内容": "バス停: 安庭",
        "name": "安庭",
        "operator": "事業者不明",
        "ref": "",
        "url": "",
        "url2": ""
      }
    },
    {
      "type": "Feature",
      "geometry": {
        "type": "Point",
        "coordinates": [
          138.0632651,
          36.6052598
        ]
      },
      "properties": {
        "内容": "バス停: 大安寺橋",
        "name": "大安寺橋",
        "operator": "事業者不明",
        "ref": "",
        "url": "",
        "url2": ""
      }
    },
    {
      "type": "Feature",
      "geometry": {
        "type": "Point",
        "coordinates": [
          138.0635065,
          36.6051715
        ]
      },
      "properties": {
        "内容": "バス停: 大安寺橋",
        "name": "大安寺橋",
        "operator": "事業者不明",
        "ref": "",
        "url": "",
        "url2": ""
      }
    },
    {
      "type": "Feature",
      "geometry": {
        "type": "Point",
        "coordinates": [
          138.0692625,
          36.6068553
        ]
      },
      "properties": {
        "内容": "バス停: 大安寺橋東",
        "name": "大安寺橋東",
        "operator": "事業者不明",
        "ref": "",
        "url": "",
        "url2": ""
      }
    },
    {
      "type": "Feature",
      "geometry": {
        "type": "Point",
        "coordinates": [
          138.0695307,
          36.6067842
        ]
      },
      "properties": {
        "内容": "バス停: 大安寺橋東",
        "name": "大安寺橋東",
        "operator": "事業者不明",
        "ref": "",
        "url": "",
        "url2": ""
      }
    },
    {
      "type": "Feature",
      "geometry": {
        "type": "Point",
        "coordinates": [
          138.0735809,
          36.6082225
        ]
      },
      "properties": {
        "内容": "バス停: 松葉屋前",
        "name": "松葉屋前",
        "operator": "事業者不明",
        "ref": "",
        "url": "",
        "url2": ""
      }
    },
    {
      "type": "Feature",
      "geometry": {
        "type": "Point",
        "coordinates": [
          138.0747409,
          36.6082295
        ]
      },
      "properties": {
        "内容": "バス停: 松葉屋前",
        "name": "松葉屋前",
        "operator": "事業者不明",
        "ref": "",
        "url": "",
        "url2": ""
      }
    },
    {
      "type": "Feature",
      "geometry": {
        "type": "Point",
        "coordinates": [
          138.0811903,
          36.6084852
        ]
      },
      "properties": {
        "内容": "バス停: 笹平",
        "name": "笹平",
        "operator": "事業者不明",
        "ref": "",
        "url": "",
        "url2": ""
      }
    },
    {
      "type": "Feature",
      "geometry": {
        "type": "Point",
        "coordinates": [
          138.0816784,
          36.6087393
        ]
      },
      "properties": {
        "内容": "バス停: 笹平",
        "name": "笹平",
        "operator": "事業者不明",
        "ref": "",
        "url": "",
        "url2": ""
      }
    },
    {
      "type": "Feature",
      "geometry": {
        "type": "Point",
        "coordinates": [
          138.0877865,
          36.6165594
        ]
      },
      "properties": {
        "内容": "バス停: 瀬脇",
        "name": "瀬脇",
        "operator": "事業者不明",
        "ref": "",
        "url": "",
        "url2": ""
      }
    },
    {
      "type": "Feature",
      "geometry": {
        "type": "Point",
        "coordinates": [
          138.0878951,
          36.6164453
        ]
      },
      "properties": {
        "内容": "バス停: 瀬脇",
        "name": "瀬脇",
        "operator": "事業者不明",
        "ref": "",
        "url": "",
        "url2": ""
      }
    },
    {
      "type": "Feature",
      "geometry": {
        "type": "Point",
        "coordinates": [
          138.0944256,
          36.6173985
        ]
      },
      "properties": {
        "内容": "バス停: 村山",
        "name": "村山",
        "operator": "事業者不明",
        "ref": "",
        "url": "",
        "url2": ""
      }
    },
    {
      "type": "Feature",
      "geometry": {
        "type": "Point",
        "coordinates": [
          138.0944109,
          36.6172672
        ]
      },
      "properties": {
        "内容": "バス停: 村山",
        "name": "村山",
        "operator": "事業者不明",
        "ref": "",
        "url": "",
        "url2": ""
      }
    },
    {
      "type": "Feature",
      "geometry": {
        "type": "Point",
        "coordinates": [
          138.0972272,
          36.6167031
        ]
      },
      "properties": {
        "内容": "バス停: 飯盛口",
        "name": "飯盛口",
        "operator": "事業者不明",
        "ref": "",
        "url": "",
        "url2": ""
      }
    },
    {
      "type": "Feature",
      "geometry": {
        "type": "Point",
        "coordinates": [
          138.0975055,
          36.6164927
        ]
      },
      "properties": {
        "内容": "バス停: 飯盛口",
        "name": "飯盛口",
        "operator": "事業者不明",
        "ref": "",
        "url": "",
        "url2": ""
      }
    },
    {
      "type": "Feature",
      "geometry": {
        "type": "Point",
        "coordinates": [
          138.1073908,
          36.6207972
        ]
      },
      "properties": {
        "内容": "バス停: 秋古",
        "name": "秋古",
        "operator": "事業者不明",
        "ref": "",
        "url": "",
        "url2": ""
      }
    },
    {
      "type": "Feature",
      "geometry": {
        "type": "Point",
        "coordinates": [
          138.1068248,
          36.6207692
        ]
      },
      "properties": {
        "内容": "バス停: 秋古",
        "name": "秋古",
        "operator": "事業者不明",
        "ref": "",
        "url": "",
        "url2": ""
      }
    },
    {
      "type": "Feature",
      "geometry": {
        "type": "Point",
        "coordinates": [
          138.1252415,
          36.6196546
        ]
      },
      "properties": {
        "内容": "バス停: 新橋",
        "name": "新橋",
        "operator": "事業者不明",
        "ref": "",
        "url": "",
        "url2": ""
      }
    },
    {
      "type": "Feature",
      "geometry": {
        "type": "Point",
        "coordinates": [
          138.1818295,
          36.6449983
        ]
      },
      "properties": {
        "内容": "バス停: 長野バスターミナル",
        "name": "長野バスターミナル",
        "operator": "事業者不明",
        "ref": "",
        "url": "",
        "url2": ""
      }
    },
    {
      "type": "Feature",
      "geometry": {
        "type": "Point",
        "coordinates": [
          138.1820407,
          36.6438819
        ]
      },
      "properties": {
        "内容": "バス停: 長野バスターミナル",
        "name": "長野バスターミナル",
        "operator": "事業者不明",
        "ref": "",
        "url": "",
        "url2": ""
      }
    },
    {
      "type": "Feature",
      "geometry": {
        "type": "Point",
        "coordinates": [
          138.1820454,
          36.6441321
        ]
      },
      "properties": {
        "内容": "バス停: 長野バスターミナル",
        "name": "長野バスターミナル",
        "operator": "事業者不明",
        "ref": "",
        "url": "",
        "url2": ""
      }
    },
    {
      "type": "Feature",
      "geometry": {
        "type": "Point",
        "coordinates": [
          138.1793685,
          36.587886
        ]
      },
      "properties": {
        "内容": "バス停: おおしも",
        "name": "おおしも",
        "operator": "事業者不明",
        "ref": "",
        "url": "",
        "url2": ""
      }
    },
    {
      "type": "Feature",
      "geometry": {
        "type": "Point",
        "coordinates": [
          138.174625,
          36.5855256
        ]
      },
      "properties": {
        "内容": "バス停: 下布施",
        "name": "下布施",
        "operator": "事業者不明",
        "ref": "",
        "url": "",
        "url2": ""
      }
    },
    {
      "type": "Feature",
      "geometry": {
        "type": "Point",
        "coordinates": [
          138.1764556,
          36.5845628
        ]
      },
      "properties": {
        "内容": "バス停: 犀南団地",
        "name": "犀南団地",
        "operator": "事業者不明",
        "ref": "",
        "url": "",
        "url2": ""
      }
    },
    {
      "type": "Feature",
      "geometry": {
        "type": "Point",
        "coordinates": [
          138.1792371,
          36.5851864
        ]
      },
      "properties": {
        "内容": "バス停: 東犀南",
        "name": "東犀南",
        "operator": "事業者不明",
        "ref": "",
        "url": "",
        "url2": ""
      }
    },
    {
      "type": "Feature",
      "geometry": {
        "type": "Point",
        "coordinates": [
          138.1826341,
          36.6501545
        ]
      },
      "properties": {
        "内容": "バス停: 長野県庁",
        "name": "長野県庁",
        "operator": "事業者不明",
        "ref": "",
        "url": "",
        "url2": ""
      }
    },
    {
      "type": "Feature",
      "geometry": {
        "type": "Point",
        "coordinates": [
          138.1750032,
          36.5962655
        ]
      },
      "properties": {
        "内容": "バス停: 田牧",
        "name": "田牧",
        "operator": "事業者不明",
        "ref": "",
        "url": "",
        "url2": ""
      }
    },
    {
      "type": "Feature",
      "geometry": {
        "type": "Point",
        "coordinates": [
          138.1753921,
          36.5990401
        ]
      },
      "properties": {
        "内容": "バス停: 長野南高校前",
        "name": "長野南高校前",
        "operator": "事業者不明",
        "ref": "",
        "url": "",
        "url2": ""
      }
    },
    {
      "type": "Feature",
      "geometry": {
        "type": "Point",
        "coordinates": [
          138.1757784,
          36.6015024
        ]
      },
      "properties": {
        "内容": "バス停: 下氷鉋小学校前",
        "name": "下氷鉋小学校前",
        "operator": "事業者不明",
        "ref": "",
        "url": "",
        "url2": ""
      }
    },
    {
      "type": "Feature",
      "geometry": {
        "type": "Point",
        "coordinates": [
          138.1821064,
          36.6464692
        ]
      },
      "properties": {
        "内容": "バス停: 山王小学校前",
        "name": "山王小学校前",
        "operator": "事業者不明",
        "ref": "",
        "url": "",
        "url2": ""
      }
    },
    {
      "type": "Feature",
      "geometry": {
        "type": "Point",
        "coordinates": [
          138.1828648,
          36.6499275
        ]
      },
      "properties": {
        "内容": "バス停: 長野県庁",
        "name": "長野県庁",
        "operator": "事業者不明",
        "ref": "",
        "url": "",
        "url2": ""
      }
    },
    {
      "type": "Feature",
      "geometry": {
        "type": "Point",
        "coordinates": [
          138.1865525,
          36.6493935
        ]
      },
      "properties": {
        "内容": "バス停: 昭和通り",
        "name": "昭和通り",
        "operator": "事業者不明",
        "ref": "",
        "url": "",
        "url2": ""
      }
    },
    {
      "type": "Feature",
      "geometry": {
        "type": "Point",
        "coordinates": [
          138.1883016,
          36.6437081
        ]
      },
      "properties": {
        "内容": "バス停: 長野駅",
        "name": "長野駅",
        "operator": "事業者不明",
        "ref": "",
        "url": "",
        "url2": ""
      }
    },
    {
      "type": "Feature",
      "geometry": {
        "type": "Point",
        "coordinates": [
          138.1821138,
          36.6507796
        ]
      },
      "properties": {
        "内容": "バス停: 県庁前",
        "name": "県庁前",
        "operator": "事業者不明",
        "ref": "",
        "url": "",
        "url2": ""
      }
    },
    {
      "type": "Feature",
      "geometry": {
        "type": "Point",
        "coordinates": [
          138.1818643,
          36.6532069
        ]
      },
      "properties": {
        "内容": "バス停: 議員会館前",
        "name": "議員会館前",
        "operator": "事業者不明",
        "ref": "",
        "url": "",
        "url2": ""
      }
    },
    {
      "type": "Feature",
      "geometry": {
        "type": "Point",
        "coordinates": [
          138.1816149,
          36.6556073
        ]
      },
      "properties": {
        "内容": "バス停: 合同庁舎前",
        "name": "合同庁舎前",
        "operator": "事業者不明",
        "ref": "",
        "url": "",
        "url2": ""
      }
    },
    {
      "type": "Feature",
      "geometry": {
        "type": "Point",
        "coordinates": [
          138.1831062,
          36.6563507
        ]
      },
      "properties": {
        "内容": "バス停: 信大教育学部前",
        "name": "信大教育学部前",
        "operator": "事業者不明",
        "ref": "",
        "url": "",
        "url2": ""
      }
    },
    {
      "type": "Feature",
      "geometry": {
        "type": "Point",
        "coordinates": [
          138.1855416,
          36.6561355
        ]
      },
      "properties": {
        "内容": "バス停: 大門西",
        "name": "大門西",
        "operator": "事業者不明",
        "ref": "",
        "url": "",
        "url2": ""
      }
    },
    {
      "type": "Feature",
      "geometry": {
        "type": "Point",
        "coordinates": [
          138.1878698,
          36.6559612
        ]
      },
      "properties": {
        "内容": "バス停: 善光寺大門",
        "name": "善光寺大門",
        "operator": "事業者不明",
        "ref": "",
        "url": "",
        "url2": ""
      }
    },
    {
      "type": "Feature",
      "geometry": {
        "type": "Point",
        "coordinates": [
          138.1906928,
          36.6553189
        ]
      },
      "properties": {
        "内容": "バス停: 三輪田町西",
        "name": "三輪田町西",
        "operator": "事業者不明",
        "ref": "",
        "url": "",
        "url2": ""
      }
    },
    {
      "type": "Feature",
      "geometry": {
        "type": "Point",
        "coordinates": [
          138.191826,
          36.6533134
        ]
      },
      "properties": {
        "内容": "バス停: 権堂",
        "name": "権堂",
        "operator": "事業者不明",
        "ref": "",
        "url": "",
        "url2": ""
      }
    },
    {
      "type": "Feature",
      "geometry": {
        "type": "Point",
        "coordinates": [
          138.1916021,
          36.6501254
        ]
      },
      "properties": {
        "内容": "バス停: 市役所入口",
        "name": "市役所入口",
        "operator": "事業者不明",
        "ref": "",
        "url": "",
        "url2": ""
      }
    },
    {
      "type": "Feature",
      "geometry": {
        "type": "Point",
        "coordinates": [
          138.1909919,
          36.648151
        ]
      },
      "properties": {
        "内容": "バス停: 南千歳町",
        "name": "南千歳町",
        "operator": "事業者不明",
        "ref": "",
        "url": "",
        "url2": ""
      }
    },
    {
      "type": "Feature",
      "geometry": {
        "type": "Point",
        "coordinates": [
          138.1893785,
          36.6452114
        ]
      },
      "properties": {
        "内容": "バス停: 東急シェルシェ前",
        "name": "東急シェルシェ前",
        "operator": "事業者不明",
        "ref": "",
        "url": "",
        "url2": ""
      }
    },
    {
      "type": "Feature",
      "geometry": {
        "type": "Point",
        "coordinates": [
          137.987202,
          35.4307876
        ]
      },
      "properties": {
        "内容": "バス停: 東",
        "name": "東",
        "operator": "事業者不明",
        "ref": "",
        "url": "",
        "url2": ""
      }
    },
    {
      "type": "Feature",
      "geometry": {
        "type": "Point",
        "coordinates": [
          137.809127,
          36.1855656
        ]
      },
      "properties": {
        "内容": "バス停: 前渕",
        "name": "前渕",
        "operator": "事業者不明",
        "ref": "",
        "url": "",
        "url2": ""
      }
    },
    {
      "type": "Feature",
      "geometry": {
        "type": "Point",
        "coordinates": [
          137.809245,
          36.1854596
        ]
      },
      "properties": {
        "内容": "バス停: 前渕",
        "name": "前渕",
        "operator": "事業者不明",
        "ref": "K-02",
        "url": "",
        "url2": ""
      }
    },
    {
      "type": "Feature",
      "geometry": {
        "type": "Point",
        "coordinates": [
          138.5607783,
          36.3362443
        ]
      },
      "properties": {
        "内容": "バス停: 信濃追分駅バス停",
        "name": "信濃追分駅バス停",
        "operator": "事業者不明",
        "ref": "",
        "url": "",
        "url2": ""
      }
    },
    {
      "type": "Feature",
      "geometry": {
        "type": "Point",
        "coordinates": [
          137.8740272,
          35.4638561
        ]
      },
      "properties": {
        "内容": "バス停: 下平",
        "name": "下平",
        "operator": "事業者不明",
        "ref": "",
        "url": "",
        "url2": ""
      }
    },
    {
      "type": "Feature",
      "geometry": {
        "type": "Point",
        "coordinates": [
          137.8620728,
          35.4698662
        ]
      },
      "properties": {
        "内容": "バス停: 牧の内 (飯田市民バス)",
        "name": "牧の内",
        "operator": "飯田市民バス",
        "ref": "",
        "url": "",
        "url2": ""
      }
    },
    {
      "type": "Feature",
      "geometry": {
        "type": "Point",
        "coordinates": [
          137.8597774,
          35.4759212
        ]
      },
      "properties": {
        "内容": "バス停: 滝平下",
        "name": "滝平下",
        "operator": "事業者不明",
        "ref": "",
        "url": "",
        "url2": ""
      }
    },
    {
      "type": "Feature",
      "geometry": {
        "type": "Point",
        "coordinates": [
          137.6898345,
          35.6951773
        ]
      },
      "properties": {
        "内容": "バス停: 名称不明バス停",
        "name": "名称不明バス停",
        "operator": "事業者不明",
        "ref": "",
        "url": "",
        "url2": ""
      }
    },
    {
      "type": "Feature",
      "geometry": {
        "type": "Point",
        "coordinates": [
          138.3556889,
          36.0556674
        ]
      },
      "properties": {
        "内容": "バス停: 白駒の池 (アルピコ交通)",
        "name": "白駒の池",
        "operator": "アルピコ交通",
        "ref": "",
        "url": "",
        "url2": ""
      }
    },
    {
      "type": "Feature",
      "geometry": {
        "type": "Point",
        "coordinates": [
          138.3461235,
          36.0583838
        ]
      },
      "properties": {
        "内容": "バス停: 麦草峠 (アルピコ交通)",
        "name": "麦草峠",
        "operator": "アルピコ交通",
        "ref": "",
        "url": "",
        "url2": ""
      }
    },
    {
      "type": "Feature",
      "geometry": {
        "type": "Point",
        "coordinates": [
          138.346151,
          36.0583952
        ]
      },
      "properties": {
        "内容": "バス停: 麦草峠 (千曲バス)",
        "name": "麦草峠",
        "operator": "千曲バス",
        "ref": "",
        "url": "",
        "url2": ""
      }
    },
    {
      "type": "Feature",
      "geometry": {
        "type": "Point",
        "coordinates": [
          138.2924318,
          36.8531652
        ]
      },
      "properties": {
        "内容": "バス停: プラザ前",
        "name": "プラザ前",
        "operator": "事業者不明",
        "ref": "",
        "url": "",
        "url2": ""
      }
    },
    {
      "type": "Feature",
      "geometry": {
        "type": "Point",
        "coordinates": [
          138.2911044,
          36.8516035
        ]
      },
      "properties": {
        "内容": "バス停: 斑尾高原ホテル",
        "name": "斑尾高原ホテル",
        "operator": "事業者不明",
        "ref": "",
        "url": "",
        "url2": ""
      }
    },
    {
      "type": "Feature",
      "geometry": {
        "type": "Point",
        "coordinates": [
          137.9631723,
          36.3474545
        ]
      },
      "properties": {
        "内容": "バス停: 四賀",
        "name": "四賀",
        "operator": "事業者不明",
        "ref": "",
        "url": "",
        "url2": ""
      }
    },
    {
      "type": "Feature",
      "geometry": {
        "type": "Point",
        "coordinates": [
          137.9624891,
          36.3473127
        ]
      },
      "properties": {
        "内容": "バス停: 四賀",
        "name": "四賀",
        "operator": "事業者不明",
        "ref": "",
        "url": "",
        "url2": ""
      }
    },
    {
      "type": "Feature",
      "geometry": {
        "type": "Point",
        "coordinates": [
          137.5441725,
          35.8374752
        ]
      },
      "properties": {
        "内容": "バス停: 清滝",
        "name": "清滝",
        "operator": "事業者不明",
        "ref": "",
        "url": "",
        "url2": ""
      }
    },
    {
      "type": "Feature",
      "geometry": {
        "type": "Point",
        "coordinates": [
          137.5462489,
          35.8328519
        ]
      },
      "properties": {
        "内容": "バス停: 三合目",
        "name": "三合目",
        "operator": "事業者不明",
        "ref": "",
        "url": "",
        "url2": ""
      }
    },
    {
      "type": "Feature",
      "geometry": {
        "type": "Point",
        "coordinates": [
          137.5479735,
          35.8314926
        ]
      },
      "properties": {
        "内容": "バス停: たかの湯",
        "name": "たかの湯",
        "operator": "事業者不明",
        "ref": "",
        "url": "",
        "url2": ""
      }
    },
    {
      "type": "Feature",
      "geometry": {
        "type": "Point",
        "coordinates": [
          138.1946127,
          36.4502208
        ]
      },
      "properties": {
        "内容": "バス停: 夢の湯前",
        "name": "夢の湯前",
        "operator": "事業者不明",
        "ref": "",
        "url": "",
        "url2": ""
      }
    },
    {
      "type": "Feature",
      "geometry": {
        "type": "Point",
        "coordinates": [
          138.1903172,
          36.4464095
        ]
      },
      "properties": {
        "内容": "バス停: 文化の館南入口",
        "name": "文化の館南入口",
        "operator": "事業者不明",
        "ref": "",
        "url": "",
        "url2": ""
      }
    },
    {
      "type": "Feature",
      "geometry": {
        "type": "Point",
        "coordinates": [
          138.1911619,
          36.4491885
        ]
      },
      "properties": {
        "内容": "バス停: 坂城中学校前",
        "name": "坂城中学校前",
        "operator": "事業者不明",
        "ref": "",
        "url": "",
        "url2": ""
      }
    },
    {
      "type": "Feature",
      "geometry": {
        "type": "Point",
        "coordinates": [
          138.1942075,
          36.4463997
        ]
      },
      "properties": {
        "内容": "バス停: 坂城消防署北",
        "name": "坂城消防署北",
        "operator": "事業者不明",
        "ref": "",
        "url": "",
        "url2": ""
      }
    },
    {
      "type": "Feature",
      "geometry": {
        "type": "Point",
        "coordinates": [
          138.1894276,
          36.4480937
        ]
      },
      "properties": {
        "内容": "バス停: 中之条東町",
        "name": "中之条東町",
        "operator": "事業者不明",
        "ref": "",
        "url": "",
        "url2": ""
      }
    },
    {
      "type": "Feature",
      "geometry": {
        "type": "Point",
        "coordinates": [
          138.1946967,
          36.4439604
        ]
      },
      "properties": {
        "内容": "バス停: 居場所カフェみらいさん様前",
        "name": "居場所カフェみらいさん様前",
        "operator": "事業者不明",
        "ref": "",
        "url": "",
        "url2": ""
      }
    },
    {
      "type": "Feature",
      "geometry": {
        "type": "Point",
        "coordinates": [
          138.1946078,
          36.4439643
        ]
      },
      "properties": {
        "内容": "バス停: 居場所カフェみらいさん様前",
        "name": "居場所カフェみらいさん様前",
        "operator": "事業者不明",
        "ref": "",
        "url": "",
        "url2": ""
      }
    },
    {
      "type": "Feature",
      "geometry": {
        "type": "Point",
        "coordinates": [
          138.1944138,
          36.4402573
        ]
      },
      "properties": {
        "内容": "バス停: 金井大口入口",
        "name": "金井大口入口",
        "operator": "事業者不明",
        "ref": "",
        "url": "",
        "url2": ""
      }
    },
    {
      "type": "Feature",
      "geometry": {
        "type": "Point",
        "coordinates": [
          138.1486947,
          36.4890768
        ]
      },
      "properties": {
        "内容": "バス停: 千曲市ふれあい福祉センター",
        "name": "千曲市ふれあい福祉センター",
        "operator": "事業者不明",
        "ref": "",
        "url": "",
        "url2": ""
      }
    },
    {
      "type": "Feature",
      "geometry": {
        "type": "Point",
        "coordinates": [
          138.1488568,
          36.4890627
        ]
      },
      "properties": {
        "内容": "バス停: 千曲市ふれあい福祉センター",
        "name": "千曲市ふれあい福祉センター",
        "operator": "事業者不明",
        "ref": "",
        "url": "",
        "url2": ""
      }
    },
    {
      "type": "Feature",
      "geometry": {
        "type": "Point",
        "coordinates": [
          138.1479301,
          36.4917166
        ]
      },
      "properties": {
        "内容": "バス停: 中学校前",
        "name": "中学校前",
        "operator": "事業者不明",
        "ref": "",
        "url": "",
        "url2": ""
      }
    },
    {
      "type": "Feature",
      "geometry": {
        "type": "Point",
        "coordinates": [
          138.1484904,
          36.4911699
        ]
      },
      "properties": {
        "内容": "バス停: 戸上中学校入口",
        "name": "戸上中学校入口",
        "operator": "事業者不明",
        "ref": "",
        "url": "",
        "url2": ""
      }
    },
    {
      "type": "Feature",
      "geometry": {
        "type": "Point",
        "coordinates": [
          138.1486243,
          36.4911045
        ]
      },
      "properties": {
        "内容": "バス停: 戸上中学校入口",
        "name": "戸上中学校入口",
        "operator": "事業者不明",
        "ref": "",
        "url": "",
        "url2": ""
      }
    },
    {
      "type": "Feature",
      "geometry": {
        "type": "Point",
        "coordinates": [
          138.1502215,
          36.488963
        ]
      },
      "properties": {
        "内容": "バス停: 保健センター",
        "name": "保健センター",
        "operator": "事業者不明",
        "ref": "",
        "url": "",
        "url2": ""
      }
    },
    {
      "type": "Feature",
      "geometry": {
        "type": "Point",
        "coordinates": [
          138.1505104,
          36.4846319
        ]
      },
      "properties": {
        "内容": "バス停: 新戸倉温泉信金前",
        "name": "新戸倉温泉信金前",
        "operator": "事業者不明",
        "ref": "",
        "url": "",
        "url2": ""
      }
    },
    {
      "type": "Feature",
      "geometry": {
        "type": "Point",
        "coordinates": [
          138.1537936,
          36.4788184
        ]
      },
      "properties": {
        "内容": "バス停: 戸倉体育館",
        "name": "戸倉体育館",
        "operator": "事業者不明",
        "ref": "",
        "url": "",
        "url2": ""
      }
    },
    {
      "type": "Feature",
      "geometry": {
        "type": "Point",
        "coordinates": [
          138.1517226,
          36.4807614
        ]
      },
      "properties": {
        "内容": "バス停: セブンイレブン戸倉店前",
        "name": "セブンイレブン戸倉店前",
        "operator": "事業者不明",
        "ref": "",
        "url": "",
        "url2": ""
      }
    },
    {
      "type": "Feature",
      "geometry": {
        "type": "Point",
        "coordinates": [
          138.1516831,
          36.480836
        ]
      },
      "properties": {
        "内容": "バス停: セブンイレブン戸倉店前",
        "name": "セブンイレブン戸倉店前",
        "operator": "事業者不明",
        "ref": "",
        "url": "",
        "url2": ""
      }
    },
    {
      "type": "Feature",
      "geometry": {
        "type": "Point",
        "coordinates": [
          138.150681,
          36.4844788
        ]
      },
      "properties": {
        "内容": "バス停: 新戸倉温泉信金前",
        "name": "新戸倉温泉信金前",
        "operator": "事業者不明",
        "ref": "",
        "url": "",
        "url2": ""
      }
    },
    {
      "type": "Feature",
      "geometry": {
        "type": "Point",
        "coordinates": [
          138.1782908,
          36.4293478
        ]
      },
      "properties": {
        "内容": "バス停: 小網公民館前",
        "name": "小網公民館前",
        "operator": "事業者不明",
        "ref": "",
        "url": "",
        "url2": ""
      }
    },
    {
      "type": "Feature",
      "geometry": {
        "type": "Point",
        "coordinates": [
          138.1781328,
          36.4298573
        ]
      },
      "properties": {
        "内容": "バス停: 小網公民館前",
        "name": "小網公民館前",
        "operator": "事業者不明",
        "ref": "",
        "url": "",
        "url2": ""
      }
    },
    {
      "type": "Feature",
      "geometry": {
        "type": "Point",
        "coordinates": [
          138.0028363,
          36.3916981
        ]
      },
      "properties": {
        "内容": "バス停: 名称不明バス停",
        "name": "名称不明バス停",
        "operator": "事業者不明",
        "ref": "",
        "url": "",
        "url2": ""
      }
    },
    {
      "type": "Feature",
      "geometry": {
        "type": "Point",
        "coordinates": [
          137.9245455,
          35.5804926
        ]
      },
      "properties": {
        "内容": "バス停: 名称不明バス停",
        "name": "名称不明バス停",
        "operator": "事業者不明",
        "ref": "",
        "url": "",
        "url2": ""
      }
    },
    {
      "type": "Feature",
      "geometry": {
        "type": "Point",
        "coordinates": [
          137.9822274,
          35.583412
        ]
      },
      "properties": {
        "内容": "バス停: 上峠",
        "name": "上峠",
        "operator": "事業者不明",
        "ref": "",
        "url": "",
        "url2": ""
      }
    },
    {
      "type": "Feature",
      "geometry": {
        "type": "Point",
        "coordinates": [
          137.7957114,
          35.419278
        ]
      },
      "properties": {
        "内容": "バス停: 小松原 (大新東株式会社)",
        "name": "小松原",
        "operator": "大新東株式会社",
        "ref": "",
        "url": "http://www.town.anan.nagano.jp/no_information/nanbu-bus/664/",
        "url2": ""
      }
    },
    {
      "type": "Feature",
      "geometry": {
        "type": "Point",
        "coordinates": [
          137.9326183,
          35.5561256
        ]
      },
      "properties": {
        "内容": "バス停: 掘割 (豊丘村)",
        "name": "掘割",
        "operator": "豊丘村",
        "ref": "",
        "url": "",
        "url2": ""
      }
    },
    {
      "type": "Feature",
      "geometry": {
        "type": "Point",
        "coordinates": [
          137.8491138,
          35.4771386
        ]
      },
      "properties": {
        "内容": "バス停: 知久平",
        "name": "知久平",
        "operator": "事業者不明",
        "ref": "",
        "url": "",
        "url2": ""
      }
    },
    {
      "type": "Feature",
      "geometry": {
        "type": "Point",
        "coordinates": [
          137.8497035,
          35.4805051
        ]
      },
      "properties": {
        "内容": "バス停: 主膳",
        "name": "主膳",
        "operator": "事業者不明",
        "ref": "",
        "url": "",
        "url2": ""
      }
    },
    {
      "type": "Feature",
      "geometry": {
        "type": "Point",
        "coordinates": [
          137.7056844,
          35.4977231
        ]
      },
      "properties": {
        "内容": "バス停: 黒川橋 (阿智村巡回バス)",
        "name": "黒川橋",
        "operator": "阿智村巡回バス",
        "ref": "",
        "url": "",
        "url2": ""
      }
    },
    {
      "type": "Feature",
      "geometry": {
        "type": "Point",
        "coordinates": [
          137.7463685,
          35.4494189
        ]
      },
      "properties": {
        "内容": "バス停: 駒場・中央道昼神温泉（下り）",
        "name": "駒場・中央道昼神温泉（下り）",
        "operator": "事業者不明",
        "ref": "",
        "url": "",
        "url2": ""
      }
    },
    {
      "type": "Feature",
      "geometry": {
        "type": "Point",
        "coordinates": [
          137.7453834,
          35.4497084
        ]
      },
      "properties": {
        "内容": "バス停: 駒場・中央道昼神温泉（上り）",
        "name": "駒場・中央道昼神温泉（上り）",
        "operator": "事業者不明",
        "ref": "",
        "url": "",
        "url2": ""
      }
    },
    {
      "type": "Feature",
      "geometry": {
        "type": "Point",
        "coordinates": [
          137.8637443,
          35.4734755
        ]
      },
      "properties": {
        "内容": "バス停: 滝平上",
        "name": "滝平上",
        "operator": "事業者不明",
        "ref": "",
        "url": "",
        "url2": ""
      }
    },
    {
      "type": "Feature",
      "geometry": {
        "type": "Point",
        "coordinates": [
          138.1926528,
          36.643944
        ]
      },
      "properties": {
        "内容": "バス停: メルパルク (長電バス)",
        "name": "メルパルク",
        "operator": "長電バス",
        "ref": "",
        "url": "",
        "url2": ""
      }
    },
    {
      "type": "Feature",
      "geometry": {
        "type": "Point",
        "coordinates": [
          138.1490891,
          35.9970733
        ]
      },
      "properties": {
        "内容": "バス停: 名称不明バス停",
        "name": "名称不明バス停",
        "operator": "事業者不明",
        "ref": "",
        "url": "",
        "url2": ""
      }
    },
    {
      "type": "Feature",
      "geometry": {
        "type": "Point",
        "coordinates": [
          138.142865,
          36.0038826
        ]
      },
      "properties": {
        "内容": "バス停: 葛井神社入口",
        "name": "葛井神社入口",
        "operator": "事業者不明",
        "ref": "",
        "url": "",
        "url2": ""
      }
    },
    {
      "type": "Feature",
      "geometry": {
        "type": "Point",
        "coordinates": [
          138.3720604,
          36.7581138
        ]
      },
      "properties": {
        "内容": "バス停: 名称不明バス停",
        "name": "名称不明バス停",
        "operator": "事業者不明",
        "ref": "",
        "url": "",
        "url2": ""
      }
    },
    {
      "type": "Feature",
      "geometry": {
        "type": "Point",
        "coordinates": [
          138.4156021,
          36.7394736
        ]
      },
      "properties": {
        "内容": "バス停: 星川温泉",
        "name": "星川温泉",
        "operator": "事業者不明",
        "ref": "",
        "url": "",
        "url2": ""
      }
    },
    {
      "type": "Feature",
      "geometry": {
        "type": "Point",
        "coordinates": [
          138.4068085,
          36.7440942
        ]
      },
      "properties": {
        "内容": "バス停: 名称不明バス停",
        "name": "名称不明バス停",
        "operator": "事業者不明",
        "ref": "",
        "url": "",
        "url2": ""
      }
    },
    {
      "type": "Feature",
      "geometry": {
        "type": "Point",
        "coordinates": [
          138.4145832,
          36.7377578
        ]
      },
      "properties": {
        "内容": "バス停: 名称不明バス停",
        "name": "名称不明バス停",
        "operator": "事業者不明",
        "ref": "",
        "url": "",
        "url2": ""
      }
    },
    {
      "type": "Feature",
      "geometry": {
        "type": "Point",
        "coordinates": [
          138.0752631,
          36.6083983
        ]
      },
      "properties": {
        "内容": "バス停: 松葉屋前",
        "name": "松葉屋前",
        "operator": "事業者不明",
        "ref": "",
        "url": "",
        "url2": ""
      }
    },
    {
      "type": "Feature",
      "geometry": {
        "type": "Point",
        "coordinates": [
          138.2813716,
          36.6561861
        ]
      },
      "properties": {
        "内容": "バス停: 須坂",
        "name": "須坂",
        "operator": "事業者不明",
        "ref": "",
        "url": "",
        "url2": ""
      }
    },
    {
      "type": "Feature",
      "geometry": {
        "type": "Point",
        "coordinates": [
          137.7584067,
          36.1593828
        ]
      },
      "properties": {
        "内容": "バス停: 宮の沢 (アルピコ交通)",
        "name": "宮の沢",
        "operator": "アルピコ交通",
        "ref": "K-12",
        "url": "",
        "url2": ""
      }
    },
    {
      "type": "Feature",
      "geometry": {
        "type": "Point",
        "coordinates": [
          137.7602043,
          36.1604466
        ]
      },
      "properties": {
        "内容": "バス停: 稲核仲町 (アルピコ交通)",
        "name": "稲核仲町",
        "operator": "アルピコ交通",
        "ref": "K-11",
        "url": "",
        "url2": ""
      }
    },
    {
      "type": "Feature",
      "geometry": {
        "type": "Point",
        "coordinates": [
          137.7855693,
          36.1826374
        ]
      },
      "properties": {
        "内容": "バス停: 安曇支所前 (アルピコ交通)",
        "name": "安曇支所前",
        "operator": "アルピコ交通",
        "ref": "K-06",
        "url": "",
        "url2": ""
      }
    },
    {
      "type": "Feature",
      "geometry": {
        "type": "Point",
        "coordinates": [
          137.7989341,
          36.1828566
        ]
      },
      "properties": {
        "内容": "バス停: 発電所前 (アルピコ交通)",
        "name": "発電所前",
        "operator": "アルピコ交通",
        "ref": "K-04",
        "url": "",
        "url2": ""
      }
    },
    {
      "type": "Feature",
      "geometry": {
        "type": "Point",
        "coordinates": [
          137.805071,
          36.1839986
        ]
      },
      "properties": {
        "内容": "バス停: 大野田 (アルピコ交通)",
        "name": "大野田",
        "operator": "アルピコ交通",
        "ref": "K-03",
        "url": "",
        "url2": ""
      }
    },
    {
      "type": "Feature",
      "geometry": {
        "type": "Point",
        "coordinates": [
          138.0657684,
          36.6073989
        ]
      },
      "properties": {
        "内容": "バス停: 大安寺",
        "name": "大安寺",
        "operator": "事業者不明",
        "ref": "",
        "url": "",
        "url2": ""
      }
    },
    {
      "type": "Feature",
      "geometry": {
        "type": "Point",
        "coordinates": [
          138.0658236,
          36.6074923
        ]
      },
      "properties": {
        "内容": "バス停: 大安寺",
        "name": "大安寺",
        "operator": "事業者不明",
        "ref": "",
        "url": "",
        "url2": ""
      }
    },
    {
      "type": "Feature",
      "geometry": {
        "type": "Point",
        "coordinates": [
          137.9964419,
          36.0986749
        ]
      },
      "properties": {
        "内容": "バス停: 長野道みどり湖",
        "name": "長野道みどり湖",
        "operator": "事業者不明",
        "ref": "",
        "url": "",
        "url2": ""
      }
    },
    {
      "type": "Feature",
      "geometry": {
        "type": "Point",
        "coordinates": [
          138.478654,
          36.0769024
        ]
      },
      "properties": {
        "内容": "バス停: 名称不明バス停",
        "name": "名称不明バス停",
        "operator": "事業者不明",
        "ref": "",
        "url": "",
        "url2": ""
      }
    },
    {
      "type": "Feature",
      "geometry": {
        "type": "Point",
        "coordinates": [
          138.4456469,
          36.9251249
        ]
      },
      "properties": {
        "内容": "バス停: 野沢グランドホテル",
        "name": "野沢グランドホテル",
        "operator": "事業者不明",
        "ref": "",
        "url": "",
        "url2": ""
      }
    },
    {
      "type": "Feature",
      "geometry": {
        "type": "Point",
        "coordinates": [
          138.4465531,
          36.9231588
        ]
      },
      "properties": {
        "内容": "バス停: 野沢温泉",
        "name": "野沢温泉",
        "operator": "事業者不明",
        "ref": "",
        "url": "",
        "url2": ""
      }
    },
    {
      "type": "Feature",
      "geometry": {
        "type": "Point",
        "coordinates": [
          138.1897832,
          36.6622155
        ]
      },
      "properties": {
        "内容": "バス停: 城山公園前 (アルピコ交通株式会社)",
        "name": "城山公園前",
        "operator": "アルピコ交通株式会社",
        "ref": "",
        "url": "",
        "url2": ""
      }
    },
    {
      "type": "Feature",
      "geometry": {
        "type": "Point",
        "coordinates": [
          137.9891127,
          36.6140637
        ]
      },
      "properties": {
        "内容": "バス停: 名称不明バス停",
        "name": "名称不明バス停",
        "operator": "事業者不明",
        "ref": "",
        "url": "",
        "url2": ""
      }
    },
    {
      "type": "Feature",
      "geometry": {
        "type": "Point",
        "coordinates": [
          138.0404314,
          36.6133532
        ]
      },
      "properties": {
        "内容": "バス停: 大畠",
        "name": "大畠",
        "operator": "事業者不明",
        "ref": "",
        "url": "",
        "url2": ""
      }
    },
    {
      "type": "Feature",
      "geometry": {
        "type": "Point",
        "coordinates": [
          138.0357838,
          36.6100424
        ]
      },
      "properties": {
        "内容": "バス停: 中条小学校入口",
        "name": "中条小学校入口",
        "operator": "事業者不明",
        "ref": "",
        "url": "",
        "url2": ""
      }
    },
    {
      "type": "Feature",
      "geometry": {
        "type": "Point",
        "coordinates": [
          138.0528621,
          36.6128214
        ]
      },
      "properties": {
        "内容": "バス停: 名称不明バス停",
        "name": "名称不明バス停",
        "operator": "事業者不明",
        "ref": "",
        "url": "",
        "url2": ""
      }
    },
    {
      "type": "Feature",
      "geometry": {
        "type": "Point",
        "coordinates": [
          138.060671,
          36.611626
        ]
      },
      "properties": {
        "内容": "バス停: 名称不明バス停",
        "name": "名称不明バス停",
        "operator": "事業者不明",
        "ref": "",
        "url": "",
        "url2": ""
      }
    },
    {
      "type": "Feature",
      "geometry": {
        "type": "Point",
        "coordinates": [
          137.8845447,
          35.4481011
        ]
      },
      "properties": {
        "内容": "バス停: 堂平",
        "name": "堂平",
        "operator": "事業者不明",
        "ref": "",
        "url": "",
        "url2": ""
      }
    },
    {
      "type": "Feature",
      "geometry": {
        "type": "Point",
        "coordinates": [
          137.8089467,
          36.5248454
        ]
      },
      "properties": {
        "内容": "バス停: 犬の窪",
        "name": "犬の窪",
        "operator": "事業者不明",
        "ref": "",
        "url": "",
        "url2": ""
      }
    },
    {
      "type": "Feature",
      "geometry": {
        "type": "Point",
        "coordinates": [
          138.3449024,
          36.5305623
        ]
      },
      "properties": {
        "内容": "バス停: 菅平高原ダボスバス待合所",
        "name": "菅平高原ダボスバス待合所",
        "operator": "事業者不明",
        "ref": "",
        "url": "",
        "url2": ""
      }
    },
    {
      "type": "Feature",
      "geometry": {
        "type": "Point",
        "coordinates": [
          138.2197597,
          36.6423083
        ]
      },
      "properties": {
        "内容": "バス停: 南高田 (長電バス)",
        "name": "南高田",
        "operator": "長電バス",
        "ref": "",
        "url": "",
        "url2": ""
      }
    },
    {
      "type": "Feature",
      "geometry": {
        "type": "Point",
        "coordinates": [
          137.79639,
          36.5293149
        ]
      },
      "properties": {
        "内容": "バス停: 日向山高原",
        "name": "日向山高原",
        "operator": "事業者不明",
        "ref": "",
        "url": "",
        "url2": ""
      }
    },
    {
      "type": "Feature",
      "geometry": {
        "type": "Point",
        "coordinates": [
          137.8577676,
          36.5085636
        ]
      },
      "properties": {
        "内容": "バス停: 九日町",
        "name": "九日町",
        "operator": "事業者不明",
        "ref": "",
        "url": "",
        "url2": ""
      }
    },
    {
      "type": "Feature",
      "geometry": {
        "type": "Point",
        "coordinates": [
          137.8595285,
          36.5043746
        ]
      },
      "properties": {
        "内容": "バス停: 下仲町",
        "name": "下仲町",
        "operator": "事業者不明",
        "ref": "",
        "url": "",
        "url2": ""
      }
    },
    {
      "type": "Feature",
      "geometry": {
        "type": "Point",
        "coordinates": [
          137.8608535,
          36.4997693
        ]
      },
      "properties": {
        "内容": "バス停: 信濃大町駅",
        "name": "信濃大町駅",
        "operator": "事業者不明",
        "ref": "",
        "url": "",
        "url2": ""
      }
    },
    {
      "type": "Feature",
      "geometry": {
        "type": "Point",
        "coordinates": [
          137.8565566,
          36.5140264
        ]
      },
      "properties": {
        "内容": "バス停: 上大黒町",
        "name": "上大黒町",
        "operator": "事業者不明",
        "ref": "",
        "url": "",
        "url2": ""
      }
    },
    {
      "type": "Feature",
      "geometry": {
        "type": "Point",
        "coordinates": [
          137.8536142,
          36.5191407
        ]
      },
      "properties": {
        "内容": "バス停: 北大町",
        "name": "北大町",
        "operator": "事業者不明",
        "ref": "",
        "url": "",
        "url2": ""
      }
    },
    {
      "type": "Feature",
      "geometry": {
        "type": "Point",
        "coordinates": [
          137.8430544,
          36.5225443
        ]
      },
      "properties": {
        "内容": "バス停: 荒沢",
        "name": "荒沢",
        "operator": "事業者不明",
        "ref": "",
        "url": "",
        "url2": ""
      }
    },
    {
      "type": "Feature",
      "geometry": {
        "type": "Point",
        "coordinates": [
          137.8030975,
          36.5216239
        ]
      },
      "properties": {
        "内容": "バス停: 上原",
        "name": "上原",
        "operator": "事業者不明",
        "ref": "",
        "url": "",
        "url2": ""
      }
    },
    {
      "type": "Feature",
      "geometry": {
        "type": "Point",
        "coordinates": [
          137.8574008,
          36.5106656
        ]
      },
      "properties": {
        "内容": "バス停: 名称不明バス停",
        "name": "名称不明バス停",
        "operator": "事業者不明",
        "ref": "",
        "url": "",
        "url2": ""
      }
    },
    {
      "type": "Feature",
      "geometry": {
        "type": "Point",
        "coordinates": [
          137.8577717,
          36.5085534
        ]
      },
      "properties": {
        "内容": "バス停: 名称不明バス停",
        "name": "名称不明バス停",
        "operator": "事業者不明",
        "ref": "",
        "url": "",
        "url2": ""
      }
    },
    {
      "type": "Feature",
      "geometry": {
        "type": "Point",
        "coordinates": [
          137.8580466,
          36.5079255
        ]
      },
      "properties": {
        "内容": "バス停: 名称不明バス停",
        "name": "名称不明バス停",
        "operator": "事業者不明",
        "ref": "",
        "url": "",
        "url2": ""
      }
    },
    {
      "type": "Feature",
      "geometry": {
        "type": "Point",
        "coordinates": [
          137.8586957,
          36.5063899
        ]
      },
      "properties": {
        "内容": "バス停: 名称不明バス停",
        "name": "名称不明バス停",
        "operator": "事業者不明",
        "ref": "",
        "url": "",
        "url2": ""
      }
    },
    {
      "type": "Feature",
      "geometry": {
        "type": "Point",
        "coordinates": [
          137.7961922,
          36.5296635
        ]
      },
      "properties": {
        "内容": "バス停: 日向山高原",
        "name": "日向山高原",
        "operator": "事業者不明",
        "ref": "",
        "url": "",
        "url2": ""
      }
    },
    {
      "type": "Feature",
      "geometry": {
        "type": "Point",
        "coordinates": [
          137.8431939,
          36.5224408
        ]
      },
      "properties": {
        "内容": "バス停: 荒沢",
        "name": "荒沢",
        "operator": "事業者不明",
        "ref": "",
        "url": "",
        "url2": ""
      }
    },
    {
      "type": "Feature",
      "geometry": {
        "type": "Point",
        "coordinates": [
          137.8114982,
          36.5272873
        ]
      },
      "properties": {
        "内容": "バス停: 大町温泉郷",
        "name": "大町温泉郷",
        "operator": "事業者不明",
        "ref": "",
        "url": "",
        "url2": ""
      }
    },
    {
      "type": "Feature",
      "geometry": {
        "type": "Point",
        "coordinates": [
          137.8081951,
          36.5241458
        ]
      },
      "properties": {
        "内容": "バス停: 犬の窪",
        "name": "犬の窪",
        "operator": "事業者不明",
        "ref": "",
        "url": "",
        "url2": ""
      }
    },
    {
      "type": "Feature",
      "geometry": {
        "type": "Point",
        "coordinates": [
          137.8034006,
          36.5217532
        ]
      },
      "properties": {
        "内容": "バス停: 上原",
        "name": "上原",
        "operator": "事業者不明",
        "ref": "",
        "url": "",
        "url2": ""
      }
    },
    {
      "type": "Feature",
      "geometry": {
        "type": "Point",
        "coordinates": [
          137.8611566,
          36.4998426
        ]
      },
      "properties": {
        "内容": "バス停: 信濃大町駅",
        "name": "信濃大町駅",
        "operator": "事業者不明",
        "ref": "",
        "url": "",
        "url2": ""
      }
    },
    {
      "type": "Feature",
      "geometry": {
        "type": "Point",
        "coordinates": [
          137.8608388,
          36.5002825
        ]
      },
      "properties": {
        "内容": "バス停: 信濃大町駅",
        "name": "信濃大町駅",
        "operator": "事業者不明",
        "ref": "",
        "url": "",
        "url2": ""
      }
    },
    {
      "type": "Feature",
      "geometry": {
        "type": "Point",
        "coordinates": [
          137.8606792,
          36.5000216
        ]
      },
      "properties": {
        "内容": "バス停: 信濃大町駅",
        "name": "信濃大町駅",
        "operator": "事業者不明",
        "ref": "",
        "url": "",
        "url2": ""
      }
    },
    {
      "type": "Feature",
      "geometry": {
        "type": "Point",
        "coordinates": [
          138.0448006,
          36.0571787
        ]
      },
      "properties": {
        "内容": "バス停: 岡谷駅",
        "name": "岡谷駅",
        "operator": "事業者不明",
        "ref": "",
        "url": "",
        "url2": ""
      }
    },
    {
      "type": "Feature",
      "geometry": {
        "type": "Point",
        "coordinates": [
          138.0500739,
          36.0662853
        ]
      },
      "properties": {
        "内容": "バス停: 岡谷市役所前",
        "name": "岡谷市役所前",
        "operator": "事業者不明",
        "ref": "",
        "url": "",
        "url2": ""
      }
    },
    {
      "type": "Feature",
      "geometry": {
        "type": "Point",
        "coordinates": [
          138.0497895,
          36.0659357
        ]
      },
      "properties": {
        "内容": "バス停: 岡谷市役所前",
        "name": "岡谷市役所前",
        "operator": "事業者不明",
        "ref": "",
        "url": "",
        "url2": ""
      }
    },
    {
      "type": "Feature",
      "geometry": {
        "type": "Point",
        "coordinates": [
          138.0469339,
          36.0819908
        ]
      },
      "properties": {
        "内容": "バス停: 今井郵便局前",
        "name": "今井郵便局前",
        "operator": "事業者不明",
        "ref": "",
        "url": "",
        "url2": ""
      }
    },
    {
      "type": "Feature",
      "geometry": {
        "type": "Point",
        "coordinates": [
          138.0469625,
          36.08271
        ]
      },
      "properties": {
        "内容": "バス停: 今井",
        "name": "今井",
        "operator": "事業者不明",
        "ref": "",
        "url": "",
        "url2": ""
      }
    },
    {
      "type": "Feature",
      "geometry": {
        "type": "Point",
        "coordinates": [
          138.067299,
          36.0779838
        ]
      },
      "properties": {
        "内容": "バス停: 長地学校前",
        "name": "長地学校前",
        "operator": "事業者不明",
        "ref": "",
        "url": "",
        "url2": ""
      }
    },
    {
      "type": "Feature",
      "geometry": {
        "type": "Point",
        "coordinates": [
          138.0672766,
          36.0778659
        ]
      },
      "properties": {
        "内容": "バス停: 長地学校前",
        "name": "長地学校前",
        "operator": "事業者不明",
        "ref": "",
        "url": "",
        "url2": ""
      }
    },
    {
      "type": "Feature",
      "geometry": {
        "type": "Point",
        "coordinates": [
          138.0446523,
          36.0614426
        ]
      },
      "properties": {
        "内容": "バス停: 小部沢",
        "name": "小部沢",
        "operator": "事業者不明",
        "ref": "",
        "url": "",
        "url2": ""
      }
    },
    {
      "type": "Feature",
      "geometry": {
        "type": "Point",
        "coordinates": [
          138.0446243,
          36.0616262
        ]
      },
      "properties": {
        "内容": "バス停: 小部沢",
        "name": "小部沢",
        "operator": "事業者不明",
        "ref": "",
        "url": "",
        "url2": ""
      }
    },
    {
      "type": "Feature",
      "geometry": {
        "type": "Point",
        "coordinates": [
          138.046878,
          36.0643536
        ]
      },
      "properties": {
        "内容": "バス停: 新屋敷",
        "name": "新屋敷",
        "operator": "事業者不明",
        "ref": "",
        "url": "",
        "url2": ""
      }
    },
    {
      "type": "Feature",
      "geometry": {
        "type": "Point",
        "coordinates": [
          138.0470211,
          36.0645062
        ]
      },
      "properties": {
        "内容": "バス停: 新屋敷",
        "name": "新屋敷",
        "operator": "事業者不明",
        "ref": "",
        "url": "",
        "url2": ""
      }
    },
    {
      "type": "Feature",
      "geometry": {
        "type": "Point",
        "coordinates": [
          138.0540478,
          36.0679983
        ]
      },
      "properties": {
        "内容": "バス停: 小口薬師堂",
        "name": "小口薬師堂",
        "operator": "事業者不明",
        "ref": "",
        "url": "",
        "url2": ""
      }
    },
    {
      "type": "Feature",
      "geometry": {
        "type": "Point",
        "coordinates": [
          138.0540883,
          36.067932
        ]
      },
      "properties": {
        "内容": "バス停: 小口薬師堂",
        "name": "小口薬師堂",
        "operator": "事業者不明",
        "ref": "",
        "url": "",
        "url2": ""
      }
    },
    {
      "type": "Feature",
      "geometry": {
        "type": "Point",
        "coordinates": [
          138.057609,
          36.0691545
        ]
      },
      "properties": {
        "内容": "バス停: 小井川",
        "name": "小井川",
        "operator": "事業者不明",
        "ref": "",
        "url": "",
        "url2": ""
      }
    },
    {
      "type": "Feature",
      "geometry": {
        "type": "Point",
        "coordinates": [
          138.0581684,
          36.0696023
        ]
      },
      "properties": {
        "内容": "バス停: 小井川",
        "name": "小井川",
        "operator": "事業者不明",
        "ref": "",
        "url": "",
        "url2": ""
      }
    },
    {
      "type": "Feature",
      "geometry": {
        "type": "Point",
        "coordinates": [
          138.0476284,
          36.0621974
        ]
      },
      "properties": {
        "内容": "バス停: 中央通り３丁目",
        "name": "中央通り３丁目",
        "operator": "事業者不明",
        "ref": "",
        "url": "",
        "url2": ""
      }
    },
    {
      "type": "Feature",
      "geometry": {
        "type": "Point",
        "coordinates": [
          138.0473896,
          36.058139
        ]
      },
      "properties": {
        "内容": "バス停: 中央通り２丁目",
        "name": "中央通り２丁目",
        "operator": "事業者不明",
        "ref": "",
        "url": "",
        "url2": ""
      }
    },
    {
      "type": "Feature",
      "geometry": {
        "type": "Point",
        "coordinates": [
          138.0469215,
          36.0578994
        ]
      },
      "properties": {
        "内容": "バス停: 中央通り２丁目",
        "name": "中央通り２丁目",
        "operator": "事業者不明",
        "ref": "",
        "url": "",
        "url2": ""
      }
    },
    {
      "type": "Feature",
      "geometry": {
        "type": "Point",
        "coordinates": [
          138.0502533,
          36.0641017
        ]
      },
      "properties": {
        "内容": "バス停: 中央通り６丁目",
        "name": "中央通り６丁目",
        "operator": "事業者不明",
        "ref": "",
        "url": "",
        "url2": ""
      }
    },
    {
      "type": "Feature",
      "geometry": {
        "type": "Point",
        "coordinates": [
          138.048537,
          36.0607192
        ]
      },
      "properties": {
        "内容": "バス停: 中央通り４丁目",
        "name": "中央通り４丁目",
        "operator": "事業者不明",
        "ref": "",
        "url": "",
        "url2": ""
      }
    },
    {
      "type": "Feature",
      "geometry": {
        "type": "Point",
        "coordinates": [
          138.0606021,
          36.0721517
        ]
      },
      "properties": {
        "内容": "バス停: 西堀",
        "name": "西堀",
        "operator": "事業者不明",
        "ref": "",
        "url": "",
        "url2": ""
      }
    },
    {
      "type": "Feature",
      "geometry": {
        "type": "Point",
        "coordinates": [
          138.0614256,
          36.0731231
        ]
      },
      "properties": {
        "内容": "バス停: 西堀",
        "name": "西堀",
        "operator": "事業者不明",
        "ref": "",
        "url": "",
        "url2": ""
      }
    },
    {
      "type": "Feature",
      "geometry": {
        "type": "Point",
        "coordinates": [
          138.0638219,
          36.075671
        ]
      },
      "properties": {
        "内容": "バス停: 柴宮前",
        "name": "柴宮前",
        "operator": "事業者不明",
        "ref": "",
        "url": "",
        "url2": ""
      }
    },
    {
      "type": "Feature",
      "geometry": {
        "type": "Point",
        "coordinates": [
          138.0632804,
          36.0753317
        ]
      },
      "properties": {
        "内容": "バス停: 柴宮前",
        "name": "柴宮前",
        "operator": "事業者不明",
        "ref": "",
        "url": "",
        "url2": ""
      }
    },
    {
      "type": "Feature",
      "geometry": {
        "type": "Point",
        "coordinates": [
          138.050819,
          36.0711809
        ]
      },
      "properties": {
        "内容": "バス停: 加茂町",
        "name": "加茂町",
        "operator": "事業者不明",
        "ref": "",
        "url": "",
        "url2": ""
      }
    },
    {
      "type": "Feature",
      "geometry": {
        "type": "Point",
        "coordinates": [
          138.0504165,
          36.0719384
        ]
      },
      "properties": {
        "内容": "バス停: 加茂町",
        "name": "加茂町",
        "operator": "事業者不明",
        "ref": "",
        "url": "",
        "url2": ""
      }
    },
    {
      "type": "Feature",
      "geometry": {
        "type": "Point",
        "coordinates": [
          138.0486785,
          36.0770215
        ]
      },
      "properties": {
        "内容": "バス停: 岡工前",
        "name": "岡工前",
        "operator": "事業者不明",
        "ref": "",
        "url": "",
        "url2": ""
      }
    },
    {
      "type": "Feature",
      "geometry": {
        "type": "Point",
        "coordinates": [
          138.04853,
          36.0777787
        ]
      },
      "properties": {
        "内容": "バス停: 岡工前",
        "name": "岡工前",
        "operator": "事業者不明",
        "ref": "",
        "url": "",
        "url2": ""
      }
    },
    {
      "type": "Feature",
      "geometry": {
        "type": "Point",
        "coordinates": [
          138.0492352,
          36.0753716
        ]
      },
      "properties": {
        "内容": "バス停: 神明町",
        "name": "神明町",
        "operator": "事業者不明",
        "ref": "",
        "url": "",
        "url2": ""
      }
    },
    {
      "type": "Feature",
      "geometry": {
        "type": "Point",
        "coordinates": [
          138.0496796,
          36.0744243
        ]
      },
      "properties": {
        "内容": "バス停: 神明町",
        "name": "神明町",
        "operator": "事業者不明",
        "ref": "",
        "url": "",
        "url2": ""
      }
    },
    {
      "type": "Feature",
      "geometry": {
        "type": "Point",
        "coordinates": [
          138.0716075,
          36.0770363
        ]
      },
      "properties": {
        "内容": "バス停: 東掘",
        "name": "東掘",
        "operator": "事業者不明",
        "ref": "",
        "url": "",
        "url2": ""
      }
    },
    {
      "type": "Feature",
      "geometry": {
        "type": "Point",
        "coordinates": [
          138.0714869,
          36.0769726
        ]
      },
      "properties": {
        "内容": "バス停: 東掘",
        "name": "東掘",
        "operator": "事業者不明",
        "ref": "",
        "url": "",
        "url2": ""
      }
    },
    {
      "type": "Feature",
      "geometry": {
        "type": "Point",
        "coordinates": [
          138.0470969,
          36.0822883
        ]
      },
      "properties": {
        "内容": "バス停: 今井",
        "name": "今井",
        "operator": "事業者不明",
        "ref": "",
        "url": "",
        "url2": ""
      }
    },
    {
      "type": "Feature",
      "geometry": {
        "type": "Point",
        "coordinates": [
          138.0502264,
          36.0815163
        ]
      },
      "properties": {
        "内容": "バス停: 上小井川",
        "name": "上小井川",
        "operator": "事業者不明",
        "ref": "",
        "url": "",
        "url2": ""
      }
    },
    {
      "type": "Feature",
      "geometry": {
        "type": "Point",
        "coordinates": [
          138.0510369,
          36.0812312
        ]
      },
      "properties": {
        "内容": "バス停: 上小井川",
        "name": "上小井川",
        "operator": "事業者不明",
        "ref": "",
        "url": "",
        "url2": ""
      }
    },
    {
      "type": "Feature",
      "geometry": {
        "type": "Point",
        "coordinates": [
          138.0543507,
          36.0807862
        ]
      },
      "properties": {
        "内容": "バス停: 横河川橋",
        "name": "横河川橋",
        "operator": "事業者不明",
        "ref": "",
        "url": "",
        "url2": ""
      }
    },
    {
      "type": "Feature",
      "geometry": {
        "type": "Point",
        "coordinates": [
          138.0547092,
          36.0806341
        ]
      },
      "properties": {
        "内容": "バス停: 横河川橋",
        "name": "横河川橋",
        "operator": "事業者不明",
        "ref": "",
        "url": "",
        "url2": ""
      }
    },
    {
      "type": "Feature",
      "geometry": {
        "type": "Point",
        "coordinates": [
          138.0565228,
          36.0803349
        ]
      },
      "properties": {
        "内容": "バス停: 湖畔病院前",
        "name": "湖畔病院前",
        "operator": "事業者不明",
        "ref": "",
        "url": "",
        "url2": ""
      }
    },
    {
      "type": "Feature",
      "geometry": {
        "type": "Point",
        "coordinates": [
          138.0602781,
          36.0794355
        ]
      },
      "properties": {
        "内容": "バス停: 出早口",
        "name": "出早口",
        "operator": "事業者不明",
        "ref": "",
        "url": "",
        "url2": ""
      }
    },
    {
      "type": "Feature",
      "geometry": {
        "type": "Point",
        "coordinates": [
          138.058886,
          36.0797928
        ]
      },
      "properties": {
        "内容": "バス停: 出早口",
        "name": "出早口",
        "operator": "事業者不明",
        "ref": "",
        "url": "",
        "url2": ""
      }
    },
    {
      "type": "Feature",
      "geometry": {
        "type": "Point",
        "coordinates": [
          138.0565748,
          36.0802443
        ]
      },
      "properties": {
        "内容": "バス停: 湖畔病院前",
        "name": "湖畔病院前",
        "operator": "事業者不明",
        "ref": "",
        "url": "",
        "url2": ""
      }
    },
    {
      "type": "Feature",
      "geometry": {
        "type": "Point",
        "coordinates": [
          138.0507565,
          36.066087
        ]
      },
      "properties": {
        "内容": "バス停: 岡谷市役所前",
        "name": "岡谷市役所前",
        "operator": "事業者不明",
        "ref": "",
        "url": "",
        "url2": ""
      }
    },
    {
      "type": "Feature",
      "geometry": {
        "type": "Point",
        "coordinates": [
          138.4155437,
          36.7393968
        ]
      },
      "properties": {
        "内容": "バス停: 名称不明バス停",
        "name": "名称不明バス停",
        "operator": "事業者不明",
        "ref": "",
        "url": "",
        "url2": ""
      }
    },
    {
      "type": "Feature",
      "geometry": {
        "type": "Point",
        "coordinates": [
          138.1999344,
          36.6487191
        ]
      },
      "properties": {
        "内容": "バス停: 長野鶴賀",
        "name": "長野鶴賀",
        "operator": "事業者不明",
        "ref": "",
        "url": "",
        "url2": ""
      }
    },
    {
      "type": "Feature",
      "geometry": {
        "type": "Point",
        "coordinates": [
          138.2150725,
          36.6477659
        ]
      },
      "properties": {
        "内容": "バス停: 五分一",
        "name": "五分一",
        "operator": "事業者不明",
        "ref": "",
        "url": "",
        "url2": ""
      }
    },
    {
      "type": "Feature",
      "geometry": {
        "type": "Point",
        "coordinates": [
          138.211871,
          36.6479354
        ]
      },
      "properties": {
        "内容": "バス停: 五分一西",
        "name": "五分一西",
        "operator": "事業者不明",
        "ref": "",
        "url": "",
        "url2": ""
      }
    },
    {
      "type": "Feature",
      "geometry": {
        "type": "Point",
        "coordinates": [
          138.2140697,
          36.6477254
        ]
      },
      "properties": {
        "内容": "バス停: 名称不明バス停",
        "name": "名称不明バス停",
        "operator": "事業者不明",
        "ref": "",
        "url": "",
        "url2": ""
      }
    },
    {
      "type": "Feature",
      "geometry": {
        "type": "Point",
        "coordinates": [
          137.8221791,
          35.514262
        ]
      },
      "properties": {
        "内容": "バス停: 市役所前 (Shinnan Kotsu)",
        "name": "市役所前",
        "operator": "Shinnan Kotsu",
        "ref": "",
        "url": "",
        "url2": ""
      }
    },
    {
      "type": "Feature",
      "geometry": {
        "type": "Point",
        "coordinates": [
          137.8222329,
          35.5140745
        ]
      },
      "properties": {
        "内容": "バス停: 市役所前 (Shinnan Kotsu)",
        "name": "市役所前",
        "operator": "Shinnan Kotsu",
        "ref": "",
        "url": "",
        "url2": ""
      }
    },
    {
      "type": "Feature",
      "geometry": {
        "type": "Point",
        "coordinates": [
          138.0469594,
          35.5887523
        ]
      },
      "properties": {
        "内容": "バス停: 鹿塩 (大鹿線)",
        "name": "鹿塩",
        "operator": "大鹿線",
        "ref": "",
        "url": "",
        "url2": ""
      }
    },
    {
      "type": "Feature",
      "geometry": {
        "type": "Point",
        "coordinates": [
          138.0470031,
          35.5888753
        ]
      },
      "properties": {
        "内容": "バス停: 鹿塩 (大鹿線)",
        "name": "鹿塩",
        "operator": "大鹿線",
        "ref": "",
        "url": "",
        "url2": ""
      }
    },
    {
      "type": "Feature",
      "geometry": {
        "type": "Point",
        "coordinates": [
          137.6277622,
          36.1517534
        ]
      },
      "properties": {
        "内容": "バス停: 白骨温泉",
        "name": "白骨温泉",
        "operator": "事業者不明",
        "ref": "",
        "url": "",
        "url2": ""
      }
    },
    {
      "type": "Feature",
      "geometry": {
        "type": "Point",
        "coordinates": [
          138.0790844,
          35.5898931
        ]
      },
      "properties": {
        "内容": "バス停: 入沢井 (伊那バス)",
        "name": "入沢井",
        "operator": "伊那バス",
        "ref": "",
        "url": "",
        "url2": ""
      }
    },
    {
      "type": "Feature",
      "geometry": {
        "type": "Point",
        "coordinates": [
          137.9633427,
          35.8446743
        ]
      },
      "properties": {
        "内容": "バス停: 名称不明バス停",
        "name": "名称不明バス停",
        "operator": "事業者不明",
        "ref": "",
        "url": "",
        "url2": ""
      }
    },
    {
      "type": "Feature",
      "geometry": {
        "type": "Point",
        "coordinates": [
          138.0372782,
          35.5652459
        ]
      },
      "properties": {
        "内容": "バス停: 歌舞伎の里 (伊那バス)",
        "name": "歌舞伎の里",
        "operator": "伊那バス",
        "ref": "",
        "url": "",
        "url2": ""
      }
    },
    {
      "type": "Feature",
      "geometry": {
        "type": "Point",
        "coordinates": [
          137.8694176,
          36.459429
        ]
      },
      "properties": {
        "内容": "バス停: 名称不明バス停",
        "name": "名称不明バス停",
        "operator": "事業者不明",
        "ref": "",
        "url": "",
        "url2": ""
      }
    },
    {
      "type": "Feature",
      "geometry": {
        "type": "Point",
        "coordinates": [
          137.909596,
          36.7784492
        ]
      },
      "properties": {
        "内容": "バス停: 小谷村役場口 (小谷村営バス)",
        "name": "小谷村役場口",
        "operator": "小谷村営バス",
        "ref": "",
        "url": "",
        "url2": ""
      }
    },
    {
      "type": "Feature",
      "geometry": {
        "type": "Point",
        "coordinates": [
          137.9094947,
          36.7784787
        ]
      },
      "properties": {
        "内容": "バス停: 小谷村役場口 (小谷村営バス)",
        "name": "小谷村役場口",
        "operator": "小谷村営バス",
        "ref": "",
        "url": "",
        "url2": ""
      }
    },
    {
      "type": "Feature",
      "geometry": {
        "type": "Point",
        "coordinates": [
          138.1094026,
          35.9544919
        ]
      },
      "properties": {
        "内容": "バス停: 古屋敷",
        "name": "古屋敷",
        "operator": "事業者不明",
        "ref": "",
        "url": "",
        "url2": ""
      }
    },
    {
      "type": "Feature",
      "geometry": {
        "type": "Point",
        "coordinates": [
          138.1032437,
          35.9425347
        ]
      },
      "properties": {
        "内容": "バス停: 片倉",
        "name": "片倉",
        "operator": "事業者不明",
        "ref": "",
        "url": "",
        "url2": ""
      }
    },
    {
      "type": "Feature",
      "geometry": {
        "type": "Point",
        "coordinates": [
          137.9658997,
          35.9131346
        ]
      },
      "properties": {
        "内容": "バス停: 名称不明バス停",
        "name": "名称不明バス停",
        "operator": "事業者不明",
        "ref": "",
        "url": "",
        "url2": ""
      }
    },
    {
      "type": "Feature",
      "geometry": {
        "type": "Point",
        "coordinates": [
          137.8597485,
          36.7167024
        ]
      },
      "properties": {
        "内容": "バス停: 名称不明バス停",
        "name": "名称不明バス停",
        "operator": "事業者不明",
        "ref": "",
        "url": "",
        "url2": ""
      }
    },
    {
      "type": "Feature",
      "geometry": {
        "type": "Point",
        "coordinates": [
          138.1474385,
          36.4605377
        ]
      },
      "properties": {
        "内容": "バス停: 新山ニュータウン入口",
        "name": "新山ニュータウン入口",
        "operator": "事業者不明",
        "ref": "",
        "url": "",
        "url2": ""
      }
    },
    {
      "type": "Feature",
      "geometry": {
        "type": "Point",
        "coordinates": [
          138.1474645,
          36.4621944
        ]
      },
      "properties": {
        "内容": "バス停: 新山公民館",
        "name": "新山公民館",
        "operator": "事業者不明",
        "ref": "",
        "url": "",
        "url2": ""
      }
    },
    {
      "type": "Feature",
      "geometry": {
        "type": "Point",
        "coordinates": [
          138.1139143,
          36.5310879
        ]
      },
      "properties": {
        "内容": "バス停: 千曲市役所西",
        "name": "千曲市役所西",
        "operator": "事業者不明",
        "ref": "",
        "url": "",
        "url2": ""
      }
    },
    {
      "type": "Feature",
      "geometry": {
        "type": "Point",
        "coordinates": [
          138.1140736,
          36.5312549
        ]
      },
      "properties": {
        "内容": "バス停: 千曲市役所西",
        "name": "千曲市役所西",
        "operator": "事業者不明",
        "ref": "",
        "url": "",
        "url2": ""
      }
    },
    {
      "type": "Feature",
      "geometry": {
        "type": "Point",
        "coordinates": [
          138.1006346,
          36.4858858
        ]
      },
      "properties": {
        "内容": "バス停: 御麓火の見（循環）",
        "name": "御麓火の見（循環）",
        "operator": "事業者不明",
        "ref": "",
        "url": "",
        "url2": ""
      }
    },
    {
      "type": "Feature",
      "geometry": {
        "type": "Point",
        "coordinates": [
          138.1220529,
          36.4954877
        ]
      },
      "properties": {
        "内容": "バス停: 更科郵便局前",
        "name": "更科郵便局前",
        "operator": "事業者不明",
        "ref": "",
        "url": "",
        "url2": ""
      }
    },
    {
      "type": "Feature",
      "geometry": {
        "type": "Point",
        "coordinates": [
          138.1179619,
          36.4959994
        ]
      },
      "properties": {
        "内容": "バス停: JA更科店前",
        "name": "JA更科店前",
        "operator": "事業者不明",
        "ref": "",
        "url": "",
        "url2": ""
      }
    },
    {
      "type": "Feature",
      "geometry": {
        "type": "Point",
        "coordinates": [
          138.1124597,
          36.4962243
        ]
      },
      "properties": {
        "内容": "バス停: 明治新道入口",
        "name": "明治新道入口",
        "operator": "事業者不明",
        "ref": "",
        "url": "",
        "url2": ""
      }
    },
    {
      "type": "Feature",
      "geometry": {
        "type": "Point",
        "coordinates": [
          138.1106915,
          36.4953099
        ]
      },
      "properties": {
        "内容": "バス停: 四区公民館",
        "name": "四区公民館",
        "operator": "事業者不明",
        "ref": "",
        "url": "",
        "url2": ""
      }
    },
    {
      "type": "Feature",
      "geometry": {
        "type": "Point",
        "coordinates": [
          138.1081015,
          36.4928441
        ]
      },
      "properties": {
        "内容": "バス停: 四区消防詰所",
        "name": "四区消防詰所",
        "operator": "事業者不明",
        "ref": "",
        "url": "",
        "url2": ""
      }
    },
    {
      "type": "Feature",
      "geometry": {
        "type": "Point",
        "coordinates": [
          138.1042748,
          36.4956113
        ]
      },
      "properties": {
        "内容": "バス停: 五区公民館",
        "name": "五区公民館",
        "operator": "事業者不明",
        "ref": "",
        "url": "",
        "url2": ""
      }
    },
    {
      "type": "Feature",
      "geometry": {
        "type": "Point",
        "coordinates": [
          138.1026767,
          36.4990836
        ]
      },
      "properties": {
        "内容": "バス停: 長尾根",
        "name": "長尾根",
        "operator": "事業者不明",
        "ref": "",
        "url": "",
        "url2": ""
      }
    },
    {
      "type": "Feature",
      "geometry": {
        "type": "Point",
        "coordinates": [
          138.1313394,
          36.491291
        ]
      },
      "properties": {
        "内容": "バス停: 黒彦団地入口",
        "name": "黒彦団地入口",
        "operator": "事業者不明",
        "ref": "",
        "url": "",
        "url2": ""
      }
    },
    {
      "type": "Feature",
      "geometry": {
        "type": "Point",
        "coordinates": [
          138.1314687,
          36.4911323
        ]
      },
      "properties": {
        "内容": "バス停: 黒彦団地入口",
        "name": "黒彦団地入口",
        "operator": "事業者不明",
        "ref": "",
        "url": "",
        "url2": ""
      }
    },
    {
      "type": "Feature",
      "geometry": {
        "type": "Point",
        "coordinates": [
          138.1079442,
          36.4974681
        ]
      },
      "properties": {
        "内容": "バス停: 藤ノ木集会所",
        "name": "藤ノ木集会所",
        "operator": "事業者不明",
        "ref": "",
        "url": "",
        "url2": ""
      }
    },
    {
      "type": "Feature",
      "geometry": {
        "type": "Point",
        "coordinates": [
          138.0946374,
          36.5047337
        ]
      },
      "properties": {
        "内容": "バス停: 日本遺産センター",
        "name": "日本遺産センター",
        "operator": "事業者不明",
        "ref": "",
        "url": "",
        "url2": ""
      }
    },
    {
      "type": "Feature",
      "geometry": {
        "type": "Point",
        "coordinates": [
          138.0952247,
          36.5044177
        ]
      },
      "properties": {
        "内容": "バス停: 日本遺産センター",
        "name": "日本遺産センター",
        "operator": "事業者不明",
        "ref": "",
        "url": "",
        "url2": ""
      }
    },
    {
      "type": "Feature",
      "geometry": {
        "type": "Point",
        "coordinates": [
          138.0929331,
          36.5027803
        ]
      },
      "properties": {
        "内容": "バス停: JR姨捨駅",
        "name": "JR姨捨駅",
        "operator": "事業者不明",
        "ref": "",
        "url": "",
        "url2": ""
      }
    },
    {
      "type": "Feature",
      "geometry": {
        "type": "Point",
        "coordinates": [
          138.095377,
          36.5055164
        ]
      },
      "properties": {
        "内容": "バス停: 公民館下",
        "name": "公民館下",
        "operator": "事業者不明",
        "ref": "",
        "url": "",
        "url2": ""
      }
    },
    {
      "type": "Feature",
      "geometry": {
        "type": "Point",
        "coordinates": [
          138.1318751,
          36.505152
        ]
      },
      "properties": {
        "内容": "バス停: 五加小学校西",
        "name": "五加小学校西",
        "operator": "事業者不明",
        "ref": "",
        "url": "",
        "url2": ""
      }
    },
    {
      "type": "Feature",
      "geometry": {
        "type": "Point",
        "coordinates": [
          138.1318395,
          36.5052533
        ]
      },
      "properties": {
        "内容": "バス停: 五加小学校西",
        "name": "五加小学校西",
        "operator": "事業者不明",
        "ref": "",
        "url": "",
        "url2": ""
      }
    },
    {
      "type": "Feature",
      "geometry": {
        "type": "Point",
        "coordinates": [
          138.1348076,
          36.507247
        ]
      },
      "properties": {
        "内容": "バス停: セブンイレブン戸倉内川店東",
        "name": "セブンイレブン戸倉内川店東",
        "operator": "事業者不明",
        "ref": "",
        "url": "",
        "url2": ""
      }
    },
    {
      "type": "Feature",
      "geometry": {
        "type": "Point",
        "coordinates": [
          138.1349994,
          36.5072198
        ]
      },
      "properties": {
        "内容": "バス停: セブンイレブン戸倉内川店東",
        "name": "セブンイレブン戸倉内川店東",
        "operator": "事業者不明",
        "ref": "",
        "url": "",
        "url2": ""
      }
    },
    {
      "type": "Feature",
      "geometry": {
        "type": "Point",
        "coordinates": [
          138.1323363,
          36.5098865
        ]
      },
      "properties": {
        "内容": "バス停: 名称不明バス停",
        "name": "名称不明バス停",
        "operator": "事業者不明",
        "ref": "",
        "url": "",
        "url2": ""
      }
    },
    {
      "type": "Feature",
      "geometry": {
        "type": "Point",
        "coordinates": [
          138.1325978,
          36.5097579
        ]
      },
      "properties": {
        "内容": "バス停: 名称不明バス停",
        "name": "名称不明バス停",
        "operator": "事業者不明",
        "ref": "",
        "url": "",
        "url2": ""
      }
    },
    {
      "type": "Feature",
      "geometry": {
        "type": "Point",
        "coordinates": [
          138.1620455,
          36.4615518
        ]
      },
      "properties": {
        "内容": "バス停: 力石公民館",
        "name": "力石公民館",
        "operator": "事業者不明",
        "ref": "",
        "url": "",
        "url2": ""
      }
    },
    {
      "type": "Feature",
      "geometry": {
        "type": "Point",
        "coordinates": [
          138.1619761,
          36.4615035
        ]
      },
      "properties": {
        "内容": "バス停: 力石公民館前",
        "name": "力石公民館前",
        "operator": "事業者不明",
        "ref": "",
        "url": "",
        "url2": ""
      }
    },
    {
      "type": "Feature",
      "geometry": {
        "type": "Point",
        "coordinates": [
          138.1597996,
          36.4596862
        ]
      },
      "properties": {
        "内容": "バス停: 力石4組集会所",
        "name": "力石4組集会所",
        "operator": "事業者不明",
        "ref": "",
        "url": "",
        "url2": ""
      }
    },
    {
      "type": "Feature",
      "geometry": {
        "type": "Point",
        "coordinates": [
          138.1291345,
          36.5134284
        ]
      },
      "properties": {
        "内容": "バス停: 森林組合",
        "name": "森林組合",
        "operator": "事業者不明",
        "ref": "",
        "url": "",
        "url2": ""
      }
    },
    {
      "type": "Feature",
      "geometry": {
        "type": "Point",
        "coordinates": [
          138.1291482,
          36.5132602
        ]
      },
      "properties": {
        "内容": "バス停: 森林組合",
        "name": "森林組合",
        "operator": "事業者不明",
        "ref": "",
        "url": "",
        "url2": ""
      }
    },
    {
      "type": "Feature",
      "geometry": {
        "type": "Point",
        "coordinates": [
          138.1382259,
          36.5073019
        ]
      },
      "properties": {
        "内容": "バス停: 内川公民館",
        "name": "内川公民館",
        "operator": "事業者不明",
        "ref": "",
        "url": "",
        "url2": ""
      }
    },
    {
      "type": "Feature",
      "geometry": {
        "type": "Point",
        "coordinates": [
          138.1415589,
          36.5087926
        ]
      },
      "properties": {
        "内容": "バス停: 千曲駅",
        "name": "千曲駅",
        "operator": "事業者不明",
        "ref": "",
        "url": "",
        "url2": ""
      }
    },
    {
      "type": "Feature",
      "geometry": {
        "type": "Point",
        "coordinates": [
          138.1561752,
          36.4786408
        ]
      },
      "properties": {
        "内容": "バス停: 二階堂医院前",
        "name": "二階堂医院前",
        "operator": "事業者不明",
        "ref": "",
        "url": "",
        "url2": ""
      }
    },
    {
      "type": "Feature",
      "geometry": {
        "type": "Point",
        "coordinates": [
          138.1546992,
          36.4785603
        ]
      },
      "properties": {
        "内容": "バス停: 戸倉体育館",
        "name": "戸倉体育館",
        "operator": "事業者不明",
        "ref": "",
        "url": "",
        "url2": ""
      }
    },
    {
      "type": "Feature",
      "geometry": {
        "type": "Point",
        "coordinates": [
          138.149824,
          36.4816377
        ]
      },
      "properties": {
        "内容": "バス停: 地域福祉センター (千曲市)",
        "name": "地域福祉センター",
        "operator": "千曲市",
        "ref": "",
        "url": "",
        "url2": ""
      }
    },
    {
      "type": "Feature",
      "geometry": {
        "type": "Point",
        "coordinates": [
          138.146825,
          36.4935779
        ]
      },
      "properties": {
        "内容": "バス停: 上徳館前",
        "name": "上徳館前",
        "operator": "事業者不明",
        "ref": "",
        "url": "",
        "url2": ""
      }
    },
    {
      "type": "Feature",
      "geometry": {
        "type": "Point",
        "coordinates": [
          138.1470437,
          36.4933765
        ]
      },
      "properties": {
        "内容": "バス停: 上徳館前",
        "name": "上徳館前",
        "operator": "事業者不明",
        "ref": "",
        "url": "",
        "url2": ""
      }
    },
    {
      "type": "Feature",
      "geometry": {
        "type": "Point",
        "coordinates": [
          138.1445028,
          36.4970402
        ]
      },
      "properties": {
        "内容": "バス停: 上徳間公民館",
        "name": "上徳間公民館",
        "operator": "事業者不明",
        "ref": "",
        "url": "",
        "url2": ""
      }
    },
    {
      "type": "Feature",
      "geometry": {
        "type": "Point",
        "coordinates": [
          138.1450875,
          36.4965994
        ]
      },
      "properties": {
        "内容": "バス停: 上徳間公民館",
        "name": "上徳間公民館",
        "operator": "事業者不明",
        "ref": "",
        "url": "",
        "url2": ""
      }
    },
    {
      "type": "Feature",
      "geometry": {
        "type": "Point",
        "coordinates": [
          138.1462068,
          36.5017835
        ]
      },
      "properties": {
        "内容": "バス停: 柏王公民館入口",
        "name": "柏王公民館入口",
        "operator": "事業者不明",
        "ref": "",
        "url": "",
        "url2": ""
      }
    },
    {
      "type": "Feature",
      "geometry": {
        "type": "Point",
        "coordinates": [
          138.1494352,
          36.4991615
        ]
      },
      "properties": {
        "内容": "バス停: 柏王南",
        "name": "柏王南",
        "operator": "事業者不明",
        "ref": "",
        "url": "",
        "url2": ""
      }
    },
    {
      "type": "Feature",
      "geometry": {
        "type": "Point",
        "coordinates": [
          138.1505902,
          36.4956145
        ]
      },
      "properties": {
        "内容": "バス停: 今井町",
        "name": "今井町",
        "operator": "事業者不明",
        "ref": "",
        "url": "",
        "url2": ""
      }
    },
    {
      "type": "Feature",
      "geometry": {
        "type": "Point",
        "coordinates": [
          138.2463495,
          35.9220364
        ]
      },
      "properties": {
        "内容": "バス停: 中央道富士見",
        "name": "中央道富士見",
        "operator": "事業者不明",
        "ref": "",
        "url": "",
        "url2": ""
      }
    },
    {
      "type": "Feature",
      "geometry": {
        "type": "Point",
        "coordinates": [
          138.246629,
          35.9222405
        ]
      },
      "properties": {
        "内容": "バス停: 中央道富士見",
        "name": "中央道富士見",
        "operator": "事業者不明",
        "ref": "",
        "url": "",
        "url2": ""
      }
    },
    {
      "type": "Feature",
      "geometry": {
        "type": "Point",
        "coordinates": [
          138.1418396,
          36.4996779
        ]
      },
      "properties": {
        "内容": "バス停: 十夜河原入口",
        "name": "十夜河原入口",
        "operator": "事業者不明",
        "ref": "",
        "url": "",
        "url2": ""
      }
    },
    {
      "type": "Feature",
      "geometry": {
        "type": "Point",
        "coordinates": [
          138.1419676,
          36.4996654
        ]
      },
      "properties": {
        "内容": "バス停: 十夜河原入口",
        "name": "十夜河原入口",
        "operator": "事業者不明",
        "ref": "",
        "url": "",
        "url2": ""
      }
    },
    {
      "type": "Feature",
      "geometry": {
        "type": "Point",
        "coordinates": [
          138.1345052,
          36.5065634
        ]
      },
      "properties": {
        "内容": "バス停: セブンイレブン戸倉内川店南",
        "name": "セブンイレブン戸倉内川店南",
        "operator": "事業者不明",
        "ref": "",
        "url": "",
        "url2": ""
      }
    },
    {
      "type": "Feature",
      "geometry": {
        "type": "Point",
        "coordinates": [
          138.1154037,
          36.5293645
        ]
      },
      "properties": {
        "内容": "バス停: 千曲市役所東",
        "name": "千曲市役所東",
        "operator": "事業者不明",
        "ref": "",
        "url": "",
        "url2": ""
      }
    },
    {
      "type": "Feature",
      "geometry": {
        "type": "Point",
        "coordinates": [
          138.1154541,
          36.529965
        ]
      },
      "properties": {
        "内容": "バス停: 千曲市役所東",
        "name": "千曲市役所東",
        "operator": "事業者不明",
        "ref": "",
        "url": "",
        "url2": ""
      }
    },
    {
      "type": "Feature",
      "geometry": {
        "type": "Point",
        "coordinates": [
          138.1155194,
          36.5282344
        ]
      },
      "properties": {
        "内容": "バス停: 高河原",
        "name": "高河原",
        "operator": "事業者不明",
        "ref": "",
        "url": "",
        "url2": ""
      }
    },
    {
      "type": "Feature",
      "geometry": {
        "type": "Point",
        "coordinates": [
          138.1156947,
          36.5279418
        ]
      },
      "properties": {
        "内容": "バス停: 高河原",
        "name": "高河原",
        "operator": "事業者不明",
        "ref": "",
        "url": "",
        "url2": ""
      }
    },
    {
      "type": "Feature",
      "geometry": {
        "type": "Point",
        "coordinates": [
          138.0345868,
          35.5788472
        ]
      },
      "properties": {
        "内容": "バス停: 落合 (伊那バス)",
        "name": "落合",
        "operator": "伊那バス",
        "ref": "",
        "url": "",
        "url2": ""
      }
    },
    {
      "type": "Feature",
      "geometry": {
        "type": "Point",
        "coordinates": [
          138.069077,
          36.6775238
        ]
      },
      "properties": {
        "内容": "バス停: 柵郵便局前 (長野市)",
        "name": "柵郵便局前",
        "operator": "長野市",
        "ref": "",
        "url": "",
        "url2": ""
      }
    },
    {
      "type": "Feature",
      "geometry": {
        "type": "Point",
        "coordinates": [
          138.0678063,
          36.6765801
        ]
      },
      "properties": {
        "内容": "バス停: 戸隠公民館 (長野市)",
        "name": "戸隠公民館",
        "operator": "長野市",
        "ref": "",
        "url": "",
        "url2": ""
      }
    },
    {
      "type": "Feature",
      "geometry": {
        "type": "Point",
        "coordinates": [
          138.1250698,
          36.5386836
        ]
      },
      "properties": {
        "内容": "バス停: 屋代公民館",
        "name": "屋代公民館",
        "operator": "事業者不明",
        "ref": "",
        "url": "",
        "url2": ""
      }
    },
    {
      "type": "Feature",
      "geometry": {
        "type": "Point",
        "coordinates": [
          138.1250757,
          36.5387482
        ]
      },
      "properties": {
        "内容": "バス停: 屋代公民館",
        "name": "屋代公民館",
        "operator": "事業者不明",
        "ref": "",
        "url": "",
        "url2": ""
      }
    },
    {
      "type": "Feature",
      "geometry": {
        "type": "Point",
        "coordinates": [
          138.1376153,
          36.5128951
        ]
      },
      "properties": {
        "内容": "バス停: 寂蒔上町集会所",
        "name": "寂蒔上町集会所",
        "operator": "事業者不明",
        "ref": "",
        "url": "",
        "url2": ""
      }
    },
    {
      "type": "Feature",
      "geometry": {
        "type": "Point",
        "coordinates": [
          138.1262951,
          36.5163333
        ]
      },
      "properties": {
        "内容": "バス停: 鋳物師屋南",
        "name": "鋳物師屋南",
        "operator": "事業者不明",
        "ref": "",
        "url": "",
        "url2": ""
      }
    },
    {
      "type": "Feature",
      "geometry": {
        "type": "Point",
        "coordinates": [
          138.155595,
          36.4871238
        ]
      },
      "properties": {
        "内容": "バス停: 茶売原踏切前",
        "name": "茶売原踏切前",
        "operator": "事業者不明",
        "ref": "",
        "url": "",
        "url2": ""
      }
    },
    {
      "type": "Feature",
      "geometry": {
        "type": "Point",
        "coordinates": [
          138.1574323,
          36.484584
        ]
      },
      "properties": {
        "内容": "バス停: 福井公民館",
        "name": "福井公民館",
        "operator": "事業者不明",
        "ref": "",
        "url": "",
        "url2": ""
      }
    },
    {
      "type": "Feature",
      "geometry": {
        "type": "Point",
        "coordinates": [
          138.1023357,
          36.5133877
        ]
      },
      "properties": {
        "内容": "バス停: 辻",
        "name": "辻",
        "operator": "事業者不明",
        "ref": "",
        "url": "",
        "url2": ""
      }
    },
    {
      "type": "Feature",
      "geometry": {
        "type": "Point",
        "coordinates": [
          138.1020536,
          36.5110828
        ]
      },
      "properties": {
        "内容": "バス停: 斉の森",
        "name": "斉の森",
        "operator": "事業者不明",
        "ref": "",
        "url": "",
        "url2": ""
      }
    },
    {
      "type": "Feature",
      "geometry": {
        "type": "Point",
        "coordinates": [
          138.1021039,
          36.5109973
        ]
      },
      "properties": {
        "内容": "バス停: 斉の森",
        "name": "斉の森",
        "operator": "事業者不明",
        "ref": "",
        "url": "",
        "url2": ""
      }
    },
    {
      "type": "Feature",
      "geometry": {
        "type": "Point",
        "coordinates": [
          138.1026204,
          36.5167015
        ]
      },
      "properties": {
        "内容": "バス停: 鳥居前",
        "name": "鳥居前",
        "operator": "事業者不明",
        "ref": "",
        "url": "",
        "url2": ""
      }
    },
    {
      "type": "Feature",
      "geometry": {
        "type": "Point",
        "coordinates": [
          138.1027631,
          36.5166523
        ]
      },
      "properties": {
        "内容": "バス停: 鳥居前",
        "name": "鳥居前",
        "operator": "事業者不明",
        "ref": "",
        "url": "",
        "url2": ""
      }
    },
    {
      "type": "Feature",
      "geometry": {
        "type": "Point",
        "coordinates": [
          138.1360072,
          36.4585997
        ]
      },
      "properties": {
        "内容": "バス停: 漆原集落センター",
        "name": "漆原集落センター",
        "operator": "事業者不明",
        "ref": "",
        "url": "",
        "url2": ""
      }
    },
    {
      "type": "Feature",
      "geometry": {
        "type": "Point",
        "coordinates": [
          138.1399967,
          36.4655864
        ]
      },
      "properties": {
        "内容": "バス停: 智識寺前",
        "name": "智識寺前",
        "operator": "事業者不明",
        "ref": "",
        "url": "",
        "url2": ""
      }
    },
    {
      "type": "Feature",
      "geometry": {
        "type": "Point",
        "coordinates": [
          138.0125678,
          35.5960601
        ]
      },
      "properties": {
        "内容": "バス停: 松除橋 (伊那バス)",
        "name": "松除橋",
        "operator": "伊那バス",
        "ref": "",
        "url": "",
        "url2": ""
      }
    },
    {
      "type": "Feature",
      "geometry": {
        "type": "Point",
        "coordinates": [
          138.0126916,
          35.5960861
        ]
      },
      "properties": {
        "内容": "バス停: 松除橋 (伊那バス)",
        "name": "松除橋",
        "operator": "伊那バス",
        "ref": "",
        "url": "",
        "url2": ""
      }
    },
    {
      "type": "Feature",
      "geometry": {
        "type": "Point",
        "coordinates": [
          138.1878615,
          36.6494671
        ]
      },
      "properties": {
        "内容": "バス停: 昭和通り",
        "name": "昭和通り",
        "operator": "事業者不明",
        "ref": "",
        "url": "",
        "url2": ""
      }
    },
    {
      "type": "Feature",
      "geometry": {
        "type": "Point",
        "coordinates": [
          138.1881873,
          36.6493462
        ]
      },
      "properties": {
        "内容": "バス停: 昭和通り",
        "name": "昭和通り",
        "operator": "事業者不明",
        "ref": "",
        "url": "",
        "url2": ""
      }
    },
    {
      "type": "Feature",
      "geometry": {
        "type": "Point",
        "coordinates": [
          138.187788,
          36.6494696
        ]
      },
      "properties": {
        "内容": "バス停: 昭和通り",
        "name": "昭和通り",
        "operator": "事業者不明",
        "ref": "",
        "url": "",
        "url2": ""
      }
    },
    {
      "type": "Feature",
      "geometry": {
        "type": "Point",
        "coordinates": [
          138.1879761,
          36.649361
        ]
      },
      "properties": {
        "内容": "バス停: 昭和通り",
        "name": "昭和通り",
        "operator": "事業者不明",
        "ref": "",
        "url": "",
        "url2": ""
      }
    },
    {
      "type": "Feature",
      "geometry": {
        "type": "Point",
        "coordinates": [
          138.1041029,
          36.5349771
        ]
      },
      "properties": {
        "内容": "バス停: 本八日町",
        "name": "本八日町",
        "operator": "事業者不明",
        "ref": "",
        "url": "",
        "url2": ""
      }
    },
    {
      "type": "Feature",
      "geometry": {
        "type": "Point",
        "coordinates": [
          138.1042208,
          36.5350833
        ]
      },
      "properties": {
        "内容": "バス停: 本八日町",
        "name": "本八日町",
        "operator": "事業者不明",
        "ref": "",
        "url": "",
        "url2": ""
      }
    },
    {
      "type": "Feature",
      "geometry": {
        "type": "Point",
        "coordinates": [
          138.1280459,
          36.5317985
        ]
      },
      "properties": {
        "内容": "バス停: 降車専用",
        "name": "降車専用",
        "operator": "事業者不明",
        "ref": "",
        "url": "",
        "url2": ""
      }
    },
    {
      "type": "Feature",
      "geometry": {
        "type": "Point",
        "coordinates": [
          138.1279057,
          36.531598
        ]
      },
      "properties": {
        "内容": "バス停: 屋代駅",
        "name": "屋代駅",
        "operator": "事業者不明",
        "ref": "",
        "url": "",
        "url2": ""
      }
    },
    {
      "type": "Feature",
      "geometry": {
        "type": "Point",
        "coordinates": [
          138.0882042,
          36.5256966
        ]
      },
      "properties": {
        "内容": "バス停: ひまわり前",
        "name": "ひまわり前",
        "operator": "事業者不明",
        "ref": "",
        "url": "",
        "url2": ""
      }
    },
    {
      "type": "Feature",
      "geometry": {
        "type": "Point",
        "coordinates": [
          138.0882742,
          36.5256682
        ]
      },
      "properties": {
        "内容": "バス停: ひまわり前",
        "name": "ひまわり前",
        "operator": "事業者不明",
        "ref": "",
        "url": "",
        "url2": ""
      }
    },
    {
      "type": "Feature",
      "geometry": {
        "type": "Point",
        "coordinates": [
          138.1685218,
          36.5318054
        ]
      },
      "properties": {
        "内容": "バス停: 名称不明バス停",
        "name": "名称不明バス停",
        "operator": "事業者不明",
        "ref": "",
        "url": "",
        "url2": ""
      }
    },
    {
      "type": "Feature",
      "geometry": {
        "type": "Point",
        "coordinates": [
          138.1684384,
          36.5317959
        ]
      },
      "properties": {
        "内容": "バス停: 名称不明バス停",
        "name": "名称不明バス停",
        "operator": "事業者不明",
        "ref": "",
        "url": "",
        "url2": ""
      }
    },
    {
      "type": "Feature",
      "geometry": {
        "type": "Point",
        "coordinates": [
          138.1629927,
          36.5311134
        ]
      },
      "properties": {
        "内容": "バス停: 石杭",
        "name": "石杭",
        "operator": "事業者不明",
        "ref": "",
        "url": "",
        "url2": ""
      }
    },
    {
      "type": "Feature",
      "geometry": {
        "type": "Point",
        "coordinates": [
          138.1660569,
          36.5297684
        ]
      },
      "properties": {
        "内容": "バス停: 赤芝",
        "name": "赤芝",
        "operator": "事業者不明",
        "ref": "",
        "url": "",
        "url2": ""
      }
    },
    {
      "type": "Feature",
      "geometry": {
        "type": "Point",
        "coordinates": [
          138.1660349,
          36.5298318
        ]
      },
      "properties": {
        "内容": "バス停: 赤芝",
        "name": "赤芝",
        "operator": "事業者不明",
        "ref": "",
        "url": "",
        "url2": ""
      }
    },
    {
      "type": "Feature",
      "geometry": {
        "type": "Point",
        "coordinates": [
          138.1636388,
          36.5287056
        ]
      },
      "properties": {
        "内容": "バス停: 田端",
        "name": "田端",
        "operator": "事業者不明",
        "ref": "",
        "url": "",
        "url2": ""
      }
    },
    {
      "type": "Feature",
      "geometry": {
        "type": "Point",
        "coordinates": [
          138.163572,
          36.528607
        ]
      },
      "properties": {
        "内容": "バス停: 田端",
        "name": "田端",
        "operator": "事業者不明",
        "ref": "",
        "url": "",
        "url2": ""
      }
    },
    {
      "type": "Feature",
      "geometry": {
        "type": "Point",
        "coordinates": [
          138.1501111,
          36.5286577
        ]
      },
      "properties": {
        "内容": "バス停: 岡地入口",
        "name": "岡地入口",
        "operator": "事業者不明",
        "ref": "",
        "url": "",
        "url2": ""
      }
    },
    {
      "type": "Feature",
      "geometry": {
        "type": "Point",
        "coordinates": [
          138.1499169,
          36.5285785
        ]
      },
      "properties": {
        "内容": "バス停: 岡地入口",
        "name": "岡地入口",
        "operator": "事業者不明",
        "ref": "",
        "url": "",
        "url2": ""
      }
    },
    {
      "type": "Feature",
      "geometry": {
        "type": "Point",
        "coordinates": [
          138.1524263,
          36.526185
        ]
      },
      "properties": {
        "内容": "バス停: 森北",
        "name": "森北",
        "operator": "事業者不明",
        "ref": "",
        "url": "",
        "url2": ""
      }
    },
    {
      "type": "Feature",
      "geometry": {
        "type": "Point",
        "coordinates": [
          138.152561,
          36.5261279
        ]
      },
      "properties": {
        "内容": "バス停: 森北",
        "name": "森北",
        "operator": "事業者不明",
        "ref": "",
        "url": "",
        "url2": ""
      }
    },
    {
      "type": "Feature",
      "geometry": {
        "type": "Point",
        "coordinates": [
          138.1555025,
          36.5234224
        ]
      },
      "properties": {
        "内容": "バス停: 森南",
        "name": "森南",
        "operator": "事業者不明",
        "ref": "",
        "url": "",
        "url2": ""
      }
    },
    {
      "type": "Feature",
      "geometry": {
        "type": "Point",
        "coordinates": [
          138.1579846,
          36.5242243
        ]
      },
      "properties": {
        "内容": "バス停: 中之宮公会堂",
        "name": "中之宮公会堂",
        "operator": "事業者不明",
        "ref": "",
        "url": "",
        "url2": ""
      }
    },
    {
      "type": "Feature",
      "geometry": {
        "type": "Point",
        "coordinates": [
          138.1579114,
          36.5242018
        ]
      },
      "properties": {
        "内容": "バス停: 中之宮公会堂",
        "name": "中之宮公会堂",
        "operator": "事業者不明",
        "ref": "",
        "url": "",
        "url2": ""
      }
    },
    {
      "type": "Feature",
      "geometry": {
        "type": "Point",
        "coordinates": [
          138.1571679,
          36.5321663
        ]
      },
      "properties": {
        "内容": "バス停: 健康プラザ",
        "name": "健康プラザ",
        "operator": "事業者不明",
        "ref": "",
        "url": "",
        "url2": ""
      }
    },
    {
      "type": "Feature",
      "geometry": {
        "type": "Point",
        "coordinates": [
          138.1594607,
          36.5283459
        ]
      },
      "properties": {
        "内容": "バス停: あんず保育園",
        "name": "あんず保育園",
        "operator": "事業者不明",
        "ref": "",
        "url": "",
        "url2": ""
      }
    },
    {
      "type": "Feature",
      "geometry": {
        "type": "Point",
        "coordinates": [
          138.1595922,
          36.5284061
        ]
      },
      "properties": {
        "内容": "バス停: あんず保育園",
        "name": "あんず保育園",
        "operator": "事業者不明",
        "ref": "",
        "url": "",
        "url2": ""
      }
    },
    {
      "type": "Feature",
      "geometry": {
        "type": "Point",
        "coordinates": [
          138.1589879,
          36.5321204
        ]
      },
      "properties": {
        "内容": "バス停: 倉科入口",
        "name": "倉科入口",
        "operator": "事業者不明",
        "ref": "",
        "url": "",
        "url2": ""
      }
    },
    {
      "type": "Feature",
      "geometry": {
        "type": "Point",
        "coordinates": [
          138.1562625,
          36.5522357
        ]
      },
      "properties": {
        "内容": "バス停: 土口中",
        "name": "土口中",
        "operator": "事業者不明",
        "ref": "",
        "url": "",
        "url2": ""
      }
    },
    {
      "type": "Feature",
      "geometry": {
        "type": "Point",
        "coordinates": [
          138.15647,
          36.5548064
        ]
      },
      "properties": {
        "内容": "バス停: 土口北",
        "name": "土口北",
        "operator": "事業者不明",
        "ref": "",
        "url": "",
        "url2": ""
      }
    },
    {
      "type": "Feature",
      "geometry": {
        "type": "Point",
        "coordinates": [
          138.1563736,
          36.5546566
        ]
      },
      "properties": {
        "内容": "バス停: 土口北",
        "name": "土口北",
        "operator": "事業者不明",
        "ref": "",
        "url": "",
        "url2": ""
      }
    },
    {
      "type": "Feature",
      "geometry": {
        "type": "Point",
        "coordinates": [
          138.1896034,
          36.4519474
        ]
      },
      "properties": {
        "内容": "バス停: 中之条武市医院様前",
        "name": "中之条武市医院様前",
        "operator": "事業者不明",
        "ref": "",
        "url": "",
        "url2": ""
      }
    },
    {
      "type": "Feature",
      "geometry": {
        "type": "Point",
        "coordinates": [
          138.189681,
          36.4520328
        ]
      },
      "properties": {
        "内容": "バス停: 中之条武市医院様前",
        "name": "中之条武市医院様前",
        "operator": "事業者不明",
        "ref": "",
        "url": "",
        "url2": ""
      }
    },
    {
      "type": "Feature",
      "geometry": {
        "type": "Point",
        "coordinates": [
          138.0899316,
          36.5201247
        ]
      },
      "properties": {
        "内容": "バス停: 郡",
        "name": "郡",
        "operator": "事業者不明",
        "ref": "",
        "url": "",
        "url2": ""
      }
    },
    {
      "type": "Feature",
      "geometry": {
        "type": "Point",
        "coordinates": [
          138.1164839,
          36.5265967
        ]
      },
      "properties": {
        "内容": "バス停: 新田入口",
        "name": "新田入口",
        "operator": "事業者不明",
        "ref": "",
        "url": "",
        "url2": ""
      }
    },
    {
      "type": "Feature",
      "geometry": {
        "type": "Point",
        "coordinates": [
          138.1163171,
          36.5266463
        ]
      },
      "properties": {
        "内容": "バス停: 新田入口",
        "name": "新田入口",
        "operator": "事業者不明",
        "ref": "",
        "url": "",
        "url2": ""
      }
    },
    {
      "type": "Feature",
      "geometry": {
        "type": "Point",
        "coordinates": [
          138.6309834,
          36.3177409
        ]
      },
      "properties": {
        "内容": "バス停: 名称不明バス停",
        "name": "名称不明バス停",
        "operator": "事業者不明",
        "ref": "",
        "url": "",
        "url2": ""
      }
    },
    {
      "type": "Feature",
      "geometry": {
        "type": "Point",
        "coordinates": [
          138.1672552,
          36.4415478
        ]
      },
      "properties": {
        "内容": "バス停: びんぐし湯さん館",
        "name": "びんぐし湯さん館",
        "operator": "事業者不明",
        "ref": "",
        "url": "",
        "url2": ""
      }
    },
    {
      "type": "Feature",
      "geometry": {
        "type": "Point",
        "coordinates": [
          138.0968943,
          36.5134568
        ]
      },
      "properties": {
        "内容": "バス停: 八幡峰",
        "name": "八幡峰",
        "operator": "事業者不明",
        "ref": "",
        "url": "",
        "url2": ""
      }
    },
    {
      "type": "Feature",
      "geometry": {
        "type": "Point",
        "coordinates": [
          138.0921595,
          36.5126422
        ]
      },
      "properties": {
        "内容": "バス停: 八幡工業団地入口",
        "name": "八幡工業団地入口",
        "operator": "事業者不明",
        "ref": "",
        "url": "",
        "url2": ""
      }
    },
    {
      "type": "Feature",
      "geometry": {
        "type": "Point",
        "coordinates": [
          138.1025023,
          36.5139741
        ]
      },
      "properties": {
        "内容": "バス停: 辻",
        "name": "辻",
        "operator": "事業者不明",
        "ref": "",
        "url": "",
        "url2": ""
      }
    },
    {
      "type": "Feature",
      "geometry": {
        "type": "Point",
        "coordinates": [
          138.1034936,
          36.5119535
        ]
      },
      "properties": {
        "内容": "バス停: 上町",
        "name": "上町",
        "operator": "事業者不明",
        "ref": "",
        "url": "",
        "url2": ""
      }
    },
    {
      "type": "Feature",
      "geometry": {
        "type": "Point",
        "coordinates": [
          138.1033452,
          36.5119535
        ]
      },
      "properties": {
        "内容": "バス停: 上町",
        "name": "上町",
        "operator": "事業者不明",
        "ref": "",
        "url": "",
        "url2": ""
      }
    },
    {
      "type": "Feature",
      "geometry": {
        "type": "Point",
        "coordinates": [
          138.1092327,
          36.5079369
        ]
      },
      "properties": {
        "内容": "バス停: 代入口",
        "name": "代入口",
        "operator": "事業者不明",
        "ref": "",
        "url": "",
        "url2": ""
      }
    },
    {
      "type": "Feature",
      "geometry": {
        "type": "Point",
        "coordinates": [
          138.1086224,
          36.5078917
        ]
      },
      "properties": {
        "内容": "バス停: 代入口",
        "name": "代入口",
        "operator": "事業者不明",
        "ref": "",
        "url": "",
        "url2": ""
      }
    },
    {
      "type": "Feature",
      "geometry": {
        "type": "Point",
        "coordinates": [
          138.1161985,
          36.5030431
        ]
      },
      "properties": {
        "内容": "バス停: 三島",
        "name": "三島",
        "operator": "事業者不明",
        "ref": "",
        "url": "",
        "url2": ""
      }
    },
    {
      "type": "Feature",
      "geometry": {
        "type": "Point",
        "coordinates": [
          138.0780887,
          36.5195961
        ]
      },
      "properties": {
        "内容": "バス停: 佐野入口",
        "name": "佐野入口",
        "operator": "事業者不明",
        "ref": "",
        "url": "",
        "url2": ""
      }
    },
    {
      "type": "Feature",
      "geometry": {
        "type": "Point",
        "coordinates": [
          138.0807272,
          36.5197348
        ]
      },
      "properties": {
        "内容": "バス停: 天満宮前",
        "name": "天満宮前",
        "operator": "事業者不明",
        "ref": "",
        "url": "",
        "url2": ""
      }
    },
    {
      "type": "Feature",
      "geometry": {
        "type": "Point",
        "coordinates": [
          138.0808126,
          36.5198455
        ]
      },
      "properties": {
        "内容": "バス停: 天満宮前",
        "name": "天満宮前",
        "operator": "事業者不明",
        "ref": "",
        "url": "",
        "url2": ""
      }
    },
    {
      "type": "Feature",
      "geometry": {
        "type": "Point",
        "coordinates": [
          138.0825734,
          36.5206299
        ]
      },
      "properties": {
        "内容": "バス停: 上中区",
        "name": "上中区",
        "operator": "事業者不明",
        "ref": "",
        "url": "",
        "url2": ""
      }
    },
    {
      "type": "Feature",
      "geometry": {
        "type": "Point",
        "coordinates": [
          138.0825866,
          36.5207132
        ]
      },
      "properties": {
        "内容": "バス停: 上中区",
        "name": "上中区",
        "operator": "事業者不明",
        "ref": "",
        "url": "",
        "url2": ""
      }
    },
    {
      "type": "Feature",
      "geometry": {
        "type": "Point",
        "coordinates": [
          138.0836858,
          36.5205639
        ]
      },
      "properties": {
        "内容": "バス停: 竹林の湯",
        "name": "竹林の湯",
        "operator": "事業者不明",
        "ref": "",
        "url": "",
        "url2": ""
      }
    },
    {
      "type": "Feature",
      "geometry": {
        "type": "Point",
        "coordinates": [
          138.08435,
          36.5215696
        ]
      },
      "properties": {
        "内容": "バス停: 桑原",
        "name": "桑原",
        "operator": "事業者不明",
        "ref": "",
        "url": "",
        "url2": ""
      }
    },
    {
      "type": "Feature",
      "geometry": {
        "type": "Point",
        "coordinates": [
          138.0845092,
          36.5215874
        ]
      },
      "properties": {
        "内容": "バス停: 桑原",
        "name": "桑原",
        "operator": "事業者不明",
        "ref": "",
        "url": "",
        "url2": ""
      }
    },
    {
      "type": "Feature",
      "geometry": {
        "type": "Point",
        "coordinates": [
          138.0866399,
          36.5226082
        ]
      },
      "properties": {
        "内容": "バス停: 桑原鳥居前",
        "name": "桑原鳥居前",
        "operator": "事業者不明",
        "ref": "",
        "url": "",
        "url2": ""
      }
    },
    {
      "type": "Feature",
      "geometry": {
        "type": "Point",
        "coordinates": [
          138.0863148,
          36.5225494
        ]
      },
      "properties": {
        "内容": "バス停: 桑原鳥居前",
        "name": "桑原鳥居前",
        "operator": "事業者不明",
        "ref": "",
        "url": "",
        "url2": ""
      }
    },
    {
      "type": "Feature",
      "geometry": {
        "type": "Point",
        "coordinates": [
          138.0744824,
          36.5193069
        ]
      },
      "properties": {
        "内容": "バス停: 佐野下",
        "name": "佐野下",
        "operator": "事業者不明",
        "ref": "",
        "url": "",
        "url2": ""
      }
    },
    {
      "type": "Feature",
      "geometry": {
        "type": "Point",
        "coordinates": [
          138.0747008,
          36.516901
        ]
      },
      "properties": {
        "内容": "バス停: 中原踏切下",
        "name": "中原踏切下",
        "operator": "事業者不明",
        "ref": "",
        "url": "",
        "url2": ""
      }
    },
    {
      "type": "Feature",
      "geometry": {
        "type": "Point",
        "coordinates": [
          138.1199147,
          36.5228611
        ]
      },
      "properties": {
        "内容": "バス停: 新田ふれあい広場",
        "name": "新田ふれあい広場",
        "operator": "事業者不明",
        "ref": "",
        "url": "",
        "url2": ""
      }
    },
    {
      "type": "Feature",
      "geometry": {
        "type": "Point",
        "coordinates": [
          138.1200513,
          36.5228386
        ]
      },
      "properties": {
        "内容": "バス停: 新田ふれあい広場",
        "name": "新田ふれあい広場",
        "operator": "事業者不明",
        "ref": "",
        "url": "",
        "url2": ""
      }
    },
    {
      "type": "Feature",
      "geometry": {
        "type": "Point",
        "coordinates": [
          138.140003,
          36.5011925
        ]
      },
      "properties": {
        "内容": "バス停: 五差路",
        "name": "五差路",
        "operator": "事業者不明",
        "ref": "",
        "url": "",
        "url2": ""
      }
    },
    {
      "type": "Feature",
      "geometry": {
        "type": "Point",
        "coordinates": [
          138.1398163,
          36.5012058
        ]
      },
      "properties": {
        "内容": "バス停: 五差路",
        "name": "五差路",
        "operator": "事業者不明",
        "ref": "",
        "url": "",
        "url2": ""
      }
    },
    {
      "type": "Feature",
      "geometry": {
        "type": "Point",
        "coordinates": [
          138.1376063,
          36.5024591
        ]
      },
      "properties": {
        "内容": "バス停: 千本柳南",
        "name": "千本柳南",
        "operator": "事業者不明",
        "ref": "",
        "url": "",
        "url2": ""
      }
    },
    {
      "type": "Feature",
      "geometry": {
        "type": "Point",
        "coordinates": [
          138.1343823,
          36.5040661
        ]
      },
      "properties": {
        "内容": "バス停: 五加児童館",
        "name": "五加児童館",
        "operator": "事業者不明",
        "ref": "",
        "url": "",
        "url2": ""
      }
    },
    {
      "type": "Feature",
      "geometry": {
        "type": "Point",
        "coordinates": [
          138.1546707,
          36.5410879
        ]
      },
      "properties": {
        "内容": "バス停: 生萱",
        "name": "生萱",
        "operator": "事業者不明",
        "ref": "",
        "url": "",
        "url2": ""
      }
    },
    {
      "type": "Feature",
      "geometry": {
        "type": "Point",
        "coordinates": [
          138.126044,
          36.5317199
        ]
      },
      "properties": {
        "内容": "バス停: 屋代駅入口",
        "name": "屋代駅入口",
        "operator": "事業者不明",
        "ref": "",
        "url": "",
        "url2": ""
      }
    },
    {
      "type": "Feature",
      "geometry": {
        "type": "Point",
        "coordinates": [
          138.1256273,
          36.5317885
        ]
      },
      "properties": {
        "内容": "バス停: 屋代駅入口",
        "name": "屋代駅入口",
        "operator": "事業者不明",
        "ref": "",
        "url": "",
        "url2": ""
      }
    },
    {
      "type": "Feature",
      "geometry": {
        "type": "Point",
        "coordinates": [
          138.1244255,
          36.5317057
        ]
      },
      "properties": {
        "内容": "バス停: ふれあい通り",
        "name": "ふれあい通り",
        "operator": "事業者不明",
        "ref": "",
        "url": "",
        "url2": ""
      }
    },
    {
      "type": "Feature",
      "geometry": {
        "type": "Point",
        "coordinates": [
          138.1237669,
          36.5315628
        ]
      },
      "properties": {
        "内容": "バス停: ふれあい通り",
        "name": "ふれあい通り",
        "operator": "事業者不明",
        "ref": "",
        "url": "",
        "url2": ""
      }
    },
    {
      "type": "Feature",
      "geometry": {
        "type": "Point",
        "coordinates": [
          138.1210073,
          36.5313749
        ]
      },
      "properties": {
        "内容": "バス停: 消防署入口",
        "name": "消防署入口",
        "operator": "事業者不明",
        "ref": "",
        "url": "",
        "url2": ""
      }
    },
    {
      "type": "Feature",
      "geometry": {
        "type": "Point",
        "coordinates": [
          138.1210072,
          36.5314741
        ]
      },
      "properties": {
        "内容": "バス停: 消防署入口",
        "name": "消防署入口",
        "operator": "事業者不明",
        "ref": "",
        "url": "",
        "url2": ""
      }
    },
    {
      "type": "Feature",
      "geometry": {
        "type": "Point",
        "coordinates": [
          138.118504,
          36.5313553
        ]
      },
      "properties": {
        "内容": "バス停: 信州の幸あんずホール入口",
        "name": "信州の幸あんずホール入口",
        "operator": "事業者不明",
        "ref": "",
        "url": "",
        "url2": ""
      }
    },
    {
      "type": "Feature",
      "geometry": {
        "type": "Point",
        "coordinates": [
          138.1182475,
          36.5312612
        ]
      },
      "properties": {
        "内容": "バス停: 信州の幸あんずホール入口",
        "name": "信州の幸あんずホール入口",
        "operator": "事業者不明",
        "ref": "",
        "url": "",
        "url2": ""
      }
    },
    {
      "type": "Feature",
      "geometry": {
        "type": "Point",
        "coordinates": [
          138.117778,
          36.525117
        ]
      },
      "properties": {
        "内容": "バス停: 伊勢社前",
        "name": "伊勢社前",
        "operator": "事業者不明",
        "ref": "",
        "url": "",
        "url2": ""
      }
    },
    {
      "type": "Feature",
      "geometry": {
        "type": "Point",
        "coordinates": [
          138.1177991,
          36.525217
        ]
      },
      "properties": {
        "内容": "バス停: 伊勢社前",
        "name": "伊勢社前",
        "operator": "事業者不明",
        "ref": "",
        "url": "",
        "url2": ""
      }
    },
    {
      "type": "Feature",
      "geometry": {
        "type": "Point",
        "coordinates": [
          138.124252,
          36.5184455
        ]
      },
      "properties": {
        "内容": "バス停: 鋳物師屋西",
        "name": "鋳物師屋西",
        "operator": "事業者不明",
        "ref": "",
        "url": "",
        "url2": ""
      }
    },
    {
      "type": "Feature",
      "geometry": {
        "type": "Point",
        "coordinates": [
          138.124146,
          36.5184373
        ]
      },
      "properties": {
        "内容": "バス停: 鋳物師屋西",
        "name": "鋳物師屋西",
        "operator": "事業者不明",
        "ref": "",
        "url": "",
        "url2": ""
      }
    },
    {
      "type": "Feature",
      "geometry": {
        "type": "Point",
        "coordinates": [
          138.1262871,
          36.5162265
        ]
      },
      "properties": {
        "内容": "バス停: 鋳物師屋南",
        "name": "鋳物師屋南",
        "operator": "事業者不明",
        "ref": "",
        "url": "",
        "url2": ""
      }
    },
    {
      "type": "Feature",
      "geometry": {
        "type": "Point",
        "coordinates": [
          138.1331068,
          36.5173262
        ]
      },
      "properties": {
        "内容": "バス停: 寂蒔公民館",
        "name": "寂蒔公民館",
        "operator": "事業者不明",
        "ref": "",
        "url": "",
        "url2": ""
      }
    },
    {
      "type": "Feature",
      "geometry": {
        "type": "Point",
        "coordinates": [
          138.1350063,
          36.5151019
        ]
      },
      "properties": {
        "内容": "バス停: 寂蒔仲町",
        "name": "寂蒔仲町",
        "operator": "事業者不明",
        "ref": "",
        "url": "",
        "url2": ""
      }
    },
    {
      "type": "Feature",
      "geometry": {
        "type": "Point",
        "coordinates": [
          138.1332211,
          36.5090817
        ]
      },
      "properties": {
        "内容": "バス停: 綿半千曲店前",
        "name": "綿半千曲店前",
        "operator": "事業者不明",
        "ref": "",
        "url": "",
        "url2": ""
      }
    },
    {
      "type": "Feature",
      "geometry": {
        "type": "Point",
        "coordinates": [
          138.1301449,
          36.5064341
        ]
      },
      "properties": {
        "内容": "バス停: 千本柳公民館",
        "name": "千本柳公民館",
        "operator": "事業者不明",
        "ref": "",
        "url": "",
        "url2": ""
      }
    },
    {
      "type": "Feature",
      "geometry": {
        "type": "Point",
        "coordinates": [
          138.1274564,
          36.5091403
        ]
      },
      "properties": {
        "内容": "バス停: 千本柳北",
        "name": "千本柳北",
        "operator": "事業者不明",
        "ref": "",
        "url": "",
        "url2": ""
      }
    },
    {
      "type": "Feature",
      "geometry": {
        "type": "Point",
        "coordinates": [
          138.1253977,
          36.5118493
        ]
      },
      "properties": {
        "内容": "バス停: 小船山花き集荷所",
        "name": "小船山花き集荷所",
        "operator": "事業者不明",
        "ref": "",
        "url": "",
        "url2": ""
      }
    },
    {
      "type": "Feature",
      "geometry": {
        "type": "Point",
        "coordinates": [
          138.1232064,
          36.5137868
        ]
      },
      "properties": {
        "内容": "バス停: 小船山公民館",
        "name": "小船山公民館",
        "operator": "事業者不明",
        "ref": "",
        "url": "",
        "url2": ""
      }
    },
    {
      "type": "Feature",
      "geometry": {
        "type": "Point",
        "coordinates": [
          138.1180489,
          36.5163872
        ]
      },
      "properties": {
        "内容": "バス停: 中公民館",
        "name": "中公民館",
        "operator": "事業者不明",
        "ref": "",
        "url": "",
        "url2": ""
      }
    },
    {
      "type": "Feature",
      "geometry": {
        "type": "Point",
        "coordinates": [
          138.1596003,
          36.4767742
        ]
      },
      "properties": {
        "内容": "バス停: 磯部畑野商店横",
        "name": "磯部畑野商店横",
        "operator": "事業者不明",
        "ref": "",
        "url": "",
        "url2": ""
      }
    },
    {
      "type": "Feature",
      "geometry": {
        "type": "Point",
        "coordinates": [
          138.1605346,
          36.4756074
        ]
      },
      "properties": {
        "内容": "バス停: 磯部ミニ公園",
        "name": "磯部ミニ公園",
        "operator": "事業者不明",
        "ref": "",
        "url": "",
        "url2": ""
      }
    },
    {
      "type": "Feature",
      "geometry": {
        "type": "Point",
        "coordinates": [
          138.1579651,
          36.4818163
        ]
      },
      "properties": {
        "内容": "バス停: 福井",
        "name": "福井",
        "operator": "事業者不明",
        "ref": "",
        "url": "",
        "url2": ""
      }
    },
    {
      "type": "Feature",
      "geometry": {
        "type": "Point",
        "coordinates": [
          138.152828,
          36.4878439
        ]
      },
      "properties": {
        "内容": "バス停: 上町",
        "name": "上町",
        "operator": "事業者不明",
        "ref": "",
        "url": "",
        "url2": ""
      }
    },
    {
      "type": "Feature",
      "geometry": {
        "type": "Point",
        "coordinates": [
          138.1529611,
          36.4878055
        ]
      },
      "properties": {
        "内容": "バス停: 上町",
        "name": "上町",
        "operator": "事業者不明",
        "ref": "",
        "url": "",
        "url2": ""
      }
    },
    {
      "type": "Feature",
      "geometry": {
        "type": "Point",
        "coordinates": [
          138.1529963,
          36.49176
        ]
      },
      "properties": {
        "内容": "バス停: 戸倉駅",
        "name": "戸倉駅",
        "operator": "事業者不明",
        "ref": "",
        "url": "",
        "url2": ""
      }
    },
    {
      "type": "Feature",
      "geometry": {
        "type": "Point",
        "coordinates": [
          138.1425872,
          36.4774739
        ]
      },
      "properties": {
        "内容": "バス停: 城山入口",
        "name": "城山入口",
        "operator": "事業者不明",
        "ref": "",
        "url": "",
        "url2": ""
      }
    },
    {
      "type": "Feature",
      "geometry": {
        "type": "Point",
        "coordinates": [
          138.1426777,
          36.4774139
        ]
      },
      "properties": {
        "内容": "バス停: 城山入口",
        "name": "城山入口",
        "operator": "事業者不明",
        "ref": "",
        "url": "",
        "url2": ""
      }
    },
    {
      "type": "Feature",
      "geometry": {
        "type": "Point",
        "coordinates": [
          138.1447171,
          36.4788369
        ]
      },
      "properties": {
        "内容": "バス停: 総合観光会館",
        "name": "総合観光会館",
        "operator": "事業者不明",
        "ref": "",
        "url": "",
        "url2": ""
      }
    },
    {
      "type": "Feature",
      "geometry": {
        "type": "Point",
        "coordinates": [
          138.1447207,
          36.4786982
        ]
      },
      "properties": {
        "内容": "バス停: 総合観光会館",
        "name": "総合観光会館",
        "operator": "事業者不明",
        "ref": "",
        "url": "",
        "url2": ""
      }
    },
    {
      "type": "Feature",
      "geometry": {
        "type": "Point",
        "coordinates": [
          138.1434758,
          36.4807017
        ]
      },
      "properties": {
        "内容": "バス停: 上山田温泉公園",
        "name": "上山田温泉公園",
        "operator": "事業者不明",
        "ref": "",
        "url": "",
        "url2": ""
      }
    },
    {
      "type": "Feature",
      "geometry": {
        "type": "Point",
        "coordinates": [
          138.1433842,
          36.4806909
        ]
      },
      "properties": {
        "内容": "バス停: 上山田温泉公園",
        "name": "上山田温泉公園",
        "operator": "事業者不明",
        "ref": "",
        "url": "",
        "url2": ""
      }
    },
    {
      "type": "Feature",
      "geometry": {
        "type": "Point",
        "coordinates": [
          138.0920521,
          36.5055505
        ]
      },
      "properties": {
        "内容": "バス停: 姨捨公園入口",
        "name": "姨捨公園入口",
        "operator": "事業者不明",
        "ref": "",
        "url": "",
        "url2": ""
      }
    },
    {
      "type": "Feature",
      "geometry": {
        "type": "Point",
        "coordinates": [
          138.0909113,
          36.5073612
        ]
      },
      "properties": {
        "内容": "バス停: 姨捨上",
        "name": "姨捨上",
        "operator": "事業者不明",
        "ref": "",
        "url": "",
        "url2": ""
      }
    },
    {
      "type": "Feature",
      "geometry": {
        "type": "Point",
        "coordinates": [
          138.1363915,
          36.5054666
        ]
      },
      "properties": {
        "内容": "バス停: 五加郵便局前",
        "name": "五加郵便局前",
        "operator": "事業者不明",
        "ref": "",
        "url": "",
        "url2": ""
      }
    },
    {
      "type": "Feature",
      "geometry": {
        "type": "Point",
        "coordinates": [
          138.1362823,
          36.5054653
        ]
      },
      "properties": {
        "内容": "バス停: 五加郵便局前",
        "name": "五加郵便局前",
        "operator": "事業者不明",
        "ref": "",
        "url": "",
        "url2": ""
      }
    },
    {
      "type": "Feature",
      "geometry": {
        "type": "Point",
        "coordinates": [
          138.1167717,
          36.5364451
        ]
      },
      "properties": {
        "内容": "バス停: 杭瀬下五丁目",
        "name": "杭瀬下五丁目",
        "operator": "事業者不明",
        "ref": "",
        "url": "",
        "url2": ""
      }
    },
    {
      "type": "Feature",
      "geometry": {
        "type": "Point",
        "coordinates": [
          138.1210066,
          36.5380094
        ]
      },
      "properties": {
        "内容": "バス停: 粟佐西友南入口",
        "name": "粟佐西友南入口",
        "operator": "事業者不明",
        "ref": "",
        "url": "",
        "url2": ""
      }
    },
    {
      "type": "Feature",
      "geometry": {
        "type": "Point",
        "coordinates": [
          138.127661,
          36.5389248
        ]
      },
      "properties": {
        "内容": "バス停: 屋代横町",
        "name": "屋代横町",
        "operator": "事業者不明",
        "ref": "",
        "url": "",
        "url2": ""
      }
    },
    {
      "type": "Feature",
      "geometry": {
        "type": "Point",
        "coordinates": [
          138.1276394,
          36.5389852
        ]
      },
      "properties": {
        "内容": "バス停: 屋代横町",
        "name": "屋代横町",
        "operator": "事業者不明",
        "ref": "",
        "url": "",
        "url2": ""
      }
    },
    {
      "type": "Feature",
      "geometry": {
        "type": "Point",
        "coordinates": [
          138.1315088,
          36.5376368
        ]
      },
      "properties": {
        "内容": "バス停: 聚楽館入口",
        "name": "聚楽館入口",
        "operator": "事業者不明",
        "ref": "",
        "url": "",
        "url2": ""
      }
    },
    {
      "type": "Feature",
      "geometry": {
        "type": "Point",
        "coordinates": [
          138.131429,
          36.5376066
        ]
      },
      "properties": {
        "内容": "バス停: 聚楽館入口",
        "name": "聚楽館入口",
        "operator": "事業者不明",
        "ref": "",
        "url": "",
        "url2": ""
      }
    },
    {
      "type": "Feature",
      "geometry": {
        "type": "Point",
        "coordinates": [
          138.1210131,
          36.5380623
        ]
      },
      "properties": {
        "内容": "バス停: 粟佐西友南入口",
        "name": "粟佐西友南入口",
        "operator": "事業者不明",
        "ref": "",
        "url": "",
        "url2": ""
      }
    },
    {
      "type": "Feature",
      "geometry": {
        "type": "Point",
        "coordinates": [
          138.0741794,
          36.5218508
        ]
      },
      "properties": {
        "内容": "バス停: 佐野",
        "name": "佐野",
        "operator": "事業者不明",
        "ref": "",
        "url": "",
        "url2": ""
      }
    },
    {
      "type": "Feature",
      "geometry": {
        "type": "Point",
        "coordinates": [
          138.1470663,
          36.5497809
        ]
      },
      "properties": {
        "内容": "バス停: 雨宮北町",
        "name": "雨宮北町",
        "operator": "事業者不明",
        "ref": "",
        "url": "",
        "url2": ""
      }
    },
    {
      "type": "Feature",
      "geometry": {
        "type": "Point",
        "coordinates": [
          138.1467619,
          36.5496657
        ]
      },
      "properties": {
        "内容": "バス停: 雨宮北町",
        "name": "雨宮北町",
        "operator": "事業者不明",
        "ref": "",
        "url": "",
        "url2": ""
      }
    },
    {
      "type": "Feature",
      "geometry": {
        "type": "Point",
        "coordinates": [
          138.1478685,
          36.5474507
        ]
      },
      "properties": {
        "内容": "バス停: 雨宮会館前",
        "name": "雨宮会館前",
        "operator": "事業者不明",
        "ref": "",
        "url": "",
        "url2": ""
      }
    },
    {
      "type": "Feature",
      "geometry": {
        "type": "Point",
        "coordinates": [
          138.149501,
          36.5465783
        ]
      },
      "properties": {
        "内容": "バス停: 雨宮東",
        "name": "雨宮東",
        "operator": "事業者不明",
        "ref": "",
        "url": "",
        "url2": ""
      }
    },
    {
      "type": "Feature",
      "geometry": {
        "type": "Point",
        "coordinates": [
          138.149554,
          36.5467602
        ]
      },
      "properties": {
        "内容": "バス停: 雨宮東",
        "name": "雨宮東",
        "operator": "事業者不明",
        "ref": "",
        "url": "",
        "url2": ""
      }
    },
    {
      "type": "Feature",
      "geometry": {
        "type": "Point",
        "coordinates": [
          138.1450121,
          36.5465493
        ]
      },
      "properties": {
        "内容": "バス停: 雨宮中",
        "name": "雨宮中",
        "operator": "事業者不明",
        "ref": "",
        "url": "",
        "url2": ""
      }
    },
    {
      "type": "Feature",
      "geometry": {
        "type": "Point",
        "coordinates": [
          138.1448505,
          36.546484
        ]
      },
      "properties": {
        "内容": "バス停: 雨宮中",
        "name": "雨宮中",
        "operator": "事業者不明",
        "ref": "",
        "url": "",
        "url2": ""
      }
    },
    {
      "type": "Feature",
      "geometry": {
        "type": "Point",
        "coordinates": [
          138.1412056,
          36.5464895
        ]
      },
      "properties": {
        "内容": "バス停: 雨宮上",
        "name": "雨宮上",
        "operator": "事業者不明",
        "ref": "",
        "url": "",
        "url2": ""
      }
    },
    {
      "type": "Feature",
      "geometry": {
        "type": "Point",
        "coordinates": [
          138.1409545,
          36.5464034
        ]
      },
      "properties": {
        "内容": "バス停: 雨宮上",
        "name": "雨宮上",
        "operator": "事業者不明",
        "ref": "",
        "url": "",
        "url2": ""
      }
    },
    {
      "type": "Feature",
      "geometry": {
        "type": "Point",
        "coordinates": [
          138.1387034,
          36.5463708
        ]
      },
      "properties": {
        "内容": "バス停: JAあんず店前",
        "name": "JAあんず店前",
        "operator": "事業者不明",
        "ref": "",
        "url": "",
        "url2": ""
      }
    },
    {
      "type": "Feature",
      "geometry": {
        "type": "Point",
        "coordinates": [
          138.1369354,
          36.5459077
        ]
      },
      "properties": {
        "内容": "バス停: JAあんず店西",
        "name": "JAあんず店西",
        "operator": "事業者不明",
        "ref": "",
        "url": "",
        "url2": ""
      }
    },
    {
      "type": "Feature",
      "geometry": {
        "type": "Point",
        "coordinates": [
          138.1370141,
          36.5458634
        ]
      },
      "properties": {
        "内容": "バス停: JAあんず店西",
        "name": "JAあんず店西",
        "operator": "事業者不明",
        "ref": "",
        "url": "",
        "url2": ""
      }
    },
    {
      "type": "Feature",
      "geometry": {
        "type": "Point",
        "coordinates": [
          138.1330397,
          36.5434536
        ]
      },
      "properties": {
        "内容": "バス停: 屋代高校前",
        "name": "屋代高校前",
        "operator": "事業者不明",
        "ref": "",
        "url": "",
        "url2": ""
      }
    },
    {
      "type": "Feature",
      "geometry": {
        "type": "Point",
        "coordinates": [
          138.1328572,
          36.5432057
        ]
      },
      "properties": {
        "内容": "バス停: 屋代高校前",
        "name": "屋代高校前",
        "operator": "事業者不明",
        "ref": "",
        "url": "",
        "url2": ""
      }
    },
    {
      "type": "Feature",
      "geometry": {
        "type": "Point",
        "coordinates": [
          138.1564721,
          36.5216679
        ]
      },
      "properties": {
        "内容": "バス停: あんずの里観光会館",
        "name": "あんずの里観光会館",
        "operator": "事業者不明",
        "ref": "",
        "url": "",
        "url2": ""
      }
    },
    {
      "type": "Feature",
      "geometry": {
        "type": "Point",
        "coordinates": [
          138.1486019,
          36.4858521
        ]
      },
      "properties": {
        "内容": "バス停: 創造館",
        "name": "創造館",
        "operator": "事業者不明",
        "ref": "",
        "url": "",
        "url2": ""
      }
    },
    {
      "type": "Feature",
      "geometry": {
        "type": "Point",
        "coordinates": [
          138.1487103,
          36.4848932
        ]
      },
      "properties": {
        "内容": "バス停: 白鳥園",
        "name": "白鳥園",
        "operator": "事業者不明",
        "ref": "",
        "url": "",
        "url2": ""
      }
    },
    {
      "type": "Feature",
      "geometry": {
        "type": "Point",
        "coordinates": [
          138.1500408,
          36.4914231
        ]
      },
      "properties": {
        "内容": "バス停: 酒造コレクション前",
        "name": "酒造コレクション前",
        "operator": "事業者不明",
        "ref": "",
        "url": "",
        "url2": ""
      }
    },
    {
      "type": "Feature",
      "geometry": {
        "type": "Point",
        "coordinates": [
          138.1438659,
          36.5055125
        ]
      },
      "properties": {
        "内容": "バス停: 柏王北",
        "name": "柏王北",
        "operator": "事業者不明",
        "ref": "",
        "url": "",
        "url2": ""
      }
    },
    {
      "type": "Feature",
      "geometry": {
        "type": "Point",
        "coordinates": [
          138.1875946,
          36.4409412
        ]
      },
      "properties": {
        "内容": "バス停: テクノさかき駅前",
        "name": "テクノさかき駅前",
        "operator": "事業者不明",
        "ref": "",
        "url": "",
        "url2": ""
      }
    },
    {
      "type": "Feature",
      "geometry": {
        "type": "Point",
        "coordinates": [
          138.1970148,
          36.3552017
        ]
      },
      "properties": {
        "内容": "バス停: 名称不明バス停",
        "name": "名称不明バス停",
        "operator": "事業者不明",
        "ref": "",
        "url": "",
        "url2": ""
      }
    },
    {
      "type": "Feature",
      "geometry": {
        "type": "Point",
        "coordinates": [
          138.2097673,
          36.3892358
        ]
      },
      "properties": {
        "内容": "バス停: 名称不明バス停",
        "name": "名称不明バス停",
        "operator": "事業者不明",
        "ref": "",
        "url": "",
        "url2": ""
      }
    },
    {
      "type": "Feature",
      "geometry": {
        "type": "Point",
        "coordinates": [
          138.2262093,
          36.391639
        ]
      },
      "properties": {
        "内容": "バス停: 名称不明バス停",
        "name": "名称不明バス停",
        "operator": "事業者不明",
        "ref": "",
        "url": "",
        "url2": ""
      }
    },
    {
      "type": "Feature",
      "geometry": {
        "type": "Point",
        "coordinates": [
          138.2388693,
          36.3935206
        ]
      },
      "properties": {
        "内容": "バス停: 上田四中前",
        "name": "上田四中前",
        "operator": "事業者不明",
        "ref": "",
        "url": "",
        "url2": ""
      }
    },
    {
      "type": "Feature",
      "geometry": {
        "type": "Point",
        "coordinates": [
          138.2515387,
          36.3998065
        ]
      },
      "properties": {
        "内容": "バス停: 松尾町",
        "name": "松尾町",
        "operator": "事業者不明",
        "ref": "",
        "url": "",
        "url2": ""
      }
    },
    {
      "type": "Feature",
      "geometry": {
        "type": "Point",
        "coordinates": [
          138.2461716,
          36.3981323
        ]
      },
      "properties": {
        "内容": "バス停: 名称不明バス停",
        "name": "名称不明バス停",
        "operator": "事業者不明",
        "ref": "",
        "url": "",
        "url2": ""
      }
    },
    {
      "type": "Feature",
      "geometry": {
        "type": "Point",
        "coordinates": [
          138.2672096,
          36.4024112
        ]
      },
      "properties": {
        "内容": "バス停: 染屋浄水場前 (上田バス)",
        "name": "染屋浄水場前",
        "operator": "上田バス",
        "ref": "",
        "url": "",
        "url2": ""
      }
    },
    {
      "type": "Feature",
      "geometry": {
        "type": "Point",
        "coordinates": [
          138.2621617,
          36.4043833
        ]
      },
      "properties": {
        "内容": "バス停: 上川原柳 (上田バス)",
        "name": "上川原柳",
        "operator": "上田バス",
        "ref": "",
        "url": "",
        "url2": ""
      }
    },
    {
      "type": "Feature",
      "geometry": {
        "type": "Point",
        "coordinates": [
          138.2717599,
          36.4036336
        ]
      },
      "properties": {
        "内容": "バス停: 住吉南",
        "name": "住吉南",
        "operator": "事業者不明",
        "ref": "",
        "url": "",
        "url2": ""
      }
    },
    {
      "type": "Feature",
      "geometry": {
        "type": "Point",
        "coordinates": [
          138.2747747,
          36.4049607
        ]
      },
      "properties": {
        "内容": "バス停: 上田検査場前 (上田バス)",
        "name": "上田検査場前",
        "operator": "上田バス",
        "ref": "",
        "url": "",
        "url2": ""
      }
    },
    {
      "type": "Feature",
      "geometry": {
        "type": "Point",
        "coordinates": [
          138.4697277,
          36.4044401
        ]
      },
      "properties": {
        "内容": "バス停: 名称不明バス停",
        "name": "名称不明バス停",
        "operator": "事業者不明",
        "ref": "",
        "url": "",
        "url2": ""
      }
    },
    {
      "type": "Feature",
      "geometry": {
        "type": "Point",
        "coordinates": [
          137.6355928,
          35.8271247
        ]
      },
      "properties": {
        "内容": "バス停: 桑原",
        "name": "桑原",
        "operator": "事業者不明",
        "ref": "",
        "url": "",
        "url2": ""
      }
    },
    {
      "type": "Feature",
      "geometry": {
        "type": "Point",
        "coordinates": [
          137.6351987,
          35.8290064
        ]
      },
      "properties": {
        "内容": "バス停: 上條",
        "name": "上條",
        "operator": "事業者不明",
        "ref": "",
        "url": "",
        "url2": ""
      }
    },
    {
      "type": "Feature",
      "geometry": {
        "type": "Point",
        "coordinates": [
          138.09686,
          35.8903548
        ]
      },
      "properties": {
        "内容": "バス停: 伊那栗田",
        "name": "伊那栗田",
        "operator": "事業者不明",
        "ref": "",
        "url": "",
        "url2": ""
      }
    },
    {
      "type": "Feature",
      "geometry": {
        "type": "Point",
        "coordinates": [
          138.0961288,
          35.8852007
        ]
      },
      "properties": {
        "内容": "バス停: 四日市場 (藤沢線)",
        "name": "四日市場",
        "operator": "藤沢線",
        "ref": "",
        "url": "https://www.inacity.jp/kurashi/kotsu_jikokuhyo/bus_rosenjikokuhyo/busjikokuhyo/bus_takato-hase/kij20210827133735505.html",
        "url2": ""
      }
    },
    {
      "type": "Feature",
      "geometry": {
        "type": "Point",
        "coordinates": [
          138.0877066,
          35.861323
        ]
      },
      "properties": {
        "内容": "バス停: 関屋橋 (藤沢線)",
        "name": "関屋橋",
        "operator": "藤沢線",
        "ref": "",
        "url": "https://www.inacity.jp/kurashi/kotsu_jikokuhyo/bus_rosenjikokuhyo/busjikokuhyo/bus_takato-hase/kij20210827133735505.html",
        "url2": ""
      }
    },
    {
      "type": "Feature",
      "geometry": {
        "type": "Point",
        "coordinates": [
          138.0673162,
          35.837788
        ]
      },
      "properties": {
        "内容": "バス停: 高遠中学校東",
        "name": "高遠中学校東",
        "operator": "事業者不明",
        "ref": "",
        "url": "",
        "url2": ""
      }
    },
    {
      "type": "Feature",
      "geometry": {
        "type": "Point",
        "coordinates": [
          138.0994155,
          35.900953
        ]
      },
      "properties": {
        "内容": "バス停: 荒町",
        "name": "荒町",
        "operator": "事業者不明",
        "ref": "",
        "url": "",
        "url2": ""
      }
    },
    {
      "type": "Feature",
      "geometry": {
        "type": "Point",
        "coordinates": [
          138.0821263,
          35.8561877
        ]
      },
      "properties": {
        "内容": "バス停: 栗巾 (藤沢線)",
        "name": "栗巾",
        "operator": "藤沢線",
        "ref": "",
        "url": "https://www.inacity.jp/kurashi/kotsu_jikokuhyo/bus_rosenjikokuhyo/busjikokuhyo/bus_takato-hase/kij20210827133735505.html",
        "url2": ""
      }
    },
    {
      "type": "Feature",
      "geometry": {
        "type": "Point",
        "coordinates": [
          138.0872493,
          35.8609615
        ]
      },
      "properties": {
        "内容": "バス停: 関屋橋",
        "name": "関屋橋",
        "operator": "事業者不明",
        "ref": "",
        "url": "",
        "url2": ""
      }
    },
    {
      "type": "Feature",
      "geometry": {
        "type": "Point",
        "coordinates": [
          138.0747442,
          35.8485615
        ]
      },
      "properties": {
        "内容": "バス停: 弥勒 (藤沢線)",
        "name": "弥勒",
        "operator": "藤沢線",
        "ref": "",
        "url": "https://www.inacity.jp/kurashi/kotsu_jikokuhyo/bus_rosenjikokuhyo/busjikokuhyo/bus_takato-hase/kij20210827133735505.html",
        "url2": ""
      }
    },
    {
      "type": "Feature",
      "geometry": {
        "type": "Point",
        "coordinates": [
          138.0893339,
          35.8621088
        ]
      },
      "properties": {
        "内容": "バス停: 健老橋 (藤沢線)",
        "name": "健老橋",
        "operator": "藤沢線",
        "ref": "",
        "url": "https://www.inacity.jp/kurashi/kotsu_jikokuhyo/bus_rosenjikokuhyo/busjikokuhyo/bus_takato-hase/kij20210827133735505.html",
        "url2": ""
      }
    },
    {
      "type": "Feature",
      "geometry": {
        "type": "Point",
        "coordinates": [
          138.0902688,
          35.8636979
        ]
      },
      "properties": {
        "内容": "バス停: 長藤 (藤沢線)",
        "name": "長藤",
        "operator": "藤沢線",
        "ref": "",
        "url": "https://www.inacity.jp/kurashi/kotsu_jikokuhyo/bus_rosenjikokuhyo/busjikokuhyo/bus_takato-hase/kij20210827133735505.html",
        "url2": ""
      }
    },
    {
      "type": "Feature",
      "geometry": {
        "type": "Point",
        "coordinates": [
          137.8874945,
          35.6066544
        ]
      },
      "properties": {
        "内容": "バス停: 松川インター (伊那バス)",
        "name": "松川インター",
        "operator": "伊那バス",
        "ref": "",
        "url": "",
        "url2": ""
      }
    },
    {
      "type": "Feature",
      "geometry": {
        "type": "Point",
        "coordinates": [
          137.9720628,
          36.1769454
        ]
      },
      "properties": {
        "内容": "バス停: 地蔵堂跡",
        "name": "地蔵堂跡",
        "operator": "事業者不明",
        "ref": "",
        "url": "",
        "url2": ""
      }
    },
    {
      "type": "Feature",
      "geometry": {
        "type": "Point",
        "coordinates": [
          137.9714347,
          36.1316717
        ]
      },
      "properties": {
        "内容": "バス停: 旧保育園前",
        "name": "旧保育園前",
        "operator": "事業者不明",
        "ref": "",
        "url": "",
        "url2": ""
      }
    },
    {
      "type": "Feature",
      "geometry": {
        "type": "Point",
        "coordinates": [
          137.9696924,
          36.1239454
        ]
      },
      "properties": {
        "内容": "バス停: 松林寺入口",
        "name": "松林寺入口",
        "operator": "事業者不明",
        "ref": "",
        "url": "",
        "url2": ""
      }
    },
    {
      "type": "Feature",
      "geometry": {
        "type": "Point",
        "coordinates": [
          137.9390227,
          36.4253902
        ]
      },
      "properties": {
        "内容": "バス停: 生坂発電所前",
        "name": "生坂発電所前",
        "operator": "事業者不明",
        "ref": "",
        "url": "",
        "url2": ""
      }
    },
    {
      "type": "Feature",
      "geometry": {
        "type": "Point",
        "coordinates": [
          138.3194469,
          36.6977032
        ]
      },
      "properties": {
        "内容": "バス停: おぶせミュージアム 中島千波館",
        "name": "おぶせミュージアム 中島千波館",
        "operator": "事業者不明",
        "ref": "4",
        "url": "",
        "url2": ""
      }
    },
    {
      "type": "Feature",
      "geometry": {
        "type": "Point",
        "coordinates": [
          138.2059786,
          36.7146483
        ]
      },
      "properties": {
        "内容": "バス停: 地蔵久保",
        "name": "地蔵久保",
        "operator": "事業者不明",
        "ref": "",
        "url": "",
        "url2": ""
      }
    },
    {
      "type": "Feature",
      "geometry": {
        "type": "Point",
        "coordinates": [
          138.204648,
          36.7198922
        ]
      },
      "properties": {
        "内容": "バス停: 坂口",
        "name": "坂口",
        "operator": "事業者不明",
        "ref": "",
        "url": "",
        "url2": ""
      }
    },
    {
      "type": "Feature",
      "geometry": {
        "type": "Point",
        "coordinates": [
          138.1974245,
          36.7225877
        ]
      },
      "properties": {
        "内容": "バス停: 高坂上",
        "name": "高坂上",
        "operator": "事業者不明",
        "ref": "",
        "url": "",
        "url2": ""
      }
    },
    {
      "type": "Feature",
      "geometry": {
        "type": "Point",
        "coordinates": [
          138.1975712,
          36.7255196
        ]
      },
      "properties": {
        "内容": "バス停: 高坂",
        "name": "高坂",
        "operator": "事業者不明",
        "ref": "",
        "url": "",
        "url2": ""
      }
    },
    {
      "type": "Feature",
      "geometry": {
        "type": "Point",
        "coordinates": [
          138.198631,
          36.728209
        ]
      },
      "properties": {
        "内容": "バス停: 高坂下",
        "name": "高坂下",
        "operator": "事業者不明",
        "ref": "",
        "url": "",
        "url2": ""
      }
    },
    {
      "type": "Feature",
      "geometry": {
        "type": "Point",
        "coordinates": [
          138.2005589,
          36.7315771
        ]
      },
      "properties": {
        "内容": "バス停: 八蛇口",
        "name": "八蛇口",
        "operator": "事業者不明",
        "ref": "",
        "url": "",
        "url2": ""
      }
    },
    {
      "type": "Feature",
      "geometry": {
        "type": "Point",
        "coordinates": [
          138.2052838,
          36.7322249
        ]
      },
      "properties": {
        "内容": "バス停: 夏川",
        "name": "夏川",
        "operator": "事業者不明",
        "ref": "",
        "url": "",
        "url2": ""
      }
    },
    {
      "type": "Feature",
      "geometry": {
        "type": "Point",
        "coordinates": [
          138.0422251,
          35.5858988
        ]
      },
      "properties": {
        "内容": "バス停: 下原 (大鹿線)",
        "name": "下原",
        "operator": "大鹿線",
        "ref": "",
        "url": "",
        "url2": ""
      }
    },
    {
      "type": "Feature",
      "geometry": {
        "type": "Point",
        "coordinates": [
          138.0992717,
          35.9358664
        ]
      },
      "properties": {
        "内容": "バス停: 薬師堂",
        "name": "薬師堂",
        "operator": "事業者不明",
        "ref": "",
        "url": "",
        "url2": ""
      }
    },
    {
      "type": "Feature",
      "geometry": {
        "type": "Point",
        "coordinates": [
          138.1043363,
          35.9441391
        ]
      },
      "properties": {
        "内容": "バス停: 北片倉",
        "name": "北片倉",
        "operator": "事業者不明",
        "ref": "",
        "url": "",
        "url2": ""
      }
    },
    {
      "type": "Feature",
      "geometry": {
        "type": "Point",
        "coordinates": [
          138.0968752,
          35.9230655
        ]
      },
      "properties": {
        "内容": "バス停: 小田井口",
        "name": "小田井口",
        "operator": "事業者不明",
        "ref": "",
        "url": "",
        "url2": ""
      }
    },
    {
      "type": "Feature",
      "geometry": {
        "type": "Point",
        "coordinates": [
          138.0959411,
          35.9211011
        ]
      },
      "properties": {
        "内容": "バス停: 藤沢公民館前",
        "name": "藤沢公民館前",
        "operator": "事業者不明",
        "ref": "",
        "url": "",
        "url2": ""
      }
    },
    {
      "type": "Feature",
      "geometry": {
        "type": "Point",
        "coordinates": [
          138.098374,
          35.9037375
        ]
      },
      "properties": {
        "内容": "バス停: 宮下口",
        "name": "宮下口",
        "operator": "事業者不明",
        "ref": "",
        "url": "",
        "url2": ""
      }
    },
    {
      "type": "Feature",
      "geometry": {
        "type": "Point",
        "coordinates": [
          138.0993443,
          35.9006801
        ]
      },
      "properties": {
        "内容": "バス停: 荒町",
        "name": "荒町",
        "operator": "事業者不明",
        "ref": "",
        "url": "",
        "url2": ""
      }
    },
    {
      "type": "Feature",
      "geometry": {
        "type": "Point",
        "coordinates": [
          138.099295,
          35.8940796
        ]
      },
      "properties": {
        "内容": "バス停: 渡沢橋 (藤沢線)",
        "name": "渡沢橋",
        "operator": "藤沢線",
        "ref": "",
        "url": "https://www.inacity.jp/kurashi/kotsu_jikokuhyo/bus_rosenjikokuhyo/busjikokuhyo/bus_takato-hase/kij20210827133735505.html",
        "url2": ""
      }
    },
    {
      "type": "Feature",
      "geometry": {
        "type": "Point",
        "coordinates": [
          138.0966854,
          35.9079452
        ]
      },
      "properties": {
        "内容": "バス停: 水上",
        "name": "水上",
        "operator": "事業者不明",
        "ref": "",
        "url": "",
        "url2": ""
      }
    },
    {
      "type": "Feature",
      "geometry": {
        "type": "Point",
        "coordinates": [
          138.0991369,
          35.894098
        ]
      },
      "properties": {
        "内容": "バス停: 渡沢橋 (藤沢線)",
        "name": "渡沢橋",
        "operator": "藤沢線",
        "ref": "",
        "url": "https://www.inacity.jp/kurashi/kotsu_jikokuhyo/bus_rosenjikokuhyo/busjikokuhyo/bus_takato-hase/kij20210827133735505.html",
        "url2": ""
      }
    },
    {
      "type": "Feature",
      "geometry": {
        "type": "Point",
        "coordinates": [
          138.0966031,
          35.8831151
        ]
      },
      "properties": {
        "内容": "バス停: 名称不明バス停",
        "name": "名称不明バス停",
        "operator": "事業者不明",
        "ref": "",
        "url": "",
        "url2": ""
      }
    },
    {
      "type": "Feature",
      "geometry": {
        "type": "Point",
        "coordinates": [
          138.0938898,
          35.8750853
        ]
      },
      "properties": {
        "内容": "バス停: 塩供 (藤沢線)",
        "name": "塩供",
        "operator": "藤沢線",
        "ref": "",
        "url": "https://www.inacity.jp/kurashi/kotsu_jikokuhyo/bus_rosenjikokuhyo/busjikokuhyo/bus_takato-hase/kij20210827133735505.html",
        "url2": ""
      }
    },
    {
      "type": "Feature",
      "geometry": {
        "type": "Point",
        "coordinates": [
          138.094034,
          35.8749114
        ]
      },
      "properties": {
        "内容": "バス停: 塩供 (藤沢線)",
        "name": "塩供",
        "operator": "藤沢線",
        "ref": "",
        "url": "https://www.inacity.jp/kurashi/kotsu_jikokuhyo/bus_rosenjikokuhyo/busjikokuhyo/bus_takato-hase/kij20210827133735505.html",
        "url2": ""
      }
    },
    {
      "type": "Feature",
      "geometry": {
        "type": "Point",
        "coordinates": [
          138.0874171,
          35.8610135
        ]
      },
      "properties": {
        "内容": "バス停: 関屋橋 (藤沢線)",
        "name": "関屋橋",
        "operator": "藤沢線",
        "ref": "",
        "url": "https://www.inacity.jp/kurashi/kotsu_jikokuhyo/bus_rosenjikokuhyo/busjikokuhyo/bus_takato-hase/kij20210827133735505.html",
        "url2": ""
      }
    },
    {
      "type": "Feature",
      "geometry": {
        "type": "Point",
        "coordinates": [
          138.0891858,
          35.8621527
        ]
      },
      "properties": {
        "内容": "バス停: 健老橋 (藤沢線)",
        "name": "健老橋",
        "operator": "藤沢線",
        "ref": "",
        "url": "https://www.inacity.jp/kurashi/kotsu_jikokuhyo/bus_rosenjikokuhyo/busjikokuhyo/bus_takato-hase/kij20210827133735505.html",
        "url2": ""
      }
    },
    {
      "type": "Feature",
      "geometry": {
        "type": "Point",
        "coordinates": [
          138.073283,
          35.8448574
        ]
      },
      "properties": {
        "内容": "バス停: 鍛冶村口 (藤沢線)",
        "name": "鍛冶村口",
        "operator": "藤沢線",
        "ref": "",
        "url": "https://www.inacity.jp/kurashi/kotsu_jikokuhyo/bus_rosenjikokuhyo/busjikokuhyo/bus_takato-hase/kij20210827133735505.html",
        "url2": ""
      }
    },
    {
      "type": "Feature",
      "geometry": {
        "type": "Point",
        "coordinates": [
          138.0680304,
          35.8402695
        ]
      },
      "properties": {
        "内容": "バス停: 的場 (藤沢線)",
        "name": "的場",
        "operator": "藤沢線",
        "ref": "",
        "url": "https://www.inacity.jp/kurashi/kotsu_jikokuhyo/bus_rosenjikokuhyo/busjikokuhyo/bus_takato-hase/kij20210827133735505.html",
        "url2": ""
      }
    },
    {
      "type": "Feature",
      "geometry": {
        "type": "Point",
        "coordinates": [
          137.8352056,
          35.4995436
        ]
      },
      "properties": {
        "内容": "バス停: 市立病院 (L1 市内循環線)",
        "name": "市立病院",
        "operator": "L1 市内循環線",
        "ref": "",
        "url": "",
        "url2": ""
      }
    },
    {
      "type": "Feature",
      "geometry": {
        "type": "Point",
        "coordinates": [
          138.2607936,
          36.4050864
        ]
      },
      "properties": {
        "内容": "バス停: 下川原柳 (上田バス)",
        "name": "下川原柳",
        "operator": "上田バス",
        "ref": "",
        "url": "",
        "url2": ""
      }
    },
    {
      "type": "Feature",
      "geometry": {
        "type": "Point",
        "coordinates": [
          138.2571668,
          36.4072718
        ]
      },
      "properties": {
        "内容": "バス停: 新田 (上田バス)",
        "name": "新田",
        "operator": "上田バス",
        "ref": "",
        "url": "",
        "url2": ""
      }
    },
    {
      "type": "Feature",
      "geometry": {
        "type": "Point",
        "coordinates": [
          138.2494744,
          36.3969756
        ]
      },
      "properties": {
        "内容": "バス停: 上田駅",
        "name": "上田駅",
        "operator": "事業者不明",
        "ref": "",
        "url": "",
        "url2": ""
      }
    },
    {
      "type": "Feature",
      "geometry": {
        "type": "Point",
        "coordinates": [
          137.8344486,
          35.5175267
        ]
      },
      "properties": {
        "内容": "バス停: 小伝馬橋",
        "name": "小伝馬橋",
        "operator": "事業者不明",
        "ref": "",
        "url": "",
        "url2": ""
      }
    },
    {
      "type": "Feature",
      "geometry": {
        "type": "Point",
        "coordinates": [
          137.8373052,
          35.5177917
        ]
      },
      "properties": {
        "内容": "バス停: 上郷辻",
        "name": "上郷辻",
        "operator": "事業者不明",
        "ref": "",
        "url": "",
        "url2": ""
      }
    },
    {
      "type": "Feature",
      "geometry": {
        "type": "Point",
        "coordinates": [
          137.8398474,
          35.5174234
        ]
      },
      "properties": {
        "内容": "バス停: 高松診療所前",
        "name": "高松診療所前",
        "operator": "事業者不明",
        "ref": "",
        "url": "",
        "url2": ""
      }
    },
    {
      "type": "Feature",
      "geometry": {
        "type": "Point",
        "coordinates": [
          137.8399537,
          35.5174913
        ]
      },
      "properties": {
        "内容": "バス停: 高松診療所前",
        "name": "高松診療所前",
        "operator": "事業者不明",
        "ref": "",
        "url": "",
        "url2": ""
      }
    },
    {
      "type": "Feature",
      "geometry": {
        "type": "Point",
        "coordinates": [
          137.8419931,
          35.5171922
        ]
      },
      "properties": {
        "内容": "バス停: 飯田高校前",
        "name": "飯田高校前",
        "operator": "事業者不明",
        "ref": "",
        "url": "",
        "url2": ""
      }
    },
    {
      "type": "Feature",
      "geometry": {
        "type": "Point",
        "coordinates": [
          137.8426598,
          35.5170333
        ]
      },
      "properties": {
        "内容": "バス停: 飯田高校前",
        "name": "飯田高校前",
        "operator": "事業者不明",
        "ref": "",
        "url": "",
        "url2": ""
      }
    },
    {
      "type": "Feature",
      "geometry": {
        "type": "Point",
        "coordinates": [
          137.8458156,
          35.5208161
        ]
      },
      "properties": {
        "内容": "バス停: 宮の前",
        "name": "宮の前",
        "operator": "事業者不明",
        "ref": "",
        "url": "",
        "url2": ""
      }
    },
    {
      "type": "Feature",
      "geometry": {
        "type": "Point",
        "coordinates": [
          137.8457587,
          35.5208109
        ]
      },
      "properties": {
        "内容": "バス停: 宮の前",
        "name": "宮の前",
        "operator": "事業者不明",
        "ref": "",
        "url": "",
        "url2": ""
      }
    },
    {
      "type": "Feature",
      "geometry": {
        "type": "Point",
        "coordinates": [
          137.8473474,
          35.5224183
        ]
      },
      "properties": {
        "内容": "バス停: 鶏足院前",
        "name": "鶏足院前",
        "operator": "事業者不明",
        "ref": "",
        "url": "",
        "url2": ""
      }
    },
    {
      "type": "Feature",
      "geometry": {
        "type": "Point",
        "coordinates": [
          137.8474008,
          35.5223558
        ]
      },
      "properties": {
        "内容": "バス停: 鶏足院前",
        "name": "鶏足院前",
        "operator": "事業者不明",
        "ref": "",
        "url": "",
        "url2": ""
      }
    },
    {
      "type": "Feature",
      "geometry": {
        "type": "Point",
        "coordinates": [
          137.8508424,
          35.5250716
        ]
      },
      "properties": {
        "内容": "バス停: 薬師前",
        "name": "薬師前",
        "operator": "事業者不明",
        "ref": "",
        "url": "",
        "url2": ""
      }
    },
    {
      "type": "Feature",
      "geometry": {
        "type": "Point",
        "coordinates": [
          137.8506446,
          35.5249727
        ]
      },
      "properties": {
        "内容": "バス停: 薬師前",
        "name": "薬師前",
        "operator": "事業者不明",
        "ref": "",
        "url": "",
        "url2": ""
      }
    },
    {
      "type": "Feature",
      "geometry": {
        "type": "Point",
        "coordinates": [
          137.8534392,
          35.5255711
        ]
      },
      "properties": {
        "内容": "バス停: 北条",
        "name": "北条",
        "operator": "事業者不明",
        "ref": "",
        "url": "",
        "url2": ""
      }
    },
    {
      "type": "Feature",
      "geometry": {
        "type": "Point",
        "coordinates": [
          137.8533335,
          35.525587
        ]
      },
      "properties": {
        "内容": "バス停: 北条",
        "name": "北条",
        "operator": "事業者不明",
        "ref": "",
        "url": "",
        "url2": ""
      }
    },
    {
      "type": "Feature",
      "geometry": {
        "type": "Point",
        "coordinates": [
          137.8511384,
          35.5232042
        ]
      },
      "properties": {
        "内容": "バス停: イオン飯田店",
        "name": "イオン飯田店",
        "operator": "事業者不明",
        "ref": "",
        "url": "",
        "url2": ""
      }
    },
    {
      "type": "Feature",
      "geometry": {
        "type": "Point",
        "coordinates": [
          137.8554047,
          35.5281595
        ]
      },
      "properties": {
        "内容": "バス停: 正泉寺",
        "name": "正泉寺",
        "operator": "事業者不明",
        "ref": "",
        "url": "",
        "url2": ""
      }
    },
    {
      "type": "Feature",
      "geometry": {
        "type": "Point",
        "coordinates": [
          137.8554794,
          35.5281291
        ]
      },
      "properties": {
        "内容": "バス停: 正泉寺",
        "name": "正泉寺",
        "operator": "事業者不明",
        "ref": "",
        "url": "",
        "url2": ""
      }
    },
    {
      "type": "Feature",
      "geometry": {
        "type": "Point",
        "coordinates": [
          137.8596209,
          35.5294304
        ]
      },
      "properties": {
        "内容": "バス停: 欠野",
        "name": "欠野",
        "operator": "事業者不明",
        "ref": "",
        "url": "",
        "url2": ""
      }
    },
    {
      "type": "Feature",
      "geometry": {
        "type": "Point",
        "coordinates": [
          137.8596656,
          35.5295149
        ]
      },
      "properties": {
        "内容": "バス停: 欠野",
        "name": "欠野",
        "operator": "事業者不明",
        "ref": "",
        "url": "",
        "url2": ""
      }
    },
    {
      "type": "Feature",
      "geometry": {
        "type": "Point",
        "coordinates": [
          137.8663979,
          35.524742
        ]
      },
      "properties": {
        "内容": "バス停: 中河原",
        "name": "中河原",
        "operator": "事業者不明",
        "ref": "",
        "url": "",
        "url2": ""
      }
    },
    {
      "type": "Feature",
      "geometry": {
        "type": "Point",
        "coordinates": [
          137.866322,
          35.524671
        ]
      },
      "properties": {
        "内容": "バス停: 中河原",
        "name": "中河原",
        "operator": "事業者不明",
        "ref": "",
        "url": "",
        "url2": ""
      }
    },
    {
      "type": "Feature",
      "geometry": {
        "type": "Point",
        "coordinates": [
          137.8247195,
          35.5139281
        ]
      },
      "properties": {
        "内容": "バス停: 動物園前",
        "name": "動物園前",
        "operator": "事業者不明",
        "ref": "",
        "url": "",
        "url2": ""
      }
    },
    {
      "type": "Feature",
      "geometry": {
        "type": "Point",
        "coordinates": [
          137.8227502,
          35.5154324
        ]
      },
      "properties": {
        "内容": "バス停: 知久町三丁目",
        "name": "知久町三丁目",
        "operator": "事業者不明",
        "ref": "",
        "url": "",
        "url2": ""
      }
    },
    {
      "type": "Feature",
      "geometry": {
        "type": "Point",
        "coordinates": [
          137.8253186,
          35.5141423
        ]
      },
      "properties": {
        "内容": "バス停: 知久町一丁目",
        "name": "知久町一丁目",
        "operator": "事業者不明",
        "ref": "",
        "url": "",
        "url2": ""
      }
    },
    {
      "type": "Feature",
      "geometry": {
        "type": "Point",
        "coordinates": [
          137.8280997,
          35.5164947
        ]
      },
      "properties": {
        "内容": "バス停: 伝馬町1丁目",
        "name": "伝馬町1丁目",
        "operator": "事業者不明",
        "ref": "",
        "url": "",
        "url2": ""
      }
    },
    {
      "type": "Feature",
      "geometry": {
        "type": "Point",
        "coordinates": [
          137.8279724,
          35.5165371
        ]
      },
      "properties": {
        "内容": "バス停: 伝馬町1丁目",
        "name": "伝馬町1丁目",
        "operator": "事業者不明",
        "ref": "",
        "url": "",
        "url2": ""
      }
    },
    {
      "type": "Feature",
      "geometry": {
        "type": "Point",
        "coordinates": [
          137.8293346,
          35.5186118
        ]
      },
      "properties": {
        "内容": "バス停: 小伝馬町角",
        "name": "小伝馬町角",
        "operator": "事業者不明",
        "ref": "",
        "url": "",
        "url2": ""
      }
    },
    {
      "type": "Feature",
      "geometry": {
        "type": "Point",
        "coordinates": [
          137.8295438,
          35.5186783
        ]
      },
      "properties": {
        "内容": "バス停: 小伝馬町角",
        "name": "小伝馬町角",
        "operator": "事業者不明",
        "ref": "",
        "url": "",
        "url2": ""
      }
    },
    {
      "type": "Feature",
      "geometry": {
        "type": "Point",
        "coordinates": [
          137.8270088,
          35.5160723
        ]
      },
      "properties": {
        "内容": "バス停: 中央通り1丁目",
        "name": "中央通り1丁目",
        "operator": "事業者不明",
        "ref": "",
        "url": "",
        "url2": ""
      }
    },
    {
      "type": "Feature",
      "geometry": {
        "type": "Point",
        "coordinates": [
          137.8267082,
          35.5161424
        ]
      },
      "properties": {
        "内容": "バス停: 中央通り1丁目",
        "name": "中央通り1丁目",
        "operator": "事業者不明",
        "ref": "",
        "url": "",
        "url2": ""
      }
    },
    {
      "type": "Feature",
      "geometry": {
        "type": "Point",
        "coordinates": [
          137.8242987,
          35.5176048
        ]
      },
      "properties": {
        "内容": "バス停: 中央通り3丁目",
        "name": "中央通り3丁目",
        "operator": "事業者不明",
        "ref": "",
        "url": "",
        "url2": ""
      }
    },
    {
      "type": "Feature",
      "geometry": {
        "type": "Point",
        "coordinates": [
          137.824403,
          35.5174139
        ]
      },
      "properties": {
        "内容": "バス停: 中央通り3丁目",
        "name": "中央通り3丁目",
        "operator": "事業者不明",
        "ref": "",
        "url": "",
        "url2": ""
      }
    },
    {
      "type": "Feature",
      "geometry": {
        "type": "Point",
        "coordinates": [
          137.8192485,
          35.5172804
        ]
      },
      "properties": {
        "内容": "バス停: 飯田病院前",
        "name": "飯田病院前",
        "operator": "事業者不明",
        "ref": "",
        "url": "",
        "url2": ""
      }
    },
    {
      "type": "Feature",
      "geometry": {
        "type": "Point",
        "coordinates": [
          137.8193128,
          35.5173589
        ]
      },
      "properties": {
        "内容": "バス停: 飯田病院前",
        "name": "飯田病院前",
        "operator": "事業者不明",
        "ref": "",
        "url": "",
        "url2": ""
      }
    },
    {
      "type": "Feature",
      "geometry": {
        "type": "Point",
        "coordinates": [
          137.8175159,
          35.5146258
        ]
      },
      "properties": {
        "内容": "バス停: 箕瀬入口",
        "name": "箕瀬入口",
        "operator": "事業者不明",
        "ref": "",
        "url": "",
        "url2": ""
      }
    },
    {
      "type": "Feature",
      "geometry": {
        "type": "Point",
        "coordinates": [
          137.9267204,
          36.1646058
        ]
      },
      "properties": {
        "内容": "バス停: 松本空港",
        "name": "松本空港",
        "operator": "事業者不明",
        "ref": "",
        "url": "",
        "url2": ""
      }
    },
    {
      "type": "Feature",
      "geometry": {
        "type": "Point",
        "coordinates": [
          137.82869,
          35.5141707
        ]
      },
      "properties": {
        "内容": "バス停: 県合同庁舎前",
        "name": "県合同庁舎前",
        "operator": "事業者不明",
        "ref": "",
        "url": "",
        "url2": ""
      }
    },
    {
      "type": "Feature",
      "geometry": {
        "type": "Point",
        "coordinates": [
          137.830586,
          35.5168131
        ]
      },
      "properties": {
        "内容": "バス停: 江戸町",
        "name": "江戸町",
        "operator": "事業者不明",
        "ref": "",
        "url": "",
        "url2": ""
      }
    },
    {
      "type": "Feature",
      "geometry": {
        "type": "Point",
        "coordinates": [
          137.830858,
          35.5168131
        ]
      },
      "properties": {
        "内容": "バス停: 名称不明バス停",
        "name": "名称不明バス停",
        "operator": "事業者不明",
        "ref": "",
        "url": "",
        "url2": ""
      }
    },
    {
      "type": "Feature",
      "geometry": {
        "type": "Point",
        "coordinates": [
          137.8340986,
          35.5152275
        ]
      },
      "properties": {
        "内容": "バス停: 江戸浜町",
        "name": "江戸浜町",
        "operator": "事業者不明",
        "ref": "",
        "url": "",
        "url2": ""
      }
    },
    {
      "type": "Feature",
      "geometry": {
        "type": "Point",
        "coordinates": [
          137.8340449,
          35.5151239
        ]
      },
      "properties": {
        "内容": "バス停: 江戸浜町",
        "name": "江戸浜町",
        "operator": "事業者不明",
        "ref": "",
        "url": "",
        "url2": ""
      }
    },
    {
      "type": "Feature",
      "geometry": {
        "type": "Point",
        "coordinates": [
          137.84,
          35.5122053
        ]
      },
      "properties": {
        "内容": "バス停: 加賀沢橋",
        "name": "加賀沢橋",
        "operator": "事業者不明",
        "ref": "",
        "url": "",
        "url2": ""
      }
    },
    {
      "type": "Feature",
      "geometry": {
        "type": "Point",
        "coordinates": [
          137.839811,
          35.5121843
        ]
      },
      "properties": {
        "内容": "バス停: 加賀沢橋",
        "name": "加賀沢橋",
        "operator": "事業者不明",
        "ref": "",
        "url": "",
        "url2": ""
      }
    },
    {
      "type": "Feature",
      "geometry": {
        "type": "Point",
        "coordinates": [
          137.8570047,
          35.5302983
        ]
      },
      "properties": {
        "内容": "バス停: 七草団地入口",
        "name": "七草団地入口",
        "operator": "事業者不明",
        "ref": "",
        "url": "",
        "url2": ""
      }
    },
    {
      "type": "Feature",
      "geometry": {
        "type": "Point",
        "coordinates": [
          137.8569032,
          35.5302675
        ]
      },
      "properties": {
        "内容": "バス停: 七草団地入口",
        "name": "七草団地入口",
        "operator": "事業者不明",
        "ref": "",
        "url": "",
        "url2": ""
      }
    },
    {
      "type": "Feature",
      "geometry": {
        "type": "Point",
        "coordinates": [
          137.8591075,
          35.5334168
        ]
      },
      "properties": {
        "内容": "バス停: 元善光寺入口",
        "name": "元善光寺入口",
        "operator": "事業者不明",
        "ref": "",
        "url": "",
        "url2": ""
      }
    },
    {
      "type": "Feature",
      "geometry": {
        "type": "Point",
        "coordinates": [
          137.8591416,
          35.533363
        ]
      },
      "properties": {
        "内容": "バス停: 元善光寺入口",
        "name": "元善光寺入口",
        "operator": "事業者不明",
        "ref": "",
        "url": "",
        "url2": ""
      }
    },
    {
      "type": "Feature",
      "geometry": {
        "type": "Point",
        "coordinates": [
          137.8607758,
          35.5341756
        ]
      },
      "properties": {
        "内容": "バス停: 元善光寺駅前",
        "name": "元善光寺駅前",
        "operator": "事業者不明",
        "ref": "",
        "url": "",
        "url2": ""
      }
    },
    {
      "type": "Feature",
      "geometry": {
        "type": "Point",
        "coordinates": [
          137.8611955,
          35.5344727
        ]
      },
      "properties": {
        "内容": "バス停: 元善光寺駅前",
        "name": "元善光寺駅前",
        "operator": "事業者不明",
        "ref": "",
        "url": "",
        "url2": ""
      }
    },
    {
      "type": "Feature",
      "geometry": {
        "type": "Point",
        "coordinates": [
          137.8648723,
          35.5327072
        ]
      },
      "properties": {
        "内容": "バス停: 高岡",
        "name": "高岡",
        "operator": "事業者不明",
        "ref": "",
        "url": "",
        "url2": ""
      }
    },
    {
      "type": "Feature",
      "geometry": {
        "type": "Point",
        "coordinates": [
          137.8648494,
          35.5325335
        ]
      },
      "properties": {
        "内容": "バス停: 高岡",
        "name": "高岡",
        "operator": "事業者不明",
        "ref": "",
        "url": "",
        "url2": ""
      }
    },
    {
      "type": "Feature",
      "geometry": {
        "type": "Point",
        "coordinates": [
          137.8401292,
          35.5104634
        ]
      },
      "properties": {
        "内容": "バス停: 城東",
        "name": "城東",
        "operator": "事業者不明",
        "ref": "",
        "url": "",
        "url2": ""
      }
    },
    {
      "type": "Feature",
      "geometry": {
        "type": "Point",
        "coordinates": [
          137.8387407,
          35.5097763
        ]
      },
      "properties": {
        "内容": "バス停: 睦橋",
        "name": "睦橋",
        "operator": "事業者不明",
        "ref": "",
        "url": "",
        "url2": ""
      }
    },
    {
      "type": "Feature",
      "geometry": {
        "type": "Point",
        "coordinates": [
          137.8421338,
          35.5168748
        ]
      },
      "properties": {
        "内容": "バス停: 飯田高校前",
        "name": "飯田高校前",
        "operator": "事業者不明",
        "ref": "",
        "url": "",
        "url2": ""
      }
    },
    {
      "type": "Feature",
      "geometry": {
        "type": "Point",
        "coordinates": [
          137.9345927,
          35.321122
        ]
      },
      "properties": {
        "内容": "バス停: 和田",
        "name": "和田",
        "operator": "事業者不明",
        "ref": "",
        "url": "",
        "url2": ""
      }
    },
    {
      "type": "Feature",
      "geometry": {
        "type": "Point",
        "coordinates": [
          138.0380747,
          36.0851665
        ]
      },
      "properties": {
        "内容": "バス停: 岡谷インター入口",
        "name": "岡谷インター入口",
        "operator": "事業者不明",
        "ref": "",
        "url": "",
        "url2": ""
      }
    },
    {
      "type": "Feature",
      "geometry": {
        "type": "Point",
        "coordinates": [
          138.0382316,
          36.0849715
        ]
      },
      "properties": {
        "内容": "バス停: 岡谷インター入口",
        "name": "岡谷インター入口",
        "operator": "事業者不明",
        "ref": "",
        "url": "",
        "url2": ""
      }
    },
    {
      "type": "Feature",
      "geometry": {
        "type": "Point",
        "coordinates": [
          138.0107618,
          36.4307394
        ]
      },
      "properties": {
        "内容": "バス停: 長野道坂北BS(上り)",
        "name": "長野道坂北BS(上り)",
        "operator": "事業者不明",
        "ref": "",
        "url": "",
        "url2": ""
      }
    },
    {
      "type": "Feature",
      "geometry": {
        "type": "Point",
        "coordinates": [
          138.0102339,
          36.4302353
        ]
      },
      "properties": {
        "内容": "バス停: 長野道坂北BS(下り)",
        "name": "長野道坂北BS(下り)",
        "operator": "事業者不明",
        "ref": "",
        "url": "",
        "url2": ""
      }
    },
    {
      "type": "Feature",
      "geometry": {
        "type": "Point",
        "coordinates": [
          138.4474622,
          36.3318707
        ]
      },
      "properties": {
        "内容": "バス停: 上信越道小諸高原BS(下り)",
        "name": "上信越道小諸高原BS(下り)",
        "operator": "事業者不明",
        "ref": "",
        "url": "",
        "url2": ""
      }
    },
    {
      "type": "Feature",
      "geometry": {
        "type": "Point",
        "coordinates": [
          138.4478608,
          36.332065
        ]
      },
      "properties": {
        "内容": "バス停: 上信越道小諸高原BS(上り)",
        "name": "上信越道小諸高原BS(上り)",
        "operator": "事業者不明",
        "ref": "",
        "url": "",
        "url2": ""
      }
    },
    {
      "type": "Feature",
      "geometry": {
        "type": "Point",
        "coordinates": [
          138.2438916,
          36.6030546
        ]
      },
      "properties": {
        "内容": "バス停: 上信越道若穂BS(下り)",
        "name": "上信越道若穂BS(下り)",
        "operator": "事業者不明",
        "ref": "",
        "url": "",
        "url2": ""
      }
    },
    {
      "type": "Feature",
      "geometry": {
        "type": "Point",
        "coordinates": [
          138.2442125,
          36.602839
        ]
      },
      "properties": {
        "内容": "バス停: 上信越道若穂BS(上り)",
        "name": "上信越道若穂BS(上り)",
        "operator": "事業者不明",
        "ref": "",
        "url": "",
        "url2": ""
      }
    },
    {
      "type": "Feature",
      "geometry": {
        "type": "Point",
        "coordinates": [
          138.2809242,
          36.6558593
        ]
      },
      "properties": {
        "内容": "バス停: 上信越道須坂BS(下り)",
        "name": "上信越道須坂BS(下り)",
        "operator": "事業者不明",
        "ref": "",
        "url": "",
        "url2": ""
      }
    },
    {
      "type": "Feature",
      "geometry": {
        "type": "Point",
        "coordinates": [
          138.3179287,
          36.7368131
        ]
      },
      "properties": {
        "内容": "バス停: 上信越道小布施BS(上り)",
        "name": "上信越道小布施BS(上り)",
        "operator": "事業者不明",
        "ref": "",
        "url": "",
        "url2": ""
      }
    },
    {
      "type": "Feature",
      "geometry": {
        "type": "Point",
        "coordinates": [
          138.3176268,
          36.7366724
        ]
      },
      "properties": {
        "内容": "バス停: 上信越道小布施BS(下り)",
        "name": "上信越道小布施BS(下り)",
        "operator": "事業者不明",
        "ref": "",
        "url": "",
        "url2": ""
      }
    },
    {
      "type": "Feature",
      "geometry": {
        "type": "Point",
        "coordinates": [
          138.1967167,
          35.9555342
        ]
      },
      "properties": {
        "内容": "バス停: 中央道中央道原",
        "name": "中央道中央道原",
        "operator": "事業者不明",
        "ref": "",
        "url": "",
        "url2": ""
      }
    },
    {
      "type": "Feature",
      "geometry": {
        "type": "Point",
        "coordinates": [
          138.1974058,
          35.9555196
        ]
      },
      "properties": {
        "内容": "バス停: 中央道中央道原",
        "name": "中央道中央道原",
        "operator": "事業者不明",
        "ref": "",
        "url": "",
        "url2": ""
      }
    },
    {
      "type": "Feature",
      "geometry": {
        "type": "Point",
        "coordinates": [
          138.022787,
          36.0313642
        ]
      },
      "properties": {
        "内容": "バス停: 中央道川岸",
        "name": "中央道川岸",
        "operator": "事業者不明",
        "ref": "",
        "url": "",
        "url2": ""
      }
    },
    {
      "type": "Feature",
      "geometry": {
        "type": "Point",
        "coordinates": [
          138.022286,
          36.031013
        ]
      },
      "properties": {
        "内容": "バス停: 中央道川岸",
        "name": "中央道川岸",
        "operator": "事業者不明",
        "ref": "",
        "url": "",
        "url2": ""
      }
    },
    {
      "type": "Feature",
      "geometry": {
        "type": "Point",
        "coordinates": [
          138.0035213,
          35.9754175
        ]
      },
      "properties": {
        "内容": "バス停: 中央道辰野",
        "name": "中央道辰野",
        "operator": "事業者不明",
        "ref": "",
        "url": "",
        "url2": ""
      }
    },
    {
      "type": "Feature",
      "geometry": {
        "type": "Point",
        "coordinates": [
          137.9260479,
          35.8146235
        ]
      },
      "properties": {
        "内容": "バス停: 中央道西春近",
        "name": "中央道西春近",
        "operator": "事業者不明",
        "ref": "",
        "url": "",
        "url2": ""
      }
    },
    {
      "type": "Feature",
      "geometry": {
        "type": "Point",
        "coordinates": [
          137.9256488,
          35.8147105
        ]
      },
      "properties": {
        "内容": "バス停: 中央道西春近",
        "name": "中央道西春近",
        "operator": "事業者不明",
        "ref": "",
        "url": "",
        "url2": ""
      }
    },
    {
      "type": "Feature",
      "geometry": {
        "type": "Point",
        "coordinates": [
          137.9293624,
          35.7735585
        ]
      },
      "properties": {
        "内容": "バス停: 中央道宮田",
        "name": "中央道宮田",
        "operator": "事業者不明",
        "ref": "",
        "url": "",
        "url2": ""
      }
    },
    {
      "type": "Feature",
      "geometry": {
        "type": "Point",
        "coordinates": [
          137.9257426,
          35.771778
        ]
      },
      "properties": {
        "内容": "バス停: 中央道宮田",
        "name": "中央道宮田",
        "operator": "事業者不明",
        "ref": "",
        "url": "",
        "url2": ""
      }
    },
    {
      "type": "Feature",
      "geometry": {
        "type": "Point",
        "coordinates": [
          137.9115674,
          35.7403191
        ]
      },
      "properties": {
        "内容": "バス停: 中央道駒ヶ根",
        "name": "中央道駒ヶ根",
        "operator": "事業者不明",
        "ref": "",
        "url": "",
        "url2": ""
      }
    },
    {
      "type": "Feature",
      "geometry": {
        "type": "Point",
        "coordinates": [
          137.814109,
          35.5230175
        ]
      },
      "properties": {
        "内容": "バス停: 中央道上飯田",
        "name": "中央道上飯田",
        "operator": "事業者不明",
        "ref": "",
        "url": "",
        "url2": ""
      }
    },
    {
      "type": "Feature",
      "geometry": {
        "type": "Point",
        "coordinates": [
          137.812873,
          35.5229169
        ]
      },
      "properties": {
        "内容": "バス停: 中央道上飯田",
        "name": "中央道上飯田",
        "operator": "事業者不明",
        "ref": "",
        "url": "",
        "url2": ""
      }
    },
    {
      "type": "Feature",
      "geometry": {
        "type": "Point",
        "coordinates": [
          137.8184598,
          35.5171128
        ]
      },
      "properties": {
        "内容": "バス停: 飯田病院角",
        "name": "飯田病院角",
        "operator": "事業者不明",
        "ref": "",
        "url": "",
        "url2": ""
      }
    },
    {
      "type": "Feature",
      "geometry": {
        "type": "Point",
        "coordinates": [
          137.8186364,
          35.5171473
        ]
      },
      "properties": {
        "内容": "バス停: 飯田病院角",
        "name": "飯田病院角",
        "operator": "事業者不明",
        "ref": "",
        "url": "",
        "url2": ""
      }
    },
    {
      "type": "Feature",
      "geometry": {
        "type": "Point",
        "coordinates": [
          138.5700911,
          36.404387
        ]
      },
      "properties": {
        "内容": "バス停: 峰の茶屋",
        "name": "峰の茶屋",
        "operator": "事業者不明",
        "ref": "",
        "url": "",
        "url2": ""
      }
    },
    {
      "type": "Feature",
      "geometry": {
        "type": "Point",
        "coordinates": [
          138.5699049,
          36.4045593
        ]
      },
      "properties": {
        "内容": "バス停: 峰の茶屋",
        "name": "峰の茶屋",
        "operator": "事業者不明",
        "ref": "",
        "url": "",
        "url2": ""
      }
    },
    {
      "type": "Feature",
      "geometry": {
        "type": "Point",
        "coordinates": [
          138.5941927,
          36.4096449
        ]
      },
      "properties": {
        "内容": "バス停: 白糸の滝",
        "name": "白糸の滝",
        "operator": "事業者不明",
        "ref": "",
        "url": "",
        "url2": ""
      }
    },
    {
      "type": "Feature",
      "geometry": {
        "type": "Point",
        "coordinates": [
          138.5942214,
          36.4093163
        ]
      },
      "properties": {
        "内容": "バス停: 白糸の滝",
        "name": "白糸の滝",
        "operator": "事業者不明",
        "ref": "",
        "url": "",
        "url2": ""
      }
    },
    {
      "type": "Feature",
      "geometry": {
        "type": "Point",
        "coordinates": [
          137.8220114,
          35.5147022
        ]
      },
      "properties": {
        "内容": "バス停: 飯田市役所 (丘のまちプチバス「プッチー」)",
        "name": "飯田市役所",
        "operator": "丘のまちプチバス「プッチー」",
        "ref": "",
        "url": "",
        "url2": ""
      }
    },
    {
      "type": "Feature",
      "geometry": {
        "type": "Point",
        "coordinates": [
          137.8207373,
          35.5187725
        ]
      },
      "properties": {
        "内容": "バス停: 飯田駅 (丘のまちプチバス「プッチー」)",
        "name": "飯田駅",
        "operator": "丘のまちプチバス「プッチー」",
        "ref": "",
        "url": "",
        "url2": ""
      }
    },
    {
      "type": "Feature",
      "geometry": {
        "type": "Point",
        "coordinates": [
          137.8267917,
          35.5170593
        ]
      },
      "properties": {
        "内容": "バス停: 中央公園 (丘のまちプチバス「プッチー」)",
        "name": "中央公園",
        "operator": "丘のまちプチバス「プッチー」",
        "ref": "",
        "url": "",
        "url2": ""
      }
    },
    {
      "type": "Feature",
      "geometry": {
        "type": "Point",
        "coordinates": [
          137.8289517,
          35.51382
        ]
      },
      "properties": {
        "内容": "バス停: 合同庁舎 (丘のまちプチバス「プッチー」)",
        "name": "合同庁舎",
        "operator": "丘のまちプチバス「プッチー」",
        "ref": "",
        "url": "",
        "url2": ""
      }
    },
    {
      "type": "Feature",
      "geometry": {
        "type": "Point",
        "coordinates": [
          137.8301981,
          35.5123143
        ]
      },
      "properties": {
        "内容": "バス停: 美術博物館 (丘のまちプチバス「プッチー」)",
        "name": "美術博物館",
        "operator": "丘のまちプチバス「プッチー」",
        "ref": "",
        "url": "",
        "url2": ""
      }
    },
    {
      "type": "Feature",
      "geometry": {
        "type": "Point",
        "coordinates": [
          137.8272001,
          35.5134297
        ]
      },
      "properties": {
        "内容": "バス停: 飯田商工会館 (丘のまちプチバス「プッチー」)",
        "name": "飯田商工会館",
        "operator": "丘のまちプチバス「プッチー」",
        "ref": "",
        "url": "",
        "url2": ""
      }
    },
    {
      "type": "Feature",
      "geometry": {
        "type": "Point",
        "coordinates": [
          137.825663,
          35.5147703
        ]
      },
      "properties": {
        "内容": "バス停: りんご庁舎 (丘のまちプチバス「プッチー」)",
        "name": "りんご庁舎",
        "operator": "丘のまちプチバス「プッチー」",
        "ref": "",
        "url": "",
        "url2": ""
      }
    },
    {
      "type": "Feature",
      "geometry": {
        "type": "Point",
        "coordinates": [
          137.8392657,
          35.5248177
        ]
      },
      "properties": {
        "内容": "バス停: 黒田研修センター (飯田市)",
        "name": "黒田研修センター",
        "operator": "飯田市",
        "ref": "",
        "url": "",
        "url2": ""
      }
    },
    {
      "type": "Feature",
      "geometry": {
        "type": "Point",
        "coordinates": [
          137.8363822,
          35.5124592
        ]
      },
      "properties": {
        "内容": "バス停: さんとぴあ飯田 (市内循環線)",
        "name": "さんとぴあ飯田",
        "operator": "市内循環線",
        "ref": "",
        "url": "",
        "url2": ""
      }
    },
    {
      "type": "Feature",
      "geometry": {
        "type": "Point",
        "coordinates": [
          137.8383116,
          35.5086348
        ]
      },
      "properties": {
        "内容": "バス停: 飯田橋",
        "name": "飯田橋",
        "operator": "事業者不明",
        "ref": "",
        "url": "",
        "url2": ""
      }
    },
    {
      "type": "Feature",
      "geometry": {
        "type": "Point",
        "coordinates": [
          137.838573,
          35.5082901
        ]
      },
      "properties": {
        "内容": "バス停: 飯田橋",
        "name": "飯田橋",
        "operator": "事業者不明",
        "ref": "",
        "url": "",
        "url2": ""
      }
    },
    {
      "type": "Feature",
      "geometry": {
        "type": "Point",
        "coordinates": [
          137.8420184,
          35.5053186
        ]
      },
      "properties": {
        "内容": "バス停: JAみどりの広場 (市内循環線)",
        "name": "JAみどりの広場",
        "operator": "市内循環線",
        "ref": "",
        "url": "",
        "url2": ""
      }
    },
    {
      "type": "Feature",
      "geometry": {
        "type": "Point",
        "coordinates": [
          137.8378601,
          35.5074237
        ]
      },
      "properties": {
        "内容": "バス停: 西鼎 (市内循環線)",
        "name": "西鼎",
        "operator": "市内循環線",
        "ref": "",
        "url": "",
        "url2": ""
      }
    },
    {
      "type": "Feature",
      "geometry": {
        "type": "Point",
        "coordinates": [
          137.8340657,
          35.5071551
        ]
      },
      "properties": {
        "内容": "バス停: 下山東 (市内循環線)",
        "name": "下山東",
        "operator": "市内循環線",
        "ref": "",
        "url": "",
        "url2": ""
      }
    },
    {
      "type": "Feature",
      "geometry": {
        "type": "Point",
        "coordinates": [
          137.8339811,
          35.5071912
        ]
      },
      "properties": {
        "内容": "バス停: 下山東 (市内循環線)",
        "name": "下山東",
        "operator": "市内循環線",
        "ref": "",
        "url": "",
        "url2": ""
      }
    },
    {
      "type": "Feature",
      "geometry": {
        "type": "Point",
        "coordinates": [
          137.8324691,
          35.5053834
        ]
      },
      "properties": {
        "内容": "バス停: 下山 (市内循環線)",
        "name": "下山",
        "operator": "市内循環線",
        "ref": "",
        "url": "",
        "url2": ""
      }
    },
    {
      "type": "Feature",
      "geometry": {
        "type": "Point",
        "coordinates": [
          137.8324668,
          35.505304
        ]
      },
      "properties": {
        "内容": "バス停: 下山 (市内循環線)",
        "name": "下山",
        "operator": "市内循環線",
        "ref": "",
        "url": "",
        "url2": ""
      }
    },
    {
      "type": "Feature",
      "geometry": {
        "type": "Point",
        "coordinates": [
          137.8295632,
          35.5056945
        ]
      },
      "properties": {
        "内容": "バス停: 鼎中央 (L1 市内循環線 左回り)",
        "name": "鼎中央",
        "operator": "L1 市内循環線 左回り",
        "ref": "",
        "url": "",
        "url2": ""
      }
    },
    {
      "type": "Feature",
      "geometry": {
        "type": "Point",
        "coordinates": [
          137.8296558,
          35.5056029
        ]
      },
      "properties": {
        "内容": "バス停: 鼎中央 (L1 市内循環線 右回り)",
        "name": "鼎中央",
        "operator": "L1 市内循環線 右回り",
        "ref": "",
        "url": "",
        "url2": ""
      }
    },
    {
      "type": "Feature",
      "geometry": {
        "type": "Point",
        "coordinates": [
          137.8264619,
          35.5053837
        ]
      },
      "properties": {
        "内容": "バス停: 鼎公民館前 (L1 市内循環線 左回り)",
        "name": "鼎公民館前",
        "operator": "L1 市内循環線 左回り",
        "ref": "",
        "url": "",
        "url2": ""
      }
    },
    {
      "type": "Feature",
      "geometry": {
        "type": "Point",
        "coordinates": [
          137.8265327,
          35.5052779
        ]
      },
      "properties": {
        "内容": "バス停: 鼎公民館前 (L1 市内循環線 右回り)",
        "name": "鼎公民館前",
        "operator": "L1 市内循環線 右回り",
        "ref": "",
        "url": "",
        "url2": ""
      }
    },
    {
      "type": "Feature",
      "geometry": {
        "type": "Point",
        "coordinates": [
          137.8278181,
          35.5022594
        ]
      },
      "properties": {
        "内容": "バス停: 下農入口 (L1 市内循環線 右回り)",
        "name": "下農入口",
        "operator": "L1 市内循環線 右回り",
        "ref": "",
        "url": "",
        "url2": ""
      }
    },
    {
      "type": "Feature",
      "geometry": {
        "type": "Point",
        "coordinates": [
          137.8277723,
          35.5021836
        ]
      },
      "properties": {
        "内容": "バス停: 下農入口 (L1 市内循環線 左回り)",
        "name": "下農入口",
        "operator": "L1 市内循環線 左回り",
        "ref": "",
        "url": "",
        "url2": ""
      }
    },
    {
      "type": "Feature",
      "geometry": {
        "type": "Point",
        "coordinates": [
          137.8315624,
          35.5024791
        ]
      },
      "properties": {
        "内容": "バス停: ＯＩＤＥ長姫高校前 (L1 市内循環線 右回り)",
        "name": "ＯＩＤＥ長姫高校前",
        "operator": "L1 市内循環線 右回り",
        "ref": "",
        "url": "",
        "url2": ""
      }
    },
    {
      "type": "Feature",
      "geometry": {
        "type": "Point",
        "coordinates": [
          137.8317525,
          35.5024369
        ]
      },
      "properties": {
        "内容": "バス停: ＯＩＤＥ長姫高校前 (L1 市内循環線 左回り)",
        "name": "ＯＩＤＥ長姫高校前",
        "operator": "L1 市内循環線 左回り",
        "ref": "",
        "url": "",
        "url2": ""
      }
    },
    {
      "type": "Feature",
      "geometry": {
        "type": "Point",
        "coordinates": [
          137.8301718,
          35.4990504
        ]
      },
      "properties": {
        "内容": "バス停: 名古熊東（アピタ前） (L1 市内循環線 左回り)",
        "name": "名古熊東（アピタ前）",
        "operator": "L1 市内循環線 左回り",
        "ref": "",
        "url": "",
        "url2": ""
      }
    },
    {
      "type": "Feature",
      "geometry": {
        "type": "Point",
        "coordinates": [
          137.8279277,
          35.4981242
        ]
      },
      "properties": {
        "内容": "バス停: 名古熊中央",
        "name": "名古熊中央",
        "operator": "事業者不明",
        "ref": "",
        "url": "",
        "url2": ""
      }
    },
    {
      "type": "Feature",
      "geometry": {
        "type": "Point",
        "coordinates": [
          137.8279513,
          35.4983309
        ]
      },
      "properties": {
        "内容": "バス停: 名古熊中央",
        "name": "名古熊中央",
        "operator": "事業者不明",
        "ref": "",
        "url": "",
        "url2": ""
      }
    },
    {
      "type": "Feature",
      "geometry": {
        "type": "Point",
        "coordinates": [
          137.8175624,
          35.499135
        ]
      },
      "properties": {
        "内容": "バス停: 一色アップルロード（平安堂前）",
        "name": "一色アップルロード（平安堂前）",
        "operator": "事業者不明",
        "ref": "",
        "url": "",
        "url2": ""
      }
    },
    {
      "type": "Feature",
      "geometry": {
        "type": "Point",
        "coordinates": [
          137.8152872,
          35.4998559
        ]
      },
      "properties": {
        "内容": "バス停: 一色アップルロード（イオン前）",
        "name": "一色アップルロード（イオン前）",
        "operator": "事業者不明",
        "ref": "",
        "url": "",
        "url2": ""
      }
    },
    {
      "type": "Feature",
      "geometry": {
        "type": "Point",
        "coordinates": [
          137.8105069,
          35.5023177
        ]
      },
      "properties": {
        "内容": "バス停: 一色運動公園通り",
        "name": "一色運動公園通り",
        "operator": "事業者不明",
        "ref": "",
        "url": "",
        "url2": ""
      }
    },
    {
      "type": "Feature",
      "geometry": {
        "type": "Point",
        "coordinates": [
          137.8106939,
          35.5026397
        ]
      },
      "properties": {
        "内容": "バス停: 一色運動公園通り",
        "name": "一色運動公園通り",
        "operator": "事業者不明",
        "ref": "",
        "url": "",
        "url2": ""
      }
    },
    {
      "type": "Feature",
      "geometry": {
        "type": "Point",
        "coordinates": [
          137.8118959,
          35.5089692
        ]
      },
      "properties": {
        "内容": "バス停: 上山",
        "name": "上山",
        "operator": "事業者不明",
        "ref": "",
        "url": "",
        "url2": ""
      }
    },
    {
      "type": "Feature",
      "geometry": {
        "type": "Point",
        "coordinates": [
          137.8117915,
          35.5090278
        ]
      },
      "properties": {
        "内容": "バス停: 上山",
        "name": "上山",
        "operator": "事業者不明",
        "ref": "",
        "url": "",
        "url2": ""
      }
    },
    {
      "type": "Feature",
      "geometry": {
        "type": "Point",
        "coordinates": [
          137.8135315,
          35.5118325
        ]
      },
      "properties": {
        "内容": "バス停: 上茶屋",
        "name": "上茶屋",
        "operator": "事業者不明",
        "ref": "",
        "url": "",
        "url2": ""
      }
    },
    {
      "type": "Feature",
      "geometry": {
        "type": "Point",
        "coordinates": [
          137.8136359,
          35.5117975
        ]
      },
      "properties": {
        "内容": "バス停: 上茶屋",
        "name": "上茶屋",
        "operator": "事業者不明",
        "ref": "",
        "url": "",
        "url2": ""
      }
    },
    {
      "type": "Feature",
      "geometry": {
        "type": "Point",
        "coordinates": [
          137.8309868,
          35.5206896
        ]
      },
      "properties": {
        "内容": "バス停: 創造館入口",
        "name": "創造館入口",
        "operator": "事業者不明",
        "ref": "",
        "url": "",
        "url2": ""
      }
    },
    {
      "type": "Feature",
      "geometry": {
        "type": "Point",
        "coordinates": [
          137.847204,
          35.5197809
        ]
      },
      "properties": {
        "内容": "バス停: 飯沼南自治会館 (乗合タクシー上市田線)",
        "name": "飯沼南自治会館",
        "operator": "乗合タクシー上市田線",
        "ref": "",
        "url": "",
        "url2": ""
      }
    },
    {
      "type": "Feature",
      "geometry": {
        "type": "Point",
        "coordinates": [
          137.8481357,
          35.5219819
        ]
      },
      "properties": {
        "内容": "バス停: 飯沼公会堂 (乗合タクシー上市田線)",
        "name": "飯沼公会堂",
        "operator": "乗合タクシー上市田線",
        "ref": "",
        "url": "",
        "url2": ""
      }
    },
    {
      "type": "Feature",
      "geometry": {
        "type": "Point",
        "coordinates": [
          137.8491236,
          35.5197481
        ]
      },
      "properties": {
        "内容": "バス停: ヤマダ電機裏 (乗合タクシー上市田線)",
        "name": "ヤマダ電機裏",
        "operator": "乗合タクシー上市田線",
        "ref": "",
        "url": "",
        "url2": ""
      }
    },
    {
      "type": "Feature",
      "geometry": {
        "type": "Point",
        "coordinates": [
          137.8294319,
          35.5194618
        ]
      },
      "properties": {
        "内容": "バス停: 警察署入口 (乗合タクシー上市田線)",
        "name": "警察署入口",
        "operator": "乗合タクシー上市田線",
        "ref": "",
        "url": "",
        "url2": ""
      }
    },
    {
      "type": "Feature",
      "geometry": {
        "type": "Point",
        "coordinates": [
          137.8258269,
          35.5154332
        ]
      },
      "properties": {
        "内容": "バス停: 通り町１・２ (飯田市)",
        "name": "通り町１・２",
        "operator": "飯田市",
        "ref": "",
        "url": "",
        "url2": ""
      }
    },
    {
      "type": "Feature",
      "geometry": {
        "type": "Point",
        "coordinates": [
          137.8034029,
          36.1846013
        ]
      },
      "properties": {
        "内容": "バス停: 大野田遊園地前",
        "name": "大野田遊園地前",
        "operator": "事業者不明",
        "ref": "",
        "url": "",
        "url2": ""
      }
    },
    {
      "type": "Feature",
      "geometry": {
        "type": "Point",
        "coordinates": [
          137.7966456,
          35.4870011
        ]
      },
      "properties": {
        "内容": "バス停: 名称不明バス停",
        "name": "名称不明バス停",
        "operator": "事業者不明",
        "ref": "",
        "url": "",
        "url2": ""
      }
    },
    {
      "type": "Feature",
      "geometry": {
        "type": "Point",
        "coordinates": [
          137.797188,
          35.4906114
        ]
      },
      "properties": {
        "内容": "バス停: 三日市場中部 (市民バス)",
        "name": "三日市場中部",
        "operator": "市民バス",
        "ref": "",
        "url": "",
        "url2": ""
      }
    },
    {
      "type": "Feature",
      "geometry": {
        "type": "Point",
        "coordinates": [
          137.7970781,
          35.4906076
        ]
      },
      "properties": {
        "内容": "バス停: 三日市場中部 (市民バス)",
        "name": "三日市場中部",
        "operator": "市民バス",
        "ref": "",
        "url": "",
        "url2": ""
      }
    },
    {
      "type": "Feature",
      "geometry": {
        "type": "Point",
        "coordinates": [
          137.7998264,
          35.4932979
        ]
      },
      "properties": {
        "内容": "バス停: 三日市場東部 (市民バス)",
        "name": "三日市場東部",
        "operator": "市民バス",
        "ref": "",
        "url": "",
        "url2": ""
      }
    },
    {
      "type": "Feature",
      "geometry": {
        "type": "Point",
        "coordinates": [
          137.8001301,
          35.4934102
        ]
      },
      "properties": {
        "内容": "バス停: 三日市場東部 (市民バス)",
        "name": "三日市場東部",
        "operator": "市民バス",
        "ref": "",
        "url": "",
        "url2": ""
      }
    },
    {
      "type": "Feature",
      "geometry": {
        "type": "Point",
        "coordinates": [
          137.803416,
          35.4956041
        ]
      },
      "properties": {
        "内容": "バス停: 三日市場北 (市民バス)",
        "name": "三日市場北",
        "operator": "市民バス",
        "ref": "",
        "url": "",
        "url2": ""
      }
    },
    {
      "type": "Feature",
      "geometry": {
        "type": "Point",
        "coordinates": [
          137.8032462,
          35.4956382
        ]
      },
      "properties": {
        "内容": "バス停: 三日市場北 (市民バス)",
        "name": "三日市場北",
        "operator": "市民バス",
        "ref": "",
        "url": "",
        "url2": ""
      }
    },
    {
      "type": "Feature",
      "geometry": {
        "type": "Point",
        "coordinates": [
          137.8058942,
          35.4976651
        ]
      },
      "properties": {
        "内容": "バス停: 上殿岡 (市民バス)",
        "name": "上殿岡",
        "operator": "市民バス",
        "ref": "",
        "url": "",
        "url2": ""
      }
    },
    {
      "type": "Feature",
      "geometry": {
        "type": "Point",
        "coordinates": [
          137.8060029,
          35.4976581
        ]
      },
      "properties": {
        "内容": "バス停: 上殿岡",
        "name": "上殿岡",
        "operator": "事業者不明",
        "ref": "",
        "url": "",
        "url2": ""
      }
    },
    {
      "type": "Feature",
      "geometry": {
        "type": "Point",
        "coordinates": [
          137.9507633,
          35.598045
        ]
      },
      "properties": {
        "内容": "バス停: 大堤 (M3 まつかわフルーツバス 部奈線)",
        "name": "大堤",
        "operator": "M3 まつかわフルーツバス 部奈線",
        "ref": "",
        "url": "",
        "url2": ""
      }
    },
    {
      "type": "Feature",
      "geometry": {
        "type": "Point",
        "coordinates": [
          137.6453296,
          36.1240308
        ]
      },
      "properties": {
        "内容": "バス停: 乗鞍保育園前 (アルピコ交通)",
        "name": "乗鞍保育園前",
        "operator": "アルピコ交通",
        "ref": "N-26",
        "url": "",
        "url2": ""
      }
    },
    {
      "type": "Feature",
      "geometry": {
        "type": "Point",
        "coordinates": [
          137.821559,
          36.1899435
        ]
      },
      "properties": {
        "内容": "バス停: 新島々 (アルピコ交通)",
        "name": "新島々",
        "operator": "アルピコ交通",
        "ref": "N-01",
        "url": "",
        "url2": ""
      }
    },
    {
      "type": "Feature",
      "geometry": {
        "type": "Point",
        "coordinates": [
          137.8050025,
          36.1839006
        ]
      },
      "properties": {
        "内容": "バス停: 大野田 (アルピコ交通)",
        "name": "大野田",
        "operator": "アルピコ交通",
        "ref": "K-03",
        "url": "",
        "url2": ""
      }
    },
    {
      "type": "Feature",
      "geometry": {
        "type": "Point",
        "coordinates": [
          137.7990861,
          36.1828241
        ]
      },
      "properties": {
        "内容": "バス停: 発電所前 (アルピコ交通)",
        "name": "発電所前",
        "operator": "アルピコ交通",
        "ref": "K-04",
        "url": "",
        "url2": ""
      }
    },
    {
      "type": "Feature",
      "geometry": {
        "type": "Point",
        "coordinates": [
          137.7927368,
          36.1832356
        ]
      },
      "properties": {
        "内容": "バス停: 野沢 (アルピコ交通)",
        "name": "野沢",
        "operator": "アルピコ交通",
        "ref": "",
        "url": "",
        "url2": ""
      }
    },
    {
      "type": "Feature",
      "geometry": {
        "type": "Point",
        "coordinates": [
          137.7927049,
          36.1831784
        ]
      },
      "properties": {
        "内容": "バス停: 野沢 (アルピコ交通)",
        "name": "野沢",
        "operator": "アルピコ交通",
        "ref": "",
        "url": "",
        "url2": ""
      }
    },
    {
      "type": "Feature",
      "geometry": {
        "type": "Point",
        "coordinates": [
          137.7854367,
          36.1822984
        ]
      },
      "properties": {
        "内容": "バス停: 安曇支所前 (アルピコ交通)",
        "name": "安曇支所前",
        "operator": "アルピコ交通",
        "ref": "K-06",
        "url": "",
        "url2": ""
      }
    },
    {
      "type": "Feature",
      "geometry": {
        "type": "Point",
        "coordinates": [
          137.7833724,
          36.181045
        ]
      },
      "properties": {
        "内容": "バス停: 安曇小中学校前 (アルピコ交通)",
        "name": "安曇小中学校前",
        "operator": "アルピコ交通",
        "ref": "K-07",
        "url": "",
        "url2": ""
      }
    },
    {
      "type": "Feature",
      "geometry": {
        "type": "Point",
        "coordinates": [
          137.7833877,
          36.1809365
        ]
      },
      "properties": {
        "内容": "バス停: 安曇小中学校前 (アルピコ交通)",
        "name": "安曇小中学校前",
        "operator": "アルピコ交通",
        "ref": "K-07",
        "url": "",
        "url2": ""
      }
    },
    {
      "type": "Feature",
      "geometry": {
        "type": "Point",
        "coordinates": [
          137.7730397,
          36.1690893
        ]
      },
      "properties": {
        "内容": "バス停: 稲核ダム (アルピコ交通)",
        "name": "稲核ダム",
        "operator": "アルピコ交通",
        "ref": "K-08",
        "url": "",
        "url2": ""
      }
    },
    {
      "type": "Feature",
      "geometry": {
        "type": "Point",
        "coordinates": [
          137.7619689,
          36.1620449
        ]
      },
      "properties": {
        "内容": "バス停: 稲核口 (アルピコ交通)",
        "name": "稲核口",
        "operator": "アルピコ交通",
        "ref": "K-09",
        "url": "",
        "url2": ""
      }
    },
    {
      "type": "Feature",
      "geometry": {
        "type": "Point",
        "coordinates": [
          137.7621961,
          36.1614499
        ]
      },
      "properties": {
        "内容": "バス停: 稲核 (アルピコ交通)",
        "name": "稲核",
        "operator": "アルピコ交通",
        "ref": "K-10",
        "url": "",
        "url2": ""
      }
    },
    {
      "type": "Feature",
      "geometry": {
        "type": "Point",
        "coordinates": [
          137.761496,
          36.1611271
        ]
      },
      "properties": {
        "内容": "バス停: 稲核 (アルピコ交通)",
        "name": "稲核",
        "operator": "アルピコ交通",
        "ref": "K-10",
        "url": "",
        "url2": ""
      }
    },
    {
      "type": "Feature",
      "geometry": {
        "type": "Point",
        "coordinates": [
          137.7600853,
          36.1603053
        ]
      },
      "properties": {
        "内容": "バス停: 稲核仲町 (アルピコ交通)",
        "name": "稲核仲町",
        "operator": "アルピコ交通",
        "ref": "K-11",
        "url": "",
        "url2": ""
      }
    },
    {
      "type": "Feature",
      "geometry": {
        "type": "Point",
        "coordinates": [
          137.7584662,
          36.1593623
        ]
      },
      "properties": {
        "内容": "バス停: 宮の沢 (アルピコ交通)",
        "name": "宮の沢",
        "operator": "アルピコ交通",
        "ref": "K-12",
        "url": "",
        "url2": ""
      }
    },
    {
      "type": "Feature",
      "geometry": {
        "type": "Point",
        "coordinates": [
          137.7552878,
          36.1565402
        ]
      },
      "properties": {
        "内容": "バス停: 梨の木平 (アルピコ交通)",
        "name": "梨の木平",
        "operator": "アルピコ交通",
        "ref": "K-13",
        "url": "",
        "url2": ""
      }
    },
    {
      "type": "Feature",
      "geometry": {
        "type": "Point",
        "coordinates": [
          137.7552419,
          36.1565918
        ]
      },
      "properties": {
        "内容": "バス停: 梨の木平 (アルピコ交通)",
        "name": "梨の木平",
        "operator": "アルピコ交通",
        "ref": "K-13",
        "url": "",
        "url2": ""
      }
    },
    {
      "type": "Feature",
      "geometry": {
        "type": "Point",
        "coordinates": [
          137.7440655,
          36.1466962
        ]
      },
      "properties": {
        "内容": "バス停: 鵬雲崎 (アルピコ交通)",
        "name": "鵬雲崎",
        "operator": "アルピコ交通",
        "ref": "K-15",
        "url": "",
        "url2": ""
      }
    },
    {
      "type": "Feature",
      "geometry": {
        "type": "Point",
        "coordinates": [
          137.7441894,
          36.1465654
        ]
      },
      "properties": {
        "内容": "バス停: 鵬雲崎 (アルピコ交通)",
        "name": "鵬雲崎",
        "operator": "アルピコ交通",
        "ref": "K-15",
        "url": "",
        "url2": ""
      }
    },
    {
      "type": "Feature",
      "geometry": {
        "type": "Point",
        "coordinates": [
          137.6891656,
          36.1479012
        ]
      },
      "properties": {
        "内容": "バス停: 親子滝 (アルピコ交通)",
        "name": "親子滝",
        "operator": "アルピコ交通",
        "ref": "K-17",
        "url": "",
        "url2": ""
      }
    },
    {
      "type": "Feature",
      "geometry": {
        "type": "Point",
        "coordinates": [
          137.6564206,
          36.164703
        ]
      },
      "properties": {
        "内容": "バス停: さわんどバスターミナル (アルピコ交通)",
        "name": "さわんどバスターミナル",
        "operator": "アルピコ交通",
        "ref": "K-20",
        "url": "",
        "url2": ""
      }
    },
    {
      "type": "Feature",
      "geometry": {
        "type": "Point",
        "coordinates": [
          137.6562533,
          36.1646337
        ]
      },
      "properties": {
        "内容": "バス停: さわんどバスターミナル (アルピコ交通)",
        "name": "さわんどバスターミナル",
        "operator": "アルピコ交通",
        "ref": "K-20",
        "url": "",
        "url2": ""
      }
    },
    {
      "type": "Feature",
      "geometry": {
        "type": "Point",
        "coordinates": [
          137.655926,
          36.1644994
        ]
      },
      "properties": {
        "内容": "バス停: さわんどバスターミナル (アルピコ交通)",
        "name": "さわんどバスターミナル",
        "operator": "アルピコ交通",
        "ref": "K-20",
        "url": "",
        "url2": ""
      }
    },
    {
      "type": "Feature",
      "geometry": {
        "type": "Point",
        "coordinates": [
          137.6553214,
          36.1647401
        ]
      },
      "properties": {
        "内容": "バス停: さわんどバスターミナル (アルピコ交通)",
        "name": "さわんどバスターミナル",
        "operator": "アルピコ交通",
        "ref": "K-20",
        "url": "",
        "url2": ""
      }
    },
    {
      "type": "Feature",
      "geometry": {
        "type": "Point",
        "coordinates": [
          137.6605093,
          36.1643388
        ]
      },
      "properties": {
        "内容": "バス停: さわんど大橋 (アルピコ交通)",
        "name": "さわんど大橋",
        "operator": "アルピコ交通",
        "ref": "K-18",
        "url": "",
        "url2": ""
      }
    },
    {
      "type": "Feature",
      "geometry": {
        "type": "Point",
        "coordinates": [
          137.6713083,
          36.1371876
        ]
      },
      "properties": {
        "内容": "バス停: 中平 (アルピコ交通)",
        "name": "中平",
        "operator": "アルピコ交通",
        "ref": "N-18",
        "url": "",
        "url2": ""
      }
    },
    {
      "type": "Feature",
      "geometry": {
        "type": "Point",
        "coordinates": [
          137.6564248,
          36.126187
        ]
      },
      "properties": {
        "内容": "バス停: 千間淵 (アルピコ交通)",
        "name": "千間淵",
        "operator": "アルピコ交通",
        "ref": "N-23",
        "url": "",
        "url2": ""
      }
    },
    {
      "type": "Feature",
      "geometry": {
        "type": "Point",
        "coordinates": [
          137.6542849,
          36.1245984
        ]
      },
      "properties": {
        "内容": "バス停: 番所 (アルピコ交通)",
        "name": "番所",
        "operator": "アルピコ交通",
        "ref": "N-24",
        "url": "",
        "url2": ""
      }
    },
    {
      "type": "Feature",
      "geometry": {
        "type": "Point",
        "coordinates": [
          137.6484557,
          36.1252315
        ]
      },
      "properties": {
        "内容": "バス停: 千石平 (アルピコ交通)",
        "name": "千石平",
        "operator": "アルピコ交通",
        "ref": "N-25",
        "url": "",
        "url2": ""
      }
    },
    {
      "type": "Feature",
      "geometry": {
        "type": "Point",
        "coordinates": [
          137.6452856,
          36.1238822
        ]
      },
      "properties": {
        "内容": "バス停: 乗鞍保育園前 (アルピコ交通)",
        "name": "乗鞍保育園前",
        "operator": "アルピコ交通",
        "ref": "N-26",
        "url": "",
        "url2": ""
      }
    },
    {
      "type": "Feature",
      "geometry": {
        "type": "Point",
        "coordinates": [
          137.6402786,
          36.124
        ]
      },
      "properties": {
        "内容": "バス停: 楢の木坂 (アルピコ交通)",
        "name": "楢の木坂",
        "operator": "アルピコ交通",
        "ref": "N-27",
        "url": "",
        "url2": ""
      }
    },
    {
      "type": "Feature",
      "geometry": {
        "type": "Point",
        "coordinates": [
          137.6248266,
          36.121773
        ]
      },
      "properties": {
        "内容": "バス停: 乗鞍高原観光センター (アルピコ交通)",
        "name": "乗鞍高原観光センター",
        "operator": "アルピコ交通",
        "ref": "N-29",
        "url": "",
        "url2": ""
      }
    },
    {
      "type": "Feature",
      "geometry": {
        "type": "Point",
        "coordinates": [
          137.6248067,
          36.1216748
        ]
      },
      "properties": {
        "内容": "バス停: 乗鞍高原観光センター (アルピコ交通)",
        "name": "乗鞍高原観光センター",
        "operator": "アルピコ交通",
        "ref": "N-29",
        "url": "",
        "url2": ""
      }
    },
    {
      "type": "Feature",
      "geometry": {
        "type": "Point",
        "coordinates": [
          137.6272154,
          36.1220385
        ]
      },
      "properties": {
        "内容": "バス停: 乗鞍高原せせらぎの湯 (アルピコ交通)",
        "name": "乗鞍高原せせらぎの湯",
        "operator": "アルピコ交通",
        "ref": "N-28",
        "url": "",
        "url2": ""
      }
    },
    {
      "type": "Feature",
      "geometry": {
        "type": "Point",
        "coordinates": [
          137.6685421,
          36.1325845
        ]
      },
      "properties": {
        "内容": "バス停: 宮の前 (アルピコ交通)",
        "name": "宮の前",
        "operator": "アルピコ交通",
        "ref": "N-19",
        "url": "",
        "url2": ""
      }
    },
    {
      "type": "Feature",
      "geometry": {
        "type": "Point",
        "coordinates": [
          137.6648869,
          36.1316223
        ]
      },
      "properties": {
        "内容": "バス停: 大野川学校前 (アルピコ交通)",
        "name": "大野川学校前",
        "operator": "アルピコ交通",
        "ref": "N-20",
        "url": "",
        "url2": ""
      }
    },
    {
      "type": "Feature",
      "geometry": {
        "type": "Point",
        "coordinates": [
          137.6613108,
          36.1303807
        ]
      },
      "properties": {
        "内容": "バス停: 宮の原 (アルピコ交通)",
        "name": "宮の原",
        "operator": "アルピコ交通",
        "ref": "N-21",
        "url": "",
        "url2": ""
      }
    },
    {
      "type": "Feature",
      "geometry": {
        "type": "Point",
        "coordinates": [
          137.6583556,
          36.1275835
        ]
      },
      "properties": {
        "内容": "バス停: 番所大滝 (アルピコ交通)",
        "name": "番所大滝",
        "operator": "アルピコ交通",
        "ref": "N-22",
        "url": "",
        "url2": ""
      }
    },
    {
      "type": "Feature",
      "geometry": {
        "type": "Point",
        "coordinates": [
          137.6154129,
          36.1190246
        ]
      },
      "properties": {
        "内容": "バス停: すずらん橋 (アルピコ交通)",
        "name": "すずらん橋",
        "operator": "アルピコ交通",
        "ref": "N-32",
        "url": "",
        "url2": ""
      }
    },
    {
      "type": "Feature",
      "geometry": {
        "type": "Point",
        "coordinates": [
          137.6128507,
          36.1148714
        ]
      },
      "properties": {
        "内容": "バス停: 休暇村 (アルピコ交通)",
        "name": "休暇村",
        "operator": "アルピコ交通",
        "ref": "N-33",
        "url": "",
        "url2": ""
      }
    },
    {
      "type": "Feature",
      "geometry": {
        "type": "Point",
        "coordinates": [
          137.6095673,
          36.1074306
        ]
      },
      "properties": {
        "内容": "バス停: 東大ヒュッテ口 (アルピコ交通)",
        "name": "東大ヒュッテ口",
        "operator": "アルピコ交通",
        "ref": "N-34",
        "url": "",
        "url2": ""
      }
    },
    {
      "type": "Feature",
      "geometry": {
        "type": "Point",
        "coordinates": [
          137.5966525,
          36.1134561
        ]
      },
      "properties": {
        "内容": "バス停: 三本滝 (アルピコ交通)",
        "name": "三本滝",
        "operator": "アルピコ交通",
        "ref": "N-35",
        "url": "",
        "url2": ""
      }
    },
    {
      "type": "Feature",
      "geometry": {
        "type": "Point",
        "coordinates": [
          137.5966649,
          36.1135138
        ]
      },
      "properties": {
        "内容": "バス停: 三本滝 (アルピコ交通)",
        "name": "三本滝",
        "operator": "アルピコ交通",
        "ref": "N-35",
        "url": "",
        "url2": ""
      }
    },
    {
      "type": "Feature",
      "geometry": {
        "type": "Point",
        "coordinates": [
          137.5866393,
          36.1218734
        ]
      },
      "properties": {
        "内容": "バス停: 摩利支天 (アルピコ交通)",
        "name": "摩利支天",
        "operator": "アルピコ交通",
        "ref": "N-36",
        "url": "",
        "url2": ""
      }
    },
    {
      "type": "Feature",
      "geometry": {
        "type": "Point",
        "coordinates": [
          137.5866665,
          36.1217903
        ]
      },
      "properties": {
        "内容": "バス停: 摩利支天 (アルピコ交通)",
        "name": "摩利支天",
        "operator": "アルピコ交通",
        "ref": "N-36",
        "url": "",
        "url2": ""
      }
    },
    {
      "type": "Feature",
      "geometry": {
        "type": "Point",
        "coordinates": [
          137.5745616,
          36.1201217
        ]
      },
      "properties": {
        "内容": "バス停: 冷泉小屋前 (アルピコ交通)",
        "name": "冷泉小屋前",
        "operator": "アルピコ交通",
        "ref": "N-37",
        "url": "",
        "url2": ""
      }
    },
    {
      "type": "Feature",
      "geometry": {
        "type": "Point",
        "coordinates": [
          137.5744445,
          36.1201041
        ]
      },
      "properties": {
        "内容": "バス停: 冷泉小屋前 (アルピコ交通)",
        "name": "冷泉小屋前",
        "operator": "アルピコ交通",
        "ref": "N-37",
        "url": "",
        "url2": ""
      }
    },
    {
      "type": "Feature",
      "geometry": {
        "type": "Point",
        "coordinates": [
          137.5710908,
          36.1193734
        ]
      },
      "properties": {
        "内容": "バス停: 位ヶ原山荘前 (アルピコ交通)",
        "name": "位ヶ原山荘前",
        "operator": "アルピコ交通",
        "ref": "N-38",
        "url": "",
        "url2": ""
      }
    },
    {
      "type": "Feature",
      "geometry": {
        "type": "Point",
        "coordinates": [
          137.5710547,
          36.1194535
        ]
      },
      "properties": {
        "内容": "バス停: 位ヶ原山荘前 (アルピコ交通)",
        "name": "位ヶ原山荘前",
        "operator": "アルピコ交通",
        "ref": "N-38",
        "url": "",
        "url2": ""
      }
    },
    {
      "type": "Feature",
      "geometry": {
        "type": "Point",
        "coordinates": [
          137.5650269,
          36.114814
        ]
      },
      "properties": {
        "内容": "バス停: 宝徳霊神 (アルピコ交通)",
        "name": "宝徳霊神",
        "operator": "アルピコ交通",
        "ref": "N-39",
        "url": "",
        "url2": ""
      }
    },
    {
      "type": "Feature",
      "geometry": {
        "type": "Point",
        "coordinates": [
          137.5649576,
          36.1147362
        ]
      },
      "properties": {
        "内容": "バス停: 宝徳霊神 (アルピコ交通)",
        "name": "宝徳霊神",
        "operator": "アルピコ交通",
        "ref": "N-39",
        "url": "",
        "url2": ""
      }
    },
    {
      "type": "Feature",
      "geometry": {
        "type": "Point",
        "coordinates": [
          137.5595175,
          36.1143023
        ]
      },
      "properties": {
        "内容": "バス停: 大雪渓・肩の小屋口 (アルピコ交通)",
        "name": "大雪渓・肩の小屋口",
        "operator": "アルピコ交通",
        "ref": "N-40",
        "url": "",
        "url2": ""
      }
    },
    {
      "type": "Feature",
      "geometry": {
        "type": "Point",
        "coordinates": [
          137.5596411,
          36.1143475
        ]
      },
      "properties": {
        "内容": "バス停: 大雪渓・肩の小屋口 (アルピコ交通)",
        "name": "大雪渓・肩の小屋口",
        "operator": "アルピコ交通",
        "ref": "N-40",
        "url": "",
        "url2": ""
      }
    },
    {
      "type": "Feature",
      "geometry": {
        "type": "Point",
        "coordinates": [
          137.6242475,
          36.1217969
        ]
      },
      "properties": {
        "内容": "バス停: 乗鞍高原観光センター (アルピコ交通)",
        "name": "乗鞍高原観光センター",
        "operator": "アルピコ交通",
        "ref": "N-29",
        "url": "",
        "url2": ""
      }
    },
    {
      "type": "Feature",
      "geometry": {
        "type": "Point",
        "coordinates": [
          137.9814079,
          36.2428011
        ]
      },
      "properties": {
        "内容": "バス停: Yokota",
        "name": "Yokota",
        "operator": "事業者不明",
        "ref": "",
        "url": "",
        "url2": ""
      }
    },
    {
      "type": "Feature",
      "geometry": {
        "type": "Point",
        "coordinates": [
          138.1974796,
          36.6705288
        ]
      },
      "properties": {
        "内容": "バス停: 名称不明バス停",
        "name": "名称不明バス停",
        "operator": "事業者不明",
        "ref": "",
        "url": "",
        "url2": ""
      }
    },
    {
      "type": "Feature",
      "geometry": {
        "type": "Point",
        "coordinates": [
          138.1884017,
          36.662833
        ]
      },
      "properties": {
        "内容": "バス停: 名称不明バス停",
        "name": "名称不明バス停",
        "operator": "事業者不明",
        "ref": "",
        "url": "",
        "url2": ""
      }
    },
    {
      "type": "Feature",
      "geometry": {
        "type": "Point",
        "coordinates": [
          138.4995862,
          36.6830196
        ]
      },
      "properties": {
        "内容": "バス停: 横手山第１リフト",
        "name": "横手山第１リフト",
        "operator": "事業者不明",
        "ref": "",
        "url": "",
        "url2": ""
      }
    },
    {
      "type": "Feature",
      "geometry": {
        "type": "Point",
        "coordinates": [
          138.5167729,
          36.7443077
        ]
      },
      "properties": {
        "内容": "バス停: プリンスホテル西館",
        "name": "プリンスホテル西館",
        "operator": "事業者不明",
        "ref": "",
        "url": "",
        "url2": ""
      }
    },
    {
      "type": "Feature",
      "geometry": {
        "type": "Point",
        "coordinates": [
          138.5169637,
          36.7442325
        ]
      },
      "properties": {
        "内容": "バス停: プリンスホテル西館",
        "name": "プリンスホテル西館",
        "operator": "事業者不明",
        "ref": "",
        "url": "",
        "url2": ""
      }
    },
    {
      "type": "Feature",
      "geometry": {
        "type": "Point",
        "coordinates": [
          138.6023041,
          36.3449934
        ]
      },
      "properties": {
        "内容": "バス停: 名称不明バス停",
        "name": "名称不明バス停",
        "operator": "事業者不明",
        "ref": "",
        "url": "",
        "url2": ""
      }
    },
    {
      "type": "Feature",
      "geometry": {
        "type": "Point",
        "coordinates": [
          138.0395492,
          35.5613979
        ]
      },
      "properties": {
        "内容": "バス停: ぶんまん前",
        "name": "ぶんまん前",
        "operator": "事業者不明",
        "ref": "",
        "url": "",
        "url2": ""
      }
    },
    {
      "type": "Feature",
      "geometry": {
        "type": "Point",
        "coordinates": [
          138.0802114,
          36.028902
        ]
      },
      "properties": {
        "内容": "バス停: 名称不明バス停",
        "name": "名称不明バス停",
        "operator": "事業者不明",
        "ref": "",
        "url": "",
        "url2": ""
      }
    },
    {
      "type": "Feature",
      "geometry": {
        "type": "Point",
        "coordinates": [
          138.2628077,
          36.0576362
        ]
      },
      "properties": {
        "内容": "バス停: 滝の湯入口",
        "name": "滝の湯入口",
        "operator": "事業者不明",
        "ref": "",
        "url": "",
        "url2": ""
      }
    },
    {
      "type": "Feature",
      "geometry": {
        "type": "Point",
        "coordinates": [
          138.2512369,
          36.0497525
        ]
      },
      "properties": {
        "内容": "バス停: 名称不明バス停",
        "name": "名称不明バス停",
        "operator": "事業者不明",
        "ref": "",
        "url": "",
        "url2": ""
      }
    },
    {
      "type": "Feature",
      "geometry": {
        "type": "Point",
        "coordinates": [
          138.2684976,
          36.0599449
        ]
      },
      "properties": {
        "内容": "バス停: 親湯入口",
        "name": "親湯入口",
        "operator": "事業者不明",
        "ref": "",
        "url": "",
        "url2": ""
      }
    },
    {
      "type": "Feature",
      "geometry": {
        "type": "Point",
        "coordinates": [
          138.165454,
          35.996818
        ]
      },
      "properties": {
        "内容": "バス停: 本町五丁目",
        "name": "本町五丁目",
        "operator": "事業者不明",
        "ref": "",
        "url": "",
        "url2": ""
      }
    },
    {
      "type": "Feature",
      "geometry": {
        "type": "Point",
        "coordinates": [
          137.8049144,
          35.5229081
        ]
      },
      "properties": {
        "内容": "バス停: 西中入口",
        "name": "西中入口",
        "operator": "事業者不明",
        "ref": "",
        "url": "",
        "url2": ""
      }
    },
    {
      "type": "Feature",
      "geometry": {
        "type": "Point",
        "coordinates": [
          138.1596869,
          36.0975806
        ]
      },
      "properties": {
        "内容": "バス停: 強清水",
        "name": "強清水",
        "operator": "事業者不明",
        "ref": "",
        "url": "",
        "url2": ""
      }
    },
    {
      "type": "Feature",
      "geometry": {
        "type": "Point",
        "coordinates": [
          138.1595658,
          36.1199365
        ]
      },
      "properties": {
        "内容": "バス停: 八島湿原",
        "name": "八島湿原",
        "operator": "事業者不明",
        "ref": "",
        "url": "",
        "url2": ""
      }
    },
    {
      "type": "Feature",
      "geometry": {
        "type": "Point",
        "coordinates": [
          138.1472707,
          36.0895732
        ]
      },
      "properties": {
        "内容": "バス停: 名称不明バス停",
        "name": "名称不明バス停",
        "operator": "事業者不明",
        "ref": "",
        "url": "",
        "url2": ""
      }
    },
    {
      "type": "Feature",
      "geometry": {
        "type": "Point",
        "coordinates": [
          138.1399003,
          36.0805388
        ]
      },
      "properties": {
        "内容": "バス停: 蓼の海入口",
        "name": "蓼の海入口",
        "operator": "事業者不明",
        "ref": "",
        "url": "",
        "url2": ""
      }
    },
    {
      "type": "Feature",
      "geometry": {
        "type": "Point",
        "coordinates": [
          138.186445,
          36.5903576
        ]
      },
      "properties": {
        "内容": "バス停: 名称不明バス停",
        "name": "名称不明バス停",
        "operator": "事業者不明",
        "ref": "",
        "url": "",
        "url2": ""
      }
    },
    {
      "type": "Feature",
      "geometry": {
        "type": "Point",
        "coordinates": [
          138.2008663,
          36.5664498
        ]
      },
      "properties": {
        "内容": "バス停: 名称不明バス停",
        "name": "名称不明バス停",
        "operator": "事業者不明",
        "ref": "",
        "url": "",
        "url2": ""
      }
    },
    {
      "type": "Feature",
      "geometry": {
        "type": "Point",
        "coordinates": [
          138.1970273,
          36.5787716
        ]
      },
      "properties": {
        "内容": "バス停: 名称不明バス停",
        "name": "名称不明バス停",
        "operator": "事業者不明",
        "ref": "",
        "url": "",
        "url2": ""
      }
    },
    {
      "type": "Feature",
      "geometry": {
        "type": "Point",
        "coordinates": [
          138.1902505,
          36.5839401
        ]
      },
      "properties": {
        "内容": "バス停: 名称不明バス停",
        "name": "名称不明バス停",
        "operator": "事業者不明",
        "ref": "",
        "url": "",
        "url2": ""
      }
    },
    {
      "type": "Feature",
      "geometry": {
        "type": "Point",
        "coordinates": [
          138.1986844,
          36.5660828
        ]
      },
      "properties": {
        "内容": "バス停: 名称不明バス停",
        "name": "名称不明バス停",
        "operator": "事業者不明",
        "ref": "",
        "url": "",
        "url2": ""
      }
    },
    {
      "type": "Feature",
      "geometry": {
        "type": "Point",
        "coordinates": [
          138.196869,
          36.5772794
        ]
      },
      "properties": {
        "内容": "バス停: 名称不明バス停",
        "name": "名称不明バス停",
        "operator": "事業者不明",
        "ref": "",
        "url": "",
        "url2": ""
      }
    },
    {
      "type": "Feature",
      "geometry": {
        "type": "Point",
        "coordinates": [
          138.1983691,
          36.5656503
        ]
      },
      "properties": {
        "内容": "バス停: 名称不明バス停",
        "name": "名称不明バス停",
        "operator": "事業者不明",
        "ref": "",
        "url": "",
        "url2": ""
      }
    },
    {
      "type": "Feature",
      "geometry": {
        "type": "Point",
        "coordinates": [
          138.1884243,
          36.5854176
        ]
      },
      "properties": {
        "内容": "バス停: 名称不明バス停",
        "name": "名称不明バス停",
        "operator": "事業者不明",
        "ref": "",
        "url": "",
        "url2": ""
      }
    },
    {
      "type": "Feature",
      "geometry": {
        "type": "Point",
        "coordinates": [
          138.1903743,
          36.5834885
        ]
      },
      "properties": {
        "内容": "バス停: 名称不明バス停",
        "name": "名称不明バス停",
        "operator": "事業者不明",
        "ref": "",
        "url": "",
        "url2": ""
      }
    },
    {
      "type": "Feature",
      "geometry": {
        "type": "Point",
        "coordinates": [
          138.1797726,
          36.6011467
        ]
      },
      "properties": {
        "内容": "バス停: 名称不明バス停",
        "name": "名称不明バス停",
        "operator": "事業者不明",
        "ref": "",
        "url": "",
        "url2": ""
      }
    },
    {
      "type": "Feature",
      "geometry": {
        "type": "Point",
        "coordinates": [
          138.1859732,
          36.5907288
        ]
      },
      "properties": {
        "内容": "バス停: 名称不明バス停",
        "name": "名称不明バス停",
        "operator": "事業者不明",
        "ref": "",
        "url": "",
        "url2": ""
      }
    },
    {
      "type": "Feature",
      "geometry": {
        "type": "Point",
        "coordinates": [
          137.9677878,
          36.2423168
        ]
      },
      "properties": {
        "内容": "バス停: 名称不明バス停",
        "name": "名称不明バス停",
        "operator": "事業者不明",
        "ref": "",
        "url": "",
        "url2": ""
      }
    },
    {
      "type": "Feature",
      "geometry": {
        "type": "Point",
        "coordinates": [
          138.192695,
          36.6417614
        ]
      },
      "properties": {
        "内容": "バス停: 名称不明バス停",
        "name": "名称不明バス停",
        "operator": "事業者不明",
        "ref": "",
        "url": "",
        "url2": ""
      }
    },
    {
      "type": "Feature",
      "geometry": {
        "type": "Point",
        "coordinates": [
          138.1980493,
          36.6420658
        ]
      },
      "properties": {
        "内容": "バス停: 名称不明バス停",
        "name": "名称不明バス停",
        "operator": "事業者不明",
        "ref": "",
        "url": "",
        "url2": ""
      }
    },
    {
      "type": "Feature",
      "geometry": {
        "type": "Point",
        "coordinates": [
          138.0787666,
          36.7508258
        ]
      },
      "properties": {
        "内容": "バス停: 名称不明バス停",
        "name": "名称不明バス停",
        "operator": "事業者不明",
        "ref": "",
        "url": "",
        "url2": ""
      }
    },
    {
      "type": "Feature",
      "geometry": {
        "type": "Point",
        "coordinates": [
          137.6066193,
          36.2095246
        ]
      },
      "properties": {
        "内容": "バス停: 中の湯",
        "name": "中の湯",
        "operator": "事業者不明",
        "ref": "K26",
        "url": "",
        "url2": ""
      }
    },
    {
      "type": "Feature",
      "geometry": {
        "type": "Point",
        "coordinates": [
          137.6060333,
          36.2097175
        ]
      },
      "properties": {
        "内容": "バス停: 中の湯",
        "name": "中の湯",
        "operator": "事業者不明",
        "ref": "K26",
        "url": "",
        "url2": ""
      }
    },
    {
      "type": "Feature",
      "geometry": {
        "type": "Point",
        "coordinates": [
          137.6198741,
          36.2286167
        ]
      },
      "properties": {
        "内容": "バス停: 大正池",
        "name": "大正池",
        "operator": "事業者不明",
        "ref": "K28",
        "url": "",
        "url2": ""
      }
    },
    {
      "type": "Feature",
      "geometry": {
        "type": "Point",
        "coordinates": [
          138.076795,
          35.7532402
        ]
      },
      "properties": {
        "内容": "バス停: 馬越 (Ina Bius)",
        "name": "馬越",
        "operator": "Ina Bius",
        "ref": "",
        "url": "",
        "url2": ""
      }
    },
    {
      "type": "Feature",
      "geometry": {
        "type": "Point",
        "coordinates": [
          137.926182,
          36.4301575
        ]
      },
      "properties": {
        "内容": "バス停: 関屋下",
        "name": "関屋下",
        "operator": "事業者不明",
        "ref": "",
        "url": "",
        "url2": ""
      }
    },
    {
      "type": "Feature",
      "geometry": {
        "type": "Point",
        "coordinates": [
          137.9262332,
          36.4278314
        ]
      },
      "properties": {
        "内容": "バス停: 関屋口",
        "name": "関屋口",
        "operator": "事業者不明",
        "ref": "",
        "url": "",
        "url2": ""
      }
    },
    {
      "type": "Feature",
      "geometry": {
        "type": "Point",
        "coordinates": [
          137.9263265,
          36.4262475
        ]
      },
      "properties": {
        "内容": "バス停: 上生坂",
        "name": "上生坂",
        "operator": "事業者不明",
        "ref": "",
        "url": "",
        "url2": ""
      }
    },
    {
      "type": "Feature",
      "geometry": {
        "type": "Point",
        "coordinates": [
          137.9271264,
          36.4247696
        ]
      },
      "properties": {
        "内容": "バス停: 役場前",
        "name": "役場前",
        "operator": "事業者不明",
        "ref": "",
        "url": "",
        "url2": ""
      }
    },
    {
      "type": "Feature",
      "geometry": {
        "type": "Point",
        "coordinates": [
          137.9292476,
          36.4244533
        ]
      },
      "properties": {
        "内容": "バス停: 中学校前",
        "name": "中学校前",
        "operator": "事業者不明",
        "ref": "",
        "url": "",
        "url2": ""
      }
    },
    {
      "type": "Feature",
      "geometry": {
        "type": "Point",
        "coordinates": [
          137.9331877,
          36.4246989
        ]
      },
      "properties": {
        "内容": "バス停: いくさかの郷前",
        "name": "いくさかの郷前",
        "operator": "事業者不明",
        "ref": "",
        "url": "",
        "url2": ""
      }
    },
    {
      "type": "Feature",
      "geometry": {
        "type": "Point",
        "coordinates": [
          138.0926398,
          35.7263084
        ]
      },
      "properties": {
        "内容": "バス停: 杉島",
        "name": "杉島",
        "operator": "事業者不明",
        "ref": "",
        "url": "",
        "url2": ""
      }
    },
    {
      "type": "Feature",
      "geometry": {
        "type": "Point",
        "coordinates": [
          138.2991647,
          36.4226918
        ]
      },
      "properties": {
        "内容": "バス停: 下原 (上田バス)",
        "name": "下原",
        "operator": "上田バス",
        "ref": "",
        "url": "",
        "url2": ""
      }
    },
    {
      "type": "Feature",
      "geometry": {
        "type": "Point",
        "coordinates": [
          138.2979946,
          36.4196777
        ]
      },
      "properties": {
        "内容": "バス停: 殿城口 (上田バス)",
        "name": "殿城口",
        "operator": "上田バス",
        "ref": "",
        "url": "",
        "url2": ""
      }
    },
    {
      "type": "Feature",
      "geometry": {
        "type": "Point",
        "coordinates": [
          138.2834516,
          36.409236
        ]
      },
      "properties": {
        "内容": "バス停: 神科農協前 (上田バス)",
        "name": "神科農協前",
        "operator": "上田バス",
        "ref": "",
        "url": "",
        "url2": ""
      }
    },
    {
      "type": "Feature",
      "geometry": {
        "type": "Point",
        "coordinates": [
          138.2540493,
          36.4062473
        ]
      },
      "properties": {
        "内容": "バス停: 房山 (上田バス)",
        "name": "房山",
        "operator": "上田バス",
        "ref": "",
        "url": "",
        "url2": ""
      }
    },
    {
      "type": "Feature",
      "geometry": {
        "type": "Point",
        "coordinates": [
          138.2529073,
          36.4022747
        ]
      },
      "properties": {
        "内容": "バス停: 原町",
        "name": "原町",
        "operator": "事業者不明",
        "ref": "",
        "url": "",
        "url2": ""
      }
    },
    {
      "type": "Feature",
      "geometry": {
        "type": "Point",
        "coordinates": [
          138.2994264,
          36.421612
        ]
      },
      "properties": {
        "内容": "バス停: 下原 (上田バス)",
        "name": "下原",
        "operator": "上田バス",
        "ref": "",
        "url": "",
        "url2": ""
      }
    },
    {
      "type": "Feature",
      "geometry": {
        "type": "Point",
        "coordinates": [
          138.2987443,
          36.4203058
        ]
      },
      "properties": {
        "内容": "バス停: 殿城口 (上田バス)",
        "name": "殿城口",
        "operator": "上田バス",
        "ref": "",
        "url": "",
        "url2": ""
      }
    },
    {
      "type": "Feature",
      "geometry": {
        "type": "Point",
        "coordinates": [
          138.2896328,
          36.4119947
        ]
      },
      "properties": {
        "内容": "バス停: 樋之沢 (上田バス)",
        "name": "樋之沢",
        "operator": "上田バス",
        "ref": "",
        "url": "",
        "url2": ""
      }
    },
    {
      "type": "Feature",
      "geometry": {
        "type": "Point",
        "coordinates": [
          138.2896516,
          36.4118598
        ]
      },
      "properties": {
        "内容": "バス停: 樋之沢 (上田バス)",
        "name": "樋之沢",
        "operator": "上田バス",
        "ref": "",
        "url": "",
        "url2": ""
      }
    },
    {
      "type": "Feature",
      "geometry": {
        "type": "Point",
        "coordinates": [
          138.2865161,
          36.4092112
        ]
      },
      "properties": {
        "内容": "バス停: 神科小学校前 (上田バス)",
        "name": "神科小学校前",
        "operator": "上田バス",
        "ref": "",
        "url": "",
        "url2": ""
      }
    },
    {
      "type": "Feature",
      "geometry": {
        "type": "Point",
        "coordinates": [
          138.2606354,
          36.4050287
        ]
      },
      "properties": {
        "内容": "バス停: 下川原柳 (上田バス)",
        "name": "下川原柳",
        "operator": "上田バス",
        "ref": "",
        "url": "",
        "url2": ""
      }
    },
    {
      "type": "Feature",
      "geometry": {
        "type": "Point",
        "coordinates": [
          138.2541566,
          36.4068626
        ]
      },
      "properties": {
        "内容": "バス停: 房山 (千曲バス)",
        "name": "房山",
        "operator": "千曲バス",
        "ref": "",
        "url": "",
        "url2": ""
      }
    },
    {
      "type": "Feature",
      "geometry": {
        "type": "Point",
        "coordinates": [
          138.2792459,
          36.4068248
        ]
      },
      "properties": {
        "内容": "バス停: 上田住吉 (上田バス)",
        "name": "上田住吉",
        "operator": "上田バス",
        "ref": "",
        "url": "",
        "url2": ""
      }
    },
    {
      "type": "Feature",
      "geometry": {
        "type": "Point",
        "coordinates": [
          138.2839908,
          36.4090579
        ]
      },
      "properties": {
        "内容": "バス停: 神科農協前 (上田バス)",
        "name": "神科農協前",
        "operator": "上田バス",
        "ref": "",
        "url": "",
        "url2": ""
      }
    },
    {
      "type": "Feature",
      "geometry": {
        "type": "Point",
        "coordinates": [
          138.2622555,
          36.4041145
        ]
      },
      "properties": {
        "内容": "バス停: 上川原柳 (上田バス)",
        "name": "上川原柳",
        "operator": "上田バス",
        "ref": "",
        "url": "",
        "url2": ""
      }
    },
    {
      "type": "Feature",
      "geometry": {
        "type": "Point",
        "coordinates": [
          138.255389,
          36.4075534
        ]
      },
      "properties": {
        "内容": "バス停: 新田 (上田バス)",
        "name": "新田",
        "operator": "上田バス",
        "ref": "",
        "url": "",
        "url2": ""
      }
    },
    {
      "type": "Feature",
      "geometry": {
        "type": "Point",
        "coordinates": [
          138.2540345,
          36.4055247
        ]
      },
      "properties": {
        "内容": "バス停: 房山 (千曲バス;上田バス)",
        "name": "房山",
        "operator": "千曲バス;上田バス",
        "ref": "",
        "url": "",
        "url2": ""
      }
    },
    {
      "type": "Feature",
      "geometry": {
        "type": "Point",
        "coordinates": [
          138.2533465,
          36.4030308
        ]
      },
      "properties": {
        "内容": "バス停: 原町",
        "name": "原町",
        "operator": "事業者不明",
        "ref": "",
        "url": "",
        "url2": ""
      }
    },
    {
      "type": "Feature",
      "geometry": {
        "type": "Point",
        "coordinates": [
          138.2517372,
          36.3998335
        ]
      },
      "properties": {
        "内容": "バス停: 松尾町",
        "name": "松尾町",
        "operator": "事業者不明",
        "ref": "",
        "url": "",
        "url2": ""
      }
    },
    {
      "type": "Feature",
      "geometry": {
        "type": "Point",
        "coordinates": [
          138.2961264,
          36.4182467
        ]
      },
      "properties": {
        "内容": "バス停: 伊勢山 (上田バス)",
        "name": "伊勢山",
        "operator": "上田バス",
        "ref": "",
        "url": "",
        "url2": ""
      }
    },
    {
      "type": "Feature",
      "geometry": {
        "type": "Point",
        "coordinates": [
          138.2952198,
          36.4173434
        ]
      },
      "properties": {
        "内容": "バス停: 伊勢山 (上田バス)",
        "name": "伊勢山",
        "operator": "上田バス",
        "ref": "",
        "url": "",
        "url2": ""
      }
    },
    {
      "type": "Feature",
      "geometry": {
        "type": "Point",
        "coordinates": [
          138.2716727,
          36.4034582
        ]
      },
      "properties": {
        "内容": "バス停: 住吉南",
        "name": "住吉南",
        "operator": "事業者不明",
        "ref": "",
        "url": "",
        "url2": ""
      }
    },
    {
      "type": "Feature",
      "geometry": {
        "type": "Point",
        "coordinates": [
          138.2868513,
          36.4094972
        ]
      },
      "properties": {
        "内容": "バス停: 神科小学校前 (上田バス)",
        "name": "神科小学校前",
        "operator": "上田バス",
        "ref": "",
        "url": "",
        "url2": ""
      }
    },
    {
      "type": "Feature",
      "geometry": {
        "type": "Point",
        "coordinates": [
          138.2671894,
          36.4023087
        ]
      },
      "properties": {
        "内容": "バス停: 染屋浄水場前 (上田バス)",
        "name": "染屋浄水場前",
        "operator": "上田バス",
        "ref": "",
        "url": "",
        "url2": ""
      }
    },
    {
      "type": "Feature",
      "geometry": {
        "type": "Point",
        "coordinates": [
          138.2749236,
          36.40476
        ]
      },
      "properties": {
        "内容": "バス停: 上田検査場前 (上田バス)",
        "name": "上田検査場前",
        "operator": "上田バス",
        "ref": "",
        "url": "",
        "url2": ""
      }
    },
    {
      "type": "Feature",
      "geometry": {
        "type": "Point",
        "coordinates": [
          138.5331067,
          36.7552933
        ]
      },
      "properties": {
        "内容": "バス停: 名称不明バス停",
        "name": "名称不明バス停",
        "operator": "事業者不明",
        "ref": "",
        "url": "",
        "url2": ""
      }
    },
    {
      "type": "Feature",
      "geometry": {
        "type": "Point",
        "coordinates": [
          138.3134397,
          36.4428619
        ]
      },
      "properties": {
        "内容": "バス停: 石舟 (上田バス)",
        "name": "石舟",
        "operator": "上田バス",
        "ref": "",
        "url": "",
        "url2": ""
      }
    },
    {
      "type": "Feature",
      "geometry": {
        "type": "Point",
        "coordinates": [
          138.3139229,
          36.4432897
        ]
      },
      "properties": {
        "内容": "バス停: 石舟 (上田バス)",
        "name": "石舟",
        "operator": "上田バス",
        "ref": "",
        "url": "",
        "url2": ""
      }
    },
    {
      "type": "Feature",
      "geometry": {
        "type": "Point",
        "coordinates": [
          138.3286918,
          36.4493331
        ]
      },
      "properties": {
        "内容": "バス停: 中真田 (上田バス)",
        "name": "中真田",
        "operator": "上田バス",
        "ref": "",
        "url": "",
        "url2": ""
      }
    },
    {
      "type": "Feature",
      "geometry": {
        "type": "Point",
        "coordinates": [
          138.3300872,
          36.4514259
        ]
      },
      "properties": {
        "内容": "バス停: 真田 (上田バス)",
        "name": "真田",
        "operator": "上田バス",
        "ref": "",
        "url": "",
        "url2": ""
      }
    },
    {
      "type": "Feature",
      "geometry": {
        "type": "Point",
        "coordinates": [
          138.29812,
          36.4271463
        ]
      },
      "properties": {
        "内容": "バス停: 本原 (上田バス)",
        "name": "本原",
        "operator": "上田バス",
        "ref": "",
        "url": "",
        "url2": ""
      }
    },
    {
      "type": "Feature",
      "geometry": {
        "type": "Point",
        "coordinates": [
          138.3000304,
          36.4222353
        ]
      },
      "properties": {
        "内容": "バス停: 下原 (上田バス)",
        "name": "下原",
        "operator": "上田バス",
        "ref": "",
        "url": "",
        "url2": ""
      }
    },
    {
      "type": "Feature",
      "geometry": {
        "type": "Point",
        "coordinates": [
          138.29859,
          36.4262105
        ]
      },
      "properties": {
        "内容": "バス停: 本原 (上田バス)",
        "name": "本原",
        "operator": "上田バス",
        "ref": "",
        "url": "",
        "url2": ""
      }
    },
    {
      "type": "Feature",
      "geometry": {
        "type": "Point",
        "coordinates": [
          138.3034445,
          36.4379028
        ]
      },
      "properties": {
        "内容": "バス停: 真田自治センター入口 (上田バス)",
        "name": "真田自治センター入口",
        "operator": "上田バス",
        "ref": "",
        "url": "",
        "url2": ""
      }
    },
    {
      "type": "Feature",
      "geometry": {
        "type": "Point",
        "coordinates": [
          138.3079778,
          36.4402074
        ]
      },
      "properties": {
        "内容": "バス停: 幸村の郷 夢工房前 (上田バス)",
        "name": "幸村の郷 夢工房前",
        "operator": "上田バス",
        "ref": "",
        "url": "",
        "url2": ""
      }
    },
    {
      "type": "Feature",
      "geometry": {
        "type": "Point",
        "coordinates": [
          138.3026335,
          36.4373682
        ]
      },
      "properties": {
        "内容": "バス停: 真田自治センター入口 (上田バス)",
        "name": "真田自治センター入口",
        "operator": "上田バス",
        "ref": "",
        "url": "",
        "url2": ""
      }
    },
    {
      "type": "Feature",
      "geometry": {
        "type": "Point",
        "coordinates": [
          138.3074333,
          36.4400995
        ]
      },
      "properties": {
        "内容": "バス停: 幸村の郷 夢工房前 (上田バス)",
        "name": "幸村の郷 夢工房前",
        "operator": "上田バス",
        "ref": "",
        "url": "",
        "url2": ""
      }
    },
    {
      "type": "Feature",
      "geometry": {
        "type": "Point",
        "coordinates": [
          138.3218059,
          36.4479102
        ]
      },
      "properties": {
        "内容": "バス停: 長小学校前 (上田バス)",
        "name": "長小学校前",
        "operator": "上田バス",
        "ref": "",
        "url": "",
        "url2": ""
      }
    },
    {
      "type": "Feature",
      "geometry": {
        "type": "Point",
        "coordinates": [
          138.3227018,
          36.4482867
        ]
      },
      "properties": {
        "内容": "バス停: 長小学校前 (上田バス)",
        "name": "長小学校前",
        "operator": "上田バス",
        "ref": "",
        "url": "",
        "url2": ""
      }
    },
    {
      "type": "Feature",
      "geometry": {
        "type": "Point",
        "coordinates": [
          138.3234052,
          36.4478741
        ]
      },
      "properties": {
        "内容": "バス停: 長小学校前 (上田バス)",
        "name": "長小学校前",
        "operator": "上田バス",
        "ref": "",
        "url": "",
        "url2": ""
      }
    },
    {
      "type": "Feature",
      "geometry": {
        "type": "Point",
        "coordinates": [
          138.3309891,
          36.4513423
        ]
      },
      "properties": {
        "内容": "バス停: 真田 (上田バス)",
        "name": "真田",
        "operator": "上田バス",
        "ref": "",
        "url": "",
        "url2": ""
      }
    },
    {
      "type": "Feature",
      "geometry": {
        "type": "Point",
        "coordinates": [
          138.3283666,
          36.4492059
        ]
      },
      "properties": {
        "内容": "バス停: 中真田 (上田バス)",
        "name": "中真田",
        "operator": "上田バス",
        "ref": "",
        "url": "",
        "url2": ""
      }
    },
    {
      "type": "Feature",
      "geometry": {
        "type": "Point",
        "coordinates": [
          138.3293214,
          36.4509685
        ]
      },
      "properties": {
        "内容": "バス停: 真田 (上田バス)",
        "name": "真田",
        "operator": "上田バス",
        "ref": "",
        "url": "",
        "url2": ""
      }
    },
    {
      "type": "Feature",
      "geometry": {
        "type": "Point",
        "coordinates": [
          138.3297184,
          36.4514615
        ]
      },
      "properties": {
        "内容": "バス停: 真田 (上田バス)",
        "name": "真田",
        "operator": "上田バス",
        "ref": "",
        "url": "",
        "url2": ""
      }
    },
    {
      "type": "Feature",
      "geometry": {
        "type": "Point",
        "coordinates": [
          138.5924641,
          36.3477976
        ]
      },
      "properties": {
        "内容": "バス停: 中軽井沢駅",
        "name": "中軽井沢駅",
        "operator": "事業者不明",
        "ref": "",
        "url": "",
        "url2": ""
      }
    },
    {
      "type": "Feature",
      "geometry": {
        "type": "Point",
        "coordinates": [
          137.9374235,
          36.4146704
        ]
      },
      "properties": {
        "内容": "バス停: 池沢",
        "name": "池沢",
        "operator": "事業者不明",
        "ref": "",
        "url": "",
        "url2": ""
      }
    },
    {
      "type": "Feature",
      "geometry": {
        "type": "Point",
        "coordinates": [
          137.9298753,
          36.410401
        ]
      },
      "properties": {
        "内容": "バス停: 新田",
        "name": "新田",
        "operator": "事業者不明",
        "ref": "",
        "url": "",
        "url2": ""
      }
    },
    {
      "type": "Feature",
      "geometry": {
        "type": "Point",
        "coordinates": [
          137.9271198,
          36.4090071
        ]
      },
      "properties": {
        "内容": "バス停: 下生野",
        "name": "下生野",
        "operator": "事業者不明",
        "ref": "",
        "url": "",
        "url2": ""
      }
    },
    {
      "type": "Feature",
      "geometry": {
        "type": "Point",
        "coordinates": [
          137.9260206,
          36.4072918
        ]
      },
      "properties": {
        "内容": "バス停: 生野郵便局前",
        "name": "生野郵便局前",
        "operator": "事業者不明",
        "ref": "",
        "url": "",
        "url2": ""
      }
    }
  ]
}