{
"type": "FeatureCollection",
"name": "geo_20_2",
"crs": { "type": "name", "properties": { "name": "urn:ogc:def:crs:OGC:1.3:CRS84" } },
"features": [
{ "type": "Feature", "properties": { "ID": 2022011110349, "正式名称": "渡辺耳鼻咽喉科医院", "機関区分": 2, "都道府県コード": 20, "市区町村コード": 211, "所在地": "長野県中野市一本木１４０－１", "緯度": 36.75376, "経度": 138.372712, "url": "https://www.iryou.teikyouseido.mhlw.go.jp/znk-web/juminkanja/S2430/initialize?prefCd=20&kikanCd=2011110349&kikanKbn=2", "url2": null, "内容": "渡辺耳鼻咽喉科医院【2:診療所】【診療科目:耳鼻いんこう科】長野県中野市一本木１４０－１" }, "geometry": { "type": "Point", "coordinates": [ 138.372712, 36.75376 ] } },
{ "type": "Feature", "properties": { "ID": 2022013117078, "正式名称": "こうだ内科", "機関区分": 2, "都道府県コード": 20, "市区町村コード": 521, "所在地": "長野県埴科郡坂城町南条８４２－２", "緯度": 36.433298, "経度": 138.19245, "url": "https://www.iryou.teikyouseido.mhlw.go.jp/znk-web/juminkanja/S2430/initialize?prefCd=20&kikanCd=2013117078&kikanKbn=2", "url2": "https://www.koudanaika.com/", "内容": "こうだ内科【2:診療所】【診療科目:内科_糖尿病・代謝内科_循環器内科】長野県埴科郡坂城町南条８４２－２" }, "geometry": { "type": "Point", "coordinates": [ 138.19245, 36.433298 ] } },
{ "type": "Feature", "properties": { "ID": 2022200511612, "正式名称": "いまいレディースクリニック", "機関区分": 2, "都道府県コード": 20, "市区町村コード": 217, "所在地": "長野県佐久市岩村田２０１５－１", "緯度": 36.266333, "経度": 138.470729, "url": "https://www.iryou.teikyouseido.mhlw.go.jp/znk-web/juminkanja/S2430/initialize?prefCd=20&kikanCd=2200511612&kikanKbn=2", "url2": "http://www.imai-ladies.jp", "内容": "いまいレディースクリニック【2:診療所】【診療科目:産婦人科】長野県佐久市岩村田２０１５－１" }, "geometry": { "type": "Point", "coordinates": [ 138.470729, 36.266333 ] } },
{ "type": "Feature", "properties": { "ID": 2022200511625, "正式名称": "たなべ診療所", "機関区分": 2, "都道府県コード": 20, "市区町村コード": 309, "所在地": "長野県南佐久郡佐久穂町高野町７３０ー１", "緯度": 36.164883, "経度": 138.48518, "url": "https://www.iryou.teikyouseido.mhlw.go.jp/znk-web/juminkanja/S2430/initialize?prefCd=20&kikanCd=2200511625&kikanKbn=2", "url2": "https://tanabeclinic.jp/", "内容": "たなべ診療所【2:診療所】【診療科目:内科_小児科】長野県南佐久郡佐久穂町高野町７３０ー１" }, "geometry": { "type": "Point", "coordinates": [ 138.48518, 36.164883 ] } },
{ "type": "Feature", "properties": { "ID": 2022200520911, "正式名称": "花岡レディースクリニック", "機関区分": 2, "都道府県コード": 20, "市区町村コード": 208, "所在地": "長野県小諸市市町５－４－１６", "緯度": 36.307799, "経度": 138.440535, "url": "https://www.iryou.teikyouseido.mhlw.go.jp/znk-web/juminkanja/S2430/initialize?prefCd=20&kikanCd=2200520911&kikanKbn=2", "url2": "http://www.hanaoka-lc.jp", "内容": "花岡レディースクリニック【2:診療所】【診療科目:産科_婦人科】長野県小諸市市町５－４－１６" }, "geometry": { "type": "Point", "coordinates": [ 138.440535, 36.307799 ] } },
{ "type": "Feature", "properties": { "ID": 2022200520953, "正式名称": "佐久平こころのクリニック", "機関区分": 2, "都道府県コード": 20, "市区町村コード": 217, "所在地": "長野県佐久市佐久平駅南１４－６　新日本ビル１０２", "緯度": 36.275387, "経度": 138.464257, "url": "https://www.iryou.teikyouseido.mhlw.go.jp/znk-web/juminkanja/S2430/initialize?prefCd=20&kikanCd=2200520953&kikanKbn=2", "url2": "http://sakukokoro.com", "内容": "佐久平こころのクリニック【2:診療所】【診療科目:精神科_心療内科】長野県佐久市佐久平駅南１４－６　新日本ビル１０２" }, "geometry": { "type": "Point", "coordinates": [ 138.464257, 36.275387 ] } },
{ "type": "Feature", "properties": { "ID": 2022200520966, "正式名称": "てらおかクリニック", "機関区分": 2, "都道府県コード": 20, "市区町村コード": 217, "所在地": "長野県佐久市甲１０６２－２", "緯度": 36.263109, "経度": 138.402763, "url": "https://www.iryou.teikyouseido.mhlw.go.jp/znk-web/juminkanja/S2430/initialize?prefCd=20&kikanCd=2200520966&kikanKbn=2", "url2": null, "内容": "てらおかクリニック【2:診療所】【診療科目:内科_リハビリテーション科】長野県佐久市甲１０６２－２" }, "geometry": { "type": "Point", "coordinates": [ 138.402763, 36.263109 ] } },
{ "type": "Feature", "properties": { "ID": 2022200520979, "正式名称": "柳澤クリニック分院", "機関区分": 2, "都道府県コード": 20, "市区町村コード": 217, "所在地": "長野県佐久市佐久平駅北２１ー４", "緯度": 36.278748, "経度": 138.461201, "url": "https://www.iryou.teikyouseido.mhlw.go.jp/znk-web/juminkanja/S2430/initialize?prefCd=20&kikanCd=2200520979&kikanKbn=2", "url2": "www.shubunkai.or.jp", "内容": "柳澤クリニック分院【2:診療所】【診療科目:内科】長野県佐久市佐久平駅北２１ー４" }, "geometry": { "type": "Point", "coordinates": [ 138.461201, 36.278748 ] } },
{ "type": "Feature", "properties": { "ID": 2022200532194, "正式名称": "医療法人下形整形外科クリニック", "機関区分": 2, "都道府県コード": 20, "市区町村コード": 203, "所在地": "長野県上田市芳田１９０４－１", "緯度": 36.378149, "経度": 138.291573, "url": "https://www.iryou.teikyouseido.mhlw.go.jp/znk-web/juminkanja/S2430/initialize?prefCd=20&kikanCd=2200532194&kikanKbn=2", "url2": "https://www.shimogata-clinic.jp/", "内容": "医療法人下形整形外科クリニック【2:診療所】【診療科目:整形外科_リウマチ科_リハビリテーション科】長野県上田市芳田１９０４－１" }, "geometry": { "type": "Point", "coordinates": [ 138.291573, 36.378149 ] } },
{ "type": "Feature", "properties": { "ID": 2022200542038, "正式名称": "みうら内科クリニック", "機関区分": 2, "都道府県コード": 20, "市区町村コード": 214, "所在地": "長野県茅野市塚原２－７－９", "緯度": 35.995411, "経度": 138.157461, "url": "https://www.iryou.teikyouseido.mhlw.go.jp/znk-web/juminkanja/S2430/initialize?prefCd=20&kikanCd=2200542038&kikanKbn=2", "url2": null, "内容": "みうら内科クリニック【2:診療所】【診療科目:内科】長野県茅野市塚原２－７－９" }, "geometry": { "type": "Point", "coordinates": [ 138.157461, 35.995411 ] } },
{ "type": "Feature", "properties": { "ID": 2022200542054, "正式名称": "長野県厚生農業協同組合連合会　富士見高原医療福祉センター　みづうみ診療所", "機関区分": 2, "都道府県コード": 20, "市区町村コード": 206, "所在地": "長野県諏訪市豊田２４００ー９", "緯度": 36.029435, "経度": 138.081705, "url": "https://www.iryou.teikyouseido.mhlw.go.jp/znk-web/juminkanja/S2430/initialize?prefCd=20&kikanCd=2200542054&kikanKbn=2", "url2": "https://fujimihp.com/facility/%e3%81%bf%e3%81%a5%e3%81%86%e3%81%bf%e8%a8%ba%e7%99%82%e6%89%80/", "内容": "長野県厚生農業協同組合連合会　富士見高原医療福祉センター　みづうみ診療所【2:診療所】【診療科目:内科_神経内科_外科_整形外科_泌尿器科】長野県諏訪市豊田２４００ー９" }, "geometry": { "type": "Point", "coordinates": [ 138.081705, 36.029435 ] } },
{ "type": "Feature", "properties": { "ID": 2022200572486, "正式名称": "飯田中央眼科", "機関区分": 2, "都道府県コード": 20, "市区町村コード": 205, "所在地": "長野県飯田市鼎名古熊５６７－１", "緯度": 35.500181, "経度": 137.818149, "url": "https://www.iryou.teikyouseido.mhlw.go.jp/znk-web/juminkanja/S2430/initialize?prefCd=20&kikanCd=2200572486&kikanKbn=2", "url2": "https://www.iidacentral-ec.com/", "内容": "飯田中央眼科【2:診療所】【診療科目:眼科】長野県飯田市鼎名古熊５６７－１" }, "geometry": { "type": "Point", "coordinates": [ 137.818149, 35.500181 ] } },
{ "type": "Feature", "properties": { "ID": 2022200572503, "正式名称": "尾地内科呼吸器科クリニック", "機関区分": 2, "都道府県コード": 20, "市区町村コード": 403, "所在地": "長野県下伊那郡高森町山吹４５３４－１", "緯度": 35.57448, "経度": 137.899222, "url": "https://www.iryou.teikyouseido.mhlw.go.jp/znk-web/juminkanja/S2430/initialize?prefCd=20&kikanCd=2200572503&kikanKbn=2", "url2": null, "内容": "尾地内科呼吸器科クリニック【2:診療所】【診療科目:内科_呼吸器内科】長野県下伊那郡高森町山吹４５３４－１" }, "geometry": { "type": "Point", "coordinates": [ 137.899222, 35.57448 ] } },
{ "type": "Feature", "properties": { "ID": 2022200596057, "正式名称": "たなべ泌尿器科クリニック", "機関区分": 2, "都道府県コード": 20, "市区町村コード": 215, "所在地": "長野県塩尻市広丘野村２１５２", "緯度": 36.146944, "経度": 137.958334, "url": "https://www.iryou.teikyouseido.mhlw.go.jp/znk-web/juminkanja/S2430/initialize?prefCd=20&kikanCd=2200596057&kikanKbn=2", "url2": "http://www.tanabe-uro.jp", "内容": "たなべ泌尿器科クリニック【2:診療所】【診療科目:腎臓内科_泌尿器科】長野県塩尻市広丘野村２１５２" }, "geometry": { "type": "Point", "coordinates": [ 137.958334, 36.146944 ] } },
{ "type": "Feature", "properties": { "ID": 2022200663814, "正式名称": "あんずの里クリニック", "機関区分": 2, "都道府県コード": 20, "市区町村コード": 218, "所在地": "長野県千曲市森２６０６ー３", "緯度": 36.527017, "経度": 138.158968, "url": "https://www.iryou.teikyouseido.mhlw.go.jp/znk-web/juminkanja/S2430/initialize?prefCd=20&kikanCd=2200663814&kikanKbn=2", "url2": null, "内容": "あんずの里クリニック【2:診療所】【診療科目:内科_外科】長野県千曲市森２６０６ー３" }, "geometry": { "type": "Point", "coordinates": [ 138.158968, 36.527017 ] } },
{ "type": "Feature", "properties": { "ID": 2022200680473, "正式名称": "城下医院すがかわ診療所", "機関区分": 2, "都道府県コード": 20, "市区町村コード": 561, "所在地": "長野県下高井郡山ノ内町夜間瀬８５６６ー３", "緯度": 36.797521, "経度": 138.434711, "url": "https://www.iryou.teikyouseido.mhlw.go.jp/znk-web/juminkanja/S2430/initialize?prefCd=20&kikanCd=2200680473&kikanKbn=2", "url2": null, "内容": "城下医院すがかわ診療所【2:診療所】【診療科目:内科_脳神経外科】長野県下高井郡山ノ内町夜間瀬８５６６ー３" }, "geometry": { "type": "Point", "coordinates": [ 138.434711, 36.797521 ] } },
{ "type": "Feature", "properties": { "ID": 2022201326590, "正式名称": "医療法人未来ＡＲＴ　ＯＫＡレディースクリニック", "機関区分": 2, "都道府県コード": 20, "市区町村コード": 201, "所在地": "長野県長野市下氷鉋１丁目１４番１号", "緯度": 36.612136, "経度": 138.176312, "url": "https://www.iryou.teikyouseido.mhlw.go.jp/znk-web/juminkanja/S2430/initialize?prefCd=20&kikanCd=2201326590&kikanKbn=2", "url2": "https://oka-ladies-clinic.jp/", "内容": "医療法人未来ＡＲＴ　ＯＫＡレディースクリニック【2:診療所】【診療科目:婦人科】長野県長野市下氷鉋１丁目１４番１号" }, "geometry": { "type": "Point", "coordinates": [ 138.176312, 36.612136 ] } },
{ "type": "Feature", "properties": { "ID": 2022202054185, "正式名称": "林内科・循環器科クリニック", "機関区分": 2, "都道府県コード": 20, "市区町村コード": 204, "所在地": "長野県岡谷市長地小萩３ー１２ー２４", "緯度": 36.079066, "経度": 138.065272, "url": "https://www.iryou.teikyouseido.mhlw.go.jp/znk-web/juminkanja/S2430/initialize?prefCd=20&kikanCd=2202054185&kikanKbn=2", "url2": null, "内容": "林内科・循環器科クリニック【2:診療所】【診療科目:内科_呼吸器内科_循環器内科_消化器内科_小児科】長野県岡谷市長地小萩３ー１２ー２４" }, "geometry": { "type": "Point", "coordinates": [ 138.065272, 36.079066 ] } },
{ "type": "Feature", "properties": { "ID": 2022202066372, "正式名称": "医療法人やまざき医院", "機関区分": 2, "都道府県コード": 20, "市区町村コード": 218, "所在地": "長野県千曲市上徳間古屋敷３４６－１", "緯度": 36.496464, "経度": 138.145137, "url": "https://www.iryou.teikyouseido.mhlw.go.jp/znk-web/juminkanja/S2430/initialize?prefCd=20&kikanCd=2202066372&kikanKbn=2", "url2": "http://yamazakiclinic.jp", "内容": "医療法人やまざき医院【2:診療所】【診療科目:内科_呼吸器内科】長野県千曲市上徳間古屋敷３４６－１" }, "geometry": { "type": "Point", "coordinates": [ 138.145137, 36.496464 ] } },
{ "type": "Feature", "properties": { "ID": 2022202066373, "正式名称": "みやばやし小児科アレルギー科", "機関区分": 2, "都道府県コード": 20, "市区町村コード": 218, "所在地": "長野県千曲市上徳間７８７－１", "緯度": 36.496826, "経度": 138.147776, "url": "https://www.iryou.teikyouseido.mhlw.go.jp/znk-web/juminkanja/S2430/initialize?prefCd=20&kikanCd=2202066373&kikanKbn=2", "url2": "https://www.miyabayashi-clinic.jp/", "内容": "みやばやし小児科アレルギー科【2:診療所】【診療科目:小児科_アレルギー科】長野県千曲市上徳間７８７－１" }, "geometry": { "type": "Point", "coordinates": [ 138.147776, 36.496826 ] } },
{ "type": "Feature", "properties": { "ID": 2022202205626, "正式名称": "箕輪ひまわりクリニック", "機関区分": 2, "都道府県コード": 20, "市区町村コード": 383, "所在地": "長野県上伊那郡箕輪町中箕輪４６０－１", "緯度": 35.935783, "経度": 137.984169, "url": "https://www.iryou.teikyouseido.mhlw.go.jp/znk-web/juminkanja/S2430/initialize?prefCd=20&kikanCd=2202205626&kikanKbn=2", "url2": "https://minowa-himawari.com/", "内容": "箕輪ひまわりクリニック【2:診療所】【診療科目:内科_糖尿病内科_腎臓内科_老年内科_小児科】長野県上伊那郡箕輪町中箕輪４６０－１" }, "geometry": { "type": "Point", "coordinates": [ 137.984169, 35.935783 ] } },
{ "type": "Feature", "properties": { "ID": 2022203100330, "正式名称": "クリニックコスモス長野", "機関区分": 2, "都道府県コード": 20, "市区町村コード": 201, "所在地": "長野県長野市小島田町字北村沖３８０番地", "緯度": 36.597509, "経度": 138.181574, "url": "https://www.iryou.teikyouseido.mhlw.go.jp/znk-web/juminkanja/S2430/initialize?prefCd=20&kikanCd=2203100330&kikanKbn=2", "url2": "http://www.cosmosnet.or.jp/guide/clinic/clinic_nagano.html", "内容": "クリニックコスモス長野【2:診療所】【診療科目:内科_外科】長野県長野市小島田町字北村沖３８０番地" }, "geometry": { "type": "Point", "coordinates": [ 138.181574, 36.597509 ] } },
{ "type": "Feature", "properties": { "ID": 2022203100460, "正式名称": "南長野クリニック", "機関区分": 2, "都道府県コード": 20, "市区町村コード": 201, "所在地": "長野県長野市稲里町中央４－１７－７", "緯度": 36.605814, "経度": 138.166436, "url": "https://www.iryou.teikyouseido.mhlw.go.jp/znk-web/juminkanja/S2430/initialize?prefCd=20&kikanCd=2203100460&kikanKbn=2", "url2": "http://www.minaminagano-clinic.or.jp/", "内容": "南長野クリニック【2:診療所】【診療科目:内科_アレルギー科_リウマチ科】長野県長野市稲里町中央４－１７－７" }, "geometry": { "type": "Point", "coordinates": [ 138.166436, 36.605814 ] } },
{ "type": "Feature", "properties": { "ID": 2022203100620, "正式名称": "三井クリニック", "機関区分": 2, "都道府県コード": 20, "市区町村コード": 201, "所在地": "長野県長野市稲里町中央４－５－３０", "緯度": 36.604925, "経度": 138.169242, "url": "https://www.iryou.teikyouseido.mhlw.go.jp/znk-web/juminkanja/S2430/initialize?prefCd=20&kikanCd=2203100620&kikanKbn=2", "url2": "http://w1.avis.ne.jp/~happy5/", "内容": "三井クリニック【2:診療所】【診療科目:内科_胃腸内科_外科_肛門外科】長野県長野市稲里町中央４－５－３０" }, "geometry": { "type": "Point", "coordinates": [ 138.169242, 36.604925 ] } },
{ "type": "Feature", "properties": { "ID": 2022203100880, "正式名称": "竹内医院", "機関区分": 2, "都道府県コード": 20, "市区町村コード": 201, "所在地": "長野県長野市南県町６５５−３", "緯度": 36.650135, "経度": 138.18205, "url": "https://www.iryou.teikyouseido.mhlw.go.jp/znk-web/juminkanja/S2430/initialize?prefCd=20&kikanCd=2203100880&kikanKbn=2", "url2": null, "内容": "竹内医院【2:診療所】【診療科目:内科_小児科】長野県長野市南県町６５５−３" }, "geometry": { "type": "Point", "coordinates": [ 138.18205, 36.650135 ] } },
{ "type": "Feature", "properties": { "ID": 2022203100910, "正式名称": "平林堀内整形外科", "機関区分": 2, "都道府県コード": 20, "市区町村コード": 201, "所在地": "長野県長野市平林２ー１７ー４８", "緯度": 36.65442, "経度": 138.216347, "url": "https://www.iryou.teikyouseido.mhlw.go.jp/znk-web/juminkanja/S2430/initialize?prefCd=20&kikanCd=2203100910&kikanKbn=2", "url2": null, "内容": "平林堀内整形外科【2:診療所】【診療科目:整形外科_リウマチ科_リハビリテーション科】長野県長野市平林２ー１７ー４８" }, "geometry": { "type": "Point", "coordinates": [ 138.216347, 36.65442 ] } },
{ "type": "Feature", "properties": { "ID": 2022203101180, "正式名称": "平和館診療所", "機関区分": 2, "都道府県コード": 20, "市区町村コード": 201, "所在地": "長野県長野市松代町清野２５６７ー１", "緯度": 36.563347, "経度": 138.17977, "url": "https://www.iryou.teikyouseido.mhlw.go.jp/znk-web/juminkanja/S2430/initialize?prefCd=20&kikanCd=2203101180&kikanKbn=2", "url2": null, "内容": "平和館診療所【2:診療所】【診療科目:内科】長野県長野市松代町清野２５６７ー１" }, "geometry": { "type": "Point", "coordinates": [ 138.17977, 36.563347 ] } },
{ "type": "Feature", "properties": { "ID": 2022203101210, "正式名称": "竹内メディカルクリニック", "機関区分": 2, "都道府県コード": 20, "市区町村コード": 201, "所在地": "長野県長野市川中島町今井１４８０ー５", "緯度": 36.597342, "経度": 138.151577, "url": "https://www.iryou.teikyouseido.mhlw.go.jp/znk-web/juminkanja/S2430/initialize?prefCd=20&kikanCd=2203101210&kikanKbn=2", "url2": "https://www.ikiikinet.com/clinicn/3013/", "内容": "竹内メディカルクリニック【2:診療所】【診療科目:外科_脳神経外科_リハビリテーション科】長野県長野市川中島町今井１４８０ー５" }, "geometry": { "type": "Point", "coordinates": [ 138.151577, 36.597342 ] } },
{ "type": "Feature", "properties": { "ID": 2022203101470, "正式名称": "高田整形外科オルソクリニック", "機関区分": 2, "都道府県コード": 20, "市区町村コード": 201, "所在地": "長野県長野市鶴賀３５６番地", "緯度": 36.64181, "経度": 138.201709, "url": "https://www.iryou.teikyouseido.mhlw.go.jp/znk-web/juminkanja/S2430/initialize?prefCd=20&kikanCd=2203101470&kikanKbn=2", "url2": "http://www.takada-o.com", "内容": "高田整形外科オルソクリニック【2:診療所】【診療科目:内科_整形外科_アレルギー科_リハビリテーション科】長野県長野市鶴賀３５６番地" }, "geometry": { "type": "Point", "coordinates": [ 138.201709, 36.64181 ] } },
{ "type": "Feature", "properties": { "ID": 2022203101500, "正式名称": "あらかわファミリークリニック", "機関区分": 2, "都道府県コード": 20, "市区町村コード": 201, "所在地": "長野県長野市北長池２０７２ー３", "緯度": 36.648206, "経度": 138.23494, "url": "https://www.iryou.teikyouseido.mhlw.go.jp/znk-web/juminkanja/S2430/initialize?prefCd=20&kikanCd=2203101500&kikanKbn=2", "url2": "https://www.arakawafcl.jp/", "内容": "あらかわファミリークリニック【2:診療所】【診療科目:内科_小児科】長野県長野市北長池２０７２ー３" }, "geometry": { "type": "Point", "coordinates": [ 138.23494, 36.648206 ] } },
{ "type": "Feature", "properties": { "ID": 2022203101760, "正式名称": "山口形成外科", "機関区分": 2, "都道府県コード": 20, "市区町村コード": 201, "所在地": "長野県長野市妻科４１７", "緯度": 36.653225, "経度": 138.180739, "url": "https://www.iryou.teikyouseido.mhlw.go.jp/znk-web/juminkanja/S2430/initialize?prefCd=20&kikanCd=2203101760&kikanKbn=2", "url2": "http://w1.avis.ne.jp/~hifugeka", "内容": "山口形成外科【2:診療所】【診療科目:形成外科_美容外科_皮膚科】長野県長野市妻科４１７" }, "geometry": { "type": "Point", "coordinates": [ 138.180739, 36.653225 ] } },
{ "type": "Feature", "properties": { "ID": 2022203101920, "正式名称": "みやがわ小児科医院", "機関区分": 2, "都道府県コード": 20, "市区町村コード": 201, "所在地": "長野県長野市上松二丁目２１番７号", "緯度": 36.669307, "経度": 138.196209, "url": "https://www.iryou.teikyouseido.mhlw.go.jp/znk-web/juminkanja/S2430/initialize?prefCd=20&kikanCd=2203101920&kikanKbn=2", "url2": "https://www.miyagawa-shonika.com/", "内容": "みやがわ小児科医院【2:診療所】【診療科目:小児科】長野県長野市上松二丁目２１番７号" }, "geometry": { "type": "Point", "coordinates": [ 138.196209, 36.669307 ] } },
{ "type": "Feature", "properties": { "ID": 2022203102190, "正式名称": "特別養護老人ホーム　博愛の園医務室", "機関区分": 2, "都道府県コード": 20, "市区町村コード": 201, "所在地": "長野県長野市浅川東条２９５－５", "緯度": 36.6805, "経度": 138.202652, "url": "https://www.iryou.teikyouseido.mhlw.go.jp/znk-web/juminkanja/S2430/initialize?prefCd=20&kikanCd=2203102190&kikanKbn=2", "url2": null, "内容": "特別養護老人ホーム　博愛の園医務室【2:診療所】【診療科目:外科_婦人科】長野県長野市浅川東条２９５－５" }, "geometry": { "type": "Point", "coordinates": [ 138.202652, 36.6805 ] } },
{ "type": "Feature", "properties": { "ID": 2022203102220, "正式名称": "板倉レディースクリニック", "機関区分": 2, "都道府県コード": 20, "市区町村コード": 201, "所在地": "長野県長野市稲里町中央１－１２－１２", "緯度": 36.604953, "経度": 138.172325, "url": "https://www.iryou.teikyouseido.mhlw.go.jp/znk-web/juminkanja/S2430/initialize?prefCd=20&kikanCd=2203102220&kikanKbn=2", "url2": "http://www.itakura-cli.jp", "内容": "板倉レディースクリニック【2:診療所】【診療科目:産婦人科】長野県長野市稲里町中央１－１２－１２" }, "geometry": { "type": "Point", "coordinates": [ 138.172325, 36.604953 ] } },
{ "type": "Feature", "properties": { "ID": 2022203102350, "正式名称": "保谷眼科", "機関区分": 2, "都道府県コード": 20, "市区町村コード": 201, "所在地": "長野県長野市北長池１８３５－１", "緯度": 36.648227, "経度": 138.235956, "url": "https://www.iryou.teikyouseido.mhlw.go.jp/znk-web/juminkanja/S2430/initialize?prefCd=20&kikanCd=2203102350&kikanKbn=2", "url2": null, "内容": "保谷眼科【2:診療所】【診療科目:眼科】長野県長野市北長池１８３５－１" }, "geometry": { "type": "Point", "coordinates": [ 138.235956, 36.648227 ] } },
{ "type": "Feature", "properties": { "ID": 2022203102480, "正式名称": "茶臼山子ども医院", "機関区分": 2, "都道府県コード": 20, "市区町村コード": 201, "所在地": "長野県　長野市　篠ノ井　岡田　３１番地", "緯度": 36.588926, "経度": 138.133412, "url": "https://www.iryou.teikyouseido.mhlw.go.jp/znk-web/juminkanja/S2430/initialize?prefCd=20&kikanCd=2203102480&kikanKbn=2", "url2": null, "内容": "茶臼山子ども医院【2:診療所】【診療科目:小児科】長野県　長野市　篠ノ井　岡田　３１番地" }, "geometry": { "type": "Point", "coordinates": [ 138.133412, 36.588926 ] } },
{ "type": "Feature", "properties": { "ID": 2022203102510, "正式名称": "にいざわ皮ふ科", "機関区分": 2, "都道府県コード": 20, "市区町村コード": 201, "所在地": "長野県長野市柳原２２２１ー６", "緯度": 36.664143, "経度": 138.258676, "url": "https://www.iryou.teikyouseido.mhlw.go.jp/znk-web/juminkanja/S2430/initialize?prefCd=20&kikanCd=2203102510&kikanKbn=2", "url2": "http://www.niizawa.jp", "内容": "にいざわ皮ふ科【2:診療所】【診療科目:皮膚科】長野県長野市柳原２２２１ー６" }, "geometry": { "type": "Point", "coordinates": [ 138.258676, 36.664143 ] } },
{ "type": "Feature", "properties": { "ID": 2022203102770, "正式名称": "長島医院ペインクリニック", "機関区分": 2, "都道府県コード": 20, "市区町村コード": 201, "所在地": "長野県長野市徳間３１０５", "緯度": 36.676002, "経度": 138.228622, "url": "https://www.iryou.teikyouseido.mhlw.go.jp/znk-web/juminkanja/S2430/initialize?prefCd=20&kikanCd=2203102770&kikanKbn=2", "url2": "http://nagapain.com/", "内容": "長島医院ペインクリニック【2:診療所】【診療科目:麻酔科】長野県長野市徳間３１０５" }, "geometry": { "type": "Point", "coordinates": [ 138.228622, 36.676002 ] } },
{ "type": "Feature", "properties": { "ID": 2022203102800, "正式名称": "きし整形外科", "機関区分": 2, "都道府県コード": 20, "市区町村コード": 201, "所在地": "長野県長野市大字北長池山王北沖１８３４ー１", "緯度": 36.648283, "経度": 138.236151, "url": "https://www.iryou.teikyouseido.mhlw.go.jp/znk-web/juminkanja/S2430/initialize?prefCd=20&kikanCd=2203102800&kikanKbn=2", "url2": "http://www.kishiort.sakura.ne.jp/", "内容": "きし整形外科【2:診療所】【診療科目:整形外科_リウマチ科_リハビリテーション科】長野県長野市大字北長池山王北沖１８３４ー１" }, "geometry": { "type": "Point", "coordinates": [ 138.236151, 36.648283 ] } },
{ "type": "Feature", "properties": { "ID": 2022203102930, "正式名称": "荒井内科小児科医院", "機関区分": 2, "都道府県コード": 20, "市区町村コード": 201, "所在地": "長野県長野市稲葉１９４８−１", "緯度": 36.635708, "経度": 138.212577, "url": "https://www.iryou.teikyouseido.mhlw.go.jp/znk-web/juminkanja/S2430/initialize?prefCd=20&kikanCd=2203102930&kikanKbn=2", "url2": "http://araiiin.byoinnavi.jp/", "内容": "荒井内科小児科医院【2:診療所】【診療科目:内科_消化器内科_胃腸内科_小児科】長野県長野市稲葉１９４８−１" }, "geometry": { "type": "Point", "coordinates": [ 138.212577, 36.635708 ] } },
{ "type": "Feature", "properties": { "ID": 2022203103100, "正式名称": "安茂里堀越内科クリニック", "機関区分": 2, "都道府県コード": 20, "市区町村コード": 201, "所在地": "長野県長野市安茂里８１７２ー２", "緯度": 36.63681, "経度": 138.16513, "url": "https://www.iryou.teikyouseido.mhlw.go.jp/znk-web/juminkanja/S2430/initialize?prefCd=20&kikanCd=2203103100&kikanKbn=2", "url2": null, "内容": "安茂里堀越内科クリニック【2:診療所】【診療科目:内科】長野県長野市安茂里８１７２ー２" }, "geometry": { "type": "Point", "coordinates": [ 138.16513, 36.63681 ] } },
{ "type": "Feature", "properties": { "ID": 2022203103230, "正式名称": "医療法人　みすゞ会　星のさとクリニック　水野医院", "機関区分": 2, "都道府県コード": 20, "市区町村コード": 201, "所在地": "長野県長野市篠ノ井小松原２３５９番２５", "緯度": 36.606285, "経度": 138.131106, "url": "https://www.iryou.teikyouseido.mhlw.go.jp/znk-web/juminkanja/S2430/initialize?prefCd=20&kikanCd=2203103230&kikanKbn=2", "url2": null, "内容": "医療法人　みすゞ会　星のさとクリニック　水野医院【2:診療所】【診療科目:内科_脳神経外科_麻酔科】長野県長野市篠ノ井小松原２３５９番２５" }, "geometry": { "type": "Point", "coordinates": [ 138.131106, 36.606285 ] } },
{ "type": "Feature", "properties": { "ID": 2022203103520, "正式名称": "医療法人大和真田会ましまクリニック", "機関区分": 2, "都道府県コード": 20, "市区町村コード": 201, "所在地": "長野県長野市真島町真島２２０９番地", "緯度": 36.604481, "経度": 138.208988, "url": "https://www.iryou.teikyouseido.mhlw.go.jp/znk-web/juminkanja/S2430/initialize?prefCd=20&kikanCd=2203103520&kikanKbn=2", "url2": null, "内容": "医療法人大和真田会ましまクリニック【2:診療所】【診療科目:内科_外科_脳神経外科_小児科_精神科_心療内科_リハビリテーション科】長野県長野市真島町真島２２０９番地" }, "geometry": { "type": "Point", "coordinates": [ 138.208988, 36.604481 ] } },
{ "type": "Feature", "properties": { "ID": 2022203103650, "正式名称": "医療法人社団鈴木眼科医院", "機関区分": 2, "都道府県コード": 20, "市区町村コード": 201, "所在地": "長野県長野市稲里町中央４丁目１番地１４号", "緯度": 36.606008, "経度": 138.169519, "url": "https://www.iryou.teikyouseido.mhlw.go.jp/znk-web/juminkanja/S2430/initialize?prefCd=20&kikanCd=2203103650&kikanKbn=2", "url2": "http://www.ikiikinet.com/clinicn/3122/", "内容": "医療法人社団鈴木眼科医院【2:診療所】【診療科目:眼科】長野県長野市稲里町中央４丁目１番地１４号" }, "geometry": { "type": "Point", "coordinates": [ 138.169519, 36.606008 ] } },
{ "type": "Feature", "properties": { "ID": 2022203103940, "正式名称": "医療法人北島眼科クリニック", "機関区分": 2, "都道府県コード": 20, "市区町村コード": 201, "所在地": "長野県長野市稲田３－１３－１", "緯度": 36.673224, "経度": 138.227567, "url": "https://www.iryou.teikyouseido.mhlw.go.jp/znk-web/juminkanja/S2430/initialize?prefCd=20&kikanCd=2203103940&kikanKbn=2", "url2": "http://kitajima-eye.com/", "内容": "医療法人北島眼科クリニック【2:診療所】【診療科目:眼科】長野県長野市稲田３－１３－１" }, "geometry": { "type": "Point", "coordinates": [ 138.227567, 36.673224 ] } },
{ "type": "Feature", "properties": { "ID": 2022203104530, "正式名称": "藤井クリニック", "機関区分": 2, "都道府県コード": 20, "市区町村コード": 201, "所在地": "長野県長野市桜枝町１２４４－１", "緯度": 36.659419, "経度": 138.183821, "url": "https://www.iryou.teikyouseido.mhlw.go.jp/znk-web/juminkanja/S2430/initialize?prefCd=20&kikanCd=2203104530&kikanKbn=2", "url2": "https://www.nagano-fujii-clinic.jp/", "内容": "藤井クリニック【2:診療所】【診療科目:内科_循環器内科_消化器内科】長野県長野市桜枝町１２４４－１" }, "geometry": { "type": "Point", "coordinates": [ 138.183821, 36.659419 ] } },
{ "type": "Feature", "properties": { "ID": 2022203104790, "正式名称": "くめた整形外科クリニック", "機関区分": 2, "都道府県コード": 20, "市区町村コード": 201, "所在地": "長野県長野市篠ノ井杵淵胴合５０ー５", "緯度": 36.582178, "経度": 138.187463, "url": "https://www.iryou.teikyouseido.mhlw.go.jp/znk-web/juminkanja/S2430/initialize?prefCd=20&kikanCd=2203104790&kikanKbn=2", "url2": null, "内容": "くめた整形外科クリニック【2:診療所】【診療科目:整形外科】長野県長野市篠ノ井杵淵胴合５０ー５" }, "geometry": { "type": "Point", "coordinates": [ 138.187463, 36.582178 ] } },
{ "type": "Feature", "properties": { "ID": 2022203104950, "正式名称": "片桐内科クリニック", "機関区分": 2, "都道府県コード": 20, "市区町村コード": 201, "所在地": "長野県長野市上松４丁目３３－７", "緯度": 36.67614, "経度": 138.202875, "url": "https://www.iryou.teikyouseido.mhlw.go.jp/znk-web/juminkanja/S2430/initialize?prefCd=20&kikanCd=2203104950&kikanKbn=2", "url2": null, "内容": "片桐内科クリニック【2:診療所】【診療科目:内科】長野県長野市上松４丁目３３－７" }, "geometry": { "type": "Point", "coordinates": [ 138.202875, 36.67614 ] } },
{ "type": "Feature", "properties": { "ID": 2022203105700, "正式名称": "米田整形外科クリニック", "機関区分": 2, "都道府県コード": 20, "市区町村コード": 201, "所在地": "長野県長野市川中島町原９３７ー１", "緯度": 36.582705, "経度": 138.153577, "url": "https://www.iryou.teikyouseido.mhlw.go.jp/znk-web/juminkanja/S2430/initialize?prefCd=20&kikanCd=2203105700&kikanKbn=2", "url2": null, "内容": "米田整形外科クリニック【2:診療所】【診療科目:整形外科_リウマチ科_リハビリテーション科】長野県長野市川中島町原９３７ー１" }, "geometry": { "type": "Point", "coordinates": [ 138.153577, 36.582705 ] } },
{ "type": "Feature", "properties": { "ID": 2022203106000, "正式名称": "医療法人福嶋メンタルクリニック", "機関区分": 2, "都道府県コード": 20, "市区町村コード": 201, "所在地": "長野県長野市若里６－１－６", "緯度": 36.627617, "経度": 138.191267, "url": "https://www.iryou.teikyouseido.mhlw.go.jp/znk-web/juminkanja/S2430/initialize?prefCd=20&kikanCd=2203106000&kikanKbn=2", "url2": "https://fukushima-mc.com", "内容": "医療法人福嶋メンタルクリニック【2:診療所】【診療科目:精神科_心療内科】長野県長野市若里６－１－６" }, "geometry": { "type": "Point", "coordinates": [ 138.191267, 36.627617 ] } },
{ "type": "Feature", "properties": { "ID": 2022203106260, "正式名称": "北原メンタルクリニック", "機関区分": 2, "都道府県コード": 20, "市区町村コード": 201, "所在地": "長野県長野市稲里町中央４丁目１５番７号", "緯度": 36.606536, "経度": 138.167158, "url": "https://www.iryou.teikyouseido.mhlw.go.jp/znk-web/juminkanja/S2430/initialize?prefCd=20&kikanCd=2203106260&kikanKbn=2", "url2": "https://kitahara-mc.com/", "内容": "北原メンタルクリニック【2:診療所】【診療科目:精神科_心療内科】長野県長野市稲里町中央４丁目１５番７号" }, "geometry": { "type": "Point", "coordinates": [ 138.167158, 36.606536 ] } },
{ "type": "Feature", "properties": { "ID": 2022203106420, "正式名称": "あらい耳鼻咽喉科", "機関区分": 2, "都道府県コード": 20, "市区町村コード": 201, "所在地": "長野県長野市檀田２－１６－１３", "緯度": 36.676918, "経度": 138.209513, "url": "https://www.iryou.teikyouseido.mhlw.go.jp/znk-web/juminkanja/S2430/initialize?prefCd=20&kikanCd=2203106420&kikanKbn=2", "url2": null, "内容": "あらい耳鼻咽喉科【2:診療所】【診療科目:小児耳鼻いんこう科_耳鼻いんこう科】長野県長野市檀田２－１６－１３" }, "geometry": { "type": "Point", "coordinates": [ 138.209513, 36.676918 ] } },
{ "type": "Feature", "properties": { "ID": 2022203106550, "正式名称": "藤沢眼科", "機関区分": 2, "都道府県コード": 20, "市区町村コード": 201, "所在地": "長野県長野市篠ノ井布施高田８７４ー２", "緯度": 36.577649, "経度": 138.14019, "url": "https://www.iryou.teikyouseido.mhlw.go.jp/znk-web/juminkanja/S2430/initialize?prefCd=20&kikanCd=2203106550&kikanKbn=2", "url2": null, "内容": "藤沢眼科【2:診療所】【診療科目:眼科】長野県長野市篠ノ井布施高田８７４ー２" }, "geometry": { "type": "Point", "coordinates": [ 138.14019, 36.577649 ] } },
{ "type": "Feature", "properties": { "ID": 2022203106970, "正式名称": "医療法人いしぐろクリニック", "機関区分": 2, "都道府県コード": 20, "市区町村コード": 201, "所在地": "長野県長野市川中島町御厨７０６－１", "緯度": 36.594426, "経度": 138.162437, "url": "https://www.iryou.teikyouseido.mhlw.go.jp/znk-web/juminkanja/S2430/initialize?prefCd=20&kikanCd=2203106970&kikanKbn=2", "url2": null, "内容": "医療法人いしぐろクリニック【2:診療所】【診療科目:内科_消化器内科】長野県長野市川中島町御厨７０６－１" }, "geometry": { "type": "Point", "coordinates": [ 138.162437, 36.594426 ] } },
{ "type": "Feature", "properties": { "ID": 2022203107010, "正式名称": "公益財団法人長野県健康づくり事業団長野健康センター", "機関区分": 2, "都道府県コード": 20, "市区町村コード": 201, "所在地": "長野県長野市稲里町田牧２０６ー１", "緯度": 36.599898, "経度": 138.176852, "url": "https://www.iryou.teikyouseido.mhlw.go.jp/znk-web/juminkanja/S2430/initialize?prefCd=20&kikanCd=2203107010&kikanKbn=2", "url2": "https://www.kenkou-nagano.or.jp", "内容": "公益財団法人長野県健康づくり事業団長野健康センター【2:診療所】【診療科目:内科_外科】長野県長野市稲里町田牧２０６ー１" }, "geometry": { "type": "Point", "coordinates": [ 138.176852, 36.599898 ] } },
{ "type": "Feature", "properties": { "ID": 2022203107300, "正式名称": "岡田呼吸器科内科医院", "機関区分": 2, "都道府県コード": 20, "市区町村コード": 201, "所在地": "長野県長野市石渡６２－５", "緯度": 36.660309, "経度": 138.244872, "url": "https://www.iryou.teikyouseido.mhlw.go.jp/znk-web/juminkanja/S2430/initialize?prefCd=20&kikanCd=2203107300&kikanKbn=2", "url2": "http://okadacln.health-life.net/", "内容": "岡田呼吸器科内科医院【2:診療所】【診療科目:内科_呼吸器内科_アレルギー科】長野県長野市石渡６２－５" }, "geometry": { "type": "Point", "coordinates": [ 138.244872, 36.660309 ] } },
{ "type": "Feature", "properties": { "ID": 2022203107430, "正式名称": "長野医療生活協同組合　稲里生協クリニック", "機関区分": 2, "都道府県コード": 20, "市区町村コード": 201, "所在地": "長野県長野市稲里町中央２－１７－８", "緯度": 36.602647, "経度": 138.170825, "url": "https://www.iryou.teikyouseido.mhlw.go.jp/znk-web/juminkanja/S2430/initialize?prefCd=20&kikanCd=2203107430&kikanKbn=2", "url2": "http://www.healthcoop-nagano.or.jp/office/inasato.html", "内容": "長野医療生活協同組合　稲里生協クリニック【2:診療所】【診療科目:内科】長野県長野市稲里町中央２－１７－８" }, "geometry": { "type": "Point", "coordinates": [ 138.170825, 36.602647 ] } },
{ "type": "Feature", "properties": { "ID": 2022203107560, "正式名称": "ゆうき内科クリニック", "機関区分": 2, "都道府県コード": 20, "市区町村コード": 201, "所在地": "長野県長野市篠ノ井布施高田１２２４ー１", "緯度": 36.583926, "経度": 138.13769, "url": "https://www.iryou.teikyouseido.mhlw.go.jp/znk-web/juminkanja/S2430/initialize?prefCd=20&kikanCd=2203107560&kikanKbn=2", "url2": "http://www.yuki-clinic.jp", "内容": "ゆうき内科クリニック【2:診療所】【診療科目:内科_循環器内科】長野県長野市篠ノ井布施高田１２２４ー１" }, "geometry": { "type": "Point", "coordinates": [ 138.13769, 36.583926 ] } },
{ "type": "Feature", "properties": { "ID": 2022203107690, "正式名称": "医療法人輝和会　堀越医院", "機関区分": 2, "都道府県コード": 20, "市区町村コード": 201, "所在地": "長野県長野市平林", "緯度": 36.651504, "経度": 138.21318, "url": "https://www.iryou.teikyouseido.mhlw.go.jp/znk-web/juminkanja/S2430/initialize?prefCd=20&kikanCd=2203107690&kikanKbn=2", "url2": "http://nttbj.itp.ne.jp/0262435141/index.html", "内容": "医療法人輝和会　堀越医院【2:診療所】【診療科目:内科_小児科】長野県長野市平林" }, "geometry": { "type": "Point", "coordinates": [ 138.21318, 36.651504 ] } },
{ "type": "Feature", "properties": { "ID": 2022203107980, "正式名称": "形成外科・皮膚科　まゆみ田クリニック", "機関区分": 2, "都道府県コード": 20, "市区町村コード": 201, "所在地": "長野県長野市檀田２丁目１６番８号", "緯度": 36.677084, "経度": 138.209291, "url": "https://www.iryou.teikyouseido.mhlw.go.jp/znk-web/juminkanja/S2430/initialize?prefCd=20&kikanCd=2203107980&kikanKbn=2", "url2": "http://www.mayumida.jp", "内容": "形成外科・皮膚科　まゆみ田クリニック【2:診療所】【診療科目:形成外科_皮膚科】長野県長野市檀田２丁目１６番８号" }, "geometry": { "type": "Point", "coordinates": [ 138.209291, 36.677084 ] } },
{ "type": "Feature", "properties": { "ID": 2022203108020, "正式名称": "栗原眼科", "機関区分": 2, "都道府県コード": 20, "市区町村コード": 201, "所在地": "長野県長野市川中島町御厨１１４７番地２", "緯度": 36.593704, "経度": 138.159021, "url": "https://www.iryou.teikyouseido.mhlw.go.jp/znk-web/juminkanja/S2430/initialize?prefCd=20&kikanCd=2203108020&kikanKbn=2", "url2": null, "内容": "栗原眼科【2:診療所】【診療科目:眼科】長野県長野市川中島町御厨１１４７番地２" }, "geometry": { "type": "Point", "coordinates": [ 138.159021, 36.593704 ] } },
{ "type": "Feature", "properties": { "ID": 2022203108310, "正式名称": "学校法人四徳学園長野保健医療大学附属整形外科リハビリクリニック", "機関区分": 2, "都道府県コード": 20, "市区町村コード": 201, "所在地": "長野県長野市川中島町今井原１１－８", "緯度": 36.593009, "経度": 138.145244, "url": "https://www.iryou.teikyouseido.mhlw.go.jp/znk-web/juminkanja/S2430/initialize?prefCd=20&kikanCd=2203108310&kikanKbn=2", "url2": "http://shitoku.ac.jp/rehabili-clinic/", "内容": "学校法人四徳学園長野保健医療大学附属整形外科リハビリクリニック【2:診療所】【診療科目:整形外科_リウマチ科_リハビリテーション科】長野県長野市川中島町今井原１１－８" }, "geometry": { "type": "Point", "coordinates": [ 138.145244, 36.593009 ] } },
{ "type": "Feature", "properties": { "ID": 2022203108570, "正式名称": "整形外科・リハビリテーション科　児島医院", "機関区分": 2, "都道府県コード": 20, "市区町村コード": 201, "所在地": "長野県長野市大豆島１９３８ー４", "緯度": 36.633729, "経度": 138.237957, "url": "https://www.iryou.teikyouseido.mhlw.go.jp/znk-web/juminkanja/S2430/initialize?prefCd=20&kikanCd=2203108570&kikanKbn=2", "url2": "http://www.kojima-seikei.com", "内容": "整形外科・リハビリテーション科　児島医院【2:診療所】【診療科目:ペインクリニック外科_整形外科_リハビリテーション科】長野県長野市大豆島１９３８ー４" }, "geometry": { "type": "Point", "coordinates": [ 138.237957, 36.633729 ] } },
{ "type": "Feature", "properties": { "ID": 2022203108600, "正式名称": "おぬま皮膚科クリニック", "機関区分": 2, "都道府県コード": 20, "市区町村コード": 201, "所在地": "長野県長野市三輪９ー４５－１５", "緯度": 36.670279, "経度": 138.206264, "url": "https://www.iryou.teikyouseido.mhlw.go.jp/znk-web/juminkanja/S2430/initialize?prefCd=20&kikanCd=2203108600&kikanKbn=2", "url2": "http://www.onumahifuka.jp", "内容": "おぬま皮膚科クリニック【2:診療所】【診療科目:皮膚科】長野県長野市三輪９ー４５－１５" }, "geometry": { "type": "Point", "coordinates": [ 138.206264, 36.670279 ] } },
{ "type": "Feature", "properties": { "ID": 2022203108990, "正式名称": "医療法人康成会　太田糖尿病内科クリニック", "機関区分": 2, "都道府県コード": 20, "市区町村コード": 201, "所在地": "長野県長野市上松４－１－３", "緯度": 36.670946, "経度": 138.20343, "url": "https://www.iryou.teikyouseido.mhlw.go.jp/znk-web/juminkanja/S2430/initialize?prefCd=20&kikanCd=2203108990&kikanKbn=2", "url2": null, "内容": "医療法人康成会　太田糖尿病内科クリニック【2:診療所】【診療科目:内科_糖尿病内科_脂質代謝内科】長野県長野市上松４－１－３" }, "geometry": { "type": "Point", "coordinates": [ 138.20343, 36.670946 ] } },
{ "type": "Feature", "properties": { "ID": 2022203109030, "正式名称": "脳神経外科　ＡーＯＮＥクリニック", "機関区分": 2, "都道府県コード": 20, "市区町村コード": 201, "所在地": "長野県長野市南石堂町１９７１　エーワンシティ　ジ　アゴラ５階", "緯度": 36.643421, "経度": 138.186655, "url": "https://www.iryou.teikyouseido.mhlw.go.jp/znk-web/juminkanja/S2430/initialize?prefCd=20&kikanCd=2203109030&kikanKbn=2", "url2": null, "内容": "脳神経外科　ＡーＯＮＥクリニック【2:診療所】【診療科目:脳神経外科】長野県長野市南石堂町１９７１　エーワンシティ　ジ　アゴラ５階" }, "geometry": { "type": "Point", "coordinates": [ 138.186655, 36.643421 ] } },
{ "type": "Feature", "properties": { "ID": 2022203109290, "正式名称": "痛みの外来かめいわ医院ペインクリニック", "機関区分": 2, "都道府県コード": 20, "市区町村コード": 201, "所在地": "長野県長野市川中島町御厨１１４３番１２", "緯度": 36.593426, "経度": 138.159632, "url": "https://www.iryou.teikyouseido.mhlw.go.jp/znk-web/juminkanja/S2430/initialize?prefCd=20&kikanCd=2203109290&kikanKbn=2", "url2": "https://kamepain.com/", "内容": "痛みの外来かめいわ医院ペインクリニック【2:診療所】【診療科目:麻酔科】長野県長野市川中島町御厨１１４３番１２" }, "geometry": { "type": "Point", "coordinates": [ 138.159632, 36.593426 ] } },
{ "type": "Feature", "properties": { "ID": 2022203109320, "正式名称": "池川皮ふ科医院", "機関区分": 2, "都道府県コード": 20, "市区町村コード": 201, "所在地": "長野県長野市下氷鉋１ー２ー２", "緯度": 36.612674, "経度": 138.175852, "url": "https://www.iryou.teikyouseido.mhlw.go.jp/znk-web/juminkanja/S2430/initialize?prefCd=20&kikanCd=2203109320&kikanKbn=2", "url2": null, "内容": "池川皮ふ科医院【2:診療所】【診療科目:皮膚科】長野県長野市下氷鉋１ー２ー２" }, "geometry": { "type": "Point", "coordinates": [ 138.175852, 36.612674 ] } },
{ "type": "Feature", "properties": { "ID": 2022203109450, "正式名称": "わしざわ小児科", "機関区分": 2, "都道府県コード": 20, "市区町村コード": 201, "所在地": "長野県長野市稲里町田牧１３２２－７", "緯度": 36.591788, "経度": 138.173825, "url": "https://www.iryou.teikyouseido.mhlw.go.jp/znk-web/juminkanja/S2430/initialize?prefCd=20&kikanCd=2203109450&kikanKbn=2", "url2": null, "内容": "わしざわ小児科【2:診療所】【診療科目:小児科_アレルギー科】長野県長野市稲里町田牧１３２２－７" }, "geometry": { "type": "Point", "coordinates": [ 138.173825, 36.591788 ] } },
{ "type": "Feature", "properties": { "ID": 2022203109870, "正式名称": "稲田クリニック", "機関区分": 2, "都道府県コード": 20, "市区町村コード": 201, "所在地": "長野県長野市稲田３丁目２９番地１９号", "緯度": 36.671835, "経度": 138.229567, "url": "https://www.iryou.teikyouseido.mhlw.go.jp/znk-web/juminkanja/S2430/initialize?prefCd=20&kikanCd=2203109870&kikanKbn=2", "url2": "http://www.myclinic.ne.jp/inada_cli/", "内容": "稲田クリニック【2:診療所】【診療科目:内科_乳腺内科】長野県長野市稲田３丁目２９番地１９号" }, "geometry": { "type": "Point", "coordinates": [ 138.229567, 36.671835 ] } },
{ "type": "Feature", "properties": { "ID": 2022203110010, "正式名称": "倉石整形外科クリニック", "機関区分": 2, "都道府県コード": 20, "市区町村コード": 201, "所在地": "長野県長野市若穂牛島５１６－１", "緯度": 36.613398, "経度": 138.245707, "url": "https://www.iryou.teikyouseido.mhlw.go.jp/znk-web/juminkanja/S2430/initialize?prefCd=20&kikanCd=2203110010&kikanKbn=2", "url2": "http://kuraishi-seikei.com/", "内容": "倉石整形外科クリニック【2:診療所】【診療科目:整形外科_リウマチ科_リハビリテーション科】長野県長野市若穂牛島５１６－１" }, "geometry": { "type": "Point", "coordinates": [ 138.245707, 36.613398 ] } },
{ "type": "Feature", "properties": { "ID": 2022203110140, "正式名称": "ＪＡ長野厚生連長野ＰＥＴ・画像診断センター", "機関区分": 2, "都道府県コード": 20, "市区町村コード": 201, "所在地": "長野県長野市若里６丁目６番１０号", "緯度": 36.626923, "経度": 138.1931, "url": "https://www.iryou.teikyouseido.mhlw.go.jp/znk-web/juminkanja/S2430/initialize?prefCd=20&kikanCd=2203110140&kikanKbn=2", "url2": "http://nagano-pet.com", "内容": "ＪＡ長野厚生連長野ＰＥＴ・画像診断センター【2:診療所】【診療科目:放射線科】長野県長野市若里６丁目６番１０号" }, "geometry": { "type": "Point", "coordinates": [ 138.1931, 36.626923 ] } },
{ "type": "Feature", "properties": { "ID": 2022203110270, "正式名称": "長野市国民健康保険戸隠診療所", "機関区分": 2, "都道府県コード": 20, "市区町村コード": 201, "所在地": "長野県長野市戸隠豊岡１５５４番地", "緯度": 36.701939, "経度": 138.089356, "url": "https://www.iryou.teikyouseido.mhlw.go.jp/znk-web/juminkanja/S2430/initialize?prefCd=20&kikanCd=2203110270&kikanKbn=2", "url2": null, "内容": "長野市国民健康保険戸隠診療所【2:診療所】【診療科目:内科_小児科_歯科】長野県長野市戸隠豊岡１５５４番地" }, "geometry": { "type": "Point", "coordinates": [ 138.089356, 36.701939 ] } },
{ "type": "Feature", "properties": { "ID": 2022203110300, "正式名称": "医療法人鈴木泌尿器科", "機関区分": 2, "都道府県コード": 20, "市区町村コード": 201, "所在地": "長野県長野市鶴賀４１番地２", "緯度": 36.643866, "経度": 138.200876, "url": "https://www.iryou.teikyouseido.mhlw.go.jp/znk-web/juminkanja/S2430/initialize?prefCd=20&kikanCd=2203110300&kikanKbn=2", "url2": "https://suzuki-uro.com/", "内容": "医療法人鈴木泌尿器科【2:診療所】【診療科目:人工透析内科_泌尿器科】長野県長野市鶴賀４１番地２" }, "geometry": { "type": "Point", "coordinates": [ 138.200876, 36.643866 ] } },
{ "type": "Feature", "properties": { "ID": 2022203110430, "正式名称": "徳永医院", "機関区分": 2, "都道府県コード": 20, "市区町村コード": 201, "所在地": "長野県長野市差出南２丁目２２ー１１", "緯度": 36.629043, "経度": 138.172975, "url": "https://www.iryou.teikyouseido.mhlw.go.jp/znk-web/juminkanja/S2430/initialize?prefCd=20&kikanCd=2203110430&kikanKbn=2", "url2": null, "内容": "徳永医院【2:診療所】【診療科目:腎臓内科_透析内科】長野県長野市差出南２丁目２２ー１１" }, "geometry": { "type": "Point", "coordinates": [ 138.172975, 36.629043 ] } },
{ "type": "Feature", "properties": { "ID": 2022203110560, "正式名称": "清水産婦人科医院", "機関区分": 2, "都道府県コード": 20, "市区町村コード": 201, "所在地": "長野県長野市川中島町原９０８－１", "緯度": 36.582177, "経度": 138.153633, "url": "https://www.iryou.teikyouseido.mhlw.go.jp/znk-web/juminkanja/S2430/initialize?prefCd=20&kikanCd=2203110560&kikanKbn=2", "url2": "https://www.shimizu-maternity.com/", "内容": "清水産婦人科医院【2:診療所】【診療科目:産婦人科】長野県長野市川中島町原９０８－１" }, "geometry": { "type": "Point", "coordinates": [ 138.153633, 36.582177 ] } },
{ "type": "Feature", "properties": { "ID": 2022203110980, "正式名称": "瀬原田クリニック", "機関区分": 2, "都道府県コード": 20, "市区町村コード": 201, "所在地": "長野県長野市篠ノ井布施五明３３１３番地", "緯度": 36.581649, "経度": 138.128774, "url": "https://www.iryou.teikyouseido.mhlw.go.jp/znk-web/juminkanja/S2430/initialize?prefCd=20&kikanCd=2203110980&kikanKbn=2", "url2": "https://www.seharadaclinic.com", "内容": "瀬原田クリニック【2:診療所】【診療科目:内科_外科_皮膚科】長野県長野市篠ノ井布施五明３３１３番地" }, "geometry": { "type": "Point", "coordinates": [ 138.128774, 36.581649 ] } },
{ "type": "Feature", "properties": { "ID": 2022203111020, "正式名称": "池田クリニック", "機関区分": 2, "都道府県コード": 20, "市区町村コード": 201, "所在地": "長野県長野市上松２−２６−１９", "緯度": 36.667779, "経度": 138.191904, "url": "https://www.iryou.teikyouseido.mhlw.go.jp/znk-web/juminkanja/S2430/initialize?prefCd=20&kikanCd=2203111020&kikanKbn=2", "url2": "http://www.myclinic.ne.jp/ikedacl/pc/", "内容": "池田クリニック【2:診療所】【診療科目:内科_循環器内科_リウマチ科】長野県長野市上松２−２６−１９" }, "geometry": { "type": "Point", "coordinates": [ 138.191904, 36.667779 ] } },
{ "type": "Feature", "properties": { "ID": 2022203111150, "正式名称": "榊ペインクリニック", "機関区分": 2, "都道府県コード": 20, "市区町村コード": 201, "所在地": "長野県長野市南千歳１－７－１第２荒井ビル２Ｆ", "緯度": 36.646476, "経度": 138.188766, "url": "https://www.iryou.teikyouseido.mhlw.go.jp/znk-web/juminkanja/S2430/initialize?prefCd=20&kikanCd=2203111150&kikanKbn=2", "url2": "http://www.sakaki-pain.com", "内容": "榊ペインクリニック【2:診療所】【診療科目:麻酔科】長野県長野市南千歳１－７－１第２荒井ビル２Ｆ" }, "geometry": { "type": "Point", "coordinates": [ 138.188766, 36.646476 ] } },
{ "type": "Feature", "properties": { "ID": 2022203111310, "正式名称": "小出メンタルクリニック", "機関区分": 2, "都道府県コード": 20, "市区町村コード": 201, "所在地": "長野県長野市檀田２－１－１", "緯度": 36.679195, "経度": 138.206902, "url": "https://www.iryou.teikyouseido.mhlw.go.jp/znk-web/juminkanja/S2430/initialize?prefCd=20&kikanCd=2203111310&kikanKbn=2", "url2": "www.koide-mc.com", "内容": "小出メンタルクリニック【2:診療所】【診療科目:精神科_心療内科】長野県長野市檀田２－１－１" }, "geometry": { "type": "Point", "coordinates": [ 138.206902, 36.679195 ] } },
{ "type": "Feature", "properties": { "ID": 2022203111600, "正式名称": "南十字脳神経外科", "機関区分": 2, "都道府県コード": 20, "市区町村コード": 201, "所在地": "長野県長野市小柴見１２３番地", "緯度": 36.645532, "経度": 138.178517, "url": "https://www.iryou.teikyouseido.mhlw.go.jp/znk-web/juminkanja/S2430/initialize?prefCd=20&kikanCd=2203111600&kikanKbn=2", "url2": null, "内容": "南十字脳神経外科【2:診療所】【診療科目:脳神経外科】長野県長野市小柴見１２３番地" }, "geometry": { "type": "Point", "coordinates": [ 138.178517, 36.645532 ] } },
{ "type": "Feature", "properties": { "ID": 2022203111730, "正式名称": "いでうら内科クリニック", "機関区分": 2, "都道府県コード": 20, "市区町村コード": 201, "所在地": "長野県長野市徳間５５７－２", "緯度": 36.67664, "経度": 138.226039, "url": "https://www.iryou.teikyouseido.mhlw.go.jp/znk-web/juminkanja/S2430/initialize?prefCd=20&kikanCd=2203111730&kikanKbn=2", "url2": null, "内容": "いでうら内科クリニック【2:診療所】【診療科目:人工透析内科】長野県長野市徳間５５７－２" }, "geometry": { "type": "Point", "coordinates": [ 138.226039, 36.67664 ] } },
{ "type": "Feature", "properties": { "ID": 2022203112030, "正式名称": "はっちょう皮膚科", "機関区分": 2, "都道府県コード": 20, "市区町村コード": 201, "所在地": "長野県長野市吉田３－２２－１６　ＪＡながの吉田駅前ビル２階", "緯度": 36.66703, "経度": 138.221012, "url": "https://www.iryou.teikyouseido.mhlw.go.jp/znk-web/juminkanja/S2430/initialize?prefCd=20&kikanCd=2203112030&kikanKbn=2", "url2": "https://www.hatcho-hifuka.com/", "内容": "はっちょう皮膚科【2:診療所】【診療科目:小児皮膚科_皮膚科】長野県長野市吉田３－２２－１６　ＪＡながの吉田駅前ビル２階" }, "geometry": { "type": "Point", "coordinates": [ 138.221012, 36.66703 ] } },
{ "type": "Feature", "properties": { "ID": 2022203112290, "正式名称": "ドイルメンタルヘルスクリニック", "機関区分": 2, "都道府県コード": 20, "市区町村コード": 201, "所在地": "長野県長野市南石堂町１４２１　三福ビル３Ｆ", "緯度": 36.644671, "経度": 138.186683, "url": "https://www.iryou.teikyouseido.mhlw.go.jp/znk-web/juminkanja/S2430/initialize?prefCd=20&kikanCd=2203112290&kikanKbn=2", "url2": null, "内容": "ドイルメンタルヘルスクリニック【2:診療所】【診療科目:精神科_心療内科】長野県長野市南石堂町１４２１　三福ビル３Ｆ" }, "geometry": { "type": "Point", "coordinates": [ 138.186683, 36.644671 ] } },
{ "type": "Feature", "properties": { "ID": 2022203112320, "正式名称": "間宮眼科医院", "機関区分": 2, "都道府県コード": 20, "市区町村コード": 201, "所在地": "長野県長野市檀田２丁目１５番１５号", "緯度": 36.677391, "経度": 138.209835, "url": "https://www.iryou.teikyouseido.mhlw.go.jp/znk-web/juminkanja/S2430/initialize?prefCd=20&kikanCd=2203112320&kikanKbn=2", "url2": null, "内容": "間宮眼科医院【2:診療所】【診療科目:眼科】長野県長野市檀田２丁目１５番１５号" }, "geometry": { "type": "Point", "coordinates": [ 138.209835, 36.677391 ] } },
{ "type": "Feature", "properties": { "ID": 2022203112580, "正式名称": "医療法人としだ内科", "機関区分": 2, "都道府県コード": 20, "市区町村コード": 201, "所在地": "長野県長野市川中島町原５６番地１", "緯度": 36.586482, "経度": 138.148439, "url": "https://www.iryou.teikyouseido.mhlw.go.jp/znk-web/juminkanja/S2430/initialize?prefCd=20&kikanCd=2203112580&kikanKbn=2", "url2": "https://itp.ne.jp/info/204312228000000899/", "内容": "医療法人としだ内科【2:診療所】【診療科目:内科_糖尿病内科】長野県長野市川中島町原５６番地１" }, "geometry": { "type": "Point", "coordinates": [ 138.148439, 36.586482 ] } },
{ "type": "Feature", "properties": { "ID": 2022203112610, "正式名称": "わかまつ呼吸器内科クリニック", "機関区分": 2, "都道府県コード": 20, "市区町村コード": 201, "所在地": "長野県長野市大字高田５４９番地７", "緯度": 36.646282, "経度": 138.214403, "url": "https://www.iryou.teikyouseido.mhlw.go.jp/znk-web/juminkanja/S2430/initialize?prefCd=20&kikanCd=2203112610&kikanKbn=2", "url2": "http://www.wakamatsu-cl.com/", "内容": "わかまつ呼吸器内科クリニック【2:診療所】【診療科目:内科_呼吸器内科】長野県長野市大字高田５４９番地７" }, "geometry": { "type": "Point", "coordinates": [ 138.214403, 36.646282 ] } },
{ "type": "Feature", "properties": { "ID": 2022203112900, "正式名称": "赤羽医院", "機関区分": 2, "都道府県コード": 20, "市区町村コード": 201, "所在地": "長野県長野市稲里町中氷鉋　２０６１", "緯度": 36.608341, "経度": 138.169686, "url": "https://www.iryou.teikyouseido.mhlw.go.jp/znk-web/juminkanja/S2430/initialize?prefCd=20&kikanCd=2203112900&kikanKbn=2", "url2": null, "内容": "赤羽医院【2:診療所】【診療科目:内科_循環器内科】長野県長野市稲里町中氷鉋　２０６１" }, "geometry": { "type": "Point", "coordinates": [ 138.169686, 36.608341 ] } },
{ "type": "Feature", "properties": { "ID": 2022203113040, "正式名称": "長野整形外科クリニック", "機関区分": 2, "都道府県コード": 20, "市区町村コード": 201, "所在地": "長野県長野市吉田５丁目２６ー２３", "緯度": 36.659114, "経度": 138.22354, "url": "https://www.iryou.teikyouseido.mhlw.go.jp/znk-web/juminkanja/S2430/initialize?prefCd=20&kikanCd=2203113040&kikanKbn=2", "url2": "http://ar-ex.jp/nagano/", "内容": "長野整形外科クリニック【2:診療所】【診療科目:整形外科_リハビリテーション科】長野県長野市吉田５丁目２６ー２３" }, "geometry": { "type": "Point", "coordinates": [ 138.22354, 36.659114 ] } },
{ "type": "Feature", "properties": { "ID": 2022203113170, "正式名称": "かくた内科クリニック", "機関区分": 2, "都道府県コード": 20, "市区町村コード": 201, "所在地": "長野県長野市三輪１－８－１２", "緯度": 36.658725, "経度": 138.208708, "url": "https://www.iryou.teikyouseido.mhlw.go.jp/znk-web/juminkanja/S2430/initialize?prefCd=20&kikanCd=2203113170&kikanKbn=2", "url2": "https://www.kakuta-nagano.jp/access", "内容": "かくた内科クリニック【2:診療所】【診療科目:内科_リハビリテーション科】長野県長野市三輪１－８－１２" }, "geometry": { "type": "Point", "coordinates": [ 138.208708, 36.658725 ] } },
{ "type": "Feature", "properties": { "ID": 2022203113200, "正式名称": "医療法人　誠心会　小島内科", "機関区分": 2, "都道府県コード": 20, "市区町村コード": 201, "所在地": "長野県長野市南千歳２丁目２ー８", "緯度": 36.646809, "経度": 138.189155, "url": "https://www.iryou.teikyouseido.mhlw.go.jp/znk-web/juminkanja/S2430/initialize?prefCd=20&kikanCd=2203113200&kikanKbn=2", "url2": "http://mcs-kojimanaika.com/", "内容": "医療法人　誠心会　小島内科【2:診療所】【診療科目:内科_循環器内科】長野県長野市南千歳２丁目２ー８" }, "geometry": { "type": "Point", "coordinates": [ 138.189155, 36.646809 ] } },
{ "type": "Feature", "properties": { "ID": 2022203113330, "正式名称": "中澤ウィメンズライフクリニック", "機関区分": 2, "都道府県コード": 20, "市区町村コード": 201, "所在地": "長野県長野市若里６－３－６", "緯度": 36.628617, "経度": 138.194738, "url": "https://www.iryou.teikyouseido.mhlw.go.jp/znk-web/juminkanja/S2430/initialize?prefCd=20&kikanCd=2203113330&kikanKbn=2", "url2": "https://nwlc.jp/", "内容": "中澤ウィメンズライフクリニック【2:診療所】【診療科目:乳腺・内分泌外科_産婦人科】長野県長野市若里６－３－６" }, "geometry": { "type": "Point", "coordinates": [ 138.194738, 36.628617 ] } },
{ "type": "Feature", "properties": { "ID": 2022203113460, "正式名称": "磯村クリニック", "機関区分": 2, "都道府県コード": 20, "市区町村コード": 201, "所在地": "長野県長野市権堂町２２１５－３", "緯度": 36.652142, "経度": 138.192071, "url": "https://www.iryou.teikyouseido.mhlw.go.jp/znk-web/juminkanja/S2430/initialize?prefCd=20&kikanCd=2203113460&kikanKbn=2", "url2": "http://www.isomura-c.com", "内容": "磯村クリニック【2:診療所】【診療科目:内科_放射線科】長野県長野市権堂町２２１５－３" }, "geometry": { "type": "Point", "coordinates": [ 138.192071, 36.652142 ] } },
{ "type": "Feature", "properties": { "ID": 2022203113620, "正式名称": "社会福祉法人博愛会　高木クリニック", "機関区分": 2, "都道府県コード": 20, "市区町村コード": 201, "所在地": "長野県長野市鶴賀緑町１５９６番地", "緯度": 36.650337, "経度": 138.193793, "url": "https://www.iryou.teikyouseido.mhlw.go.jp/znk-web/juminkanja/S2430/initialize?prefCd=20&kikanCd=2203113620&kikanKbn=2", "url2": null, "内容": "社会福祉法人博愛会　高木クリニック【2:診療所】【診療科目:外科_婦人科】長野県長野市鶴賀緑町１５９６番地" }, "geometry": { "type": "Point", "coordinates": [ 138.193793, 36.650337 ] } },
{ "type": "Feature", "properties": { "ID": 2022203113880, "正式名称": "やまだクリニック", "機関区分": 2, "都道府県コード": 20, "市区町村コード": 201, "所在地": "長野県長野市中越２丁目３８ー１７", "緯度": 36.665753, "経度": 138.221762, "url": "https://www.iryou.teikyouseido.mhlw.go.jp/znk-web/juminkanja/S2430/initialize?prefCd=20&kikanCd=2203113880&kikanKbn=2", "url2": "https://www.yamada-clinic-nagano.com", "内容": "やまだクリニック【2:診療所】【診療科目:内科_精神科_心療内科】長野県長野市中越２丁目３８ー１７" }, "geometry": { "type": "Point", "coordinates": [ 138.221762, 36.665753 ] } },
{ "type": "Feature", "properties": { "ID": 2022203113910, "正式名称": "いちかわ内科クリニック", "機関区分": 2, "都道府県コード": 20, "市区町村コード": 201, "所在地": "長野県長野市松岡１丁目３５番地１５", "緯度": 36.625785, "経度": 138.222681, "url": "https://www.iryou.teikyouseido.mhlw.go.jp/znk-web/juminkanja/S2430/initialize?prefCd=20&kikanCd=2203113910&kikanKbn=2", "url2": "http://ichikawanaika.net", "内容": "いちかわ内科クリニック【2:診療所】【診療科目:内科_呼吸器内科】長野県長野市松岡１丁目３５番地１５" }, "geometry": { "type": "Point", "coordinates": [ 138.222681, 36.625785 ] } },
{ "type": "Feature", "properties": { "ID": 2022203114050, "正式名称": "医療法人　加藤内科", "機関区分": 2, "都道府県コード": 20, "市区町村コード": 201, "所在地": "長野県長野市神楽橋１０番地１１１", "緯度": 36.681112, "経度": 138.209902, "url": "https://www.iryou.teikyouseido.mhlw.go.jp/znk-web/juminkanja/S2430/initialize?prefCd=20&kikanCd=2203114050&kikanKbn=2", "url2": null, "内容": "医療法人　加藤内科【2:診療所】【診療科目:内科_循環器内科】長野県長野市神楽橋１０番地１１１" }, "geometry": { "type": "Point", "coordinates": [ 138.209902, 36.681112 ] } },
{ "type": "Feature", "properties": { "ID": 2022203114210, "正式名称": "板倉内科・糖尿病クリニック", "機関区分": 2, "都道府県コード": 20, "市区町村コード": 201, "所在地": "長野県長野市大字栗田１９３８番地", "緯度": 36.639283, "経度": 138.194682, "url": "https://www.iryou.teikyouseido.mhlw.go.jp/znk-web/juminkanja/S2430/initialize?prefCd=20&kikanCd=2203114210&kikanKbn=2", "url2": "http://www.itakuranaika.com/", "内容": "板倉内科・糖尿病クリニック【2:診療所】【診療科目:内科_糖尿病内科_内分泌内科】長野県長野市大字栗田１９３８番地" }, "geometry": { "type": "Point", "coordinates": [ 138.194682, 36.639283 ] } },
{ "type": "Feature", "properties": { "ID": 2022203114500, "正式名称": "医療法人　東口メンタルクリニック", "機関区分": 2, "都道府県コード": 20, "市区町村コード": 201, "所在地": "長野県長野市大字栗田１５７９番地", "緯度": 36.639671, "経度": 138.188155, "url": "https://www.iryou.teikyouseido.mhlw.go.jp/znk-web/juminkanja/S2430/initialize?prefCd=20&kikanCd=2203114500&kikanKbn=2", "url2": "https://www.hmcl.jp/", "内容": "医療法人　東口メンタルクリニック【2:診療所】【診療科目:精神科_心療内科】長野県長野市大字栗田１５７９番地" }, "geometry": { "type": "Point", "coordinates": [ 138.188155, 36.639671 ] } },
{ "type": "Feature", "properties": { "ID": 2022203114890, "正式名称": "恵信会クリニック", "機関区分": 2, "都道府県コード": 20, "市区町村コード": 201, "所在地": "長野県長野市西後町６１０番地", "緯度": 36.653198, "経度": 138.186155, "url": "https://www.iryou.teikyouseido.mhlw.go.jp/znk-web/juminkanja/S2430/initialize?prefCd=20&kikanCd=2203114890&kikanKbn=2", "url2": "http://www.keishinkai-clinic.jp", "内容": "恵信会クリニック【2:診療所】【診療科目:内科】長野県長野市西後町６１０番地" }, "geometry": { "type": "Point", "coordinates": [ 138.186155, 36.653198 ] } },
{ "type": "Feature", "properties": { "ID": 2022203116100, "正式名称": "脳とからだの　くらしまクリニック", "機関区分": 2, "都道府県コード": 20, "市区町村コード": 201, "所在地": "長野県長野市稲里町田牧１３１０番地５", "緯度": 36.591371, "経度": 138.174575, "url": "https://www.iryou.teikyouseido.mhlw.go.jp/znk-web/juminkanja/S2430/initialize?prefCd=20&kikanCd=2203116100&kikanKbn=2", "url2": "https://www.kurashima-clinic.com/", "内容": "脳とからだの　くらしまクリニック【2:診療所】【診療科目:神経内科_脳神経外科】長野県長野市稲里町田牧１３１０番地５" }, "geometry": { "type": "Point", "coordinates": [ 138.174575, 36.591371 ] } },
{ "type": "Feature", "properties": { "ID": 2022203116520, "正式名称": "西沢泌尿器科クリニック", "機関区分": 2, "都道府県コード": 20, "市区町村コード": 201, "所在地": "長野県長野市三輪４丁目１ー４", "緯度": 36.659114, "経度": 138.202792, "url": "https://www.iryou.teikyouseido.mhlw.go.jp/znk-web/juminkanja/S2430/initialize?prefCd=20&kikanCd=2203116520&kikanKbn=2", "url2": "https://nishizawa-clinic.jimdo.com", "内容": "西沢泌尿器科クリニック【2:診療所】【診療科目:内科_小児外科_小児泌尿器科_泌尿器科】長野県長野市三輪４丁目１ー４" }, "geometry": { "type": "Point", "coordinates": [ 138.202792, 36.659114 ] } },
{ "type": "Feature", "properties": { "ID": 2022203116780, "正式名称": "医療法人　整形外科安藤クリニック", "機関区分": 2, "都道府県コード": 20, "市区町村コード": 201, "所在地": "長野県長野市高田３６３", "緯度": 36.64781, "経度": 138.208931, "url": "https://www.iryou.teikyouseido.mhlw.go.jp/znk-web/juminkanja/S2430/initialize?prefCd=20&kikanCd=2203116780&kikanKbn=2", "url2": null, "内容": "医療法人　整形外科安藤クリニック【2:診療所】【診療科目:外科_整形外科_リハビリテーション科】長野県長野市高田３６３" }, "geometry": { "type": "Point", "coordinates": [ 138.208931, 36.64781 ] } },
{ "type": "Feature", "properties": { "ID": 2022203116810, "正式名称": "みやじま内科クリニック", "機関区分": 2, "都道府県コード": 20, "市区町村コード": 201, "所在地": "長野県長野市高田１２６１－２", "緯度": 36.640616, "経度": 138.212959, "url": "https://www.iryou.teikyouseido.mhlw.go.jp/znk-web/juminkanja/S2430/initialize?prefCd=20&kikanCd=2203116810&kikanKbn=2", "url2": "http://r.goope.jp/miya", "内容": "みやじま内科クリニック【2:診療所】【診療科目:内科_消化器内科_アレルギー科】長野県長野市高田１２６１－２" }, "geometry": { "type": "Point", "coordinates": [ 138.212959, 36.640616 ] } },
{ "type": "Feature", "properties": { "ID": 2022203117530, "正式名称": "西和田林クリニック", "機関区分": 2, "都道府県コード": 20, "市区町村コード": 201, "所在地": "長野県長野市西和田１－５－１４", "緯度": 36.649036, "経度": 138.2203, "url": "https://www.iryou.teikyouseido.mhlw.go.jp/znk-web/juminkanja/S2430/initialize?prefCd=20&kikanCd=2203117530&kikanKbn=2", "url2": "https://hayashi-c.com/", "内容": "西和田林クリニック【2:診療所】【診療科目:消化器内科_腫瘍内科_漢方内科_消化器外科_肛門外科_放射線診断科】長野県長野市西和田１－５－１４" }, "geometry": { "type": "Point", "coordinates": [ 138.2203, 36.649036 ] } },
{ "type": "Feature", "properties": { "ID": 2022203117950, "正式名称": "プリマベーラ診療所", "機関区分": 2, "都道府県コード": 20, "市区町村コード": 201, "所在地": "長野県長野市大字南長野新田町１１０６番地１", "緯度": 36.650392, "経度": 138.184961, "url": "https://www.iryou.teikyouseido.mhlw.go.jp/znk-web/juminkanja/S2430/initialize?prefCd=20&kikanCd=2203117950&kikanKbn=2", "url2": null, "内容": "プリマベーラ診療所【2:診療所】【診療科目:内科】長野県長野市大字南長野新田町１１０６番地１" }, "geometry": { "type": "Point", "coordinates": [ 138.184961, 36.650392 ] } },
{ "type": "Feature", "properties": { "ID": 2022203118120, "正式名称": "南ながの公園クリニック", "機関区分": 2, "都道府県コード": 20, "市区町村コード": 201, "所在地": "長野県長野市篠ノ井東福寺３８１９", "緯度": 36.581233, "経度": 138.17677, "url": "https://www.iryou.teikyouseido.mhlw.go.jp/znk-web/juminkanja/S2430/initialize?prefCd=20&kikanCd=2203118120&kikanKbn=2", "url2": null, "内容": "南ながの公園クリニック【2:診療所】【診療科目:外科_乳腺・内分泌外科】長野県長野市篠ノ井東福寺３８１９" }, "geometry": { "type": "Point", "coordinates": [ 138.17677, 36.581233 ] } },
{ "type": "Feature", "properties": { "ID": 2022203118540, "正式名称": "ＭＩＤＯＲＩ眼科", "機関区分": 2, "都道府県コード": 20, "市区町村コード": 201, "所在地": "長野県長野市南千歳１‐２２‐６　ステーションビルＭＩＤＯＲＩ４階", "緯度": 36.643949, "経度": 138.188933, "url": "https://www.iryou.teikyouseido.mhlw.go.jp/znk-web/juminkanja/S2430/initialize?prefCd=20&kikanCd=2203118540&kikanKbn=2", "url2": "https://midori-ganka.navi-clinic.jp/", "内容": "ＭＩＤＯＲＩ眼科【2:診療所】【診療科目:眼科】長野県長野市南千歳１‐２２‐６　ステーションビルＭＩＤＯＲＩ４階" }, "geometry": { "type": "Point", "coordinates": [ 138.188933, 36.643949 ] } },
{ "type": "Feature", "properties": { "ID": 2022203118830, "正式名称": "野村耳鼻咽喉科医院", "機関区分": 2, "都道府県コード": 20, "市区町村コード": 201, "所在地": "長野県長野市三輪６丁目４－２７", "緯度": 36.657003, "経度": 138.195265, "url": "https://www.iryou.teikyouseido.mhlw.go.jp/znk-web/juminkanja/S2430/initialize?prefCd=20&kikanCd=2203118830&kikanKbn=2", "url2": null, "内容": "野村耳鼻咽喉科医院【2:診療所】【診療科目:耳鼻いんこう科】長野県長野市三輪６丁目４－２７" }, "geometry": { "type": "Point", "coordinates": [ 138.195265, 36.657003 ] } },
{ "type": "Feature", "properties": { "ID": 2022203118960, "正式名称": "うえまつ整形外科・リハビリテーション科クリニック", "機関区分": 2, "都道府県コード": 20, "市区町村コード": 201, "所在地": "長野県長野市上松３丁目２３－２２", "緯度": 36.674529, "経度": 138.199069, "url": "https://www.iryou.teikyouseido.mhlw.go.jp/znk-web/juminkanja/S2430/initialize?prefCd=20&kikanCd=2203118960&kikanKbn=2", "url2": "http://www.uematsu-seikei.jp", "内容": "うえまつ整形外科・リハビリテーション科クリニック【2:診療所】【診療科目:整形外科_リハビリテーション科】長野県長野市上松３丁目２３－２２" }, "geometry": { "type": "Point", "coordinates": [ 138.199069, 36.674529 ] } },
{ "type": "Feature", "properties": { "ID": 2022203119260, "正式名称": "わかほこどもクリニック", "機関区分": 2, "都道府県コード": 20, "市区町村コード": 201, "所在地": "長野県長野市若穂綿内６４５９番地１０", "緯度": 36.623079, "経度": 138.258796, "url": "https://www.iryou.teikyouseido.mhlw.go.jp/znk-web/juminkanja/S2430/initialize?prefCd=20&kikanCd=2203119260&kikanKbn=2", "url2": null, "内容": "わかほこどもクリニック【2:診療所】【診療科目:小児科】長野県長野市若穂綿内６４５９番地１０" }, "geometry": { "type": "Point", "coordinates": [ 138.258796, 36.623079 ] } },
{ "type": "Feature", "properties": { "ID": 2022203119680, "正式名称": "むくろじ小児科", "機関区分": 2, "都道府県コード": 20, "市区町村コード": 201, "所在地": "長野県長野市吉田５丁目１ー２４", "緯度": 36.660503, "経度": 138.230429, "url": "https://www.iryou.teikyouseido.mhlw.go.jp/znk-web/juminkanja/S2430/initialize?prefCd=20&kikanCd=2203119680&kikanKbn=2", "url2": "http://www.mukuroji-clinic.com", "内容": "むくろじ小児科【2:診療所】【診療科目:小児科】長野県長野市吉田５丁目１ー２４" }, "geometry": { "type": "Point", "coordinates": [ 138.230429, 36.660503 ] } },
{ "type": "Feature", "properties": { "ID": 2022203119840, "正式名称": "いちのせ循環器内科", "機関区分": 2, "都道府県コード": 20, "市区町村コード": 201, "所在地": "長野県長野市神明８６", "緯度": 36.587816, "経度": 138.180436, "url": "https://www.iryou.teikyouseido.mhlw.go.jp/znk-web/juminkanja/S2430/initialize?prefCd=20&kikanCd=2203119840&kikanKbn=2", "url2": "http://ichinosejunkankinaika.jp/", "内容": "いちのせ循環器内科【2:診療所】【診療科目:循環器内科】長野県長野市神明８６" }, "geometry": { "type": "Point", "coordinates": [ 138.180436, 36.587816 ] } },
{ "type": "Feature", "properties": { "ID": 2022203120080, "正式名称": "降旗醫院", "機関区分": 2, "都道府県コード": 20, "市区町村コード": 201, "所在地": "長野県長野市風間２４９－１", "緯度": 36.634842, "経度": 138.227856, "url": "https://www.iryou.teikyouseido.mhlw.go.jp/znk-web/juminkanja/S2430/initialize?prefCd=20&kikanCd=2203120080&kikanKbn=2", "url2": null, "内容": "降旗醫院【2:診療所】【診療科目:内科_呼吸器内科_アレルギー科】長野県長野市風間２４９－１" }, "geometry": { "type": "Point", "coordinates": [ 138.227856, 36.634842 ] } },
{ "type": "Feature", "properties": { "ID": 2022203120240, "正式名称": "ストレスケア　さらしなクリニック", "機関区分": 2, "都道府県コード": 20, "市区町村コード": 201, "所在地": "長野県長野市篠ノ井会２３０ー１", "緯度": 36.57635, "経度": 138.148333, "url": "https://www.iryou.teikyouseido.mhlw.go.jp/znk-web/juminkanja/S2430/initialize?prefCd=20&kikanCd=2203120240&kikanKbn=2", "url2": null, "内容": "ストレスケア　さらしなクリニック【2:診療所】【診療科目:精神科_心療内科】長野県長野市篠ノ井会２３０ー１" }, "geometry": { "type": "Point", "coordinates": [ 138.148333, 36.57635 ] } },
{ "type": "Feature", "properties": { "ID": 2022203120370, "正式名称": "わかこ皮ふ科クリニック", "機関区分": 2, "都道府県コード": 20, "市区町村コード": 201, "所在地": "長野県長野市若里４－１４－３５", "緯度": 36.628638, "経度": 138.184919, "url": "https://www.iryou.teikyouseido.mhlw.go.jp/znk-web/juminkanja/S2430/initialize?prefCd=20&kikanCd=2203120370&kikanKbn=2", "url2": "http://www.wakako-clinic.jp", "内容": "わかこ皮ふ科クリニック【2:診療所】【診療科目:小児皮膚科_皮膚科_美容皮膚科】長野県長野市若里４－１４－３５" }, "geometry": { "type": "Point", "coordinates": [ 138.184919, 36.628638 ] } },
{ "type": "Feature", "properties": { "ID": 2022203120400, "正式名称": "クリニックレインボー", "機関区分": 2, "都道府県コード": 20, "市区町村コード": 201, "所在地": "長野県長野市吉１８２７－１", "緯度": 36.699384, "経度": 138.240738, "url": "https://www.iryou.teikyouseido.mhlw.go.jp/znk-web/juminkanja/S2430/initialize?prefCd=20&kikanCd=2203120400&kikanKbn=2", "url2": "https://www.harmony-rainbow.jp/", "内容": "クリニックレインボー【2:診療所】【診療科目:内科_小児科】長野県長野市吉１８２７－１" }, "geometry": { "type": "Point", "coordinates": [ 138.240738, 36.699384 ] } },
{ "type": "Feature", "properties": { "ID": 2022203120950, "正式名称": "かねばこ内科クリニック", "機関区分": 2, "都道府県コード": 20, "市区町村コード": 201, "所在地": "長野県長野市金箱３２０−２", "緯度": 36.676241, "経度": 138.250624, "url": "https://www.iryou.teikyouseido.mhlw.go.jp/znk-web/juminkanja/S2430/initialize?prefCd=20&kikanCd=2203120950&kikanKbn=2", "url2": "http://kanebako.jp/guide/index.html", "内容": "かねばこ内科クリニック【2:診療所】【診療科目:内科_消化器内科_肝臓内科】長野県長野市金箱３２０−２" }, "geometry": { "type": "Point", "coordinates": [ 138.250624, 36.676241 ] } },
{ "type": "Feature", "properties": { "ID": 2022203121090, "正式名称": "湘南美容クリニック長野院", "機関区分": 2, "都道府県コード": 20, "市区町村コード": 201, "所在地": "長野県長野市末広町１３５５ー５　ウエストプラザ長野ビル６階", "緯度": 36.643756, "経度": 138.18712, "url": "https://www.iryou.teikyouseido.mhlw.go.jp/znk-web/juminkanja/S2430/initialize?prefCd=20&kikanCd=2203121090&kikanKbn=2", "url2": "https://www.s-b-c.net/clinic/branch/nagano/", "内容": "湘南美容クリニック長野院【2:診療所】【診療科目:美容外科_美容皮膚科】長野県長野市末広町１３５５ー５　ウエストプラザ長野ビル６階" }, "geometry": { "type": "Point", "coordinates": [ 138.18712, 36.643756 ] } },
{ "type": "Feature", "properties": { "ID": 2022203121410, "正式名称": "青豆診療所", "機関区分": 2, "都道府県コード": 20, "市区町村コード": 201, "所在地": "長野県長野市吉田５丁目２３番１１ー２号", "緯度": 36.659197, "経度": 138.225969, "url": "https://www.iryou.teikyouseido.mhlw.go.jp/znk-web/juminkanja/S2430/initialize?prefCd=20&kikanCd=2203121410&kikanKbn=2", "url2": "https://aomame.clinic/home/", "内容": "青豆診療所【2:診療所】【診療科目:内科_精神科_心療内科】長野県長野市吉田５丁目２３番１１ー２号" }, "geometry": { "type": "Point", "coordinates": [ 138.225969, 36.659197 ] } },
{ "type": "Feature", "properties": { "ID": 2022203121540, "正式名称": "ＪＵＮ　ＣＬＩＮＩＣ", "機関区分": 2, "都道府県コード": 20, "市区町村コード": 201, "所在地": "長野県長野市北石堂町１４０２甲州屋ビル５階", "緯度": 36.64689, "経度": 138.18698, "url": "https://www.iryou.teikyouseido.mhlw.go.jp/znk-web/juminkanja/S2430/initialize?prefCd=20&kikanCd=2203121540&kikanKbn=2", "url2": "https://www.jun-clinic.jp/", "内容": "ＪＵＮ　ＣＬＩＮＩＣ【2:診療所】【診療科目:形成外科_美容外科_美容皮膚科】長野県長野市北石堂町１４０２甲州屋ビル５階" }, "geometry": { "type": "Point", "coordinates": [ 138.18698, 36.64689 ] } },
{ "type": "Feature", "properties": { "ID": 2022203121700, "正式名称": "ふくおか耳鼻咽喉科めまいクリニック", "機関区分": 2, "都道府県コード": 20, "市区町村コード": 201, "所在地": "長野県長野市北長池１６０１番地１", "緯度": 36.652504, "経度": 138.241623, "url": "https://www.iryou.teikyouseido.mhlw.go.jp/znk-web/juminkanja/S2430/initialize?prefCd=20&kikanCd=2203121700&kikanKbn=2", "url2": "http://www.fukuoka-ent.com", "内容": "ふくおか耳鼻咽喉科めまいクリニック【2:診療所】【診療科目:耳鼻いんこう科_アレルギー科】長野県長野市北長池１６０１番地１" }, "geometry": { "type": "Point", "coordinates": [ 138.241623, 36.652504 ] } },
{ "type": "Feature", "properties": { "ID": 2022203121960, "正式名称": "風の里クリニック", "機関区分": 2, "都道府県コード": 20, "市区町村コード": 201, "所在地": "長野県長野市富竹１６６４", "緯度": 36.672864, "経度": 138.258347, "url": "https://www.iryou.teikyouseido.mhlw.go.jp/znk-web/juminkanja/S2430/initialize?prefCd=20&kikanCd=2203121960&kikanKbn=2", "url2": "http://kazenosato-cl.jp", "内容": "風の里クリニック【2:診療所】【診療科目:呼吸器内科_外科_精神科_リハビリテーション科】長野県長野市富竹１６６４" }, "geometry": { "type": "Point", "coordinates": [ 138.258347, 36.672864 ] } },
{ "type": "Feature", "properties": { "ID": 2022203122420, "正式名称": "みやがわ耳鼻咽喉科きこえクリニック", "機関区分": 2, "都道府県コード": 20, "市区町村コード": 201, "所在地": "長野県長野市稲里町中央１−５−１１", "緯度": 36.604279, "経度": 138.173279, "url": "https://www.iryou.teikyouseido.mhlw.go.jp/znk-web/juminkanja/S2430/initialize?prefCd=20&kikanCd=2203122420&kikanKbn=2", "url2": "https://miyagawa-ent.com", "内容": "みやがわ耳鼻咽喉科きこえクリニック【2:診療所】【診療科目:耳鼻いんこう科_アレルギー科】長野県長野市稲里町中央１−５−１１" }, "geometry": { "type": "Point", "coordinates": [ 138.173279, 36.604279 ] } },
{ "type": "Feature", "properties": { "ID": 2022203122710, "正式名称": "市辺眼科医院", "機関区分": 2, "都道府県コード": 20, "市区町村コード": 201, "所在地": "長野県長野市県町４７１−１１", "緯度": 36.653762, "経度": 138.183416, "url": "https://www.iryou.teikyouseido.mhlw.go.jp/znk-web/juminkanja/S2430/initialize?prefCd=20&kikanCd=2203122710&kikanKbn=2", "url2": "https://ichibeganka.com/", "内容": "市辺眼科医院【2:診療所】【診療科目:眼科】長野県長野市県町４７１−１１" }, "geometry": { "type": "Point", "coordinates": [ 138.183416, 36.653762 ] } },
{ "type": "Feature", "properties": { "ID": 2022203123010, "正式名称": "山岸泌尿器科クリニック", "機関区分": 2, "都道府県コード": 20, "市区町村コード": 201, "所在地": "長野県長野市吉田　３丁目１２－２９", "緯度": 36.670425, "経度": 138.220618, "url": "https://www.iryou.teikyouseido.mhlw.go.jp/znk-web/juminkanja/S2430/initialize?prefCd=20&kikanCd=2203123010&kikanKbn=2", "url2": "https://y-uro.themedia.jp", "内容": "山岸泌尿器科クリニック【2:診療所】【診療科目:泌尿器科】長野県長野市吉田　３丁目１２－２９" }, "geometry": { "type": "Point", "coordinates": [ 138.220618, 36.670425 ] } },
{ "type": "Feature", "properties": { "ID": 2022203123140, "正式名称": "むらかみ整形外科", "機関区分": 2, "都道府県コード": 20, "市区町村コード": 201, "所在地": "長野県長野市豊野町豊野字沖５６７－１", "緯度": 36.708894, "経度": 138.280424, "url": "https://www.iryou.teikyouseido.mhlw.go.jp/znk-web/juminkanja/S2430/initialize?prefCd=20&kikanCd=2203123140&kikanKbn=2", "url2": "http://www.murakami-ortho-tyn.com/", "内容": "むらかみ整形外科【2:診療所】【診療科目:整形外科_リウマチ科_リハビリテーション科】長野県長野市豊野町豊野字沖５６７－１" }, "geometry": { "type": "Point", "coordinates": [ 138.280424, 36.708894 ] } },
{ "type": "Feature", "properties": { "ID": 2022203123300, "正式名称": "社会福祉法人　賛育会　賛育会クリニック", "機関区分": 2, "都道府県コード": 20, "市区町村コード": 201, "所在地": "長野県長野市豊野町豊野６３４", "緯度": 36.71079, "経度": 138.282811, "url": "https://www.iryou.teikyouseido.mhlw.go.jp/znk-web/juminkanja/S2430/initialize?prefCd=20&kikanCd=2203123300&kikanKbn=2", "url2": "https://www.san-ikukai.or.jp/toyono/clinic.php", "内容": "社会福祉法人　賛育会　賛育会クリニック【2:診療所】【診療科目:内科_整形外科_小児科】長野県長野市豊野町豊野６３４" }, "geometry": { "type": "Point", "coordinates": [ 138.282811, 36.71079 ] } },
{ "type": "Feature", "properties": { "ID": 2022203123430, "正式名称": "林リウマチ整形外科クリニック", "機関区分": 2, "都道府県コード": 20, "市区町村コード": 201, "所在地": "長野県長野市稲葉６１８−１", "緯度": 36.629442, "経度": 138.204659, "url": "https://www.iryou.teikyouseido.mhlw.go.jp/znk-web/juminkanja/S2430/initialize?prefCd=20&kikanCd=2203123430&kikanKbn=2", "url2": "https://www.hayashiraoryhopclinic.com/", "内容": "林リウマチ整形外科クリニック【2:診療所】【診療科目:整形外科_リウマチ科_リハビリテーション科】長野県長野市稲葉６１８−１" }, "geometry": { "type": "Point", "coordinates": [ 138.204659, 36.629442 ] } },
{ "type": "Feature", "properties": { "ID": 2022203123720, "正式名称": "東京ＡＧＡクリニック長野院", "機関区分": 2, "都道府県コード": 20, "市区町村コード": 201, "所在地": "長野県長野市南千歳町８６０番地２４ビトロアレイ２　３階Ｂ号室", "緯度": 36.646636, "経度": 138.188489, "url": "https://www.iryou.teikyouseido.mhlw.go.jp/znk-web/juminkanja/S2430/initialize?prefCd=20&kikanCd=2203123720&kikanKbn=2", "url2": null, "内容": "東京ＡＧＡクリニック長野院【2:診療所】【診療科目:形成外科_美容外科_皮膚科】長野県長野市南千歳町８６０番地２４ビトロアレイ２　３階Ｂ号室" }, "geometry": { "type": "Point", "coordinates": [ 138.188489, 36.646636 ] } },
{ "type": "Feature", "properties": { "ID": 2022203123850, "正式名称": "三本柳整形外科クリニック", "機関区分": 2, "都道府県コード": 20, "市区町村コード": 201, "所在地": "長野県長野市丹波島１丁目１ー１１", "緯度": 36.617465, "経度": 138.174456, "url": "https://www.iryou.teikyouseido.mhlw.go.jp/znk-web/juminkanja/S2430/initialize?prefCd=20&kikanCd=2203123850&kikanKbn=2", "url2": null, "内容": "三本柳整形外科クリニック【2:診療所】【診療科目:整形外科_リハビリテーション科】長野県長野市丹波島１丁目１ー１１" }, "geometry": { "type": "Point", "coordinates": [ 138.174456, 36.617465 ] } },
{ "type": "Feature", "properties": { "ID": 2022203123980, "正式名称": "医療法人　川中島Ｆメンタルクリニック", "機関区分": 2, "都道府県コード": 20, "市区町村コード": 201, "所在地": "長野県長野市川中島町今井１４７８番地２", "緯度": 36.596879, "経度": 138.152448, "url": "https://www.iryou.teikyouseido.mhlw.go.jp/znk-web/juminkanja/S2430/initialize?prefCd=20&kikanCd=2203123980&kikanKbn=2", "url2": "https://www.f-mental.jp", "内容": "医療法人　川中島Ｆメンタルクリニック【2:診療所】【診療科目:精神科_心療内科】長野県長野市川中島町今井１４７８番地２" }, "geometry": { "type": "Point", "coordinates": [ 138.152448, 36.596879 ] } },
{ "type": "Feature", "properties": { "ID": 2022203124150, "正式名称": "一般社団法人メディカルチェック", "機関区分": 2, "都道府県コード": 20, "市区町村コード": 201, "所在地": "長野県長野市大豆島１５６２", "緯度": 36.628522, "経度": 138.235274, "url": "https://www.iryou.teikyouseido.mhlw.go.jp/znk-web/juminkanja/S2430/initialize?prefCd=20&kikanCd=2203124150&kikanKbn=2", "url2": "http://www.medical-check.jp", "内容": "一般社団法人メディカルチェック【2:診療所】【診療科目:内科】長野県長野市大豆島１５６２" }, "geometry": { "type": "Point", "coordinates": [ 138.235274, 36.628522 ] } },
{ "type": "Feature", "properties": { "ID": 2022203124310, "正式名称": "しおいり小児科医院", "機関区分": 2, "都道府県コード": 20, "市区町村コード": 201, "所在地": "長野県長野市徳間５４４ー１６", "緯度": 36.677259, "経度": 138.228242, "url": "https://www.iryou.teikyouseido.mhlw.go.jp/znk-web/juminkanja/S2430/initialize?prefCd=20&kikanCd=2203124310&kikanKbn=2", "url2": "https://shioiri-shounika.com", "内容": "しおいり小児科医院【2:診療所】【診療科目:小児科_アレルギー科】長野県長野市徳間５４４ー１６" }, "geometry": { "type": "Point", "coordinates": [ 138.228242, 36.677259 ] } },
{ "type": "Feature", "properties": { "ID": 2022203124730, "正式名称": "Ｍａｒｉ　Ｈｅａｌｔｈ　Ｓｕｐｐｏｒｔ　Ｃｌｉｎｉｃ　仁", "機関区分": 2, "都道府県コード": 20, "市区町村コード": 201, "所在地": "長野県長野市若里２丁目２０ー１５　ドルチェ・エスティーノ　１Ｆ", "緯度": 36.6321, "経度": 138.196939, "url": "https://www.iryou.teikyouseido.mhlw.go.jp/znk-web/juminkanja/S2430/initialize?prefCd=20&kikanCd=2203124730&kikanKbn=2", "url2": "https://hematologicalcare.com", "内容": "Ｍａｒｉ　Ｈｅａｌｔｈ　Ｓｕｐｐｏｒｔ　Ｃｌｉｎｉｃ　仁【2:診療所】【診療科目:内科】長野県長野市若里２丁目２０ー１５　ドルチェ・エスティーノ　１Ｆ" }, "geometry": { "type": "Point", "coordinates": [ 138.196939, 36.6321 ] } },
{ "type": "Feature", "properties": { "ID": 2022203124860, "正式名称": "医療法人聖美会　ウェンデルクリニック", "機関区分": 2, "都道府県コード": 20, "市区町村コード": 201, "所在地": "長野県長野市末広町１３６０番地１長野スエヒロビル３階", "緯度": 36.644332, "経度": 138.187134, "url": "https://www.iryou.teikyouseido.mhlw.go.jp/znk-web/juminkanja/S2430/initialize?prefCd=20&kikanCd=2203124860&kikanKbn=2", "url2": "https://www.wendel-clinic.com", "内容": "医療法人聖美会　ウェンデルクリニック【2:診療所】【診療科目:美容外科_皮膚科_美容皮膚科】長野県長野市末広町１３６０番地１長野スエヒロビル３階" }, "geometry": { "type": "Point", "coordinates": [ 138.187134, 36.644332 ] } },
{ "type": "Feature", "properties": { "ID": 2022203125030, "正式名称": "むらおか脳神経外科クリニック", "機関区分": 2, "都道府県コード": 20, "市区町村コード": 201, "所在地": "長野県長野市松代町東寺尾７１４ー１", "緯度": 36.569201, "経度": 138.20013, "url": "https://www.iryou.teikyouseido.mhlw.go.jp/znk-web/juminkanja/S2430/initialize?prefCd=20&kikanCd=2203125030&kikanKbn=2", "url2": "https://www.muraoka-nc.com", "内容": "むらおか脳神経外科クリニック【2:診療所】【診療科目:脳神経内科_脳神経外科】長野県長野市松代町東寺尾７１４ー１" }, "geometry": { "type": "Point", "coordinates": [ 138.20013, 36.569201 ] } },
{ "type": "Feature", "properties": { "ID": 2022203125740, "正式名称": "ながのファミリークリニック", "機関区分": 2, "都道府県コード": 20, "市区町村コード": 201, "所在地": "長野県長野市中御所１丁目１２番８号", "緯度": 36.641565, "経度": 138.183581, "url": "https://www.iryou.teikyouseido.mhlw.go.jp/znk-web/juminkanja/S2430/initialize?prefCd=20&kikanCd=2203125740&kikanKbn=2", "url2": null, "内容": "ながのファミリークリニック【2:診療所】【診療科目:内科_小児科】長野県長野市中御所１丁目１２番８号" }, "geometry": { "type": "Point", "coordinates": [ 138.183581, 36.641565 ] } },
{ "type": "Feature", "properties": { "ID": 2022203126200, "正式名称": "医療法人　みうらハートクリニック", "機関区分": 2, "都道府県コード": 20, "市区町村コード": 201, "所在地": "長野県長野市南高田２丁目８－１", "緯度": 36.643797, "経度": 138.226211, "url": "https://www.iryou.teikyouseido.mhlw.go.jp/znk-web/juminkanja/S2430/initialize?prefCd=20&kikanCd=2203126200&kikanKbn=2", "url2": "https://miura-heartclinic.com/", "内容": "医療法人　みうらハートクリニック【2:診療所】【診療科目:内科_循環器内科】長野県長野市南高田２丁目８－１" }, "geometry": { "type": "Point", "coordinates": [ 138.226211, 36.643797 ] } },
{ "type": "Feature", "properties": { "ID": 2022203127180, "正式名称": "医療法人社団芹田会　芹田内科クリニック", "機関区分": 2, "都道府県コード": 20, "市区町村コード": 201, "所在地": "長野県長野市篠ノ井布施高田７５５番地１", "緯度": 36.577397, "経度": 138.145356, "url": "https://www.iryou.teikyouseido.mhlw.go.jp/znk-web/juminkanja/S2430/initialize?prefCd=20&kikanCd=2203127180&kikanKbn=2", "url2": null, "内容": "医療法人社団芹田会　芹田内科クリニック【2:診療所】【診療科目:内科】長野県長野市篠ノ井布施高田７５５番地１" }, "geometry": { "type": "Point", "coordinates": [ 138.145356, 36.577397 ] } },
{ "type": "Feature", "properties": { "ID": 2022203127760, "正式名称": "かみじょうリハビリ整形外科クリニック", "機関区分": 2, "都道府県コード": 20, "市区町村コード": 201, "所在地": "長野県長野市徳間１丁目２７番４号", "緯度": 36.680286, "経度": 138.220307, "url": "https://www.iryou.teikyouseido.mhlw.go.jp/znk-web/juminkanja/S2430/initialize?prefCd=20&kikanCd=2203127760&kikanKbn=2", "url2": "https://kamijo.clinic", "内容": "かみじょうリハビリ整形外科クリニック【2:診療所】【診療科目:整形外科_リハビリテーション科】長野県長野市徳間１丁目２７番４号" }, "geometry": { "type": "Point", "coordinates": [ 138.220307, 36.680286 ] } },
{ "type": "Feature", "properties": { "ID": 2022203128930, "正式名称": "仁科医院", "機関区分": 2, "都道府県コード": 20, "市区町村コード": 201, "所在地": "長野県長野市桐原１ー２８ー１７", "緯度": 36.663981, "経度": 138.214612, "url": "https://www.iryou.teikyouseido.mhlw.go.jp/znk-web/juminkanja/S2430/initialize?prefCd=20&kikanCd=2203128930&kikanKbn=2", "url2": "https://nishina.clinic", "内容": "仁科医院【2:診療所】【診療科目:内科_小児科_リウマチ科】長野県長野市桐原１ー２８ー１７" }, "geometry": { "type": "Point", "coordinates": [ 138.214612, 36.663981 ] } },
{ "type": "Feature", "properties": { "ID": 2022203129490, "正式名称": "矢彦沢内科・脳神経クリニック", "機関区分": 2, "都道府県コード": 20, "市区町村コード": 201, "所在地": "長野県長野市北長池１９９８－１", "緯度": 36.64613, "経度": 138.238781, "url": "https://www.iryou.teikyouseido.mhlw.go.jp/znk-web/juminkanja/S2430/initialize?prefCd=20&kikanCd=2203129490&kikanKbn=2", "url2": "https://yahikozawa-clinic.com", "内容": "矢彦沢内科・脳神経クリニック【2:診療所】【診療科目:内科_脳神経内科】長野県長野市北長池１９９８－１" }, "geometry": { "type": "Point", "coordinates": [ 138.238781, 36.64613 ] } },
{ "type": "Feature", "properties": { "ID": 2022203129520, "正式名称": "エミナルクリニック長野院", "機関区分": 2, "都道府県コード": 20, "市区町村コード": 201, "所在地": "長野県長野市末広町１３５６　Ｎａｃｓ末広３階", "緯度": 36.64311, "経度": 138.18646, "url": "https://www.iryou.teikyouseido.mhlw.go.jp/znk-web/juminkanja/S2430/initialize?prefCd=20&kikanCd=2203129520&kikanKbn=2", "url2": null, "内容": "エミナルクリニック長野院【2:診療所】【診療科目:美容皮膚科】長野県長野市末広町１３５６　Ｎａｃｓ末広３階" }, "geometry": { "type": "Point", "coordinates": [ 138.18646, 36.64311 ] } },
{ "type": "Feature", "properties": { "ID": 2022203129780, "正式名称": "きたの耳鼻咽喉科クリニック", "機関区分": 2, "都道府県コード": 20, "市区町村コード": 201, "所在地": "長野県長野市栗田２０８１", "緯度": 36.641153, "経度": 138.193105, "url": "https://www.iryou.teikyouseido.mhlw.go.jp/znk-web/juminkanja/S2430/initialize?prefCd=20&kikanCd=2203129780&kikanKbn=2", "url2": "https://kitano-jibika.com/", "内容": "きたの耳鼻咽喉科クリニック【2:診療所】【診療科目:頭頸部外科_耳鼻いんこう科_アレルギー科】長野県長野市栗田２０８１" }, "geometry": { "type": "Point", "coordinates": [ 138.193105, 36.641153 ] } },
{ "type": "Feature", "properties": { "ID": 2022203129810, "正式名称": "ＰＲＥＳＩＡ　Ｂｅａｕｔｙ　Ｃｌｉｎｉｃ", "機関区分": 2, "都道府県コード": 20, "市区町村コード": 201, "所在地": "長野県長野市南千歳一丁目３番地７　アイビースクエア１Ｆー１", "緯度": 36.646047, "経度": 138.188721, "url": "https://www.iryou.teikyouseido.mhlw.go.jp/znk-web/juminkanja/S2430/initialize?prefCd=20&kikanCd=2203129810&kikanKbn=2", "url2": "https://presia-beauty.jp/access/", "内容": "ＰＲＥＳＩＡ　Ｂｅａｕｔｙ　Ｃｌｉｎｉｃ【2:診療所】【診療科目:美容内科_美容外科_美容皮膚科】長野県長野市南千歳一丁目３番地７　アイビースクエア１Ｆー１" }, "geometry": { "type": "Point", "coordinates": [ 138.188721, 36.646047 ] } },
{ "type": "Feature", "properties": { "ID": 2022203130050, "正式名称": "ＴＣＢ　東京中央美容外科・ＴＣＢ　スキンクリニック　長野院", "機関区分": 2, "都道府県コード": 20, "市区町村コード": 201, "所在地": "長野県長野市南千歳一丁目１ー１　ながの東急百貨店　別館シェルシェ５階", "緯度": 36.645055, "経度": 138.188605, "url": "https://www.iryou.teikyouseido.mhlw.go.jp/znk-web/juminkanja/S2430/initialize?prefCd=20&kikanCd=2203130050&kikanKbn=2", "url2": "https://aoki-tsuyoshi.com/", "内容": "ＴＣＢ　東京中央美容外科・ＴＣＢ　スキンクリニック　長野院【2:診療所】【診療科目:形成外科_美容外科_皮膚科_美容皮膚科】長野県長野市南千歳一丁目１ー１　ながの東急百貨店　別館シェルシェ５階" }, "geometry": { "type": "Point", "coordinates": [ 138.188605, 36.645055 ] } },
{ "type": "Feature", "properties": { "ID": 2022203130210, "正式名称": "新田ブレインクリニック", "機関区分": 2, "都道府県コード": 20, "市区町村コード": 201, "所在地": "長野県長野市三輪９ー３１ー１２", "緯度": 36.667036, "経度": 138.203778, "url": "https://www.iryou.teikyouseido.mhlw.go.jp/znk-web/juminkanja/S2430/initialize?prefCd=20&kikanCd=2203130210&kikanKbn=2", "url2": "https://nittabrain.clinic", "内容": "新田ブレインクリニック【2:診療所】【診療科目:脳神経外科】長野県長野市三輪９ー３１ー１２" }, "geometry": { "type": "Point", "coordinates": [ 138.203778, 36.667036 ] } },
{ "type": "Feature", "properties": { "ID": 202220313050, "正式名称": "びわレディースクリニック", "機関区分": 2, "都道府県コード": 20, "市区町村コード": 201, "所在地": "長野県長野市南千歳１−１−１ながの東急百貨店本館６階", "緯度": 36.64654, "経度": 138.19063, "url": "https://www.iryou.teikyouseido.mhlw.go.jp/znk-web/juminkanja/S2430/initialize?prefCd=20&kikanCd=220313050&kikanKbn=2", "url2": "http://biwa-ladies.jp/", "内容": "びわレディースクリニック【2:診療所】【診療科目:婦人科】長野県長野市南千歳１−１−１ながの東急百貨店本館６階" }, "geometry": { "type": "Point", "coordinates": [ 138.19063, 36.64654 ] } },
{ "type": "Feature", "properties": { "ID": 2022203130500, "正式名称": "びわレディースクリニック", "機関区分": 2, "都道府県コード": 20, "市区町村コード": 201, "所在地": "長野県長野市南千歳１−１−１　ながの東急百貨店本館６階", "緯度": 36.64654, "経度": 138.19063, "url": "https://www.iryou.teikyouseido.mhlw.go.jp/znk-web/juminkanja/S2430/initialize?prefCd=20&kikanCd=2203130500&kikanKbn=2", "url2": "https://biwa-ladies.jp", "内容": "びわレディースクリニック【2:診療所】【診療科目:婦人科】長野県長野市南千歳１−１−１　ながの東急百貨店本館６階" }, "geometry": { "type": "Point", "coordinates": [ 138.19063, 36.64654 ] } },
{ "type": "Feature", "properties": { "ID": 2022203130630, "正式名称": "ノーストクリニック", "機関区分": 2, "都道府県コード": 20, "市区町村コード": 201, "所在地": "長野県長野市南石堂町１９７１　５階　ｃ号室", "緯度": 36.64376, "経度": 138.18764, "url": "https://www.iryou.teikyouseido.mhlw.go.jp/znk-web/juminkanja/S2430/initialize?prefCd=20&kikanCd=2203130630&kikanKbn=2", "url2": null, "内容": "ノーストクリニック【2:診療所】【診療科目:形成外科_泌尿器科】長野県長野市南石堂町１９７１　５階　ｃ号室" }, "geometry": { "type": "Point", "coordinates": [ 138.18764, 36.64376 ] } },
{ "type": "Feature", "properties": { "ID": 2022203130760, "正式名称": "おおくぼ眼科長野クリニック", "機関区分": 2, "都道府県コード": 20, "市区町村コード": 201, "所在地": "長野県長野市南千歳１丁目１－１", "緯度": 36.644815, "経度": 138.188516, "url": "https://www.iryou.teikyouseido.mhlw.go.jp/znk-web/juminkanja/S2430/initialize?prefCd=20&kikanCd=2203130760&kikanKbn=2", "url2": "https://okuboganka.com/", "内容": "おおくぼ眼科長野クリニック【2:診療所】【診療科目:眼科】長野県長野市南千歳１丁目１－１" }, "geometry": { "type": "Point", "coordinates": [ 138.188516, 36.644815 ] } },
{ "type": "Feature", "properties": { "ID": 2022203130920, "正式名称": "小林クリニック七瀬", "機関区分": 2, "都道府県コード": 20, "市区町村コード": 201, "所在地": "長野県長野市七瀬２０ー６", "緯度": 36.644148, "経度": 138.194347, "url": "https://www.iryou.teikyouseido.mhlw.go.jp/znk-web/juminkanja/S2430/initialize?prefCd=20&kikanCd=2203130920&kikanKbn=2", "url2": "https://k-clinic-nanase.com", "内容": "小林クリニック七瀬【2:診療所】【診療科目:糖尿病・代謝内科_消化器内科_内視鏡内科_外科_肛門外科_整形外科】長野県長野市七瀬２０ー６" }, "geometry": { "type": "Point", "coordinates": [ 138.194347, 36.644148 ] } },
{ "type": "Feature", "properties": { "ID": 2022203131060, "正式名称": "さかいざわクリニック", "機関区分": 2, "都道府県コード": 20, "市区町村コード": 201, "所在地": "長野県長野市稲田２丁目２８ー１７", "緯度": 36.674924, "経度": 138.226146, "url": "https://www.iryou.teikyouseido.mhlw.go.jp/znk-web/juminkanja/S2430/initialize?prefCd=20&kikanCd=2203131060&kikanKbn=2", "url2": "https://sakaizawa-clinic.jp", "内容": "さかいざわクリニック【2:診療所】【診療科目:内科_呼吸器内科_皮膚科】長野県長野市稲田２丁目２８ー１７" }, "geometry": { "type": "Point", "coordinates": [ 138.226146, 36.674924 ] } },
{ "type": "Feature", "properties": { "ID": 2022203131220, "正式名称": "みわ発達クリニック", "機関区分": 2, "都道府県コード": 20, "市区町村コード": 201, "所在地": "長野県長野市三輪５丁目４１ー６", "緯度": 36.657421, "経度": 138.200859, "url": "https://www.iryou.teikyouseido.mhlw.go.jp/znk-web/juminkanja/S2430/initialize?prefCd=20&kikanCd=2203131220&kikanKbn=2", "url2": "https://miwa-hattatsu.com", "内容": "みわ発達クリニック【2:診療所】【診療科目:児童精神科_精神科】長野県長野市三輪５丁目４１ー６" }, "geometry": { "type": "Point", "coordinates": [ 138.200859, 36.657421 ] } },
{ "type": "Feature", "properties": { "ID": 2022203131350, "正式名称": "ＭＡＭＯＲＵ内科クリニック", "機関区分": 2, "都道府県コード": 20, "市区町村コード": 201, "所在地": "長野県長野市三輪１丁目５－１９－２０１", "緯度": 36.656672, "経度": 138.206789, "url": "https://www.iryou.teikyouseido.mhlw.go.jp/znk-web/juminkanja/S2430/initialize?prefCd=20&kikanCd=2203131350&kikanKbn=2", "url2": "http://mamoru-clinic.jp/", "内容": "ＭＡＭＯＲＵ内科クリニック【2:診療所】【診療科目:内科_循環器内科】長野県長野市三輪１丁目５－１９－２０１" }, "geometry": { "type": "Point", "coordinates": [ 138.206789, 36.656672 ] } },
{ "type": "Feature", "properties": { "ID": 2022203131640, "正式名称": "みすずレディースクリニック", "機関区分": 2, "都道府県コード": 20, "市区町村コード": 201, "所在地": "長野県長野市東和田７０４－１", "緯度": 36.656274, "経度": 138.22987, "url": "https://www.iryou.teikyouseido.mhlw.go.jp/znk-web/juminkanja/S2430/initialize?prefCd=20&kikanCd=2203131640&kikanKbn=2", "url2": null, "内容": "みすずレディースクリニック【2:診療所】【診療科目:乳腺・甲状腺外科_産婦人科_精神科】長野県長野市東和田７０４－１" }, "geometry": { "type": "Point", "coordinates": [ 138.22987, 36.656274 ] } },
{ "type": "Feature", "properties": { "ID": 2022203131930, "正式名称": "医療法人あい友会　あい長野クリニック", "機関区分": 2, "都道府県コード": 20, "市区町村コード": 201, "所在地": "長野県長野市柳原１４７１番地１", "緯度": 36.656639, "経度": 138.255786, "url": "https://www.iryou.teikyouseido.mhlw.go.jp/znk-web/juminkanja/S2430/initialize?prefCd=20&kikanCd=2203131930&kikanKbn=2", "url2": "https://nagano.aiyu-kai.or.jp/", "内容": "医療法人あい友会　あい長野クリニック【2:診療所】【診療科目:内科_緩和ケア内科_外科_泌尿器科_リウマチ科】長野県長野市柳原１４７１番地１" }, "geometry": { "type": "Point", "coordinates": [ 138.255786, 36.656639 ] } },
{ "type": "Feature", "properties": { "ID": 2022203132070, "正式名称": "博愛こばやし眼科　長野院", "機関区分": 2, "都道府県コード": 20, "市区町村コード": 201, "所在地": "長野県長野市稲里町下氷鉋４８８", "緯度": 36.602701, "経度": 138.17844, "url": "https://www.iryou.teikyouseido.mhlw.go.jp/znk-web/juminkanja/S2430/initialize?prefCd=20&kikanCd=2203132070&kikanKbn=2", "url2": "https://www.hakuai-eyeclinic-nagano.com/", "内容": "博愛こばやし眼科　長野院【2:診療所】【診療科目:眼科】長野県長野市稲里町下氷鉋４８８" }, "geometry": { "type": "Point", "coordinates": [ 138.17844, 36.602701 ] } },
{ "type": "Feature", "properties": { "ID": 202220313210, "正式名称": "中村医院", "機関区分": 2, "都道府県コード": 20, "市区町村コード": 201, "所在地": "長野県長野市稲田２丁目７番３１号", "緯度": 36.676734, "経度": 138.22203, "url": "https://www.iryou.teikyouseido.mhlw.go.jp/znk-web/juminkanja/S2430/initialize?prefCd=20&kikanCd=220313210&kikanKbn=2", "url2": "https://iin-nakamura.jp/index.html", "内容": "中村医院【2:診療所】【診療科目:消化器内科_外科】長野県長野市稲田２丁目７番３１号" }, "geometry": { "type": "Point", "coordinates": [ 138.22203, 36.676734 ] } },
{ "type": "Feature", "properties": { "ID": 2022203132490, "正式名称": "医療法人社団温心会　東和田クリニック", "機関区分": 2, "都道府県コード": 20, "市区町村コード": 201, "所在地": "長野県長野市東和田７２３", "緯度": 36.65353, "経度": 138.229631, "url": "https://www.iryou.teikyouseido.mhlw.go.jp/znk-web/juminkanja/S2430/initialize?prefCd=20&kikanCd=2203132490&kikanKbn=2", "url2": "http://www.higashiwada-h.com/", "内容": "医療法人社団温心会　東和田クリニック【2:診療所】【診療科目:内科_脳神経外科】長野県長野市東和田７２３" }, "geometry": { "type": "Point", "coordinates": [ 138.229631, 36.65353 ] } },
{ "type": "Feature", "properties": { "ID": 2022203132650, "正式名称": "いろとりどりの診療所", "機関区分": 2, "都道府県コード": 20, "市区町村コード": 201, "所在地": "長野県長野市篠ノ井御幣川３１１－２セントラルビル宮﨑１−Ａ", "緯度": 36.57562, "経度": 138.138806, "url": "https://www.iryou.teikyouseido.mhlw.go.jp/znk-web/juminkanja/S2430/initialize?prefCd=20&kikanCd=2203132650&kikanKbn=2", "url2": null, "内容": "いろとりどりの診療所【2:診療所】【診療科目:内科_外科_小児科】長野県長野市篠ノ井御幣川３１１－２セントラルビル宮﨑１−Ａ" }, "geometry": { "type": "Point", "coordinates": [ 138.138806, 36.57562 ] } },
{ "type": "Feature", "properties": { "ID": 2022203133820, "正式名称": "長野医療生活協同組合　長野中央クリニック", "機関区分": 2, "都道府県コード": 20, "市区町村コード": 201, "所在地": "長野県長野市東鶴賀町１９０６", "緯度": 36.652337, "経度": 138.197779, "url": "https://www.iryou.teikyouseido.mhlw.go.jp/znk-web/juminkanja/S2430/initialize?prefCd=20&kikanCd=2203133820&kikanKbn=2", "url2": "https://cl.nagano-chuo-hospital.jp/", "内容": "長野医療生活協同組合　長野中央クリニック【2:診療所】【診療科目:内科_整形外科_小児科】長野県長野市東鶴賀町１９０６" }, "geometry": { "type": "Point", "coordinates": [ 138.197779, 36.652337 ] } },
{ "type": "Feature", "properties": { "ID": 2022203134830, "正式名称": "サンマリーンクリニック", "機関区分": 2, "都道府県コード": 20, "市区町村コード": 201, "所在地": "長野県長野市松岡２丁目４１－２８", "緯度": 36.62429, "経度": 138.223093, "url": "https://www.iryou.teikyouseido.mhlw.go.jp/znk-web/juminkanja/S2430/initialize?prefCd=20&kikanCd=2203134830&kikanKbn=2", "url2": null, "内容": "サンマリーンクリニック【2:診療所】【診療科目:整形外科_ペインクリニック・整形外科_リハビリテーション科_麻酔科】長野県長野市松岡２丁目４１－２８" }, "geometry": { "type": "Point", "coordinates": [ 138.223093, 36.62429 ] } },
{ "type": "Feature", "properties": { "ID": 2022203135260, "正式名称": "大門ヒルズクリニック", "機関区分": 2, "都道府県コード": 20, "市区町村コード": 201, "所在地": "長野県長野市東後町３６－３", "緯度": 36.654476, "経度": 138.187809, "url": "https://www.iryou.teikyouseido.mhlw.go.jp/znk-web/juminkanja/S2430/initialize?prefCd=20&kikanCd=2203135260&kikanKbn=2", "url2": "https://daimon-clinic.com/", "内容": "大門ヒルズクリニック【2:診療所】【診療科目:糖尿病内科_泌尿器科】長野県長野市東後町３６－３" }, "geometry": { "type": "Point", "coordinates": [ 138.187809, 36.654476 ] } },
{ "type": "Feature", "properties": { "ID": 2022203135680, "正式名称": "メンズライフクリニック長野院", "機関区分": 2, "都道府県コード": 20, "市区町村コード": 201, "所在地": "長野県長野市南石堂町１３２５－３ら・ごりんビル２階", "緯度": 36.64376, "経度": 138.18764, "url": "https://www.iryou.teikyouseido.mhlw.go.jp/znk-web/juminkanja/S2430/initialize?prefCd=20&kikanCd=2203135680&kikanKbn=2", "url2": null, "内容": "メンズライフクリニック長野院【2:診療所】【診療科目:形成外科_泌尿器科】長野県長野市南石堂町１３２５－３ら・ごりんビル２階" }, "geometry": { "type": "Point", "coordinates": [ 138.18764, 36.64376 ] } },
{ "type": "Feature", "properties": { "ID": 2022203136300, "正式名称": "クリスタルメンズクリニック長野院", "機関区分": 2, "都道府県コード": 20, "市区町村コード": 201, "所在地": "長野県長野市南千歳２丁目１５－１４ニシキ電器ビル２階", "緯度": 36.646984, "経度": 138.191014, "url": "https://www.iryou.teikyouseido.mhlw.go.jp/znk-web/juminkanja/S2430/initialize?prefCd=20&kikanCd=2203136300&kikanKbn=2", "url2": null, "内容": "クリスタルメンズクリニック長野院【2:診療所】【診療科目:形成外科_美容外科_皮膚科_泌尿器科】長野県長野市南千歳２丁目１５－１４ニシキ電器ビル２階" }, "geometry": { "type": "Point", "coordinates": [ 138.191014, 36.646984 ] } },
{ "type": "Feature", "properties": { "ID": 2022203200360, "正式名称": "ｆｉｄｏスキンクリニック美容皮膚科・皮膚科", "機関区分": 2, "都道府県コード": 20, "市区町村コード": 202, "所在地": "長野県松本市大手４丁目７－１　２階", "緯度": 36.235227, "経度": 137.972711, "url": "https://www.iryou.teikyouseido.mhlw.go.jp/znk-web/juminkanja/S2430/initialize?prefCd=20&kikanCd=2203200360&kikanKbn=2", "url2": "https://fido-skin-clinic.jp/", "内容": "ｆｉｄｏスキンクリニック美容皮膚科・皮膚科【2:診療所】【診療科目:皮膚科_美容皮膚科】長野県松本市大手４丁目７－１　２階" }, "geometry": { "type": "Point", "coordinates": [ 137.972711, 36.235227 ] } },
{ "type": "Feature", "properties": { "ID": 2022203200490, "正式名称": "渋木眼科医院", "機関区分": 2, "都道府県コード": 20, "市区町村コード": 202, "所在地": "長野県松本市丸の内", "緯度": 36.239783, "経度": 137.972403, "url": "https://www.iryou.teikyouseido.mhlw.go.jp/znk-web/juminkanja/S2430/initialize?prefCd=20&kikanCd=2203200490&kikanKbn=2", "url2": null, "内容": "渋木眼科医院【2:診療所】【診療科目:眼科】長野県松本市丸の内" }, "geometry": { "type": "Point", "coordinates": [ 137.972403, 36.239783 ] } },
{ "type": "Feature", "properties": { "ID": 2022203200520, "正式名称": "くぼた眼科", "機関区分": 2, "都道府県コード": 20, "市区町村コード": 202, "所在地": "長野県松本市村井町南１－３６－１３ちくま第２ビル３階", "緯度": 36.17533, "経度": 137.95668, "url": "https://www.iryou.teikyouseido.mhlw.go.jp/znk-web/juminkanja/S2430/initialize?prefCd=20&kikanCd=2203200520&kikanKbn=2", "url2": "http://kubota-eye.com", "内容": "くぼた眼科【2:診療所】【診療科目:眼科】長野県松本市村井町南１－３６－１３ちくま第２ビル３階" }, "geometry": { "type": "Point", "coordinates": [ 137.95668, 36.17533 ] } },
{ "type": "Feature", "properties": { "ID": 2022203200780, "正式名称": "やまだ内科クリニック", "機関区分": 2, "都道府県コード": 20, "市区町村コード": 202, "所在地": "長野県松本市島立３２７９ー２", "緯度": 36.221406, "経度": 137.940141, "url": "https://www.iryou.teikyouseido.mhlw.go.jp/znk-web/juminkanja/S2430/initialize?prefCd=20&kikanCd=2203200780&kikanKbn=2", "url2": "https://yamada-naika.clinic/", "内容": "やまだ内科クリニック【2:診療所】【診療科目:内科_消化器内科】長野県松本市島立３２７９ー２" }, "geometry": { "type": "Point", "coordinates": [ 137.940141, 36.221406 ] } },
{ "type": "Feature", "properties": { "ID": 2022203202120, "正式名称": "あるぷすメンタルクリニック", "機関区分": 2, "都道府県コード": 20, "市区町村コード": 202, "所在地": "長野県松本市巾上４ー１６西口ビル５階", "緯度": 36.232502, "経度": 137.96161, "url": "https://www.iryou.teikyouseido.mhlw.go.jp/znk-web/juminkanja/S2430/initialize?prefCd=20&kikanCd=2203202120&kikanKbn=2", "url2": "https://alps-mental-clinic.jp", "内容": "あるぷすメンタルクリニック【2:診療所】【診療科目:精神科】長野県松本市巾上４ー１６西口ビル５階" }, "geometry": { "type": "Point", "coordinates": [ 137.96161, 36.232502 ] } },
{ "type": "Feature", "properties": { "ID": 2022203202380, "正式名称": "まつもと内科・心療内科クリニック", "機関区分": 2, "都道府県コード": 20, "市区町村コード": 202, "所在地": "長野県松本市村井町南２－２１－４５", "緯度": 36.179547, "経度": 137.965292, "url": "https://www.iryou.teikyouseido.mhlw.go.jp/znk-web/juminkanja/S2430/initialize?prefCd=20&kikanCd=2203202380&kikanKbn=2", "url2": "https://mp-clinic.com", "内容": "まつもと内科・心療内科クリニック【2:診療所】【診療科目:内科_精神科_心療内科】長野県松本市村井町南２－２１－４５" }, "geometry": { "type": "Point", "coordinates": [ 137.965292, 36.179547 ] } },
{ "type": "Feature", "properties": { "ID": 2022203202411, "正式名称": "松本市国民健康保険奈川診療所", "機関区分": 2, "都道府県コード": 20, "市区町村コード": 202, "所在地": "長野県松本市奈川３３０１ー１", "緯度": 36.089046, "経度": 137.682341, "url": "https://www.iryou.teikyouseido.mhlw.go.jp/znk-web/juminkanja/S2430/initialize?prefCd=20&kikanCd=2203202411&kikanKbn=2", "url2": "https://www.city.matsumoto.nagano.jp/soshiki/60/1615.html", "内容": "松本市国民健康保険奈川診療所【2:診療所】【診療科目:内科_外科_歯科】長野県松本市奈川３３０１ー１" }, "geometry": { "type": "Point", "coordinates": [ 137.682341, 36.089046 ] } },
{ "type": "Feature", "properties": { "ID": 2022203202830, "正式名称": "ＴＣＢ　東京中央美容外科・ＴＣＢ　スキンクリニック　松本院", "機関区分": 2, "都道府県コード": 20, "市区町村コード": 202, "所在地": "長野県松本市中央二丁目３－１７知新堂ビル２階", "緯度": 36.233725, "経度": 137.968989, "url": "https://www.iryou.teikyouseido.mhlw.go.jp/znk-web/juminkanja/S2430/initialize?prefCd=20&kikanCd=2203202830&kikanKbn=2", "url2": null, "内容": "ＴＣＢ　東京中央美容外科・ＴＣＢ　スキンクリニック　松本院【2:診療所】【診療科目:形成外科_美容外科_皮膚科_美容皮膚科】長野県松本市中央二丁目３－１７知新堂ビル２階" }, "geometry": { "type": "Point", "coordinates": [ 137.968989, 36.233725 ] } },
{ "type": "Feature", "properties": { "ID": 2022203202960, "正式名称": "ユイメディカルクリニック　松本医院", "機関区分": 2, "都道府県コード": 20, "市区町村コード": 202, "所在地": "長野県松本市出川町１０−３７", "緯度": 36.207768, "経度": 137.971219, "url": "https://www.iryou.teikyouseido.mhlw.go.jp/znk-web/juminkanja/S2430/initialize?prefCd=20&kikanCd=2203202960&kikanKbn=2", "url2": "https://yui-mc.com", "内容": "ユイメディカルクリニック　松本医院【2:診療所】【診療科目:美容外科】長野県松本市出川町１０−３７" }, "geometry": { "type": "Point", "coordinates": [ 137.971219, 36.207768 ] } },
{ "type": "Feature", "properties": { "ID": 2022203203420, "正式名称": "丸の内美容皮膚科", "機関区分": 2, "都道府県コード": 20, "市区町村コード": 202, "所在地": "長野県松本市丸の内５－２－２ＭＣ丸の内ビル", "緯度": 36.238569, "経度": 137.971634, "url": "https://www.iryou.teikyouseido.mhlw.go.jp/znk-web/juminkanja/S2430/initialize?prefCd=20&kikanCd=2203203420&kikanKbn=2", "url2": "https://maru-beauty.com/", "内容": "丸の内美容皮膚科【2:診療所】【診療科目:美容皮膚科】長野県松本市丸の内５－２－２ＭＣ丸の内ビル" }, "geometry": { "type": "Point", "coordinates": [ 137.971634, 36.238569 ] } },
{ "type": "Feature", "properties": { "ID": 2022203203680, "正式名称": "ふじ診療所", "機関区分": 2, "都道府県コード": 20, "市区町村コード": 202, "所在地": "長野県松本市島立６４３－１", "緯度": 36.236422, "経度": 137.949028, "url": "https://www.iryou.teikyouseido.mhlw.go.jp/znk-web/juminkanja/S2430/initialize?prefCd=20&kikanCd=2203203680&kikanKbn=2", "url2": null, "内容": "ふじ診療所【2:診療所】【診療科目:外科_形成外科】長野県松本市島立６４３－１" }, "geometry": { "type": "Point", "coordinates": [ 137.949028, 36.236422 ] } },
{ "type": "Feature", "properties": { "ID": 2022205100220, "正式名称": "佐久市国民健康保険　鳴瀬診療所", "機関区分": 2, "都道府県コード": 20, "市区町村コード": 217, "所在地": "長野県佐久市鳴瀬１２７４－３", "緯度": 36.254389, "経度": 138.43776, "url": "https://www.iryou.teikyouseido.mhlw.go.jp/znk-web/juminkanja/S2430/initialize?prefCd=20&kikanCd=2205100220&kikanKbn=2", "url2": null, "内容": "佐久市国民健康保険　鳴瀬診療所【2:診療所】【診療科目:内科】長野県佐久市鳴瀬１２７４－３" }, "geometry": { "type": "Point", "coordinates": [ 138.43776, 36.254389 ] } },
{ "type": "Feature", "properties": { "ID": 2022205102240, "正式名称": "医療法人　佐久中央医院", "機関区分": 2, "都道府県コード": 20, "市区町村コード": 217, "所在地": "長野県佐久市中込３１１９－２", "緯度": 36.251057, "経度": 138.477396, "url": "https://www.iryou.teikyouseido.mhlw.go.jp/znk-web/juminkanja/S2430/initialize?prefCd=20&kikanCd=2205102240&kikanKbn=2", "url2": null, "内容": "医療法人　佐久中央医院【2:診療所】【診療科目:内科_小児科_アレルギー科】長野県佐久市中込３１１９－２" }, "geometry": { "type": "Point", "coordinates": [ 138.477396, 36.251057 ] } },
{ "type": "Feature", "properties": { "ID": 2022205102370, "正式名称": "相馬北医院", "機関区分": 2, "都道府県コード": 20, "市区町村コード": 217, "所在地": "長野県佐久市野沢２５８ー２", "緯度": 36.226087, "経度": 138.466953, "url": "https://www.iryou.teikyouseido.mhlw.go.jp/znk-web/juminkanja/S2430/initialize?prefCd=20&kikanCd=2205102370&kikanKbn=2", "url2": null, "内容": "相馬北医院【2:診療所】【診療科目:内科】長野県佐久市野沢２５８ー２" }, "geometry": { "type": "Point", "coordinates": [ 138.466953, 36.226087 ] } },
{ "type": "Feature", "properties": { "ID": 2022205102660, "正式名称": "相馬医院", "機関区分": 2, "都道府県コード": 20, "市区町村コード": 217, "所在地": "長野県佐久市野沢１９４ー７", "緯度": 36.222782, "経度": 138.466675, "url": "https://www.iryou.teikyouseido.mhlw.go.jp/znk-web/juminkanja/S2430/initialize?prefCd=20&kikanCd=2205102660&kikanKbn=2", "url2": "http://soma-iin.com", "内容": "相馬医院【2:診療所】【診療科目:内科_小児科】長野県佐久市野沢１９４ー７" }, "geometry": { "type": "Point", "coordinates": [ 138.466675, 36.222782 ] } },
{ "type": "Feature", "properties": { "ID": 2022205104970, "正式名称": "木村医院分院", "機関区分": 2, "都道府県コード": 20, "市区町村コード": 304, "所在地": "長野県南佐久郡川上村御所平９４１ー２", "緯度": 35.978756, "経度": 138.526624, "url": "https://www.iryou.teikyouseido.mhlw.go.jp/znk-web/juminkanja/S2430/initialize?prefCd=20&kikanCd=2205104970&kikanKbn=2", "url2": null, "内容": "木村医院分院【2:診療所】【診療科目:内科_整形外科】長野県南佐久郡川上村御所平９４１ー２" }, "geometry": { "type": "Point", "coordinates": [ 138.526624, 35.978756 ] } },
{ "type": "Feature", "properties": { "ID": 2022205105720, "正式名称": "医療法人社団　斎藤産婦人科医院", "機関区分": 2, "都道府県コード": 20, "市区町村コード": 217, "所在地": "長野県佐久市中込１９８５－１", "緯度": 36.233142, "経度": 138.476785, "url": "https://www.iryou.teikyouseido.mhlw.go.jp/znk-web/juminkanja/S2430/initialize?prefCd=20&kikanCd=2205105720&kikanKbn=2", "url2": "http://www.saito-gynecology.jp", "内容": "医療法人社団　斎藤産婦人科医院【2:診療所】【診療科目:産婦人科】長野県佐久市中込１９８５－１" }, "geometry": { "type": "Point", "coordinates": [ 138.476785, 36.233142 ] } },
{ "type": "Feature", "properties": { "ID": 2022205105980, "正式名称": "南相木村国保直営診療所", "機関区分": 2, "都道府県コード": 20, "市区町村コード": 306, "所在地": "長野県南佐久郡南相木村南相木村３４９９番地", "緯度": 36.036611, "経度": 138.544982, "url": "https://www.iryou.teikyouseido.mhlw.go.jp/znk-web/juminkanja/S2430/initialize?prefCd=20&kikanCd=2205105980&kikanKbn=2", "url2": null, "内容": "南相木村国保直営診療所【2:診療所】【診療科目:内科】長野県南佐久郡南相木村南相木村３４９９番地" }, "geometry": { "type": "Point", "coordinates": [ 138.544982, 36.036611 ] } },
{ "type": "Feature", "properties": { "ID": 2022205106150, "正式名称": "佐久市国民健康保険平尾診療所", "機関区分": 2, "都道府県コード": 20, "市区町村コード": 217, "所在地": "長野県佐久市上平尾８７７－１", "緯度": 36.282859, "経度": 138.498559, "url": "https://www.iryou.teikyouseido.mhlw.go.jp/znk-web/juminkanja/S2430/initialize?prefCd=20&kikanCd=2205106150&kikanKbn=2", "url2": null, "内容": "佐久市国民健康保険平尾診療所【2:診療所】【診療科目:内科】長野県佐久市上平尾８７７－１" }, "geometry": { "type": "Point", "coordinates": [ 138.498559, 36.282859 ] } },
{ "type": "Feature", "properties": { "ID": 2022205106310, "正式名称": "北相木村へき地診療所", "機関区分": 2, "都道府県コード": 20, "市区町村コード": 307, "所在地": "長野県南佐久郡北相木村北相木村一円", "緯度": 36.059747, "経度": 138.55373, "url": "https://www.iryou.teikyouseido.mhlw.go.jp/znk-web/juminkanja/S2430/initialize?prefCd=20&kikanCd=2205106310&kikanKbn=2", "url2": null, "内容": "北相木村へき地診療所【2:診療所】【診療科目:内科_外科_小児科】長野県南佐久郡北相木村北相木村一円" }, "geometry": { "type": "Point", "coordinates": [ 138.55373, 36.059747 ] } },
{ "type": "Feature", "properties": { "ID": 2022205106440, "正式名称": "関口小児科医院", "機関区分": 2, "都道府県コード": 20, "市区町村コード": 217, "所在地": "長野県佐久市中込１ー２５ー２", "緯度": 36.229254, "経度": 138.478785, "url": "https://www.iryou.teikyouseido.mhlw.go.jp/znk-web/juminkanja/S2430/initialize?prefCd=20&kikanCd=2205106440&kikanKbn=2", "url2": null, "内容": "関口小児科医院【2:診療所】【診療科目:小児科】長野県佐久市中込１ー２５ー２" }, "geometry": { "type": "Point", "coordinates": [ 138.478785, 36.229254 ] } },
{ "type": "Feature", "properties": { "ID": 2022205106600, "正式名称": "八千穂クリニック", "機関区分": 2, "都道府県コード": 20, "市区町村コード": 309, "所在地": "長野県南佐久郡佐久穂町畑４８１―４", "緯度": 36.142486, "経度": 138.472373, "url": "https://www.iryou.teikyouseido.mhlw.go.jp/znk-web/juminkanja/S2430/initialize?prefCd=20&kikanCd=2205106600&kikanKbn=2", "url2": null, "内容": "八千穂クリニック【2:診療所】【診療科目:内科_消化器内科_小児科_眼科_放射線科】長野県南佐久郡佐久穂町畑４８１―４" }, "geometry": { "type": "Point", "coordinates": [ 138.472373, 36.142486 ] } },
{ "type": "Feature", "properties": { "ID": 2022205106730, "正式名称": "国民健康保険川上村診療所", "機関区分": 2, "都道府県コード": 20, "市区町村コード": 304, "所在地": "長野県南佐久郡川上村大字原３０８", "緯度": 35.96873, "経度": 138.546679, "url": "https://www.iryou.teikyouseido.mhlw.go.jp/znk-web/juminkanja/S2430/initialize?prefCd=20&kikanCd=2205106730&kikanKbn=2", "url2": null, "内容": "国民健康保険川上村診療所【2:診療所】【診療科目:内科】長野県南佐久郡川上村大字原３０８" }, "geometry": { "type": "Point", "coordinates": [ 138.546679, 35.96873 ] } },
{ "type": "Feature", "properties": { "ID": 2022205106860, "正式名称": "南牧村出張診療所", "機関区分": 2, "都道府県コード": 20, "市区町村コード": 305, "所在地": "長野県南佐久郡南牧村海ノ口９６６ー３", "緯度": 36.021722, "経度": 138.49057, "url": "https://www.iryou.teikyouseido.mhlw.go.jp/znk-web/juminkanja/S2430/initialize?prefCd=20&kikanCd=2205106860&kikanKbn=2", "url2": null, "内容": "南牧村出張診療所【2:診療所】【診療科目:内科】長野県南佐久郡南牧村海ノ口９６６ー３" }, "geometry": { "type": "Point", "coordinates": [ 138.49057, 36.021722 ] } },
{ "type": "Feature", "properties": { "ID": 2022205107290, "正式名称": "医療法人　保永会　野澤医院", "機関区分": 2, "都道府県コード": 20, "市区町村コード": 217, "所在地": "長野県佐久市平賀５３４０", "緯度": 36.229004, "経度": 138.49359, "url": "https://www.iryou.teikyouseido.mhlw.go.jp/znk-web/juminkanja/S2430/initialize?prefCd=20&kikanCd=2205107290&kikanKbn=2", "url2": null, "内容": "医療法人　保永会　野澤医院【2:診療所】【診療科目:内科_外科_小児科_皮膚科】長野県佐久市平賀５３４０" }, "geometry": { "type": "Point", "coordinates": [ 138.49359, 36.229004 ] } },
{ "type": "Feature", "properties": { "ID": 2022205107320, "正式名称": "医療法人優和会　角田医院分院", "機関区分": 2, "都道府県コード": 20, "市区町村コード": 217, "所在地": "長野県佐久市岩村田３１６２－３６", "緯度": 36.270083, "経度": 138.479395, "url": "https://www.iryou.teikyouseido.mhlw.go.jp/znk-web/juminkanja/S2430/initialize?prefCd=20&kikanCd=2205107320&kikanKbn=2", "url2": "https://www.yuwakai-tsunodaiin.com/", "内容": "医療法人優和会　角田医院分院【2:診療所】【診療科目:内科_糖尿病内科_呼吸器内科_整形外科_小児科_アレルギー科】長野県佐久市岩村田３１６２－３６" }, "geometry": { "type": "Point", "coordinates": [ 138.479395, 36.270083 ] } },
{ "type": "Feature", "properties": { "ID": 2022205108460, "正式名称": "坂戸クリニック", "機関区分": 2, "都道府県コード": 20, "市区町村コード": 217, "所在地": "長野県佐久市中込３８２７ー２３", "緯度": 36.253306, "経度": 138.465813, "url": "https://www.iryou.teikyouseido.mhlw.go.jp/znk-web/juminkanja/S2430/initialize?prefCd=20&kikanCd=2205108460&kikanKbn=2", "url2": null, "内容": "坂戸クリニック【2:診療所】【診療科目:内科_胃腸内科】長野県佐久市中込３８２７ー２３" }, "geometry": { "type": "Point", "coordinates": [ 138.465813, 36.253306 ] } },
{ "type": "Feature", "properties": { "ID": 2022205108590, "正式名称": "つかばらクリニック", "機関区分": 2, "都道府県コード": 20, "市区町村コード": 217, "所在地": "長野県佐久市塚原１８９４－１", "緯度": 36.266693, "経度": 138.435593, "url": "https://www.iryou.teikyouseido.mhlw.go.jp/znk-web/juminkanja/S2430/initialize?prefCd=20&kikanCd=2205108590&kikanKbn=2", "url2": "http://www.keijinnet.or.jp/", "内容": "つかばらクリニック【2:診療所】【診療科目:内科_皮膚科】長野県佐久市塚原１８９４－１" }, "geometry": { "type": "Point", "coordinates": [ 138.435593, 36.266693 ] } },
{ "type": "Feature", "properties": { "ID": 2022205108620, "正式名称": "柳澤医院", "機関区分": 2, "都道府県コード": 20, "市区町村コード": 324, "所在地": "長野県北佐久郡立科町芦田２８３５－２", "緯度": 36.273745, "経度": 138.315881, "url": "https://www.iryou.teikyouseido.mhlw.go.jp/znk-web/juminkanja/S2430/initialize?prefCd=20&kikanCd=2205108620&kikanKbn=2", "url2": null, "内容": "柳澤医院【2:診療所】【診療科目:内科_外科_小児科_リハビリテーション科】長野県北佐久郡立科町芦田２８３５－２" }, "geometry": { "type": "Point", "coordinates": [ 138.315881, 36.273745 ] } },
{ "type": "Feature", "properties": { "ID": 2022205108750, "正式名称": "博愛こばやし眼科", "機関区分": 2, "都道府県コード": 20, "市区町村コード": 217, "所在地": "長野県佐久市取出町１２７ー３", "緯度": 36.218505, "経度": 138.467148, "url": "https://www.iryou.teikyouseido.mhlw.go.jp/znk-web/juminkanja/S2430/initialize?prefCd=20&kikanCd=2205108750&kikanKbn=2", "url2": "https://www.hakuai-eyeclinic.com", "内容": "博愛こばやし眼科【2:診療所】【診療科目:眼科】長野県佐久市取出町１２７ー３" }, "geometry": { "type": "Point", "coordinates": [ 138.467148, 36.218505 ] } },
{ "type": "Feature", "properties": { "ID": 2022205108880, "正式名称": "東小諸クリニック", "機関区分": 2, "都道府県コード": 20, "市区町村コード": 208, "所在地": "長野県小諸市御影新田２７４３－１", "緯度": 36.296079, "経度": 138.46845, "url": "https://www.iryou.teikyouseido.mhlw.go.jp/znk-web/juminkanja/S2430/initialize?prefCd=20&kikanCd=2205108880&kikanKbn=2", "url2": "http://www.eastkomoro-clc.com", "内容": "東小諸クリニック【2:診療所】【診療科目:内科_呼吸器内科_循環器内科_消化器内科_小児科_眼科_神経科_心療内科_放射線科】長野県小諸市御影新田２７４３－１" }, "geometry": { "type": "Point", "coordinates": [ 138.46845, 36.296079 ] } },
{ "type": "Feature", "properties": { "ID": 2022205108910, "正式名称": "荻原医院", "機関区分": 2, "都道府県コード": 20, "市区町村コード": 217, "所在地": "長野県佐久市岩村田１０５５ー２", "緯度": 36.279165, "経度": 138.472305, "url": "https://www.iryou.teikyouseido.mhlw.go.jp/znk-web/juminkanja/S2430/initialize?prefCd=20&kikanCd=2205108910&kikanKbn=2", "url2": null, "内容": "荻原医院【2:診療所】【診療科目:内科_呼吸器内科_循環器内科_消化器内科】長野県佐久市岩村田１０５５ー２" }, "geometry": { "type": "Point", "coordinates": [ 138.472305, 36.279165 ] } },
{ "type": "Feature", "properties": { "ID": 2022205109210, "正式名称": "水嶋クリニック", "機関区分": 2, "都道府県コード": 20, "市区町村コード": 217, "所在地": "長野県佐久市原５６７ー８", "緯度": 36.227698, "経度": 138.469425, "url": "https://www.iryou.teikyouseido.mhlw.go.jp/znk-web/juminkanja/S2430/initialize?prefCd=20&kikanCd=2205109210&kikanKbn=2", "url2": "http://mizushima-clinic.com", "内容": "水嶋クリニック【2:診療所】【診療科目:内科_整形外科_小児科_婦人科_皮膚科_心療内科】長野県佐久市原５６７ー８" }, "geometry": { "type": "Point", "coordinates": [ 138.469425, 36.227698 ] } },
{ "type": "Feature", "properties": { "ID": 2022205109630, "正式名称": "小山医院", "機関区分": 2, "都道府県コード": 20, "市区町村コード": 217, "所在地": "長野県佐久市野沢１９４－１", "緯度": 36.222692, "経度": 138.466461, "url": "https://www.iryou.teikyouseido.mhlw.go.jp/znk-web/juminkanja/S2430/initialize?prefCd=20&kikanCd=2205109630&kikanKbn=2", "url2": null, "内容": "小山医院【2:診療所】【診療科目:内科_小児科_麻酔科】長野県佐久市野沢１９４－１" }, "geometry": { "type": "Point", "coordinates": [ 138.466461, 36.222692 ] } },
{ "type": "Feature", "properties": { "ID": 2022205109920, "正式名称": "厚生連佐久総合病院付属小海診療所", "機関区分": 2, "都道府県コード": 20, "市区町村コード": 303, "所在地": "長野県南佐久郡小海町小海４２６９－９", "緯度": 36.088341, "経度": 138.482419, "url": "https://www.iryou.teikyouseido.mhlw.go.jp/znk-web/juminkanja/S2430/initialize?prefCd=20&kikanCd=2205109920&kikanKbn=2", "url2": "http://www.sakuhp.or.jp/ja/2859/2939/002207.html", "内容": "厚生連佐久総合病院付属小海診療所【2:診療所】【診療科目:内科_眼科_皮膚科】長野県南佐久郡小海町小海４２６９－９" }, "geometry": { "type": "Point", "coordinates": [ 138.482419, 36.088341 ] } },
{ "type": "Feature", "properties": { "ID": 2022205110030, "正式名称": "中澤眼科クリニック", "機関区分": 2, "都道府県コード": 20, "市区町村コード": 217, "所在地": "長野県佐久市中込３６３９－３２", "緯度": 36.25164, "経度": 138.468174, "url": "https://www.iryou.teikyouseido.mhlw.go.jp/znk-web/juminkanja/S2430/initialize?prefCd=20&kikanCd=2205110030&kikanKbn=2", "url2": null, "内容": "中澤眼科クリニック【2:診療所】【診療科目:眼科】長野県佐久市中込３６３９－３２" }, "geometry": { "type": "Point", "coordinates": [ 138.468174, 36.25164 ] } },
{ "type": "Feature", "properties": { "ID": 2022205110290, "正式名称": "小諸南城クリニック", "機関区分": 2, "都道府県コード": 20, "市区町村コード": 208, "所在地": "長野県小諸市甲字東原田１６３９ー１", "緯度": 36.313132, "経度": 138.427175, "url": "https://www.iryou.teikyouseido.mhlw.go.jp/znk-web/juminkanja/S2430/initialize?prefCd=20&kikanCd=2205110290&kikanKbn=2", "url2": "http://nttbj.itp.ne.jp/0267265222", "内容": "小諸南城クリニック【2:診療所】【診療科目:内科_呼吸器内科_消化器内科_アレルギー科】長野県小諸市甲字東原田１６３９ー１" }, "geometry": { "type": "Point", "coordinates": [ 138.427175, 36.313132 ] } },
{ "type": "Feature", "properties": { "ID": 2022205110320, "正式名称": "みついクリニック", "機関区分": 2, "都道府県コード": 20, "市区町村コード": 217, "所在地": "長野県佐久市新子田８６６", "緯度": 36.257918, "経度": 138.50531, "url": "https://www.iryou.teikyouseido.mhlw.go.jp/znk-web/juminkanja/S2430/initialize?prefCd=20&kikanCd=2205110320&kikanKbn=2", "url2": "https://www.kanazawahp.or.jp/", "内容": "みついクリニック【2:診療所】【診療科目:内科_消化器内科_外科_整形外科_皮膚科_放射線科】長野県佐久市新子田８６６" }, "geometry": { "type": "Point", "coordinates": [ 138.50531, 36.257918 ] } },
{ "type": "Feature", "properties": { "ID": 2022205110580, "正式名称": "まつざきクリニック", "機関区分": 2, "都道府県コード": 20, "市区町村コード": 217, "所在地": "長野県佐久市猿久保", "緯度": 36.261306, "経度": 138.477229, "url": "https://www.iryou.teikyouseido.mhlw.go.jp/znk-web/juminkanja/S2430/initialize?prefCd=20&kikanCd=2205110580&kikanKbn=2", "url2": null, "内容": "まつざきクリニック【2:診療所】【診療科目:内科_外科_小児科】長野県佐久市猿久保" }, "geometry": { "type": "Point", "coordinates": [ 138.477229, 36.261306 ] } },
{ "type": "Feature", "properties": { "ID": 2022205110610, "正式名称": "小岩井整形外科", "機関区分": 2, "都道府県コード": 20, "市区町村コード": 208, "所在地": "長野県小諸市御影新田１５８５－４", "緯度": 36.305661, "経度": 138.449368, "url": "https://www.iryou.teikyouseido.mhlw.go.jp/znk-web/juminkanja/S2430/initialize?prefCd=20&kikanCd=2205110610&kikanKbn=2", "url2": "https://itp.ne.jp/info/200784026176721220/", "内容": "小岩井整形外科【2:診療所】【診療科目:整形外科_リウマチ科_リハビリテーション科】長野県小諸市御影新田１５８５－４" }, "geometry": { "type": "Point", "coordinates": [ 138.449368, 36.305661 ] } },
{ "type": "Feature", "properties": { "ID": 2022205110900, "正式名称": "宮下内科循環器科クリニック", "機関区分": 2, "都道府県コード": 20, "市区町村コード": 323, "所在地": "長野県北佐久郡御代田町馬瀬口１７１３−４", "緯度": 36.326244, "経度": 138.509556, "url": "https://www.iryou.teikyouseido.mhlw.go.jp/znk-web/juminkanja/S2430/initialize?prefCd=20&kikanCd=2205110900&kikanKbn=2", "url2": null, "内容": "宮下内科循環器科クリニック【2:診療所】【診療科目:内科_循環器内科】長野県北佐久郡御代田町馬瀬口１７１３−４" }, "geometry": { "type": "Point", "coordinates": [ 138.509556, 36.326244 ] } },
{ "type": "Feature", "properties": { "ID": 2022205111200, "正式名称": "つつみハートクリニック", "機関区分": 2, "都道府県コード": 20, "市区町村コード": 217, "所在地": "長野県佐久市臼田４７６番地１", "緯度": 36.204368, "経度": 138.480731, "url": "https://www.iryou.teikyouseido.mhlw.go.jp/znk-web/juminkanja/S2430/initialize?prefCd=20&kikanCd=2205111200&kikanKbn=2", "url2": null, "内容": "つつみハートクリニック【2:診療所】【診療科目:内科_呼吸器内科_循環器内科_消化器内科_アレルギー疾患内科_アレルギー科】長野県佐久市臼田４７６番地１" }, "geometry": { "type": "Point", "coordinates": [ 138.480731, 36.204368 ] } },
{ "type": "Feature", "properties": { "ID": 2022205111330, "正式名称": "坂口医院", "機関区分": 2, "都道府県コード": 20, "市区町村コード": 321, "所在地": "長野県北佐久郡軽井沢町軽井沢７５６", "緯度": 36.358617, "経度": 138.635867, "url": "https://www.iryou.teikyouseido.mhlw.go.jp/znk-web/juminkanja/S2430/initialize?prefCd=20&kikanCd=2205111330&kikanKbn=2", "url2": null, "内容": "坂口医院【2:診療所】【診療科目:内科_小児科_婦人科】長野県北佐久郡軽井沢町軽井沢７５６" }, "geometry": { "type": "Point", "coordinates": [ 138.635867, 36.358617 ] } },
{ "type": "Feature", "properties": { "ID": 2022205111880, "正式名称": "増田医院", "機関区分": 2, "都道府県コード": 20, "市区町村コード": 217, "所在地": "長野県佐久市岩村田２３８１－１２", "緯度": 36.266388, "経度": 138.462535, "url": "https://www.iryou.teikyouseido.mhlw.go.jp/znk-web/juminkanja/S2430/initialize?prefCd=20&kikanCd=2205111880&kikanKbn=2", "url2": "https://www.masudaiin-sakushi.com/", "内容": "増田医院【2:診療所】【診療科目:内科_外科_乳腺外科_乳腺・内分泌外科_内分泌外科】長野県佐久市岩村田２３８１－１２" }, "geometry": { "type": "Point", "coordinates": [ 138.462535, 36.266388 ] } },
{ "type": "Feature", "properties": { "ID": 2022205112050, "正式名称": "小松耳鼻咽喉科クリニック", "機関区分": 2, "都道府県コード": 20, "市区町村コード": 217, "所在地": "長野県佐久市岩村田１３１１－９", "緯度": 36.273887, "経度": 138.469729, "url": "https://www.iryou.teikyouseido.mhlw.go.jp/znk-web/juminkanja/S2430/initialize?prefCd=20&kikanCd=2205112050&kikanKbn=2", "url2": null, "内容": "小松耳鼻咽喉科クリニック【2:診療所】【診療科目:耳鼻いんこう科】長野県佐久市岩村田１３１１－９" }, "geometry": { "type": "Point", "coordinates": [ 138.469729, 36.273887 ] } },
{ "type": "Feature", "properties": { "ID": 2022205112180, "正式名称": "医療法人小林内科クリニック", "機関区分": 2, "都道府県コード": 20, "市区町村コード": 217, "所在地": "長野県佐久市佐久平駅北１９－１", "緯度": 36.279859, "経度": 138.460979, "url": "https://www.iryou.teikyouseido.mhlw.go.jp/znk-web/juminkanja/S2430/initialize?prefCd=20&kikanCd=2205112180&kikanKbn=2", "url2": null, "内容": "医療法人小林内科クリニック【2:診療所】【診療科目:内科_糖尿病内科_内分泌内科】長野県佐久市佐久平駅北１９－１" }, "geometry": { "type": "Point", "coordinates": [ 138.460979, 36.279859 ] } },
{ "type": "Feature", "properties": { "ID": 2022205112210, "正式名称": "佐久平整形外科クリニック", "機関区分": 2, "都道府県コード": 20, "市区町村コード": 217, "所在地": "長野県佐久市岩村田１３１１ー７", "緯度": 36.273082, "経度": 138.483089, "url": "https://www.iryou.teikyouseido.mhlw.go.jp/znk-web/juminkanja/S2430/initialize?prefCd=20&kikanCd=2205112210&kikanKbn=2", "url2": "https://ar-ex.jp/sakudaira/", "内容": "佐久平整形外科クリニック【2:診療所】【診療科目:整形外科_リハビリテーション科】長野県佐久市岩村田１３１１ー７" }, "geometry": { "type": "Point", "coordinates": [ 138.483089, 36.273082 ] } },
{ "type": "Feature", "properties": { "ID": 2022205112340, "正式名称": "医療法人都甲クリニック", "機関区分": 2, "都道府県コード": 20, "市区町村コード": 217, "所在地": "長野県佐久市三塚１９１ー３６", "緯度": 36.232086, "経度": 138.451704, "url": "https://www.iryou.teikyouseido.mhlw.go.jp/znk-web/juminkanja/S2430/initialize?prefCd=20&kikanCd=2205112340&kikanKbn=2", "url2": "http://www.togo-clinic.com", "内容": "医療法人都甲クリニック【2:診療所】【診療科目:内科_消化器内科_内視鏡内科_外科_肛門外科_整形外科_リハビリテーション科】長野県佐久市三塚１９１ー３６" }, "geometry": { "type": "Point", "coordinates": [ 138.451704, 36.232086 ] } },
{ "type": "Feature", "properties": { "ID": 2022205112500, "正式名称": "鳥山クリニック", "機関区分": 2, "都道府県コード": 20, "市区町村コード": 208, "所在地": "長野県小諸市八満", "緯度": 36.321604, "経度": 138.458811, "url": "https://www.iryou.teikyouseido.mhlw.go.jp/znk-web/juminkanja/S2430/initialize?prefCd=20&kikanCd=2205112500&kikanKbn=2", "url2": "http://www.toriyamaclinic-komoro.jp/", "内容": "鳥山クリニック【2:診療所】【診療科目:内科_外科_脳神経外科_リハビリテーション科】長野県小諸市八満" }, "geometry": { "type": "Point", "coordinates": [ 138.458811, 36.321604 ] } },
{ "type": "Feature", "properties": { "ID": 2022205112630, "正式名称": "ねむの木公園クリニック", "機関区分": 2, "都道府県コード": 20, "市区町村コード": 217, "所在地": "長野県佐久市佐久平駅北１２―３", "緯度": 36.278887, "経度": 138.463424, "url": "https://www.iryou.teikyouseido.mhlw.go.jp/znk-web/juminkanja/S2430/initialize?prefCd=20&kikanCd=2205112630&kikanKbn=2", "url2": "https://www.nemunokikouen.com/", "内容": "ねむの木公園クリニック【2:診療所】【診療科目:精神科_神経科_心療内科】長野県佐久市佐久平駅北１２―３" }, "geometry": { "type": "Point", "coordinates": [ 138.463424, 36.278887 ] } },
{ "type": "Feature", "properties": { "ID": 2022205112920, "正式名称": "おおくら皮フ科", "機関区分": 2, "都道府県コード": 20, "市区町村コード": 217, "所在地": "長野県佐久市佐久平駅北", "緯度": 36.279776, "経度": 138.46659, "url": "https://www.iryou.teikyouseido.mhlw.go.jp/znk-web/juminkanja/S2430/initialize?prefCd=20&kikanCd=2205112920&kikanKbn=2", "url2": "https://okura-hihuka.jp/", "内容": "おおくら皮フ科【2:診療所】【診療科目:皮膚科】長野県佐久市佐久平駅北" }, "geometry": { "type": "Point", "coordinates": [ 138.46659, 36.279776 ] } },
{ "type": "Feature", "properties": { "ID": 2022205113220, "正式名称": "さとう泌尿器科クリニック", "機関区分": 2, "都道府県コード": 20, "市区町村コード": 217, "所在地": "長野県佐久市岩村田１８０１ー１", "緯度": 36.266555, "経度": 138.467063, "url": "https://www.iryou.teikyouseido.mhlw.go.jp/znk-web/juminkanja/S2430/initialize?prefCd=20&kikanCd=2205113220&kikanKbn=2", "url2": "http://www.continence-clinic.com/", "内容": "さとう泌尿器科クリニック【2:診療所】【診療科目:泌尿器科】長野県佐久市岩村田１８０１ー１" }, "geometry": { "type": "Point", "coordinates": [ 138.467063, 36.266555 ] } },
{ "type": "Feature", "properties": { "ID": 2022205113640, "正式名称": "佐久長土呂クリニック", "機関区分": 2, "都道府県コード": 20, "市区町村コード": 217, "所在地": "長野県佐久市長土呂８０３番地２６", "緯度": 36.290275, "経度": 138.472367, "url": "https://www.iryou.teikyouseido.mhlw.go.jp/znk-web/juminkanja/S2430/initialize?prefCd=20&kikanCd=2205113640&kikanKbn=2", "url2": "http://www.toho489.com/nagatorocl/login.asp", "内容": "佐久長土呂クリニック【2:診療所】【診療科目:内科_消化器内科_小児科_リハビリテーション科】長野県佐久市長土呂８０３番地２６" }, "geometry": { "type": "Point", "coordinates": [ 138.472367, 36.290275 ] } },
{ "type": "Feature", "properties": { "ID": 2022205113770, "正式名称": "安紀内科クリニック", "機関区分": 2, "都道府県コード": 20, "市区町村コード": 217, "所在地": "長野県佐久市野沢２３６－１", "緯度": 36.225698, "経度": 138.464953, "url": "https://www.iryou.teikyouseido.mhlw.go.jp/znk-web/juminkanja/S2430/initialize?prefCd=20&kikanCd=2205113770&kikanKbn=2", "url2": "http://www.aki-naika-clinic.jp/", "内容": "安紀内科クリニック【2:診療所】【診療科目:内科_消化器内科_肝臓内科】長野県佐久市野沢２３６－１" }, "geometry": { "type": "Point", "coordinates": [ 138.464953, 36.225698 ] } },
{ "type": "Feature", "properties": { "ID": 2022205113800, "正式名称": "織田醫院　中軽井沢診療所", "機関区分": 2, "都道府県コード": 20, "市区町村コード": 321, "所在地": "長野県北佐久郡軽井沢町長倉２８５８ー４", "緯度": 36.345049, "経度": 138.590854, "url": "https://www.iryou.teikyouseido.mhlw.go.jp/znk-web/juminkanja/S2430/initialize?prefCd=20&kikanCd=2205113800&kikanKbn=2", "url2": null, "内容": "織田醫院　中軽井沢診療所【2:診療所】【診療科目:内科_循環器内科】長野県北佐久郡軽井沢町長倉２８５８ー４" }, "geometry": { "type": "Point", "coordinates": [ 138.590854, 36.345049 ] } },
{ "type": "Feature", "properties": { "ID": 2022205114070, "正式名称": "市川医院", "機関区分": 2, "都道府県コード": 20, "市区町村コード": 208, "所在地": "長野県小諸市市町５－３－８", "緯度": 36.335768, "経度": 138.418147, "url": "https://www.iryou.teikyouseido.mhlw.go.jp/znk-web/juminkanja/S2430/initialize?prefCd=20&kikanCd=2205114070&kikanKbn=2", "url2": "http://ichikawa-clinic.net", "内容": "市川医院【2:診療所】【診療科目:内科_呼吸器内科】長野県小諸市市町５－３－８" }, "geometry": { "type": "Point", "coordinates": [ 138.418147, 36.335768 ] } },
{ "type": "Feature", "properties": { "ID": 2022205114100, "正式名称": "軽井沢團クリニック", "機関区分": 2, "都道府県コード": 20, "市区町村コード": 321, "所在地": "長野県北佐久郡軽井沢町長倉４４１７－５", "緯度": 36.344854, "経度": 138.574745, "url": "https://www.iryou.teikyouseido.mhlw.go.jp/znk-web/juminkanja/S2430/initialize?prefCd=20&kikanCd=2205114100&kikanKbn=2", "url2": null, "内容": "軽井沢團クリニック【2:診療所】【診療科目:内科_外科_整形外科_皮膚科_リハビリテーション科_放射線科】長野県北佐久郡軽井沢町長倉４４１７－５" }, "geometry": { "type": "Point", "coordinates": [ 138.574745, 36.344854 ] } },
{ "type": "Feature", "properties": { "ID": 2022205114230, "正式名称": "いけお内科クリニック", "機関区分": 2, "都道府県コード": 20, "市区町村コード": 321, "所在地": "長野県北佐久郡軽井沢町長倉４７２６－５", "緯度": 36.343132, "経度": 138.566579, "url": "https://www.iryou.teikyouseido.mhlw.go.jp/znk-web/juminkanja/S2430/initialize?prefCd=20&kikanCd=2205114230&kikanKbn=2", "url2": null, "内容": "いけお内科クリニック【2:診療所】【診療科目:内科_小児科_アレルギー科】長野県北佐久郡軽井沢町長倉４７２６－５" }, "geometry": { "type": "Point", "coordinates": [ 138.566579, 36.343132 ] } },
{ "type": "Feature", "properties": { "ID": 2022205114360, "正式名称": "たむらペインクリニック", "機関区分": 2, "都道府県コード": 20, "市区町村コード": 217, "所在地": "長野県佐久市臼田２２９２ー１", "緯度": 36.195313, "経度": 138.47537, "url": "https://www.iryou.teikyouseido.mhlw.go.jp/znk-web/juminkanja/S2430/initialize?prefCd=20&kikanCd=2205114360&kikanKbn=2", "url2": "http://www.tamura-pain.jp", "内容": "たむらペインクリニック【2:診療所】【診療科目:内科_麻酔科】長野県佐久市臼田２２９２ー１" }, "geometry": { "type": "Point", "coordinates": [ 138.47537, 36.195313 ] } },
{ "type": "Feature", "properties": { "ID": 2022205114520, "正式名称": "まさのメディカルクリニック", "機関区分": 2, "都道府県コード": 20, "市区町村コード": 321, "所在地": "長野県北佐久郡軽井沢町長倉７４８－３", "緯度": 36.333856, "経度": 138.603326, "url": "https://www.iryou.teikyouseido.mhlw.go.jp/znk-web/juminkanja/S2430/initialize?prefCd=20&kikanCd=2205114520&kikanKbn=2", "url2": null, "内容": "まさのメディカルクリニック【2:診療所】【診療科目:婦人科_美容皮膚科_泌尿器科】長野県北佐久郡軽井沢町長倉７４８－３" }, "geometry": { "type": "Point", "coordinates": [ 138.603326, 36.333856 ] } },
{ "type": "Feature", "properties": { "ID": 2022205114940, "正式名称": "佐久市布施出張診療所", "機関区分": 2, "都道府県コード": 20, "市区町村コード": 217, "所在地": "長野県佐久市布施２１５１－３", "緯度": 36.249147, "経度": 138.374042, "url": "https://www.iryou.teikyouseido.mhlw.go.jp/znk-web/juminkanja/S2430/initialize?prefCd=20&kikanCd=2205114940&kikanKbn=2", "url2": null, "内容": "佐久市布施出張診療所【2:診療所】【診療科目:内科】長野県佐久市布施２１５１－３" }, "geometry": { "type": "Point", "coordinates": [ 138.374042, 36.249147 ] } },
{ "type": "Feature", "properties": { "ID": 2022205115080, "正式名称": "長野県厚生農業協同組合連合会浅間南麓こもろ医療センター附属美里診療所", "機関区分": 2, "都道府県コード": 20, "市区町村コード": 208, "所在地": "長野県小諸市耳取１００３－１", "緯度": 36.290718, "経度": 138.441008, "url": "https://www.iryou.teikyouseido.mhlw.go.jp/znk-web/juminkanja/S2430/initialize?prefCd=20&kikanCd=2205115080&kikanKbn=2", "url2": null, "内容": "長野県厚生農業協同組合連合会浅間南麓こもろ医療センター附属美里診療所【2:診療所】【診療科目:内科】長野県小諸市耳取１００３－１" }, "geometry": { "type": "Point", "coordinates": [ 138.441008, 36.290718 ] } },
{ "type": "Feature", "properties": { "ID": 2022205115370, "正式名称": "しのはら形成・皮ふクリニック", "機関区分": 2, "都道府県コード": 20, "市区町村コード": 217, "所在地": "長野県佐久市岩村田２１０４ー１", "緯度": 36.270305, "経度": 138.475395, "url": "https://www.iryou.teikyouseido.mhlw.go.jp/znk-web/juminkanja/S2430/initialize?prefCd=20&kikanCd=2205115370&kikanKbn=2", "url2": "http://www.shinocli.com", "内容": "しのはら形成・皮ふクリニック【2:診療所】【診療科目:形成外科_皮膚科】長野県佐久市岩村田２１０４ー１" }, "geometry": { "type": "Point", "coordinates": [ 138.475395, 36.270305 ] } },
{ "type": "Feature", "properties": { "ID": 2022205115400, "正式名称": "佐久平泌尿器科クリニック", "機関区分": 2, "都道府県コード": 20, "市区町村コード": 217, "所在地": "長野県佐久市岩村田１３５０ー５", "緯度": 36.270954, "経度": 138.4782, "url": "https://www.iryou.teikyouseido.mhlw.go.jp/znk-web/juminkanja/S2430/initialize?prefCd=20&kikanCd=2205115400&kikanKbn=2", "url2": "http://www7b.biglobe.ne.jp/saku-tohseki/", "内容": "佐久平泌尿器科クリニック【2:診療所】【診療科目:内科_泌尿器科】長野県佐久市岩村田１３５０ー５" }, "geometry": { "type": "Point", "coordinates": [ 138.4782, 36.270954 ] } },
{ "type": "Feature", "properties": { "ID": 2022205115530, "正式名称": "田嶋クリニック", "機関区分": 2, "都道府県コード": 20, "市区町村コード": 217, "所在地": "長野県佐久市臼田１６５２ー１", "緯度": 36.204395, "経度": 138.469815, "url": "https://www.iryou.teikyouseido.mhlw.go.jp/znk-web/juminkanja/S2430/initialize?prefCd=20&kikanCd=2205115530&kikanKbn=2", "url2": null, "内容": "田嶋クリニック【2:診療所】【診療科目:内科_呼吸器内科_消化器内科_アレルギー科】長野県佐久市臼田１６５２ー１" }, "geometry": { "type": "Point", "coordinates": [ 138.469815, 36.204395 ] } },
{ "type": "Feature", "properties": { "ID": 2022205115660, "正式名称": "医療法人ミズナラ会どんぐりの森クリニック", "機関区分": 2, "都道府県コード": 20, "市区町村コード": 305, "所在地": "長野県南佐久郡南牧村野辺山１０８番地３", "緯度": 35.95373, "経度": 138.476185, "url": "https://www.iryou.teikyouseido.mhlw.go.jp/znk-web/juminkanja/S2430/initialize?prefCd=20&kikanCd=2205115660&kikanKbn=2", "url2": "http://www.gurimori.jp", "内容": "医療法人ミズナラ会どんぐりの森クリニック【2:診療所】【診療科目:内科_呼吸器内科_ペインクリニック内科_アレルギー科】長野県南佐久郡南牧村野辺山１０８番地３" }, "geometry": { "type": "Point", "coordinates": [ 138.476185, 35.95373 ] } },
{ "type": "Feature", "properties": { "ID": 2022205115790, "正式名称": "医療法人さくらこどもクリニック", "機関区分": 2, "都道府県コード": 20, "市区町村コード": 217, "所在地": "長野県佐久市佐久平駅北", "緯度": 36.280359, "経度": 138.461201, "url": "https://www.iryou.teikyouseido.mhlw.go.jp/znk-web/juminkanja/S2430/initialize?prefCd=20&kikanCd=2205115790&kikanKbn=2", "url2": null, "内容": "医療法人さくらこどもクリニック【2:診療所】【診療科目:小児科】長野県佐久市佐久平駅北" }, "geometry": { "type": "Point", "coordinates": [ 138.461201, 36.280359 ] } },
{ "type": "Feature", "properties": { "ID": 2022205115820, "正式名称": "医療法人はせがわ皮ふ科クリニック", "機関区分": 2, "都道府県コード": 20, "市区町村コード": 217, "所在地": "長野県佐久市岩村田　１８０１ー２", "緯度": 36.266658, "経度": 138.467736, "url": "https://www.iryou.teikyouseido.mhlw.go.jp/znk-web/juminkanja/S2430/initialize?prefCd=20&kikanCd=2205115820&kikanKbn=2", "url2": "http://hasegawahifu.com", "内容": "医療法人はせがわ皮ふ科クリニック【2:診療所】【診療科目:外科_小児皮膚科_皮膚科_アレルギー科】長野県佐久市岩村田　１８０１ー２" }, "geometry": { "type": "Point", "coordinates": [ 138.467736, 36.266658 ] } },
{ "type": "Feature", "properties": { "ID": 2022205116700, "正式名称": "佐久平みゆき眼科", "機関区分": 2, "都道府県コード": 20, "市区町村コード": 217, "所在地": "長野県佐久市佐久平駅南１１－１０イオンモール佐久平１階", "緯度": 36.27572, "経度": 138.464035, "url": "https://www.iryou.teikyouseido.mhlw.go.jp/znk-web/juminkanja/S2430/initialize?prefCd=20&kikanCd=2205116700&kikanKbn=2", "url2": "http://miyuki-eye.com/", "内容": "佐久平みゆき眼科【2:診療所】【診療科目:眼科】長野県佐久市佐久平駅南１１－１０イオンモール佐久平１階" }, "geometry": { "type": "Point", "coordinates": [ 138.464035, 36.27572 ] } },
{ "type": "Feature", "properties": { "ID": 2022205116830, "正式名称": "フルタクリニック", "機関区分": 2, "都道府県コード": 20, "市区町村コード": 217, "所在地": "長野県佐久市中込３６１１－２０８", "緯度": 36.238142, "経度": 138.473952, "url": "https://www.iryou.teikyouseido.mhlw.go.jp/znk-web/juminkanja/S2430/initialize?prefCd=20&kikanCd=2205116830&kikanKbn=2", "url2": null, "内容": "フルタクリニック【2:診療所】【診療科目:内科_呼吸器内科_循環器内科_心臓血管外科_アレルギー科】長野県佐久市中込３６１１－２０８" }, "geometry": { "type": "Point", "coordinates": [ 138.473952, 36.238142 ] } },
{ "type": "Feature", "properties": { "ID": 2022205117130, "正式名称": "あさまコスモスクリニック", "機関区分": 2, "都道府県コード": 20, "市区町村コード": 217, "所在地": "長野県佐久市長土呂１１９８番地", "緯度": 36.284442, "経度": 138.460979, "url": "https://www.iryou.teikyouseido.mhlw.go.jp/znk-web/juminkanja/S2430/initialize?prefCd=20&kikanCd=2205117130&kikanKbn=2", "url2": "http://www.asamacosmos-clinic.jp/", "内容": "あさまコスモスクリニック【2:診療所】【診療科目:内科_循環器内科_腎臓内科_人工透析内科】長野県佐久市長土呂１１９８番地" }, "geometry": { "type": "Point", "coordinates": [ 138.460979, 36.284442 ] } },
{ "type": "Feature", "properties": { "ID": 2022205117260, "正式名称": "こすも内科クリニック", "機関区分": 2, "都道府県コード": 20, "市区町村コード": 217, "所在地": "長野県佐久市平賀", "緯度": 36.229115, "経度": 138.484507, "url": "https://www.iryou.teikyouseido.mhlw.go.jp/znk-web/juminkanja/S2430/initialize?prefCd=20&kikanCd=2205117260&kikanKbn=2", "url2": "https://www.cosmonaika.jp", "内容": "こすも内科クリニック【2:診療所】【診療科目:内科_呼吸器内科_消化器内科】長野県佐久市平賀" }, "geometry": { "type": "Point", "coordinates": [ 138.484507, 36.229115 ] } },
{ "type": "Feature", "properties": { "ID": 2022205117550, "正式名称": "みらい・そだちクリニック", "機関区分": 2, "都道府県コード": 20, "市区町村コード": 217, "所在地": "長野県佐久市中込３２３２－１", "緯度": 36.238142, "経度": 138.473952, "url": "https://www.iryou.teikyouseido.mhlw.go.jp/znk-web/juminkanja/S2430/initialize?prefCd=20&kikanCd=2205117550&kikanKbn=2", "url2": "http://mirai-sodachi.com", "内容": "みらい・そだちクリニック【2:診療所】【診療科目:児童精神科_精神科_心療内科】長野県佐久市中込３２３２－１" }, "geometry": { "type": "Point", "coordinates": [ 138.473952, 36.238142 ] } },
{ "type": "Feature", "properties": { "ID": 2022205117680, "正式名称": "佐久平エンゼルクリニック", "機関区分": 2, "都道府県コード": 20, "市区町村コード": 217, "所在地": "長野県佐久市長土呂１２１０ー１", "緯度": 36.283886, "経度": 138.461285, "url": "https://www.iryou.teikyouseido.mhlw.go.jp/znk-web/juminkanja/S2430/initialize?prefCd=20&kikanCd=2205117680&kikanKbn=2", "url2": "http://www.sakudaira-angel-clinic.jp/", "内容": "佐久平エンゼルクリニック【2:診療所】【診療科目:性感染症内科_美容外科_婦人科_産婦人科（生殖医療）_皮膚科_美容皮膚科】長野県佐久市長土呂１２１０ー１" }, "geometry": { "type": "Point", "coordinates": [ 138.461285, 36.283886 ] } },
{ "type": "Feature", "properties": { "ID": 2022205119020, "正式名称": "たかみ耳鼻咽喉科クリニック", "機関区分": 2, "都道府県コード": 20, "市区町村コード": 217, "所在地": "長野県佐久市長土呂４２５－１", "緯度": 36.281395, "経度": 138.468409, "url": "https://www.iryou.teikyouseido.mhlw.go.jp/znk-web/juminkanja/S2430/initialize?prefCd=20&kikanCd=2205119020&kikanKbn=2", "url2": "http://www.takami-ent.jp", "内容": "たかみ耳鼻咽喉科クリニック【2:診療所】【診療科目:耳鼻いんこう科】長野県佐久市長土呂４２５－１" }, "geometry": { "type": "Point", "coordinates": [ 138.468409, 36.281395 ] } },
{ "type": "Feature", "properties": { "ID": 2022205119310, "正式名称": "医療法人社団　のざわ整形外科", "機関区分": 2, "都道府県コード": 20, "市区町村コード": 217, "所在地": "長野県佐久市岩村田２１９３－１", "緯度": 36.266444, "経度": 138.476131, "url": "https://www.iryou.teikyouseido.mhlw.go.jp/znk-web/juminkanja/S2430/initialize?prefCd=20&kikanCd=2205119310&kikanKbn=2", "url2": "https://www.nozawa-seikei.com", "内容": "医療法人社団　のざわ整形外科【2:診療所】【診療科目:整形外科_リウマチ科_リハビリテーション科】長野県佐久市岩村田２１９３－１" }, "geometry": { "type": "Point", "coordinates": [ 138.476131, 36.266444 ] } },
{ "type": "Feature", "properties": { "ID": 2022205119440, "正式名称": "佐久平よつばクリニック", "機関区分": 2, "都道府県コード": 20, "市区町村コード": 217, "所在地": "長野県佐久市佐久平駅北２７番地１", "緯度": 36.279356, "経度": 138.46192, "url": "https://www.iryou.teikyouseido.mhlw.go.jp/znk-web/juminkanja/S2430/initialize?prefCd=20&kikanCd=2205119440&kikanKbn=2", "url2": "http://sakudaira-yotsuba.com", "内容": "佐久平よつばクリニック【2:診療所】【診療科目:形成外科_美容皮膚科】長野県佐久市佐久平駅北２７番地１" }, "geometry": { "type": "Point", "coordinates": [ 138.46192, 36.279356 ] } },
{ "type": "Feature", "properties": { "ID": 2022205120130, "正式名称": "佐久心臓血圧クリニック", "機関区分": 2, "都道府県コード": 20, "市区町村コード": 217, "所在地": "長野県佐久市岩村田字東大門先２０８０ー１", "緯度": 36.270954, "経度": 138.4782, "url": "https://www.iryou.teikyouseido.mhlw.go.jp/znk-web/juminkanja/S2430/initialize?prefCd=20&kikanCd=2205120130&kikanKbn=2", "url2": "http://www.sakuheart.jp", "内容": "佐久心臓血圧クリニック【2:診療所】【診療科目:内科_循環器内科_心臓血管外科】長野県佐久市岩村田字東大門先２０８０ー１" }, "geometry": { "type": "Point", "coordinates": [ 138.4782, 36.270954 ] } },
{ "type": "Feature", "properties": { "ID": 2022205121140, "正式名称": "三木クリニック", "機関区分": 2, "都道府県コード": 20, "市区町村コード": 217, "所在地": "長野県佐久市岩村田２０１３番地４", "緯度": 36.266697, "経度": 138.470425, "url": "https://www.iryou.teikyouseido.mhlw.go.jp/znk-web/juminkanja/S2430/initialize?prefCd=20&kikanCd=2205121140&kikanKbn=2", "url2": "http://www.miki-clinic.net", "内容": "三木クリニック【2:診療所】【診療科目:内科_脳神経内科_心療内科】長野県佐久市岩村田２０１３番地４" }, "geometry": { "type": "Point", "coordinates": [ 138.470425, 36.266697 ] } },
{ "type": "Feature", "properties": { "ID": 2022205121270, "正式名称": "医療法人　関口内科クリニック", "機関区分": 2, "都道府県コード": 20, "市区町村コード": 217, "所在地": "長野県佐久市中込４０５番地", "緯度": 36.233424, "経度": 138.475173, "url": "https://www.iryou.teikyouseido.mhlw.go.jp/znk-web/juminkanja/S2430/initialize?prefCd=20&kikanCd=2205121270&kikanKbn=2", "url2": "http://sekiguchi-naika.com/", "内容": "医療法人　関口内科クリニック【2:診療所】【診療科目:内科_胃腸内科_内視鏡内科】長野県佐久市中込４０５番地" }, "geometry": { "type": "Point", "coordinates": [ 138.475173, 36.233424 ] } },
{ "type": "Feature", "properties": { "ID": 2022205121690, "正式名称": "田尾内科", "機関区分": 2, "都道府県コード": 20, "市区町村コード": 217, "所在地": "長野県佐久市小田井", "緯度": 36.289516, "経度": 138.48708, "url": "https://www.iryou.teikyouseido.mhlw.go.jp/znk-web/juminkanja/S2430/initialize?prefCd=20&kikanCd=2205121690&kikanKbn=2", "url2": null, "内容": "田尾内科【2:診療所】【診療科目:内科_感染症内科_呼吸器内科_アレルギー疾患内科_アレルギー科】長野県佐久市小田井" }, "geometry": { "type": "Point", "coordinates": [ 138.48708, 36.289516 ] } },
{ "type": "Feature", "properties": { "ID": 2022205121980, "正式名称": "長野県厚生農業協同組合連合会浅間南麓こもろ医療センター附属こまくさ診療所", "機関区分": 2, "都道府県コード": 20, "市区町村コード": 208, "所在地": "長野県小諸市南町２丁目２番２７号老人保健施設こまくさ１階", "緯度": 36.32297, "経度": 138.428039, "url": "https://www.iryou.teikyouseido.mhlw.go.jp/znk-web/juminkanja/S2430/initialize?prefCd=20&kikanCd=2205121980&kikanKbn=2", "url2": null, "内容": "長野県厚生農業協同組合連合会浅間南麓こもろ医療センター附属こまくさ診療所【2:診療所】【診療科目:内科】長野県小諸市南町２丁目２番２７号老人保健施設こまくさ１階" }, "geometry": { "type": "Point", "coordinates": [ 138.428039, 36.32297 ] } },
{ "type": "Feature", "properties": { "ID": 2022205122020, "正式名称": "ながうら整形外科クリニック", "機関区分": 2, "都道府県コード": 20, "市区町村コード": 217, "所在地": "長野県佐久市小田井７５５番地３", "緯度": 36.295056, "経度": 138.492647, "url": "https://www.iryou.teikyouseido.mhlw.go.jp/znk-web/juminkanja/S2430/initialize?prefCd=20&kikanCd=2205122020&kikanKbn=2", "url2": "https://www.nagaura-seikei.jp/", "内容": "ながうら整形外科クリニック【2:診療所】【診療科目:整形外科_リウマチ科_リハビリテーション科】長野県佐久市小田井７５５番地３" }, "geometry": { "type": "Point", "coordinates": [ 138.492647, 36.295056 ] } },
{ "type": "Feature", "properties": { "ID": 2022205122860, "正式名称": "こまつ内科・消化器内科クリニック", "機関区分": 2, "都道府県コード": 20, "市区町村コード": 323, "所在地": "長野県北佐久郡御代田町御代田２３３３－２", "緯度": 36.314195, "経度": 138.500251, "url": "https://www.iryou.teikyouseido.mhlw.go.jp/znk-web/juminkanja/S2430/initialize?prefCd=20&kikanCd=2205122860&kikanKbn=2", "url2": "https://komatsu-naika-shoukakinaika-clinic.com", "内容": "こまつ内科・消化器内科クリニック【2:診療所】【診療科目:内科_消化器内科_外科_肛門外科】長野県北佐久郡御代田町御代田２３３３－２" }, "geometry": { "type": "Point", "coordinates": [ 138.500251, 36.314195 ] } },
{ "type": "Feature", "properties": { "ID": 2022205123030, "正式名称": "よだ整形外科クリニック", "機関区分": 2, "都道府県コード": 20, "市区町村コード": 323, "所在地": "長野県北佐久郡御代田町御代田", "緯度": 36.3151, "経度": 138.512561, "url": "https://www.iryou.teikyouseido.mhlw.go.jp/znk-web/juminkanja/S2430/initialize?prefCd=20&kikanCd=2205123030&kikanKbn=2", "url2": "http://www.yoda-seikei.com", "内容": "よだ整形外科クリニック【2:診療所】【診療科目:整形外科_リハビリテーション科】長野県北佐久郡御代田町御代田" }, "geometry": { "type": "Point", "coordinates": [ 138.512561, 36.3151 ] } },
{ "type": "Feature", "properties": { "ID": 2022205123290, "正式名称": "ほっちのロッヂの診療所", "機関区分": 2, "都道府県コード": 20, "市区町村コード": 321, "所在地": "長野県北佐久郡軽井沢町発地１２７４−１１３", "緯度": 36.319398, "経度": 138.601585, "url": "https://www.iryou.teikyouseido.mhlw.go.jp/znk-web/juminkanja/S2430/initialize?prefCd=20&kikanCd=2205123290&kikanKbn=2", "url2": "http://hotch-l.com", "内容": "ほっちのロッヂの診療所【2:診療所】【診療科目:内科_緩和ケア内科_小児科】長野県北佐久郡軽井沢町発地１２７４−１１３" }, "geometry": { "type": "Point", "coordinates": [ 138.601585, 36.319398 ] } },
{ "type": "Feature", "properties": { "ID": 2022205123610, "正式名称": "かるいざわ御影用水クリニック", "機関区分": 2, "都道府県コード": 20, "市区町村コード": 321, "所在地": "長野県北佐久郡軽井沢町追分４９ー１", "緯度": 36.337086, "経度": 138.53969, "url": "https://www.iryou.teikyouseido.mhlw.go.jp/znk-web/juminkanja/S2430/initialize?prefCd=20&kikanCd=2205123610&kikanKbn=2", "url2": "https://karuizawa-mikageyousui.com", "内容": "かるいざわ御影用水クリニック【2:診療所】【診療科目:精神科_心療内科】長野県北佐久郡軽井沢町追分４９ー１" }, "geometry": { "type": "Point", "coordinates": [ 138.53969, 36.337086 ] } },
{ "type": "Feature", "properties": { "ID": 2022205123740, "正式名称": "みさと皮フ科クリニック", "機関区分": 2, "都道府県コード": 20, "市区町村コード": 217, "所在地": "長野県佐久市臼田１１１４－６", "緯度": 36.209839, "経度": 138.471494, "url": "https://www.iryou.teikyouseido.mhlw.go.jp/znk-web/juminkanja/S2430/initialize?prefCd=20&kikanCd=2205123740&kikanKbn=2", "url2": null, "内容": "みさと皮フ科クリニック【2:診療所】【診療科目:皮膚科】長野県佐久市臼田１１１４－６" }, "geometry": { "type": "Point", "coordinates": [ 138.471494, 36.209839 ] } },
{ "type": "Feature", "properties": { "ID": 2022205124590, "正式名称": "樹の里クリニック", "機関区分": 2, "都道府県コード": 20, "市区町村コード": 321, "所在地": "長野県北佐久郡軽井沢町長倉４４２８－１", "緯度": 36.345311, "経度": 138.576569, "url": "https://www.iryou.teikyouseido.mhlw.go.jp/znk-web/juminkanja/S2430/initialize?prefCd=20&kikanCd=2205124590&kikanKbn=2", "url2": "https://kinosato-clinic.com/", "内容": "樹の里クリニック【2:診療所】【診療科目:小児科_耳鼻いんこう科】長野県北佐久郡軽井沢町長倉４４２８－１" }, "geometry": { "type": "Point", "coordinates": [ 138.576569, 36.345311 ] } },
{ "type": "Feature", "properties": { "ID": 2022205124750, "正式名称": "しのはら消化器内科クリニック", "機関区分": 2, "都道府県コード": 20, "市区町村コード": 217, "所在地": "長野県佐久市瀬戸", "緯度": 36.2493, "経度": 138.48044, "url": "https://www.iryou.teikyouseido.mhlw.go.jp/znk-web/juminkanja/S2430/initialize?prefCd=20&kikanCd=2205124750&kikanKbn=2", "url2": "http://shinohara-sc.com/", "内容": "しのはら消化器内科クリニック【2:診療所】【診療科目:内科_消化器内科】長野県佐久市瀬戸" }, "geometry": { "type": "Point", "coordinates": [ 138.48044, 36.2493 ] } },
{ "type": "Feature", "properties": { "ID": 2022205125630, "正式名称": "野辺山診療所", "機関区分": 2, "都道府県コード": 20, "市区町村コード": 305, "所在地": "長野県南佐久郡南牧村大字野辺山３１６番地３", "緯度": 35.957733, "経度": 138.475356, "url": "https://www.iryou.teikyouseido.mhlw.go.jp/znk-web/juminkanja/S2430/initialize?prefCd=20&kikanCd=2205125630&kikanKbn=2", "url2": null, "内容": "野辺山診療所【2:診療所】【診療科目:内科】長野県南佐久郡南牧村大字野辺山３１６番地３" }, "geometry": { "type": "Point", "coordinates": [ 138.475356, 35.957733 ] } },
{ "type": "Feature", "properties": { "ID": 2022205125890, "正式名称": "山の眼科診療所", "機関区分": 2, "都道府県コード": 20, "市区町村コード": 305, "所在地": "長野県南佐久郡南牧村大字野辺山７９ー３", "緯度": 35.956678, "経度": 138.473468, "url": "https://www.iryou.teikyouseido.mhlw.go.jp/znk-web/juminkanja/S2430/initialize?prefCd=20&kikanCd=2205125890&kikanKbn=2", "url2": "https://www.yamanoganka.com/", "内容": "山の眼科診療所【2:診療所】【診療科目:眼科】長野県南佐久郡南牧村大字野辺山７９ー３" }, "geometry": { "type": "Point", "coordinates": [ 138.473468, 35.956678 ] } },
{ "type": "Feature", "properties": { "ID": 2022205127100, "正式名称": "医療法人山月会小諸医院", "機関区分": 2, "都道府県コード": 20, "市区町村コード": 208, "所在地": "長野県小諸市荒町２ー１ー１", "緯度": 36.326198, "経度": 138.426859, "url": "https://www.iryou.teikyouseido.mhlw.go.jp/znk-web/juminkanja/S2430/initialize?prefCd=20&kikanCd=2205127100&kikanKbn=2", "url2": "http://komoro-hosp.jp", "内容": "医療法人山月会小諸医院【2:診療所】【診療科目:内科_循環器内科_消化器内科_外科_消化器外科_肛門外科_小児科_リハビリテーション科】長野県小諸市荒町２ー１ー１" }, "geometry": { "type": "Point", "coordinates": [ 138.426859, 36.326198 ] } },
{ "type": "Feature", "properties": { "ID": 2022205127490, "正式名称": "軽井沢はなれ山クリニック", "機関区分": 2, "都道府県コード": 20, "市区町村コード": 321, "所在地": "長野県北佐久郡軽井沢町長倉１９９７－１０", "緯度": 36.344002, "経度": 138.613007, "url": "https://www.iryou.teikyouseido.mhlw.go.jp/znk-web/juminkanja/S2430/initialize?prefCd=20&kikanCd=2205127490&kikanKbn=2", "url2": "https://karuizawa-hanareyamaclinic.jp", "内容": "軽井沢はなれ山クリニック【2:診療所】【診療科目:整形外科_リハビリテーション科】長野県北佐久郡軽井沢町長倉１９９７－１０" }, "geometry": { "type": "Point", "coordinates": [ 138.613007, 36.344002 ] } },
{ "type": "Feature", "properties": { "ID": 2022205127780, "正式名称": "Ａｉクリニック整形外科リハビリテーション科", "機関区分": 2, "都道府県コード": 20, "市区町村コード": 208, "所在地": "長野県小諸市大字諸３０３", "緯度": 36.337345, "経度": 138.415475, "url": "https://www.iryou.teikyouseido.mhlw.go.jp/znk-web/juminkanja/S2430/initialize?prefCd=20&kikanCd=2205127780&kikanKbn=2", "url2": "https://aiclinic-or.com/", "内容": "Ａｉクリニック整形外科リハビリテーション科【2:診療所】【診療科目:整形外科_リハビリテーション科】長野県小諸市大字諸３０３" }, "geometry": { "type": "Point", "coordinates": [ 138.415475, 36.337345 ] } },
{ "type": "Feature", "properties": { "ID": 2022205127810, "正式名称": "りすさんこどもクリニック", "機関区分": 2, "都道府県コード": 20, "市区町村コード": 217, "所在地": "長野県佐久市岩村田５５０２番２１", "緯度": 36.272504, "経度": 138.476909, "url": "https://www.iryou.teikyouseido.mhlw.go.jp/znk-web/juminkanja/S2430/initialize?prefCd=20&kikanCd=2205127810&kikanKbn=2", "url2": "https://www.risusan-kodomo.com/", "内容": "りすさんこどもクリニック【2:診療所】【診療科目:小児科】長野県佐久市岩村田５５０２番２１" }, "geometry": { "type": "Point", "coordinates": [ 138.476909, 36.272504 ] } },
{ "type": "Feature", "properties": { "ID": 2022205128080, "正式名称": "医療法人道心会軽井沢恵比寿クリニック", "機関区分": 2, "都道府県コード": 20, "市区町村コード": 321, "所在地": "長野県北佐久郡軽井沢町軽井沢東７番地９", "緯度": 36.344031, "経度": 138.634847, "url": "https://www.iryou.teikyouseido.mhlw.go.jp/znk-web/juminkanja/S2430/initialize?prefCd=20&kikanCd=2205128080&kikanKbn=2", "url2": null, "内容": "医療法人道心会軽井沢恵比寿クリニック【2:診療所】【診療科目:内科_皮膚科】長野県北佐久郡軽井沢町軽井沢東７番地９" }, "geometry": { "type": "Point", "coordinates": [ 138.634847, 36.344031 ] } },
{ "type": "Feature", "properties": { "ID": 2022205128820, "正式名称": "下村クリニック軽井沢", "機関区分": 2, "都道府県コード": 20, "市区町村コード": 321, "所在地": "長野県北佐久郡軽井沢町長倉４９６２－１", "緯度": 36.338483, "経度": 138.562461, "url": "https://www.iryou.teikyouseido.mhlw.go.jp/znk-web/juminkanja/S2430/initialize?prefCd=20&kikanCd=2205128820&kikanKbn=2", "url2": "https://Shimomura-cl.jp", "内容": "下村クリニック軽井沢【2:診療所】【診療科目:内科_老年・呼吸器内科_消化器内科_漢方内科】長野県北佐久郡軽井沢町長倉４９６２－１" }, "geometry": { "type": "Point", "coordinates": [ 138.562461, 36.338483 ] } },
{ "type": "Feature", "properties": { "ID": 2022205129090, "正式名称": "佐久地域平日夜間急病診療センター", "機関区分": 2, "都道府県コード": 20, "市区町村コード": 217, "所在地": "長野県佐久市岩村田１８６２－１浅間総合病院内", "緯度": 36.270954, "経度": 138.4782, "url": "https://www.iryou.teikyouseido.mhlw.go.jp/znk-web/juminkanja/S2430/initialize?prefCd=20&kikanCd=2205129090&kikanKbn=2", "url2": null, "内容": "佐久地域平日夜間急病診療センター【2:診療所】【診療科目:内科】長野県佐久市岩村田１８６２－１浅間総合病院内" }, "geometry": { "type": "Point", "coordinates": [ 138.4782, 36.270954 ] } },
{ "type": "Feature", "properties": { "ID": 2022205129120, "正式名称": "ほしまち診療所", "機関区分": 2, "都道府県コード": 20, "市区町村コード": 217, "所在地": "長野県佐久市臼田中央２１７８", "緯度": 36.196983, "経度": 138.47975, "url": "https://www.iryou.teikyouseido.mhlw.go.jp/znk-web/juminkanja/S2430/initialize?prefCd=20&kikanCd=2205129120&kikanKbn=2", "url2": null, "内容": "ほしまち診療所【2:診療所】【診療科目:内科】長野県佐久市臼田中央２１７８" }, "geometry": { "type": "Point", "coordinates": [ 138.47975, 36.196983 ] } },
{ "type": "Feature", "properties": { "ID": 2022205129380, "正式名称": "こどもクリニックこもろ", "機関区分": 2, "都道府県コード": 20, "市区町村コード": 208, "所在地": "長野県小諸市田町２丁目３－１２", "緯度": 36.332156, "経度": 138.421575, "url": "https://www.iryou.teikyouseido.mhlw.go.jp/znk-web/juminkanja/S2430/initialize?prefCd=20&kikanCd=2205129380&kikanKbn=2", "url2": "https://asama-m.jp/", "内容": "こどもクリニックこもろ【2:診療所】【診療科目:小児科】長野県小諸市田町２丁目３－１２" }, "geometry": { "type": "Point", "coordinates": [ 138.421575, 36.332156 ] } },
{ "type": "Feature", "properties": { "ID": 2022205129410, "正式名称": "ＡＹＡ乳腺クリニック", "機関区分": 2, "都道府県コード": 20, "市区町村コード": 217, "所在地": "長野県佐久市臼田１２０８－１０", "緯度": 36.209157, "経度": 138.469798, "url": "https://www.iryou.teikyouseido.mhlw.go.jp/znk-web/juminkanja/S2430/initialize?prefCd=20&kikanCd=2205129410&kikanKbn=2", "url2": "https://aya-breast.com/", "内容": "ＡＹＡ乳腺クリニック【2:診療所】【診療科目:内分泌内科_外科_乳腺外科】長野県佐久市臼田１２０８－１０" }, "geometry": { "type": "Point", "coordinates": [ 138.469798, 36.209157 ] } },
{ "type": "Feature", "properties": { "ID": 2022205129670, "正式名称": "ＡＣＴ内視鏡クリニック", "機関区分": 2, "都道府県コード": 20, "市区町村コード": 217, "所在地": "長野県佐久市佐久平駅北２－１", "緯度": 36.279328, "経度": 138.465792, "url": "https://www.iryou.teikyouseido.mhlw.go.jp/znk-web/juminkanja/S2430/initialize?prefCd=20&kikanCd=2205129670&kikanKbn=2", "url2": null, "内容": "ＡＣＴ内視鏡クリニック【2:診療所】【診療科目:内科_消化器内科_内視鏡内科】長野県佐久市佐久平駅北２－１" }, "geometry": { "type": "Point", "coordinates": [ 138.465792, 36.279328 ] } },
{ "type": "Feature", "properties": { "ID": 2022205130490, "正式名称": "博愛こばやし眼科佐久平駅前院", "機関区分": 2, "都道府県コード": 20, "市区町村コード": 217, "所在地": "長野県佐久市佐久平駅南６番地４Ｌｅａｆｙビル１Ｆ・東", "緯度": 36.274525, "経度": 138.460889, "url": "https://www.iryou.teikyouseido.mhlw.go.jp/znk-web/juminkanja/S2430/initialize?prefCd=20&kikanCd=2205130490&kikanKbn=2", "url2": null, "内容": "博愛こばやし眼科佐久平駅前院【2:診療所】【診療科目:眼科】長野県佐久市佐久平駅南６番地４Ｌｅａｆｙビル１Ｆ・東" }, "geometry": { "type": "Point", "coordinates": [ 138.460889, 36.274525 ] } },
{ "type": "Feature", "properties": { "ID": 2022205130520, "正式名称": "ゆずの木ホームクリニック", "機関区分": 2, "都道府県コード": 20, "市区町村コード": 217, "所在地": "長野県佐久市長土呂８０６番地５", "緯度": 36.289458, "経度": 138.472364, "url": "https://www.iryou.teikyouseido.mhlw.go.jp/znk-web/juminkanja/S2430/initialize?prefCd=20&kikanCd=2205130520&kikanKbn=2", "url2": "https://yuzunoki-homeclinic.com", "内容": "ゆずの木ホームクリニック【2:診療所】【診療科目:内科_緩和ケア内科】長野県佐久市長土呂８０６番地５" }, "geometry": { "type": "Point", "coordinates": [ 138.472364, 36.289458 ] } },
{ "type": "Feature", "properties": { "ID": 2022205130650, "正式名称": "ＳＯＡＲＡスキンケアクリニック", "機関区分": 2, "都道府県コード": 20, "市区町村コード": 217, "所在地": "長野県佐久市佐久平駅北２－１ー２Ｆ", "緯度": 36.279328, "経度": 138.465792, "url": "https://www.iryou.teikyouseido.mhlw.go.jp/znk-web/juminkanja/S2430/initialize?prefCd=20&kikanCd=2205130650&kikanKbn=2", "url2": "https://soara-skincare.jp/", "内容": "ＳＯＡＲＡスキンケアクリニック【2:診療所】【診療科目:形成外科_皮膚科_美容皮膚科】長野県佐久市佐久平駅北２－１ー２Ｆ" }, "geometry": { "type": "Point", "coordinates": [ 138.465792, 36.279328 ] } },
{ "type": "Feature", "properties": { "ID": 2022205130810, "正式名称": "エムズクリニック中軽井沢", "機関区分": 2, "都道府県コード": 20, "市区町村コード": 321, "所在地": "長野県北佐久郡軽井沢町長倉３４８６－４", "緯度": 36.349561, "経度": 138.587539, "url": "https://www.iryou.teikyouseido.mhlw.go.jp/znk-web/juminkanja/S2430/initialize?prefCd=20&kikanCd=2205130810&kikanKbn=2", "url2": null, "内容": "エムズクリニック中軽井沢【2:診療所】【診療科目:内科_脳神経外科_消化器外科_耳鼻いんこう科】長野県北佐久郡軽井沢町長倉３４８６－４" }, "geometry": { "type": "Point", "coordinates": [ 138.587539, 36.349561 ] } },
{ "type": "Feature", "properties": { "ID": 202220513108, "正式名称": "信濃追分クリニック", "機関区分": 2, "都道府県コード": 20, "市区町村コード": 321, "所在地": "長野県北佐久郡軽井沢町追分１３７２－６", "緯度": 36.334219, "経度": 138.526181, "url": "https://www.iryou.teikyouseido.mhlw.go.jp/znk-web/juminkanja/S2430/initialize?prefCd=20&kikanCd=220513108&kikanKbn=2", "url2": null, "内容": "信濃追分クリニック【2:診療所】【診療科目:精神科_心療内科】長野県北佐久郡軽井沢町追分１３７２－６" }, "geometry": { "type": "Point", "coordinates": [ 138.526181, 36.334219 ] } },
{ "type": "Feature", "properties": { "ID": 2022205200380, "正式名称": "医療法人武重医院", "機関区分": 2, "都道府県コード": 20, "市区町村コード": 208, "所在地": "長野県小諸市本町２ー２ー１３", "緯度": 36.329519, "経度": 138.423036, "url": "https://www.iryou.teikyouseido.mhlw.go.jp/znk-web/juminkanja/S2430/initialize?prefCd=20&kikanCd=2205200380&kikanKbn=2", "url2": "takeshige-iin.com", "内容": "医療法人武重医院【2:診療所】【診療科目:内科_循環器内科_小児科】長野県小諸市本町２ー２ー１３" }, "geometry": { "type": "Point", "coordinates": [ 138.423036, 36.329519 ] } },
{ "type": "Feature", "properties": { "ID": 2022205200960, "正式名称": "医療法人清秀会　甘利医院", "機関区分": 2, "都道府県コード": 20, "市区町村コード": 208, "所在地": "長野県小諸市与良町３－４－１７", "緯度": 36.320798, "経度": 138.429147, "url": "https://www.iryou.teikyouseido.mhlw.go.jp/znk-web/juminkanja/S2430/initialize?prefCd=20&kikanCd=2205200960&kikanKbn=2", "url2": "http://amariclinic.or.jp", "内容": "医療法人清秀会　甘利医院【2:診療所】【診療科目:内科_循環器内科_小児科_リウマチ科】長野県小諸市与良町３－４－１７" }, "geometry": { "type": "Point", "coordinates": [ 138.429147, 36.320798 ] } },
{ "type": "Feature", "properties": { "ID": 2022205201260, "正式名称": "須江医院", "機関区分": 2, "都道府県コード": 20, "市区町村コード": 208, "所在地": "長野県小諸市赤坂１－６－１３", "緯度": 36.326352, "経度": 138.425064, "url": "https://www.iryou.teikyouseido.mhlw.go.jp/znk-web/juminkanja/S2430/initialize?prefCd=20&kikanCd=2205201260&kikanKbn=2", "url2": "http://www.sueiin.com/", "内容": "須江医院【2:診療所】【診療科目:内科_皮膚科】長野県小諸市赤坂１－６－１３" }, "geometry": { "type": "Point", "coordinates": [ 138.425064, 36.326352 ] } },
{ "type": "Feature", "properties": { "ID": 2022205201420, "正式名称": "関医院", "機関区分": 2, "都道府県コード": 20, "市区町村コード": 208, "所在地": "長野県小諸市大手２ー４ー７", "緯度": 36.32888, "経度": 138.42473, "url": "https://www.iryou.teikyouseido.mhlw.go.jp/znk-web/juminkanja/S2430/initialize?prefCd=20&kikanCd=2205201420&kikanKbn=2", "url2": "http://sekiiin.byoinnavi.jp/", "内容": "関医院【2:診療所】【診療科目:内科_眼科】長野県小諸市大手２ー４ー７" }, "geometry": { "type": "Point", "coordinates": [ 138.42473, 36.32888 ] } },
{ "type": "Feature", "properties": { "ID": 2022205201710, "正式名称": "佐々木医院", "機関区分": 2, "都道府県コード": 20, "市区町村コード": 208, "所在地": "長野県小諸市南町", "緯度": 36.324742, "経度": 138.426008, "url": "https://www.iryou.teikyouseido.mhlw.go.jp/znk-web/juminkanja/S2430/initialize?prefCd=20&kikanCd=2205201710&kikanKbn=2", "url2": "http://sasaki-clinic.jp/", "内容": "佐々木医院【2:診療所】【診療科目:気管食道・耳鼻いんこう科】長野県小諸市南町" }, "geometry": { "type": "Point", "coordinates": [ 138.426008, 36.324742 ] } },
{ "type": "Feature", "properties": { "ID": 2022205201970, "正式名称": "医療法人矢島医院", "機関区分": 2, "都道府県コード": 20, "市区町村コード": 208, "所在地": "長野県小諸市乙女６番１１号", "緯度": 36.314549, "経度": 138.437674, "url": "https://www.iryou.teikyouseido.mhlw.go.jp/znk-web/juminkanja/S2430/initialize?prefCd=20&kikanCd=2205201970&kikanKbn=2", "url2": "https://itp.ne.jp/info/207611488000000899/", "内容": "医療法人矢島医院【2:診療所】【診療科目:内科_糖尿病・内分泌内科】長野県小諸市乙女６番１１号" }, "geometry": { "type": "Point", "coordinates": [ 138.437674, 36.314549 ] } },
{ "type": "Feature", "properties": { "ID": 2022205202010, "正式名称": "佐藤外科医院", "機関区分": 2, "都道府県コード": 20, "市区町村コード": 208, "所在地": "長野県小諸市鶴巻１ー１ー１４", "緯度": 36.324297, "経度": 138.427925, "url": "https://www.iryou.teikyouseido.mhlw.go.jp/znk-web/juminkanja/S2430/initialize?prefCd=20&kikanCd=2205202010&kikanKbn=2", "url2": null, "内容": "佐藤外科医院【2:診療所】【診療科目:内科_ペインクリニック内科_外科_整形外科_皮膚科_泌尿器科】長野県小諸市鶴巻１ー１ー１４" }, "geometry": { "type": "Point", "coordinates": [ 138.427925, 36.324297 ] } },
{ "type": "Feature", "properties": { "ID": 2022205202430, "正式名称": "柳橋脳神経外科", "機関区分": 2, "都道府県コード": 20, "市区町村コード": 208, "所在地": "長野県小諸市諸３５０", "緯度": 36.338712, "経度": 138.412203, "url": "https://www.iryou.teikyouseido.mhlw.go.jp/znk-web/juminkanja/S2430/initialize?prefCd=20&kikanCd=2205202430&kikanKbn=2", "url2": "http://www.yanagibashi.or.jp/", "内容": "柳橋脳神経外科【2:診療所】【診療科目:外科_脳神経外科_整形外科_神経科_リハビリテーション科_放射線科】長野県小諸市諸３５０" }, "geometry": { "type": "Point", "coordinates": [ 138.412203, 36.338712 ] } },
{ "type": "Feature", "properties": { "ID": 2022205202560, "正式名称": "医療法人社団慈圭会高橋内科医院", "機関区分": 2, "都道府県コード": 20, "市区町村コード": 208, "所在地": "長野県小諸市古城２－２－２６", "緯度": 36.326297, "経度": 138.420425, "url": "https://www.iryou.teikyouseido.mhlw.go.jp/znk-web/juminkanja/S2430/initialize?prefCd=20&kikanCd=2205202560&kikanKbn=2", "url2": "https://www.takahashi-naika.com", "内容": "医療法人社団慈圭会高橋内科医院【2:診療所】【診療科目:内科_消化器内科_胃腸内科_肝臓内科_内視鏡内科】長野県小諸市古城２－２－２６" }, "geometry": { "type": "Point", "coordinates": [ 138.420425, 36.326297 ] } },
{ "type": "Feature", "properties": { "ID": 2022205203600, "正式名称": "医療法人　木家医院", "機関区分": 2, "都道府県コード": 20, "市区町村コード": 321, "所在地": "長野県北佐久郡軽井沢町中軽井沢１８番地９", "緯度": 36.349614, "経度": 138.590103, "url": "https://www.iryou.teikyouseido.mhlw.go.jp/znk-web/juminkanja/S2430/initialize?prefCd=20&kikanCd=2205203600&kikanKbn=2", "url2": "http://kiya.karuizawa.be/", "内容": "医療法人　木家医院【2:診療所】【診療科目:内科_整形外科】長野県北佐久郡軽井沢町中軽井沢１８番地９" }, "geometry": { "type": "Point", "coordinates": [ 138.590103, 36.349614 ] } },
{ "type": "Feature", "properties": { "ID": 2022205203990, "正式名称": "医療法人高原会　木戸内科医院", "機関区分": 2, "都道府県コード": 20, "市区町村コード": 321, "所在地": "長野県北佐久郡軽井沢町軽井沢１１７８－５９３", "緯度": 36.347245, "経度": 138.639239, "url": "https://www.iryou.teikyouseido.mhlw.go.jp/znk-web/juminkanja/S2430/initialize?prefCd=20&kikanCd=2205203990&kikanKbn=2", "url2": null, "内容": "医療法人高原会　木戸内科医院【2:診療所】【診療科目:内科】長野県北佐久郡軽井沢町軽井沢１１７８－５９３" }, "geometry": { "type": "Point", "coordinates": [ 138.639239, 36.347245 ] } },
{ "type": "Feature", "properties": { "ID": 2022205204160, "正式名称": "佐久市湯沢無医地区出張診療所", "機関区分": 2, "都道府県コード": 20, "市区町村コード": 217, "所在地": "長野県佐久市春日２２５３ー１５", "緯度": 36.193421, "経度": 138.33566, "url": "https://www.iryou.teikyouseido.mhlw.go.jp/znk-web/juminkanja/S2430/initialize?prefCd=20&kikanCd=2205204160&kikanKbn=2", "url2": null, "内容": "佐久市湯沢無医地区出張診療所【2:診療所】【診療科目:内科】長野県佐久市春日２２５３ー１５" }, "geometry": { "type": "Point", "coordinates": [ 138.33566, 36.193421 ] } },
{ "type": "Feature", "properties": { "ID": 2022205204580, "正式名称": "高橋医院", "機関区分": 2, "都道府県コード": 20, "市区町村コード": 217, "所在地": "長野県佐久市望月", "緯度": 36.263441, "経度": 138.360766, "url": "https://www.iryou.teikyouseido.mhlw.go.jp/znk-web/juminkanja/S2430/initialize?prefCd=20&kikanCd=2205204580&kikanKbn=2", "url2": null, "内容": "高橋医院【2:診療所】【診療科目:内科_外科】長野県佐久市望月" }, "geometry": { "type": "Point", "coordinates": [ 138.360766, 36.263441 ] } },
{ "type": "Feature", "properties": { "ID": 2022205205330, "正式名称": "佐久市国民健康保険浅科診療所", "機関区分": 2, "都道府県コード": 20, "市区町村コード": 217, "所在地": "長野県佐久市塩名田５７０", "緯度": 36.268637, "経度": 138.421428, "url": "https://www.iryou.teikyouseido.mhlw.go.jp/znk-web/juminkanja/S2430/initialize?prefCd=20&kikanCd=2205205330&kikanKbn=2", "url2": null, "内容": "佐久市国民健康保険浅科診療所【2:診療所】【診療科目:内科_整形外科】長野県佐久市塩名田５７０" }, "geometry": { "type": "Point", "coordinates": [ 138.421428, 36.268637 ] } },
{ "type": "Feature", "properties": { "ID": 2022205206890, "正式名称": "医療法人ひかり医院", "機関区分": 2, "都道府県コード": 20, "市区町村コード": 208, "所在地": "長野県小諸市御幸町１－１０－２０", "緯度": 36.316521, "経度": 138.43498, "url": "https://www.iryou.teikyouseido.mhlw.go.jp/znk-web/juminkanja/S2430/initialize?prefCd=20&kikanCd=2205206890&kikanKbn=2", "url2": "http://hikariiin.jp/", "内容": "医療法人ひかり医院【2:診療所】【診療科目:内科_糖尿病内科_小児科_精神科_アレルギー科】長野県小諸市御幸町１－１０－２０" }, "geometry": { "type": "Point", "coordinates": [ 138.43498, 36.316521 ] } },
{ "type": "Feature", "properties": { "ID": 2022205207220, "正式名称": "医療法人井田医院", "機関区分": 2, "都道府県コード": 20, "市区町村コード": 323, "所在地": "長野県北佐久郡御代田町馬瀬口１９４９ー２", "緯度": 36.324244, "経度": 138.505001, "url": "https://www.iryou.teikyouseido.mhlw.go.jp/znk-web/juminkanja/S2430/initialize?prefCd=20&kikanCd=2205207220&kikanKbn=2", "url2": "https//www.ida-iin.com", "内容": "医療法人井田医院【2:診療所】【診療科目:内科_皮膚科】長野県北佐久郡御代田町馬瀬口１９４９ー２" }, "geometry": { "type": "Point", "coordinates": [ 138.505001, 36.324244 ] } },
{ "type": "Feature", "properties": { "ID": 2022205207350, "正式名称": "医療法人対山会　岡田医院", "機関区分": 2, "都道府県コード": 20, "市区町村コード": 217, "所在地": "長野県佐久市協和６９８１", "緯度": 36.253276, "経度": 138.358767, "url": "https://www.iryou.teikyouseido.mhlw.go.jp/znk-web/juminkanja/S2430/initialize?prefCd=20&kikanCd=2205207350&kikanKbn=2", "url2": "https://medical-clinic-11941.business.site/?utm_source=gmb&utm_medium=referral", "内容": "医療法人対山会　岡田医院【2:診療所】【診療科目:内科_外科_整形外科_小児科】長野県佐久市協和６９８１" }, "geometry": { "type": "Point", "coordinates": [ 138.358767, 36.253276 ] } },
{ "type": "Feature", "properties": { "ID": 2022205207480, "正式名称": "佐久市春日地区出張診療所", "機関区分": 2, "都道府県コード": 20, "市区町村コード": 217, "所在地": "長野県佐久市春日２７１４ー１", "緯度": 36.222724, "経度": 138.353435, "url": "https://www.iryou.teikyouseido.mhlw.go.jp/znk-web/juminkanja/S2430/initialize?prefCd=20&kikanCd=2205207480&kikanKbn=2", "url2": null, "内容": "佐久市春日地区出張診療所【2:診療所】【診療科目:内科】長野県佐久市春日２７１４ー１" }, "geometry": { "type": "Point", "coordinates": [ 138.353435, 36.222724 ] } },
{ "type": "Feature", "properties": { "ID": 2022205208070, "正式名称": "東御市立みまき温泉診療所", "機関区分": 2, "都道府県コード": 20, "市区町村コード": 219, "所在地": "長野県東御市布下６番地１", "緯度": 36.335905, "経度": 138.361819, "url": "https://www.iryou.teikyouseido.mhlw.go.jp/znk-web/juminkanja/S2430/initialize?prefCd=20&kikanCd=2205208070&kikanKbn=2", "url2": "http://hospital.city.tomi.nagano.jp/onsen/", "内容": "東御市立みまき温泉診療所【2:診療所】【診療科目:内科_血液内科_整形外科_リハビリテーション科】長野県東御市布下６番地１" }, "geometry": { "type": "Point", "coordinates": [ 138.361819, 36.335905 ] } },
{ "type": "Feature", "properties": { "ID": 2022205208360, "正式名称": "医療法人宣慈会あさま医院", "機関区分": 2, "都道府県コード": 20, "市区町村コード": 321, "所在地": "長野県北佐久郡軽井沢町長倉３７２２", "緯度": 36.341105, "経度": 138.588216, "url": "https://www.iryou.teikyouseido.mhlw.go.jp/znk-web/juminkanja/S2430/initialize?prefCd=20&kikanCd=2205208360&kikanKbn=2", "url2": null, "内容": "医療法人宣慈会あさま医院【2:診療所】【診療科目:内科_リハビリテーション科_麻酔科】長野県北佐久郡軽井沢町長倉３７２２" }, "geometry": { "type": "Point", "coordinates": [ 138.588216, 36.341105 ] } },
{ "type": "Feature", "properties": { "ID": 2022205208490, "正式名称": "医療法人さくら会桜井クリニック", "機関区分": 2, "都道府県コード": 20, "市区町村コード": 208, "所在地": "長野県小諸市滋野甲５６０－１", "緯度": 36.349154, "経度": 138.388955, "url": "https://www.iryou.teikyouseido.mhlw.go.jp/znk-web/juminkanja/S2430/initialize?prefCd=20&kikanCd=2205208490&kikanKbn=2", "url2": null, "内容": "医療法人さくら会桜井クリニック【2:診療所】【診療科目:内科_消化器内科_外科_肛門外科】長野県小諸市滋野甲５６０－１" }, "geometry": { "type": "Point", "coordinates": [ 138.388955, 36.349154 ] } },
{ "type": "Feature", "properties": { "ID": 2022205208520, "正式名称": "うすだ医院", "機関区分": 2, "都道府県コード": 20, "市区町村コード": 208, "所在地": "長野県小諸市御影新田２１３１－１１", "緯度": 36.302106, "経度": 138.466089, "url": "https://www.iryou.teikyouseido.mhlw.go.jp/znk-web/juminkanja/S2430/initialize?prefCd=20&kikanCd=2205208520&kikanKbn=2", "url2": null, "内容": "うすだ医院【2:診療所】【診療科目:内科_循環器内科_消化器内科_整形外科_リハビリテーション科】長野県小諸市御影新田２１３１－１１" }, "geometry": { "type": "Point", "coordinates": [ 138.466089, 36.302106 ] } },
{ "type": "Feature", "properties": { "ID": 2022205208810, "正式名称": "北沢クリニック", "機関区分": 2, "都道府県コード": 20, "市区町村コード": 321, "所在地": "長野県北佐久郡軽井沢町軽井沢東２１ー８", "緯度": 36.347356, "経度": 138.634267, "url": "https://www.iryou.teikyouseido.mhlw.go.jp/znk-web/juminkanja/S2430/initialize?prefCd=20&kikanCd=2205208810&kikanKbn=2", "url2": null, "内容": "北沢クリニック【2:診療所】【診療科目:内科_小児科_眼科】長野県北佐久郡軽井沢町軽井沢東２１ー８" }, "geometry": { "type": "Point", "coordinates": [ 138.634267, 36.347356 ] } },
{ "type": "Feature", "properties": { "ID": 2022205209820, "正式名称": "ひらさわクリニック", "機関区分": 2, "都道府県コード": 20, "市区町村コード": 208, "所在地": "長野県小諸市本町二丁目三番九号", "緯度": 36.329074, "経度": 138.423369, "url": "https://www.iryou.teikyouseido.mhlw.go.jp/znk-web/juminkanja/S2430/initialize?prefCd=20&kikanCd=2205209820&kikanKbn=2", "url2": "https://peraichi.com/landing_pages/view/3zozp", "内容": "ひらさわクリニック【2:診療所】【診療科目:精神科_心療内科】長野県小諸市本町二丁目三番九号" }, "geometry": { "type": "Point", "coordinates": [ 138.423369, 36.329074 ] } },
{ "type": "Feature", "properties": { "ID": 2022205210190, "正式名称": "森の診療室", "機関区分": 2, "都道府県コード": 20, "市区町村コード": 321, "所在地": "長野県北佐久郡軽井沢町軽井沢３０８－１０", "緯度": 36.357372, "経度": 138.629503, "url": "https://www.iryou.teikyouseido.mhlw.go.jp/znk-web/juminkanja/S2430/initialize?prefCd=20&kikanCd=2205210190&kikanKbn=2", "url2": null, "内容": "森の診療室【2:診療所】【診療科目:形成外科_皮膚科_美容皮膚科】長野県北佐久郡軽井沢町軽井沢３０８－１０" }, "geometry": { "type": "Point", "coordinates": [ 138.629503, 36.357372 ] } },
{ "type": "Feature", "properties": { "ID": 2022205210350, "正式名称": "みよたファミリークリニック", "機関区分": 2, "都道府県コード": 20, "市区町村コード": 323, "所在地": "長野県北佐久郡御代田町大字御代田４１０６ー１２３", "緯度": 36.313523, "経度": 138.521933, "url": "https://www.iryou.teikyouseido.mhlw.go.jp/znk-web/juminkanja/S2430/initialize?prefCd=20&kikanCd=2205210350&kikanKbn=2", "url2": "http://miyota-family.com/", "内容": "みよたファミリークリニック【2:診療所】【診療科目:内科_小児科_耳鼻いんこう科_皮膚科_美容皮膚科_アレルギー科】長野県北佐久郡御代田町大字御代田４１０６ー１２３" }, "geometry": { "type": "Point", "coordinates": [ 138.521933, 36.313523 ] } },
{ "type": "Feature", "properties": { "ID": 2022205211520, "正式名称": "発地こころのケアクリニック", "機関区分": 2, "都道府県コード": 20, "市区町村コード": 321, "所在地": "長野県北佐久郡軽井沢町発地", "緯度": 36.299145, "経度": 138.62122, "url": "https://www.iryou.teikyouseido.mhlw.go.jp/znk-web/juminkanja/S2430/initialize?prefCd=20&kikanCd=2205211520&kikanKbn=2", "url2": "http://kokoroc.com", "内容": "発地こころのケアクリニック【2:診療所】【診療科目:精神科_心療内科】長野県北佐久郡軽井沢町発地" }, "geometry": { "type": "Point", "coordinates": [ 138.62122, 36.299145 ] } },
{ "type": "Feature", "properties": { "ID": 2022205211650, "正式名称": "ＵＥＮＯ　ＣＬＩＮＩＣ", "機関区分": 2, "都道府県コード": 20, "市区町村コード": 321, "所在地": "長野県北佐久郡軽井沢町軽井沢１３２３ー１４５２", "緯度": 36.355463, "経度": 138.633802, "url": "https://www.iryou.teikyouseido.mhlw.go.jp/znk-web/juminkanja/S2430/initialize?prefCd=20&kikanCd=2205211650&kikanKbn=2", "url2": "http://www.uenoclinic.org", "内容": "ＵＥＮＯ　ＣＬＩＮＩＣ【2:診療所】【診療科目:内科_消化器内科_内視鏡内科_外科_消化器外科_消化器・移植外科_皮膚科】長野県北佐久郡軽井沢町軽井沢１３２３ー１４５２" }, "geometry": { "type": "Point", "coordinates": [ 138.633802, 36.355463 ] } },
{ "type": "Feature", "properties": { "ID": 2022205211940, "正式名称": "甘利医院わだ", "機関区分": 2, "都道府県コード": 20, "市区町村コード": 208, "所在地": "長野県小諸市和田８４１－７", "緯度": 36.293244, "経度": 138.460856, "url": "https://www.iryou.teikyouseido.mhlw.go.jp/znk-web/juminkanja/S2430/initialize?prefCd=20&kikanCd=2205211940&kikanKbn=2", "url2": "http://amariclinic.or.jp", "内容": "甘利医院わだ【2:診療所】【診療科目:内科_感染症内科_循環器内科_小児科】長野県小諸市和田８４１－７" }, "geometry": { "type": "Point", "coordinates": [ 138.460856, 36.293244 ] } },
{ "type": "Feature", "properties": { "ID": 2022205212530, "正式名称": "医療法人わかば内科クリニック", "機関区分": 2, "都道府県コード": 20, "市区町村コード": 217, "所在地": "長野県佐久市中込３２８４－２", "緯度": 36.254147, "経度": 138.473489, "url": "https://www.iryou.teikyouseido.mhlw.go.jp/znk-web/juminkanja/S2430/initialize?prefCd=20&kikanCd=2205212530&kikanKbn=2", "url2": "http://www.wakaba-naika.com", "内容": "医療法人わかば内科クリニック【2:診療所】【診療科目:内科_糖尿病内科_呼吸器内科_循環器内科_消化器内科_アレルギー科】長野県佐久市中込３２８４－２" }, "geometry": { "type": "Point", "coordinates": [ 138.473489, 36.254147 ] } },
{ "type": "Feature", "properties": { "ID": 2022205300730, "正式名称": "医療法人有和会　宮坂内科小児科医院", "機関区分": 2, "都道府県コード": 20, "市区町村コード": 203, "所在地": "長野県上田市常田２－５－３", "緯度": 36.395729, "経度": 138.25452, "url": "https://www.iryou.teikyouseido.mhlw.go.jp/znk-web/juminkanja/S2430/initialize?prefCd=20&kikanCd=2205300730&kikanKbn=2", "url2": "http://miyasaka-naikashonika-iin.com/", "内容": "医療法人有和会　宮坂内科小児科医院【2:診療所】【診療科目:内科_小児科】長野県上田市常田２－５－３" }, "geometry": { "type": "Point", "coordinates": [ 138.25452, 36.395729 ] } },
{ "type": "Feature", "properties": { "ID": 2022205301900, "正式名称": "村上医院", "機関区分": 2, "都道府県コード": 20, "市区町村コード": 203, "所在地": "長野県上田市大手１－２－６", "緯度": 36.399534, "経度": 138.249687, "url": "https://www.iryou.teikyouseido.mhlw.go.jp/znk-web/juminkanja/S2430/initialize?prefCd=20&kikanCd=2205301900&kikanKbn=2", "url2": null, "内容": "村上医院【2:診療所】【診療科目:内科_小児科】長野県上田市大手１－２－６" }, "geometry": { "type": "Point", "coordinates": [ 138.249687, 36.399534 ] } },
{ "type": "Feature", "properties": { "ID": 2022205302750, "正式名称": "飯島耳鼻咽喉科医院", "機関区分": 2, "都道府県コード": 20, "市区町村コード": 203, "所在地": "長野県上田市大手１ー１ー７８", "緯度": 36.399339, "経度": 138.249132, "url": "https://www.iryou.teikyouseido.mhlw.go.jp/znk-web/juminkanja/S2430/initialize?prefCd=20&kikanCd=2205302750&kikanKbn=2", "url2": "https://www.iijimajibika.biz", "内容": "飯島耳鼻咽喉科医院【2:診療所】【診療科目:耳鼻いんこう科】長野県上田市大手１ー１ー７８" }, "geometry": { "type": "Point", "coordinates": [ 138.249132, 36.399339 ] } },
{ "type": "Feature", "properties": { "ID": 2022205303210, "正式名称": "橋本医院", "機関区分": 2, "都道府県コード": 20, "市区町村コード": 203, "所在地": "長野県上田市舞田", "緯度": 36.361731, "経度": 138.186916, "url": "https://www.iryou.teikyouseido.mhlw.go.jp/znk-web/juminkanja/S2430/initialize?prefCd=20&kikanCd=2205303210&kikanKbn=2", "url2": null, "内容": "橋本医院【2:診療所】【診療科目:内科_循環器内科_消化器内科_皮膚科】長野県上田市舞田" }, "geometry": { "type": "Point", "coordinates": [ 138.186916, 36.361731 ] } },
{ "type": "Feature", "properties": { "ID": 2022205304190, "正式名称": "医療法人　三折堂　宮下医院", "機関区分": 2, "都道府県コード": 20, "市区町村コード": 203, "所在地": "長野県上田市中央西１－１５－１２", "緯度": 36.407339, "経度": 138.248409, "url": "https://www.iryou.teikyouseido.mhlw.go.jp/znk-web/juminkanja/S2430/initialize?prefCd=20&kikanCd=2205304190&kikanKbn=2", "url2": null, "内容": "医療法人　三折堂　宮下医院【2:診療所】【診療科目:内科_神経内科】長野県上田市中央西１－１５－１２" }, "geometry": { "type": "Point", "coordinates": [ 138.248409, 36.407339 ] } },
{ "type": "Feature", "properties": { "ID": 2022205304930, "正式名称": "金井医院", "機関区分": 2, "都道府県コード": 20, "市区町村コード": 203, "所在地": "長野県上田市国分１１２２－１", "緯度": 36.381425, "経度": 138.270936, "url": "https://www.iryou.teikyouseido.mhlw.go.jp/znk-web/juminkanja/S2430/initialize?prefCd=20&kikanCd=2205304930&kikanKbn=2", "url2": null, "内容": "金井医院【2:診療所】【診療科目:耳鼻いんこう科】長野県上田市国分１１２２－１" }, "geometry": { "type": "Point", "coordinates": [ 138.270936, 36.381425 ] } },
{ "type": "Feature", "properties": { "ID": 2022205305070, "正式名称": "斉藤外科医院", "機関区分": 2, "都道府県コード": 20, "市区町村コード": 203, "所在地": "長野県上田市蒼久保１１７７－７", "緯度": 36.375288, "経度": 138.281158, "url": "https://www.iryou.teikyouseido.mhlw.go.jp/znk-web/juminkanja/S2430/initialize?prefCd=20&kikanCd=2205305070&kikanKbn=2", "url2": "https://saitogeka.com", "内容": "斉藤外科医院【2:診療所】【診療科目:内科_消化器内科_外科_整形外科_皮膚科】長野県上田市蒼久保１１７７－７" }, "geometry": { "type": "Point", "coordinates": [ 138.281158, 36.375288 ] } },
{ "type": "Feature", "properties": { "ID": 2022205306080, "正式名称": "医療法人　クリニック岡田", "機関区分": 2, "都道府県コード": 20, "市区町村コード": 203, "所在地": "長野県上田市中央６ー１０ー１０", "緯度": 36.40395, "経度": 138.259825, "url": "https://www.iryou.teikyouseido.mhlw.go.jp/znk-web/juminkanja/S2430/initialize?prefCd=20&kikanCd=2205306080&kikanKbn=2", "url2": "http://clinic-okada.hs.plala.or.jp", "内容": "医療法人　クリニック岡田【2:診療所】【診療科目:内科_循環器内科_心臓血管外科】長野県上田市中央６ー１０ー１０" }, "geometry": { "type": "Point", "coordinates": [ 138.259825, 36.40395 ] } },
{ "type": "Feature", "properties": { "ID": 2022205306950, "正式名称": "ささき小児科医院", "機関区分": 2, "都道府県コード": 20, "市区町村コード": 203, "所在地": "長野県上田市常磐城５ー１ー１９", "緯度": 36.409588, "経度": 138.242937, "url": "https://www.iryou.teikyouseido.mhlw.go.jp/znk-web/juminkanja/S2430/initialize?prefCd=20&kikanCd=2205306950&kikanKbn=2", "url2": null, "内容": "ささき小児科医院【2:診療所】【診療科目:内科_小児科】長野県上田市常磐城５ー１ー１９" }, "geometry": { "type": "Point", "coordinates": [ 138.242937, 36.409588 ] } },
{ "type": "Feature", "properties": { "ID": 2022205307090, "正式名称": "わかた内科", "機関区分": 2, "都道府県コード": 20, "市区町村コード": 203, "所在地": "長野県上田市新町１８０－１", "緯度": 36.350427, "経度": 138.190361, "url": "https://www.iryou.teikyouseido.mhlw.go.jp/znk-web/juminkanja/S2430/initialize?prefCd=20&kikanCd=2205307090&kikanKbn=2", "url2": null, "内容": "わかた内科【2:診療所】【診療科目:内科】長野県上田市新町１８０－１" }, "geometry": { "type": "Point", "coordinates": [ 138.190361, 36.350427 ] } },
{ "type": "Feature", "properties": { "ID": 2022205308000, "正式名称": "医療法人秀栄会　岸医院", "機関区分": 2, "都道府県コード": 20, "市区町村コード": 203, "所在地": "長野県上田市上丸子", "緯度": 36.328237, "経度": 138.270883, "url": "https://www.iryou.teikyouseido.mhlw.go.jp/znk-web/juminkanja/S2430/initialize?prefCd=20&kikanCd=2205308000&kikanKbn=2", "url2": null, "内容": "医療法人秀栄会　岸医院【2:診療所】【診療科目:内科_呼吸器内科_循環器内科_胃腸内科_整形外科_小児科_精神科_心療内科_リハビリテーション科】長野県上田市上丸子" }, "geometry": { "type": "Point", "coordinates": [ 138.270883, 36.328237 ] } },
{ "type": "Feature", "properties": { "ID": 2022205309300, "正式名称": "柳沢医院", "機関区分": 2, "都道府県コード": 20, "市区町村コード": 219, "所在地": "長野県東御市滋野", "緯度": 36.344571, "経度": 138.37604, "url": "https://www.iryou.teikyouseido.mhlw.go.jp/znk-web/juminkanja/S2430/initialize?prefCd=20&kikanCd=2205309300&kikanKbn=2", "url2": null, "内容": "柳沢医院【2:診療所】【診療科目:内科_小児科】長野県東御市滋野" }, "geometry": { "type": "Point", "coordinates": [ 138.37604, 36.344571 ] } },
{ "type": "Feature", "properties": { "ID": 2022205309430, "正式名称": "医療法人緑風会　祢津診療所", "機関区分": 2, "都道府県コード": 20, "市区町村コード": 219, "所在地": "長野県東御市祢津３４３－２", "緯度": 36.369142, "経度": 138.356736, "url": "https://www.iryou.teikyouseido.mhlw.go.jp/znk-web/juminkanja/S2430/initialize?prefCd=20&kikanCd=2205309430&kikanKbn=2", "url2": "www.ryokufuukai.or.jp/group/", "内容": "医療法人緑風会　祢津診療所【2:診療所】【診療科目:内科_呼吸器内科_消化器内科_精神科_神経科_心療内科_歯科_リハビリテーション科】長野県東御市祢津３４３－２" }, "geometry": { "type": "Point", "coordinates": [ 138.356736, 36.369142 ] } },
{ "type": "Feature", "properties": { "ID": 2022205309720, "正式名称": "医療法人長谷川耳鼻咽喉科医院", "機関区分": 2, "都道府県コード": 20, "市区町村コード": 219, "所在地": "長野県東御市県１２４ー３", "緯度": 36.358346, "経度": 138.328376, "url": "https://www.iryou.teikyouseido.mhlw.go.jp/znk-web/juminkanja/S2430/initialize?prefCd=20&kikanCd=2205309720&kikanKbn=2", "url2": "http://hasegawajibi.byoinnavi.jp", "内容": "医療法人長谷川耳鼻咽喉科医院【2:診療所】【診療科目:小児耳鼻いんこう科_頭頸部・耳鼻いんこう科_アレルギー科】長野県東御市県１２４ー３" }, "geometry": { "type": "Point", "coordinates": [ 138.328376, 36.358346 ] } },
{ "type": "Feature", "properties": { "ID": 2022205310700, "正式名称": "酒井医院", "機関区分": 2, "都道府県コード": 20, "市区町村コード": 219, "所在地": "長野県東御市田中８００ー５１", "緯度": 36.351958, "経度": 138.337959, "url": "https://www.iryou.teikyouseido.mhlw.go.jp/znk-web/juminkanja/S2430/initialize?prefCd=20&kikanCd=2205310700&kikanKbn=2", "url2": "https//www.sakaiiin-tomi.com", "内容": "酒井医院【2:診療所】【診療科目:内科_糖尿病・内分泌内科_小児科_皮膚科】長野県東御市田中８００ー５１" }, "geometry": { "type": "Point", "coordinates": [ 138.337959, 36.351958 ] } },
{ "type": "Feature", "properties": { "ID": 2022205311260, "正式名称": "医療法人社団真征会　池田クリニック", "機関区分": 2, "都道府県コード": 20, "市区町村コード": 203, "所在地": "長野県上田市上田原６８７番地１", "緯度": 36.390256, "経度": 138.218718, "url": "https://www.iryou.teikyouseido.mhlw.go.jp/znk-web/juminkanja/S2430/initialize?prefCd=20&kikanCd=2205311260&kikanKbn=2", "url2": null, "内容": "医療法人社団真征会　池田クリニック【2:診療所】【診療科目:内科_呼吸器内科_循環器内科_腎臓内科_アレルギー科】長野県上田市上田原６８７番地１" }, "geometry": { "type": "Point", "coordinates": [ 138.218718, 36.390256 ] } },
{ "type": "Feature", "properties": { "ID": 2022205311390, "正式名称": "大谷外科・眼科", "機関区分": 2, "都道府県コード": 20, "市区町村コード": 203, "所在地": "長野県上田市常田３－２－８", "緯度": 36.39709, "経度": 138.260298, "url": "https://www.iryou.teikyouseido.mhlw.go.jp/znk-web/juminkanja/S2430/initialize?prefCd=20&kikanCd=2205311390&kikanKbn=2", "url2": "http://otani-gekaganka.com", "内容": "大谷外科・眼科【2:診療所】【診療科目:内科_呼吸器内科_外科_呼吸器外科_眼科】長野県上田市常田３－２－８" }, "geometry": { "type": "Point", "coordinates": [ 138.260298, 36.39709 ] } },
{ "type": "Feature", "properties": { "ID": 2022205311550, "正式名称": "医療法人小林会　小林医院", "機関区分": 2, "都道府県コード": 20, "市区町村コード": 203, "所在地": "長野県上田市真田町傍陽５７１", "緯度": 36.450085, "経度": 138.298625, "url": "https://www.iryou.teikyouseido.mhlw.go.jp/znk-web/juminkanja/S2430/initialize?prefCd=20&kikanCd=2205311550&kikanKbn=2", "url2": null, "内容": "医療法人小林会　小林医院【2:診療所】【診療科目:内科_消化器内科_小児科_放射線科】長野県上田市真田町傍陽５７１" }, "geometry": { "type": "Point", "coordinates": [ 138.298625, 36.450085 ] } },
{ "type": "Feature", "properties": { "ID": 2022205311680, "正式名称": "のどか内科クリニック", "機関区分": 2, "都道府県コード": 20, "市区町村コード": 203, "所在地": "長野県上田市中丸子", "緯度": 36.332181, "経度": 138.272438, "url": "https://www.iryou.teikyouseido.mhlw.go.jp/znk-web/juminkanja/S2430/initialize?prefCd=20&kikanCd=2205311680&kikanKbn=2", "url2": "https://nodoka-naika.clinic", "内容": "のどか内科クリニック【2:診療所】【診療科目:内科_血液内科_腫瘍内科_小児科】長野県上田市中丸子" }, "geometry": { "type": "Point", "coordinates": [ 138.272438, 36.332181 ] } },
{ "type": "Feature", "properties": { "ID": 2022205311970, "正式名称": "上田市武石診療所", "機関区分": 2, "都道府県コード": 20, "市区町村コード": 203, "所在地": "長野県上田市下武石７７１番地１", "緯度": 36.286158, "経度": 138.236248, "url": "https://www.iryou.teikyouseido.mhlw.go.jp/znk-web/juminkanja/S2430/initialize?prefCd=20&kikanCd=2205311970&kikanKbn=2", "url2": "https://www.city.ueda.nagano.jp/soshiki/tsimin/1228.html", "内容": "上田市武石診療所【2:診療所】【診療科目:内科_外科_小児科】長野県上田市下武石７７１番地１" }, "geometry": { "type": "Point", "coordinates": [ 138.236248, 36.286158 ] } },
{ "type": "Feature", "properties": { "ID": 2022205312010, "正式名称": "吉田こども医院", "機関区分": 2, "都道府県コード": 20, "市区町村コード": 203, "所在地": "長野県上田市常入", "緯度": 36.389897, "経度": 138.27038, "url": "https://www.iryou.teikyouseido.mhlw.go.jp/znk-web/juminkanja/S2430/initialize?prefCd=20&kikanCd=2205312010&kikanKbn=2", "url2": null, "内容": "吉田こども医院【2:診療所】【診療科目:小児科】長野県上田市常入" }, "geometry": { "type": "Point", "coordinates": [ 138.27038, 36.389897 ] } },
{ "type": "Feature", "properties": { "ID": 2022205312140, "正式名称": "医療法人荻原眼科医院", "機関区分": 2, "都道府県コード": 20, "市区町村コード": 219, "所在地": "長野県東御市県２０９－３", "緯度": 36.35793, "経度": 138.334737, "url": "https://www.iryou.teikyouseido.mhlw.go.jp/znk-web/juminkanja/S2430/initialize?prefCd=20&kikanCd=2205312140&kikanKbn=2", "url2": null, "内容": "医療法人荻原眼科医院【2:診療所】【診療科目:眼科】長野県東御市県２０９－３" }, "geometry": { "type": "Point", "coordinates": [ 138.334737, 36.35793 ] } },
{ "type": "Feature", "properties": { "ID": 2022205312300, "正式名称": "上田腎臓クリニック", "機関区分": 2, "都道府県コード": 20, "市区町村コード": 203, "所在地": "長野県上田市住吉", "緯度": 36.405923, "経度": 138.279212, "url": "https://www.iryou.teikyouseido.mhlw.go.jp/znk-web/juminkanja/S2430/initialize?prefCd=20&kikanCd=2205312300&kikanKbn=2", "url2": "http://www.jishyukai.or.jp", "内容": "上田腎臓クリニック【2:診療所】【診療科目:内科_胃腸内科_腎臓内科_外科_整形外科_婦人科_泌尿器科】長野県上田市住吉" }, "geometry": { "type": "Point", "coordinates": [ 138.279212, 36.405923 ] } },
{ "type": "Feature", "properties": { "ID": 2022205312690, "正式名称": "医療法人　ささき医院", "機関区分": 2, "都道府県コード": 20, "市区町村コード": 219, "所在地": "長野県東御市本海野１６７３−１", "緯度": 36.362734, "経度": 138.321071, "url": "https://www.iryou.teikyouseido.mhlw.go.jp/znk-web/juminkanja/S2430/initialize?prefCd=20&kikanCd=2205312690&kikanKbn=2", "url2": "http://www.myclinic.ne.jp/sasaki-iin/", "内容": "医療法人　ささき医院【2:診療所】【診療科目:内科_外科_乳腺・内分泌外科_肛門外科_耳鼻いんこう科】長野県東御市本海野１６７３−１" }, "geometry": { "type": "Point", "coordinates": [ 138.321071, 36.362734 ] } },
{ "type": "Feature", "properties": { "ID": 2022205312720, "正式名称": "田中クリニック", "機関区分": 2, "都道府県コード": 20, "市区町村コード": 203, "所在地": "長野県上田市常入１－７－４２", "緯度": 36.390619, "経度": 138.271713, "url": "https://www.iryou.teikyouseido.mhlw.go.jp/znk-web/juminkanja/S2430/initialize?prefCd=20&kikanCd=2205312720&kikanKbn=2", "url2": null, "内容": "田中クリニック【2:診療所】【診療科目:内科_皮膚科_泌尿器科】長野県上田市常入１－７－４２" }, "geometry": { "type": "Point", "coordinates": [ 138.271713, 36.390619 ] } },
{ "type": "Feature", "properties": { "ID": 2022205313440, "正式名称": "上田生協診療所", "機関区分": 2, "都道府県コード": 20, "市区町村コード": 203, "所在地": "長野県上田市上塩尻３９３番地１", "緯度": 36.414809, "経度": 138.221411, "url": "https://www.iryou.teikyouseido.mhlw.go.jp/znk-web/juminkanja/S2430/initialize?prefCd=20&kikanCd=2205313440&kikanKbn=2", "url2": "http://www.toshin-iryou.com", "内容": "上田生協診療所【2:診療所】【診療科目:内科_呼吸器内科_循環器内科_消化器内科_放射線科】長野県上田市上塩尻３９３番地１" }, "geometry": { "type": "Point", "coordinates": [ 138.221411, 36.414809 ] } },
{ "type": "Feature", "properties": { "ID": 2022205313570, "正式名称": "医療法人社団弦巻会　上田原レディース＆マタニティークリニック", "機関区分": 2, "都道府県コード": 20, "市区町村コード": 203, "所在地": "長野県上田市上田原４５５－１", "緯度": 36.388729, "経度": 138.215691, "url": "https://www.iryou.teikyouseido.mhlw.go.jp/znk-web/juminkanja/S2430/initialize?prefCd=20&kikanCd=2205313570&kikanKbn=2", "url2": "http://www.avis.ne.jp/~ueda-lmc/", "内容": "医療法人社団弦巻会　上田原レディース＆マタニティークリニック【2:診療所】【診療科目:小児科_産科_婦人科】長野県上田市上田原４５５－１" }, "geometry": { "type": "Point", "coordinates": [ 138.215691, 36.388729 ] } },
{ "type": "Feature", "properties": { "ID": 2022205313600, "正式名称": "医療法人ほしやま内科", "機関区分": 2, "都道府県コード": 20, "市区町村コード": 219, "所在地": "長野県東御市常田１７２－１", "緯度": 36.356152, "経度": 138.343486, "url": "https://www.iryou.teikyouseido.mhlw.go.jp/znk-web/juminkanja/S2430/initialize?prefCd=20&kikanCd=2205313600&kikanKbn=2", "url2": "http://www.hoshiyama.or.jp", "内容": "医療法人ほしやま内科【2:診療所】【診療科目:内科_消化器内科_小児科_リハビリテーション科】長野県東御市常田１７２－１" }, "geometry": { "type": "Point", "coordinates": [ 138.343486, 36.356152 ] } },
{ "type": "Feature", "properties": { "ID": 2022205313730, "正式名称": "森　ロコモクリニック", "機関区分": 2, "都道府県コード": 20, "市区町村コード": 203, "所在地": "長野県上田市下之郷乙", "緯度": 36.374092, "経度": 138.217108, "url": "https://www.iryou.teikyouseido.mhlw.go.jp/znk-web/juminkanja/S2430/initialize?prefCd=20&kikanCd=2205313730&kikanKbn=2", "url2": "http://www.mori-locomo.com", "内容": "森　ロコモクリニック【2:診療所】【診療科目:整形外科_リウマチ科_リハビリテーション科】長野県上田市下之郷乙" }, "geometry": { "type": "Point", "coordinates": [ 138.217108, 36.374092 ] } },
{ "type": "Feature", "properties": { "ID": 2022205313990, "正式名称": "今井眼科医院", "機関区分": 2, "都道府県コード": 20, "市区町村コード": 203, "所在地": "長野県上田市下之郷乙３４６－６", "緯度": 36.374444, "経度": 138.217054, "url": "https://www.iryou.teikyouseido.mhlw.go.jp/znk-web/juminkanja/S2430/initialize?prefCd=20&kikanCd=2205313990&kikanKbn=2", "url2": "http://www5b.biglobe.ne.jp/~i-ganka/", "内容": "今井眼科医院【2:診療所】【診療科目:眼科】長野県上田市下之郷乙３４６－６" }, "geometry": { "type": "Point", "coordinates": [ 138.217054, 36.374444 ] } },
{ "type": "Feature", "properties": { "ID": 2022205314610, "正式名称": "住吉耳鼻咽喉科医院", "機関区分": 2, "都道府県コード": 20, "市区町村コード": 203, "所在地": "長野県上田市住吉６２６－１１", "緯度": 36.407228, "経度": 138.271796, "url": "https://www.iryou.teikyouseido.mhlw.go.jp/znk-web/juminkanja/S2430/initialize?prefCd=20&kikanCd=2205314610&kikanKbn=2", "url2": "http://www.ueda.ne.jp/~miya3387/", "内容": "住吉耳鼻咽喉科医院【2:診療所】【診療科目:耳鼻いんこう科】長野県上田市住吉６２６－１１" }, "geometry": { "type": "Point", "coordinates": [ 138.271796, 36.407228 ] } },
{ "type": "Feature", "properties": { "ID": 2022205315330, "正式名称": "医療法人日新会　日新堂医院", "機関区分": 2, "都道府県コード": 20, "市区町村コード": 203, "所在地": "長野県上田市中央３－１４－２０", "緯度": 36.401534, "経度": 138.255159, "url": "https://www.iryou.teikyouseido.mhlw.go.jp/znk-web/juminkanja/S2430/initialize?prefCd=20&kikanCd=2205315330&kikanKbn=2", "url2": "http://nttbj.itp.ne.jp/0268220558/index.html", "内容": "医療法人日新会　日新堂医院【2:診療所】【診療科目:内科_呼吸器内科_アレルギー科】長野県上田市中央３－１４－２０" }, "geometry": { "type": "Point", "coordinates": [ 138.255159, 36.401534 ] } },
{ "type": "Feature", "properties": { "ID": 2022205315750, "正式名称": "い内科クリニック", "機関区分": 2, "都道府県コード": 20, "市区町村コード": 203, "所在地": "長野県上田市古里１６６－１", "緯度": 36.401563, "経度": 138.289684, "url": "https://www.iryou.teikyouseido.mhlw.go.jp/znk-web/juminkanja/S2430/initialize?prefCd=20&kikanCd=2205315750&kikanKbn=2", "url2": null, "内容": "い内科クリニック【2:診療所】【診療科目:内科_循環器内科_胃腸内科_小児科】長野県上田市古里１６６－１" }, "geometry": { "type": "Point", "coordinates": [ 138.289684, 36.401563 ] } },
{ "type": "Feature", "properties": { "ID": 2022205315910, "正式名称": "杉山クリニック", "機関区分": 2, "都道府県コード": 20, "市区町村コード": 203, "所在地": "長野県上田市中央北", "緯度": 36.409255, "経度": 138.255325, "url": "https://www.iryou.teikyouseido.mhlw.go.jp/znk-web/juminkanja/S2430/initialize?prefCd=20&kikanCd=2205315910&kikanKbn=2", "url2": null, "内容": "杉山クリニック【2:診療所】【診療科目:小児科_アレルギー科】長野県上田市中央北" }, "geometry": { "type": "Point", "coordinates": [ 138.255325, 36.409255 ] } },
{ "type": "Feature", "properties": { "ID": 2022205316210, "正式名称": "こさとクリニック", "機関区分": 2, "都道府県コード": 20, "市区町村コード": 203, "所在地": "長野県上田市古里１９２６－１７", "緯度": 36.39859, "経度": 138.27513, "url": "https://www.iryou.teikyouseido.mhlw.go.jp/znk-web/juminkanja/S2430/initialize?prefCd=20&kikanCd=2205316210&kikanKbn=2", "url2": "http://kosato-clinic.com/", "内容": "こさとクリニック【2:診療所】【診療科目:内科_呼吸器内科_皮膚科_アレルギー科】長野県上田市古里１９２６－１７" }, "geometry": { "type": "Point", "coordinates": [ 138.27513, 36.39859 ] } },
{ "type": "Feature", "properties": { "ID": 2022205316470, "正式名称": "医療法人　角田産婦人科医院", "機関区分": 2, "都道府県コード": 20, "市区町村コード": 203, "所在地": "長野県上田市上田１２１０－３", "緯度": 36.412727, "経度": 138.266769, "url": "https://www.iryou.teikyouseido.mhlw.go.jp/znk-web/juminkanja/S2430/initialize?prefCd=20&kikanCd=2205316470&kikanKbn=2", "url2": "https://tsunoda-sanfujinka.com", "内容": "医療法人　角田産婦人科医院【2:診療所】【診療科目:産婦人科】長野県上田市上田１２１０－３" }, "geometry": { "type": "Point", "coordinates": [ 138.266769, 36.412727 ] } },
{ "type": "Feature", "properties": { "ID": 2022205316630, "正式名称": "医療法人　かんがわクリニック", "機関区分": 2, "都道府県コード": 20, "市区町村コード": 203, "所在地": "長野県上田市蒼久保１１４４－１", "緯度": 36.378176, "経度": 138.280102, "url": "https://www.iryou.teikyouseido.mhlw.go.jp/znk-web/juminkanja/S2430/initialize?prefCd=20&kikanCd=2205316630&kikanKbn=2", "url2": null, "内容": "医療法人　かんがわクリニック【2:診療所】【診療科目:内科_外科_リハビリテーション科】長野県上田市蒼久保１１４４－１" }, "geometry": { "type": "Point", "coordinates": [ 138.280102, 36.378176 ] } },
{ "type": "Feature", "properties": { "ID": 2022205316760, "正式名称": "社会医療法人恵仁会菅平高原クリニック", "機関区分": 2, "都道府県コード": 20, "市区町村コード": 203, "所在地": "長野県上田市菅平高原１２２３番地", "緯度": 36.525633, "経度": 138.330481, "url": "https://www.iryou.teikyouseido.mhlw.go.jp/znk-web/juminkanja/S2430/initialize?prefCd=20&kikanCd=2205316760&kikanKbn=2", "url2": "http://www.keijinnet.or.jp/", "内容": "社会医療法人恵仁会菅平高原クリニック【2:診療所】【診療科目:内科_外科_整形外科_形成外科_小児科_皮膚科】長野県上田市菅平高原１２２３番地" }, "geometry": { "type": "Point", "coordinates": [ 138.330481, 36.525633 ] } },
{ "type": "Feature", "properties": { "ID": 2022205316920, "正式名称": "依田医院", "機関区分": 2, "都道府県コード": 20, "市区町村コード": 203, "所在地": "長野県上田市常磐城５－３－３", "緯度": 36.409644, "経度": 138.239993, "url": "https://www.iryou.teikyouseido.mhlw.go.jp/znk-web/juminkanja/S2430/initialize?prefCd=20&kikanCd=2205316920&kikanKbn=2", "url2": null, "内容": "依田医院【2:診療所】【診療科目:内科】長野県上田市常磐城５－３－３" }, "geometry": { "type": "Point", "coordinates": [ 138.239993, 36.409644 ] } },
{ "type": "Feature", "properties": { "ID": 2022205317060, "正式名称": "山田内科医院", "機関区分": 2, "都道府県コード": 20, "市区町村コード": 203, "所在地": "長野県上田市下之郷乙３５１番地１", "緯度": 36.374703, "経度": 138.21683, "url": "https://www.iryou.teikyouseido.mhlw.go.jp/znk-web/juminkanja/S2430/initialize?prefCd=20&kikanCd=2205317060&kikanKbn=2", "url2": null, "内容": "山田内科医院【2:診療所】【診療科目:内科_小児科_アレルギー科_リウマチ科】長野県上田市下之郷乙３５１番地１" }, "geometry": { "type": "Point", "coordinates": [ 138.21683, 36.374703 ] } },
{ "type": "Feature", "properties": { "ID": 2022205317190, "正式名称": "医療法人芳栄会　甲田クリニック", "機関区分": 2, "都道府県コード": 20, "市区町村コード": 203, "所在地": "長野県上田市古安曽１８３３", "緯度": 36.3479, "経度": 138.219331, "url": "https://www.iryou.teikyouseido.mhlw.go.jp/znk-web/juminkanja/S2430/initialize?prefCd=20&kikanCd=2205317190&kikanKbn=2", "url2": "https://www.kohda-clinic.com", "内容": "医療法人芳栄会　甲田クリニック【2:診療所】【診療科目:内科_消化器内科_小児科_耳鼻いんこう科_頭頸部・耳鼻いんこう科_アレルギー科】長野県上田市古安曽１８３３" }, "geometry": { "type": "Point", "coordinates": [ 138.219331, 36.3479 ] } },
{ "type": "Feature", "properties": { "ID": 2022205317220, "正式名称": "飯田整形ペインクリニック", "機関区分": 2, "都道府県コード": 20, "市区町村コード": 203, "所在地": "長野県上田市上田原７１７－１２", "緯度": 36.391034, "経度": 138.220385, "url": "https://www.iryou.teikyouseido.mhlw.go.jp/znk-web/juminkanja/S2430/initialize?prefCd=20&kikanCd=2205317220&kikanKbn=2", "url2": null, "内容": "飯田整形ペインクリニック【2:診療所】【診療科目:整形外科_リウマチ科_リハビリテーション科_麻酔科】長野県上田市上田原７１７－１２" }, "geometry": { "type": "Point", "coordinates": [ 138.220385, 36.391034 ] } },
{ "type": "Feature", "properties": { "ID": 2022205317350, "正式名称": "社会医療法人恵仁会　さなだクリニック", "機関区分": 2, "都道府県コード": 20, "市区町村コード": 203, "所在地": "長野県上田市真田町長３９０８番地１", "緯度": 36.447336, "経度": 138.321124, "url": "https://www.iryou.teikyouseido.mhlw.go.jp/znk-web/juminkanja/S2430/initialize?prefCd=20&kikanCd=2205317350&kikanKbn=2", "url2": "http://www.keijinnet.or.jp/", "内容": "社会医療法人恵仁会　さなだクリニック【2:診療所】【診療科目:内科_整形外科_形成外科_リウマチ科_リハビリテーション科】長野県上田市真田町長３９０８番地１" }, "geometry": { "type": "Point", "coordinates": [ 138.321124, 36.447336 ] } },
{ "type": "Feature", "properties": { "ID": 2022205317510, "正式名称": "医療法人半田循環器科内科医院", "機関区分": 2, "都道府県コード": 20, "市区町村コード": 203, "所在地": "長野県上田市中之条４１６－３", "緯度": 36.3957, "経度": 138.226606, "url": "https://www.iryou.teikyouseido.mhlw.go.jp/znk-web/juminkanja/S2430/initialize?prefCd=20&kikanCd=2205317510&kikanKbn=2", "url2": null, "内容": "医療法人半田循環器科内科医院【2:診療所】【診療科目:循環器内科】長野県上田市中之条４１６－３" }, "geometry": { "type": "Point", "coordinates": [ 138.226606, 36.3957 ] } },
{ "type": "Feature", "properties": { "ID": 2022205317770, "正式名称": "医療法人緑会青木診療所", "機関区分": 2, "都道府県コード": 20, "市区町村コード": 349, "所在地": "長野県小県郡青木村田沢１１８", "緯度": 36.370117, "経度": 138.127421, "url": "https://www.iryou.teikyouseido.mhlw.go.jp/znk-web/juminkanja/S2430/initialize?prefCd=20&kikanCd=2205317770&kikanKbn=2", "url2": null, "内容": "医療法人緑会青木診療所【2:診療所】【診療科目:内科_小児科】長野県小県郡青木村田沢１１８" }, "geometry": { "type": "Point", "coordinates": [ 138.127421, 36.370117 ] } },
{ "type": "Feature", "properties": { "ID": 2022205318070, "正式名称": "医療法人　せき内科クリニック", "機関区分": 2, "都道府県コード": 20, "市区町村コード": 219, "所在地": "長野県東御市本海野　１４９６ー１０２", "緯度": 36.364345, "経度": 138.317211, "url": "https://www.iryou.teikyouseido.mhlw.go.jp/znk-web/juminkanja/S2430/initialize?prefCd=20&kikanCd=2205318070&kikanKbn=2", "url2": null, "内容": "医療法人　せき内科クリニック【2:診療所】【診療科目:内科_循環器内科_消化器内科_小児科】長野県東御市本海野　１４９６ー１０２" }, "geometry": { "type": "Point", "coordinates": [ 138.317211, 36.364345 ] } },
{ "type": "Feature", "properties": { "ID": 2022205318490, "正式名称": "生田耳鼻咽喉科医院", "機関区分": 2, "都道府県コード": 20, "市区町村コード": 203, "所在地": "長野県上田市生田３７５２ー１", "緯度": 36.348735, "経度": 138.275243, "url": "https://www.iryou.teikyouseido.mhlw.go.jp/znk-web/juminkanja/S2430/initialize?prefCd=20&kikanCd=2205318490&kikanKbn=2", "url2": "http://nttbj.itp.ne.jp/0268411187/index.html", "内容": "生田耳鼻咽喉科医院【2:診療所】【診療科目:耳鼻いんこう科_気管食道・耳鼻いんこう科】長野県上田市生田３７５２ー１" }, "geometry": { "type": "Point", "coordinates": [ 138.275243, 36.348735 ] } },
{ "type": "Feature", "properties": { "ID": 2022205318650, "正式名称": "あおやぎ眼科", "機関区分": 2, "都道府県コード": 20, "市区町村コード": 203, "所在地": "長野県上田市住吉５７７番地２", "緯度": 36.407923, "経度": 138.278823, "url": "https://www.iryou.teikyouseido.mhlw.go.jp/znk-web/juminkanja/S2430/initialize?prefCd=20&kikanCd=2205318650&kikanKbn=2", "url2": "http://www.aoyagiganka.jp", "内容": "あおやぎ眼科【2:診療所】【診療科目:眼科】長野県上田市住吉５７７番地２" }, "geometry": { "type": "Point", "coordinates": [ 138.278823, 36.407923 ] } },
{ "type": "Feature", "properties": { "ID": 2022205318780, "正式名称": "医療法人あさま会　リサーチパーククリニック", "機関区分": 2, "都道府県コード": 20, "市区町村コード": 203, "所在地": "長野県上田市下之郷", "緯度": 36.361677, "経度": 138.232135, "url": "https://www.iryou.teikyouseido.mhlw.go.jp/znk-web/juminkanja/S2430/initialize?prefCd=20&kikanCd=2205318780&kikanKbn=2", "url2": "http://asamakai.com", "内容": "医療法人あさま会　リサーチパーククリニック【2:診療所】【診療科目:外科_消化器外科_麻酔科】長野県上田市下之郷" }, "geometry": { "type": "Point", "coordinates": [ 138.232135, 36.361677 ] } },
{ "type": "Feature", "properties": { "ID": 2022205318940, "正式名称": "医療法人　小泉クリニック", "機関区分": 2, "都道府県コード": 20, "市区町村コード": 203, "所在地": "長野県上田市小泉７７５－７", "緯度": 36.38335, "経度": 138.187653, "url": "https://www.iryou.teikyouseido.mhlw.go.jp/znk-web/juminkanja/S2430/initialize?prefCd=20&kikanCd=2205318940&kikanKbn=2", "url2": null, "内容": "医療法人　小泉クリニック【2:診療所】【診療科目:内科_消化器内科_外科_アレルギー科_リハビリテーション科】長野県上田市小泉７７５－７" }, "geometry": { "type": "Point", "coordinates": [ 138.187653, 36.38335 ] } },
{ "type": "Feature", "properties": { "ID": 2022205319080, "正式名称": "春原整形外科クリニック", "機関区分": 2, "都道府県コード": 20, "市区町村コード": 219, "所在地": "長野県東御市常田３９９ー１", "緯度": 36.357819, "経度": 138.339542, "url": "https://www.iryou.teikyouseido.mhlw.go.jp/znk-web/juminkanja/S2430/initialize?prefCd=20&kikanCd=2205319080&kikanKbn=2", "url2": null, "内容": "春原整形外科クリニック【2:診療所】【診療科目:整形外科_リウマチ科_リハビリテーション科】長野県東御市常田３９９ー１" }, "geometry": { "type": "Point", "coordinates": [ 138.339542, 36.357819 ] } },
{ "type": "Feature", "properties": { "ID": 2022205319370, "正式名称": "長野県厚生農業協同組合連合会　鹿教湯三才山リハビリテーションセンター　鹿教湯病院附属豊殿診療所", "機関区分": 2, "都道府県コード": 20, "市区町村コード": 203, "所在地": "長野県上田市殿城２５０－４", "緯度": 36.403118, "経度": 138.300655, "url": "https://www.iryou.teikyouseido.mhlw.go.jp/znk-web/juminkanja/S2430/initialize?prefCd=20&kikanCd=2205319370&kikanKbn=2", "url2": "http://km-rehacenter.jp/", "内容": "長野県厚生農業協同組合連合会　鹿教湯三才山リハビリテーションセンター　鹿教湯病院附属豊殿診療所【2:診療所】【診療科目:内科_脳神経内科_循環器内科_消化器内科】長野県上田市殿城２５０－４" }, "geometry": { "type": "Point", "coordinates": [ 138.300655, 36.403118 ] } },
{ "type": "Feature", "properties": { "ID": 2022205319660, "正式名称": "ハートクリニック上田", "機関区分": 2, "都道府県コード": 20, "市区町村コード": 203, "所在地": "長野県上田市踏入２－１０－６", "緯度": 36.390452, "経度": 138.259631, "url": "https://www.iryou.teikyouseido.mhlw.go.jp/znk-web/juminkanja/S2430/initialize?prefCd=20&kikanCd=2205319660&kikanKbn=2", "url2": null, "内容": "ハートクリニック上田【2:診療所】【診療科目:内科_循環器内科】長野県上田市踏入２－１０－６" }, "geometry": { "type": "Point", "coordinates": [ 138.259631, 36.390452 ] } },
{ "type": "Feature", "properties": { "ID": 2022205319790, "正式名称": "はやし内科クリニック", "機関区分": 2, "都道府県コード": 20, "市区町村コード": 203, "所在地": "長野県上田市小島２３７番地", "緯度": 36.374508, "経度": 138.207331, "url": "https://www.iryou.teikyouseido.mhlw.go.jp/znk-web/juminkanja/S2430/initialize?prefCd=20&kikanCd=2205319790&kikanKbn=2", "url2": null, "内容": "はやし内科クリニック【2:診療所】【診療科目:内科_循環器内科】長野県上田市小島２３７番地" }, "geometry": { "type": "Point", "coordinates": [ 138.207331, 36.374508 ] } },
{ "type": "Feature", "properties": { "ID": 2022205320060, "正式名称": "渡辺皮膚科・形成外科クリニック", "機関区分": 2, "都道府県コード": 20, "市区町村コード": 203, "所在地": "長野県上田市小牧３７４－３", "緯度": 36.385341, "経度": 138.253326, "url": "https://www.iryou.teikyouseido.mhlw.go.jp/znk-web/juminkanja/S2430/initialize?prefCd=20&kikanCd=2205320060&kikanKbn=2", "url2": "http://www.watanabe-hifu-keisei.jp", "内容": "渡辺皮膚科・形成外科クリニック【2:診療所】【診療科目:外科_形成外科_美容外科_皮膚科_美容皮膚科】長野県上田市小牧３７４－３" }, "geometry": { "type": "Point", "coordinates": [ 138.253326, 36.385341 ] } },
{ "type": "Feature", "properties": { "ID": 2022205320190, "正式名称": "東御記念セントラルクリニック", "機関区分": 2, "都道府県コード": 20, "市区町村コード": 219, "所在地": "長野県東御市県１６５番地１", "緯度": 36.357791, "経度": 138.332959, "url": "https://www.iryou.teikyouseido.mhlw.go.jp/znk-web/juminkanja/S2430/initialize?prefCd=20&kikanCd=2205320190&kikanKbn=2", "url2": "http://www.gakushikai.com", "内容": "東御記念セントラルクリニック【2:診療所】【診療科目:内科_消化器内科_外科_消化器外科_肛門外科_整形外科_小児科_皮膚科_心療内科_リハビリテーション科】長野県東御市県１６５番地１" }, "geometry": { "type": "Point", "coordinates": [ 138.332959, 36.357791 ] } },
{ "type": "Feature", "properties": { "ID": 2022205320510, "正式名称": "医療法人　あきわ皮膚科", "機関区分": 2, "都道府県コード": 20, "市区町村コード": 203, "所在地": "長野県上田市秋和３１０－１５", "緯度": 36.414032, "経度": 138.224967, "url": "https://www.iryou.teikyouseido.mhlw.go.jp/znk-web/juminkanja/S2430/initialize?prefCd=20&kikanCd=2205320510&kikanKbn=2", "url2": "http://akiwa-hifuka.jp/", "内容": "医療法人　あきわ皮膚科【2:診療所】【診療科目:皮膚科】長野県上田市秋和３１０－１５" }, "geometry": { "type": "Point", "coordinates": [ 138.224967, 36.414032 ] } },
{ "type": "Feature", "properties": { "ID": 2022205320800, "正式名称": "うえだはらライフクリニック", "機関区分": 2, "都道府県コード": 20, "市区町村コード": 203, "所在地": "長野県上田市上田原１０５３ー１", "緯度": 36.387979, "経度": 138.228745, "url": "https://www.iryou.teikyouseido.mhlw.go.jp/znk-web/juminkanja/S2430/initialize?prefCd=20&kikanCd=2205320800&kikanKbn=2", "url2": "http://www.keiroen.or.jp/keiroen/html/shisetu/uedahara-clinic.htm", "内容": "うえだはらライフクリニック【2:診療所】【診療科目:内科_整形外科_リウマチ科】長野県上田市上田原１０５３ー１" }, "geometry": { "type": "Point", "coordinates": [ 138.228745, 36.387979 ] } },
{ "type": "Feature", "properties": { "ID": 2022205321230, "正式名称": "上田整形外科内科", "機関区分": 2, "都道府県コード": 20, "市区町村コード": 203, "所在地": "長野県上田市常田２－１５－１６", "緯度": 36.39334, "経度": 138.258103, "url": "https://www.iryou.teikyouseido.mhlw.go.jp/znk-web/juminkanja/S2430/initialize?prefCd=20&kikanCd=2205321230&kikanKbn=2", "url2": "https://ar-ex.jp/ueda/", "内容": "上田整形外科内科【2:診療所】【診療科目:内科_呼吸器内科_ペインクリニック外科_整形外科_リハビリテーション科】長野県上田市常田２－１５－１６" }, "geometry": { "type": "Point", "coordinates": [ 138.258103, 36.39334 ] } },
{ "type": "Feature", "properties": { "ID": 2022205321360, "正式名称": "医療法人貴誠堂　大久保医院", "機関区分": 2, "都道府県コード": 20, "市区町村コード": 203, "所在地": "長野県上田市生田５０４６", "緯度": 36.347935, "経度": 138.266989, "url": "https://www.iryou.teikyouseido.mhlw.go.jp/znk-web/juminkanja/S2430/initialize?prefCd=20&kikanCd=2205321360&kikanKbn=2", "url2": null, "内容": "医療法人貴誠堂　大久保医院【2:診療所】【診療科目:内科_糖尿病・内分泌内科_呼吸器内科_消化器内科_小児科】長野県上田市生田５０４６" }, "geometry": { "type": "Point", "coordinates": [ 138.266989, 36.347935 ] } },
{ "type": "Feature", "properties": { "ID": 2022205321490, "正式名称": "上田透析クリニック", "機関区分": 2, "都道府県コード": 20, "市区町村コード": 203, "所在地": "長野県上田市御所", "緯度": 36.398673, "経度": 138.234661, "url": "https://www.iryou.teikyouseido.mhlw.go.jp/znk-web/juminkanja/S2430/initialize?prefCd=20&kikanCd=2205321490&kikanKbn=2", "url2": "https://ueda-hd.maruyamakai.jp/", "内容": "上田透析クリニック【2:診療所】【診療科目:内科_腎臓内科】長野県上田市御所" }, "geometry": { "type": "Point", "coordinates": [ 138.234661, 36.398673 ] } },
{ "type": "Feature", "properties": { "ID": 2022205321520, "正式名称": "さとう眼科クリニック", "機関区分": 2, "都道府県コード": 20, "市区町村コード": 203, "所在地": "長野県上田市神畑４３７", "緯度": 36.383229, "経度": 138.208608, "url": "https://www.iryou.teikyouseido.mhlw.go.jp/znk-web/juminkanja/S2430/initialize?prefCd=20&kikanCd=2205321520&kikanKbn=2", "url2": null, "内容": "さとう眼科クリニック【2:診療所】【診療科目:眼科】長野県上田市神畑４３７" }, "geometry": { "type": "Point", "coordinates": [ 138.208608, 36.383229 ] } },
{ "type": "Feature", "properties": { "ID": 2022205322080, "正式名称": "あきメンタルクリニック", "機関区分": 2, "都道府県コード": 20, "市区町村コード": 203, "所在地": "長野県上田市国分１１６９－１", "緯度": 36.380012, "経度": 138.272815, "url": "https://www.iryou.teikyouseido.mhlw.go.jp/znk-web/juminkanja/S2430/initialize?prefCd=20&kikanCd=2205322080&kikanKbn=2", "url2": "http://aki-mentalclinic.jimdo.com", "内容": "あきメンタルクリニック【2:診療所】【診療科目:精神科_心療内科】長野県上田市国分１１６９－１" }, "geometry": { "type": "Point", "coordinates": [ 138.272815, 36.380012 ] } },
{ "type": "Feature", "properties": { "ID": 2022205322110, "正式名称": "医療法人光仁会　川西医院", "機関区分": 2, "都道府県コード": 20, "市区町村コード": 203, "所在地": "長野県上田市保野", "緯度": 36.374174, "経度": 138.191693, "url": "https://www.iryou.teikyouseido.mhlw.go.jp/znk-web/juminkanja/S2430/initialize?prefCd=20&kikanCd=2205322110&kikanKbn=2", "url2": "http://www.koujin-kai.or.jp", "内容": "医療法人光仁会　川西医院【2:診療所】【診療科目:内科_整形外科_皮膚科_アレルギー科_リハビリテーション科】長野県上田市保野" }, "geometry": { "type": "Point", "coordinates": [ 138.191693, 36.374174 ] } },
{ "type": "Feature", "properties": { "ID": 2022205322790, "正式名称": "たけなか医院", "機関区分": 2, "都道府県コード": 20, "市区町村コード": 350, "所在地": "長野県小県郡長和町古町９６７ー３", "緯度": 36.270882, "経度": 138.261719, "url": "https://www.iryou.teikyouseido.mhlw.go.jp/znk-web/juminkanja/S2430/initialize?prefCd=20&kikanCd=2205322790&kikanKbn=2", "url2": null, "内容": "たけなか医院【2:診療所】【診療科目:内科_循環器内科】長野県小県郡長和町古町９６７ー３" }, "geometry": { "type": "Point", "coordinates": [ 138.261719, 36.270882 ] } },
{ "type": "Feature", "properties": { "ID": 2022205324000, "正式名称": "甲田医院", "機関区分": 2, "都道府県コード": 20, "市区町村コード": 203, "所在地": "長野県上田市中央１丁目６番２４号", "緯度": 36.397831, "経度": 138.252514, "url": "https://www.iryou.teikyouseido.mhlw.go.jp/znk-web/juminkanja/S2430/initialize?prefCd=20&kikanCd=2205324000&kikanKbn=2", "url2": "https://www.koudaiin.info/", "内容": "甲田医院【2:診療所】【診療科目:内科_胃腸内科_外科_肛門外科_皮膚科】長野県上田市中央１丁目６番２４号" }, "geometry": { "type": "Point", "coordinates": [ 138.252514, 36.397831 ] } },
{ "type": "Feature", "properties": { "ID": 2022205324010, "正式名称": "塚原醫院", "機関区分": 2, "都道府県コード": 20, "市区町村コード": 203, "所在地": "長野県上田市上丸子１０１８－１", "緯度": 36.321738, "経度": 138.272105, "url": "https://www.iryou.teikyouseido.mhlw.go.jp/znk-web/juminkanja/S2430/initialize?prefCd=20&kikanCd=2205324010&kikanKbn=2", "url2": "https://tsukahara-iin.jp", "内容": "塚原醫院【2:診療所】【診療科目:内科_消化器内科_内視鏡内科_小児科】長野県上田市上丸子１０１８－１" }, "geometry": { "type": "Point", "coordinates": [ 138.272105, 36.321738 ] } },
{ "type": "Feature", "properties": { "ID": 2022205325270, "正式名称": "住吉眼科", "機関区分": 2, "都道府県コード": 20, "市区町村コード": 203, "所在地": "長野県上田市住吉６２－２　メガネのミモト上田インター店", "緯度": 36.414005, "経度": 138.280462, "url": "https://www.iryou.teikyouseido.mhlw.go.jp/znk-web/juminkanja/S2430/initialize?prefCd=20&kikanCd=2205325270&kikanKbn=2", "url2": null, "内容": "住吉眼科【2:診療所】【診療科目:眼科】長野県上田市住吉６２－２　メガネのミモト上田インター店" }, "geometry": { "type": "Point", "coordinates": [ 138.280462, 36.414005 ] } },
{ "type": "Feature", "properties": { "ID": 2022205325430, "正式名称": "つかはらクリニック", "機関区分": 2, "都道府県コード": 20, "市区町村コード": 203, "所在地": "長野県上田市塩川１３５８－１", "緯度": 36.356624, "経度": 138.309323, "url": "https://www.iryou.teikyouseido.mhlw.go.jp/znk-web/juminkanja/S2430/initialize?prefCd=20&kikanCd=2205325430&kikanKbn=2", "url2": "http://tsukahara-clinic.jp", "内容": "つかはらクリニック【2:診療所】【診療科目:内科_消化器内科_小児科_産科_婦人科】長野県上田市塩川１３５８－１" }, "geometry": { "type": "Point", "coordinates": [ 138.309323, 36.356624 ] } },
{ "type": "Feature", "properties": { "ID": 2022205325850, "正式名称": "はらだ内科クリニック", "機関区分": 2, "都道府県コード": 20, "市区町村コード": 203, "所在地": "長野県上田市大屋字南遠河原５１３－１", "緯度": 36.372372, "経度": 138.296157, "url": "https://www.iryou.teikyouseido.mhlw.go.jp/znk-web/juminkanja/S2430/initialize?prefCd=20&kikanCd=2205325850&kikanKbn=2", "url2": "http://harada-naika.com/", "内容": "はらだ内科クリニック【2:診療所】【診療科目:内科_消化器内科】長野県上田市大屋字南遠河原５１３－１" }, "geometry": { "type": "Point", "coordinates": [ 138.296157, 36.372372 ] } },
{ "type": "Feature", "properties": { "ID": 2022205325980, "正式名称": "日比優一クリニック", "機関区分": 2, "都道府県コード": 20, "市区町村コード": 203, "所在地": "長野県上田市上田原字殿海道１５８ー１", "緯度": 36.39059, "経度": 138.220218, "url": "https://www.iryou.teikyouseido.mhlw.go.jp/znk-web/juminkanja/S2430/initialize?prefCd=20&kikanCd=2205325980&kikanKbn=2", "url2": "http://www.hibiyuichi.jp", "内容": "日比優一クリニック【2:診療所】【診療科目:内科_消化器内科_外科_肛門外科】長野県上田市上田原字殿海道１５８ー１" }, "geometry": { "type": "Point", "coordinates": [ 138.220218, 36.39059 ] } },
{ "type": "Feature", "properties": { "ID": 2022205326150, "正式名称": "城南医院", "機関区分": 2, "都道府県コード": 20, "市区町村コード": 203, "所在地": "長野県上田市御所字木之下３７３ー１", "緯度": 36.39534, "経度": 138.237161, "url": "https://www.iryou.teikyouseido.mhlw.go.jp/znk-web/juminkanja/S2430/initialize?prefCd=20&kikanCd=2205326150&kikanKbn=2", "url2": "https://www.ikiikinet.com/clinicn/5373/%E5%9F%8E%E5%8D%97%E5%8C%BB%E9%99%A2", "内容": "城南医院【2:診療所】【診療科目:内科_循環器内科_神経内科_小児科】長野県上田市御所字木之下３７３ー１" }, "geometry": { "type": "Point", "coordinates": [ 138.237161, 36.39534 ] } },
{ "type": "Feature", "properties": { "ID": 2022205326280, "正式名称": "あおぞらクリニック", "機関区分": 2, "都道府県コード": 20, "市区町村コード": 203, "所在地": "長野県上田市上田原１３３１", "緯度": 36.38547, "経度": 138.221692, "url": "https://www.iryou.teikyouseido.mhlw.go.jp/znk-web/juminkanja/S2430/initialize?prefCd=20&kikanCd=2205326280&kikanKbn=2", "url2": "https://aozora.clinic/", "内容": "あおぞらクリニック【2:診療所】【診療科目:内科_消化器内科_腫瘍内科_外科_消化器外科】長野県上田市上田原１３３１" }, "geometry": { "type": "Point", "coordinates": [ 138.221692, 36.38547 ] } },
{ "type": "Feature", "properties": { "ID": 2022205326600, "正式名称": "本原クリニック", "機関区分": 2, "都道府県コード": 20, "市区町村コード": 203, "所在地": "長野県上田市真田町本原６１０ー１", "緯度": 36.420565, "経度": 138.299761, "url": "https://www.iryou.teikyouseido.mhlw.go.jp/znk-web/juminkanja/S2430/initialize?prefCd=20&kikanCd=2205326600&kikanKbn=2", "url2": "http://motohara-clinic.jp/", "内容": "本原クリニック【2:診療所】【診療科目:内科_消化器内科_内視鏡内科_小児科】長野県上田市真田町本原６１０ー１" }, "geometry": { "type": "Point", "coordinates": [ 138.299761, 36.420565 ] } },
{ "type": "Feature", "properties": { "ID": 2022205326990, "正式名称": "特別養護老人ホーム　神川愛の郷医務室", "機関区分": 2, "都道府県コード": 20, "市区町村コード": 203, "所在地": "長野県上田市蒼久保１１４５－２", "緯度": 36.378189, "経度": 138.279736, "url": "https://www.iryou.teikyouseido.mhlw.go.jp/znk-web/juminkanja/S2430/initialize?prefCd=20&kikanCd=2205326990&kikanKbn=2", "url2": null, "内容": "特別養護老人ホーム　神川愛の郷医務室【2:診療所】【診療科目:内科_外科_リハビリテーション科】長野県上田市蒼久保１１４５－２" }, "geometry": { "type": "Point", "coordinates": [ 138.279736, 36.378189 ] } },
{ "type": "Feature", "properties": { "ID": 2022205327320, "正式名称": "下田眼科", "機関区分": 2, "都道府県コード": 20, "市区町村コード": 203, "所在地": "長野県上田市常田１−１０−７８", "緯度": 36.393222, "経度": 138.254852, "url": "https://www.iryou.teikyouseido.mhlw.go.jp/znk-web/juminkanja/S2430/initialize?prefCd=20&kikanCd=2205327320&kikanKbn=2", "url2": "https://shimoda-eyeclinic.jp/", "内容": "下田眼科【2:診療所】【診療科目:眼科】長野県上田市常田１−１０−７８" }, "geometry": { "type": "Point", "coordinates": [ 138.254852, 36.393222 ] } },
{ "type": "Feature", "properties": { "ID": 2022205327610, "正式名称": "あさむら耳鼻咽喉科クリニック", "機関区分": 2, "都道府県コード": 20, "市区町村コード": 203, "所在地": "長野県上田市秋和３０４ー５", "緯度": 36.413051, "経度": 138.227242, "url": "https://www.iryou.teikyouseido.mhlw.go.jp/znk-web/juminkanja/S2430/initialize?prefCd=20&kikanCd=2205327610&kikanKbn=2", "url2": "http://www.asamura-ent.com", "内容": "あさむら耳鼻咽喉科クリニック【2:診療所】【診療科目:耳鼻いんこう科】長野県上田市秋和３０４ー５" }, "geometry": { "type": "Point", "coordinates": [ 138.227242, 36.413051 ] } },
{ "type": "Feature", "properties": { "ID": 2022205328750, "正式名称": "国民健康保険依田窪病院附属和田診療所", "機関区分": 2, "都道府県コード": 20, "市区町村コード": 350, "所在地": "長野県小県郡長和町和田２８７２", "緯度": 36.207365, "経度": 138.214391, "url": "https://www.iryou.teikyouseido.mhlw.go.jp/znk-web/juminkanja/S2430/initialize?prefCd=20&kikanCd=2205328750&kikanKbn=2", "url2": "http://www.yodakubo-hp.jp/wadashin.html", "内容": "国民健康保険依田窪病院附属和田診療所【2:診療所】【診療科目:内科_外科】長野県小県郡長和町和田２８７２" }, "geometry": { "type": "Point", "coordinates": [ 138.214391, 36.207365 ] } },
{ "type": "Feature", "properties": { "ID": 2022205331460, "正式名称": "室賀診療所", "機関区分": 2, "都道府県コード": 20, "市区町村コード": 203, "所在地": "長野県上田市上室賀１３番地５", "緯度": 36.403019, "経度": 138.159041, "url": "https://www.iryou.teikyouseido.mhlw.go.jp/znk-web/juminkanja/S2430/initialize?prefCd=20&kikanCd=2205331460&kikanKbn=2", "url2": null, "内容": "室賀診療所【2:診療所】【診療科目:内科_神経内科_リハビリテーション科】長野県上田市上室賀１３番地５" }, "geometry": { "type": "Point", "coordinates": [ 138.159041, 36.403019 ] } },
{ "type": "Feature", "properties": { "ID": 2022205331710, "正式名称": "桜の丘こどもクリニック", "機関区分": 2, "都道府県コード": 20, "市区町村コード": 203, "所在地": "長野県上田市小島６９９番地１", "緯度": 36.3758, "経度": 138.209262, "url": "https://www.iryou.teikyouseido.mhlw.go.jp/znk-web/juminkanja/S2430/initialize?prefCd=20&kikanCd=2205331710&kikanKbn=2", "url2": "http://sakuranooka-kids.com", "内容": "桜の丘こどもクリニック【2:診療所】【診療科目:小児科】長野県上田市小島６９９番地１" }, "geometry": { "type": "Point", "coordinates": [ 138.209262, 36.3758 ] } },
{ "type": "Feature", "properties": { "ID": 2022205332760, "正式名称": "すがわら整形外科クリニック", "機関区分": 2, "都道府県コード": 20, "市区町村コード": 203, "所在地": "長野県上田市長瀬３５８４ー２", "緯度": 36.342673, "経度": 138.277527, "url": "https://www.iryou.teikyouseido.mhlw.go.jp/znk-web/juminkanja/S2430/initialize?prefCd=20&kikanCd=2205332760&kikanKbn=2", "url2": "sugawara-sk.com", "内容": "すがわら整形外科クリニック【2:診療所】【診療科目:整形外科_リハビリテーション科】長野県上田市長瀬３５８４ー２" }, "geometry": { "type": "Point", "coordinates": [ 138.277527, 36.342673 ] } },
{ "type": "Feature", "properties": { "ID": 2022205333220, "正式名称": "医療法人えん　きらり在宅診療所", "機関区分": 2, "都道府県コード": 20, "市区町村コード": 203, "所在地": "長野県上田市天神２－１－２２　ＯＡＵビル５Ｆ－Ｂ", "緯度": 36.400594, "経度": 138.246676, "url": "https://www.iryou.teikyouseido.mhlw.go.jp/znk-web/juminkanja/S2430/initialize?prefCd=20&kikanCd=2205333220&kikanKbn=2", "url2": "https://kirari-zaitaku.jp", "内容": "医療法人えん　きらり在宅診療所【2:診療所】【診療科目:内科_精神科_心療内科】長野県上田市天神２－１－２２　ＯＡＵビル５Ｆ－Ｂ" }, "geometry": { "type": "Point", "coordinates": [ 138.246676, 36.400594 ] } },
{ "type": "Feature", "properties": { "ID": 2022205333480, "正式名称": "いわさ眼科クリニック", "機関区分": 2, "都道府県コード": 20, "市区町村コード": 203, "所在地": "長野県上田市天神３－５－１アリオ上田２階", "緯度": 36.401253, "経度": 138.241353, "url": "https://www.iryou.teikyouseido.mhlw.go.jp/znk-web/juminkanja/S2430/initialize?prefCd=20&kikanCd=2205333480&kikanKbn=2", "url2": null, "内容": "いわさ眼科クリニック【2:診療所】【診療科目:眼科】長野県上田市天神３－５－１アリオ上田２階" }, "geometry": { "type": "Point", "coordinates": [ 138.241353, 36.401253 ] } },
{ "type": "Feature", "properties": { "ID": 2022205335370, "正式名称": "いでうら呼吸器内科・耳鼻咽喉科・消化器内科医院", "機関区分": 2, "都道府県コード": 20, "市区町村コード": 203, "所在地": "長野県上田市古里１４９９－２９", "緯度": 36.390947, "経度": 138.280108, "url": "https://www.iryou.teikyouseido.mhlw.go.jp/znk-web/juminkanja/S2430/initialize?prefCd=20&kikanCd=2205335370&kikanKbn=2", "url2": "http://ideura-iin.jp", "内容": "いでうら呼吸器内科・耳鼻咽喉科・消化器内科医院【2:診療所】【診療科目:感染症内科_呼吸器内科_消化器内科_耳鼻いんこう科_アレルギー科】長野県上田市古里１４９９－２９" }, "geometry": { "type": "Point", "coordinates": [ 138.280108, 36.390947 ] } },
{ "type": "Feature", "properties": { "ID": 2022205335790, "正式名称": "あや皮フ科クリニック", "機関区分": 2, "都道府県コード": 20, "市区町村コード": 203, "所在地": "長野県上田市神畑２９－１", "緯度": 36.385466, "経度": 138.215755, "url": "https://www.iryou.teikyouseido.mhlw.go.jp/znk-web/juminkanja/S2430/initialize?prefCd=20&kikanCd=2205335790&kikanKbn=2", "url2": "https://aya-hifuka.jp/", "内容": "あや皮フ科クリニック【2:診療所】【診療科目:皮膚科_美容皮膚科】長野県上田市神畑２９－１" }, "geometry": { "type": "Point", "coordinates": [ 138.215755, 36.385466 ] } },
{ "type": "Feature", "properties": { "ID": 2022205335820, "正式名称": "上田国分糖尿病内科クリニック", "機関区分": 2, "都道府県コード": 20, "市区町村コード": 203, "所在地": "長野県上田市国分１丁目１－１", "緯度": 36.386235, "経度": 138.263077, "url": "https://www.iryou.teikyouseido.mhlw.go.jp/znk-web/juminkanja/S2430/initialize?prefCd=20&kikanCd=2205335820&kikanKbn=2", "url2": "https://ueda-naika.jp/", "内容": "上田国分糖尿病内科クリニック【2:診療所】【診療科目:内科_糖尿病内科_甲状腺内科】長野県上田市国分１丁目１－１" }, "geometry": { "type": "Point", "coordinates": [ 138.263077, 36.386235 ] } },
{ "type": "Feature", "properties": { "ID": 2022205336120, "正式名称": "あゆみ緩和ケアクリニック", "機関区分": 2, "都道府県コード": 20, "市区町村コード": 203, "所在地": "長野県上田市常田３－１５－５８ＴＯＳＨＩビル１Ｆ", "緯度": 36.393597, "経度": 138.264258, "url": "https://www.iryou.teikyouseido.mhlw.go.jp/znk-web/juminkanja/S2430/initialize?prefCd=20&kikanCd=2205336120&kikanKbn=2", "url2": "https://ayumi-palliative-care-clinic.com", "内容": "あゆみ緩和ケアクリニック【2:診療所】【診療科目:内科_緩和ケア内科】長野県上田市常田３－１５－５８ＴＯＳＨＩビル１Ｆ" }, "geometry": { "type": "Point", "coordinates": [ 138.264258, 36.393597 ] } },
{ "type": "Feature", "properties": { "ID": 2022205336960, "正式名称": "さとう内科おなかクリニック", "機関区分": 2, "都道府県コード": 20, "市区町村コード": 203, "所在地": "長野県上田市中央１－８－２１", "緯度": 36.39615, "経度": 138.253456, "url": "https://www.iryou.teikyouseido.mhlw.go.jp/znk-web/juminkanja/S2430/initialize?prefCd=20&kikanCd=2205336960&kikanKbn=2", "url2": null, "内容": "さとう内科おなかクリニック【2:診療所】【診療科目:内科_消化器内科_内視鏡内科】長野県上田市中央１－８－２１" }, "geometry": { "type": "Point", "coordinates": [ 138.253456, 36.39615 ] } },
{ "type": "Feature", "properties": { "ID": 202220533827, "正式名称": "こまつ乳腺クリニック", "機関区分": 2, "都道府県コード": 20, "市区町村コード": 203, "所在地": "長野県上田市上田１７５７番地１", "緯度": 36.408769, "経度": 138.262175, "url": "https://www.iryou.teikyouseido.mhlw.go.jp/znk-web/juminkanja/S2430/initialize?prefCd=20&kikanCd=220533827&kikanKbn=2", "url2": "https://komatsu-breastclinic.com/", "内容": "こまつ乳腺クリニック【2:診療所】【診療科目:内科_外科_乳腺外科】長野県上田市上田１７５７番地１" }, "geometry": { "type": "Point", "coordinates": [ 138.262175, 36.408769 ] } },
{ "type": "Feature", "properties": { "ID": 2022205401060, "正式名称": "山口医院", "機関区分": 2, "都道府県コード": 20, "市区町村コード": 206, "所在地": "長野県諏訪市諏訪２−１４−３２", "緯度": 36.043266, "経度": 138.120851, "url": "https://www.iryou.teikyouseido.mhlw.go.jp/znk-web/juminkanja/S2430/initialize?prefCd=20&kikanCd=2205401060&kikanKbn=2", "url2": "https://www.yamaguchi-iin.jp/", "内容": "山口医院【2:診療所】【診療科目:内科_整形外科_リウマチ科】長野県諏訪市諏訪２−１４−３２" }, "geometry": { "type": "Point", "coordinates": [ 138.120851, 36.043266 ] } },
{ "type": "Feature", "properties": { "ID": 2022205403110, "正式名称": "医療法人柳澤医院", "機関区分": 2, "都道府県コード": 20, "市区町村コード": 206, "所在地": "長野県諏訪市小和田南１ー３", "緯度": 36.041794, "経度": 138.116991, "url": "https://www.iryou.teikyouseido.mhlw.go.jp/znk-web/juminkanja/S2430/initialize?prefCd=20&kikanCd=2205403110&kikanKbn=2", "url2": "https://www.yanagisawaiin.jp/", "内容": "医療法人柳澤医院【2:診療所】【診療科目:内科_脳神経内科_皮膚科】長野県諏訪市小和田南１ー３" }, "geometry": { "type": "Point", "coordinates": [ 138.116991, 36.041794 ] } },
{ "type": "Feature", "properties": { "ID": 2022205403530, "正式名称": "医療法人　松本医院", "機関区分": 2, "都道府県コード": 20, "市区町村コード": 206, "所在地": "長野県諏訪市清水２－４－１２", "緯度": 36.036326, "経度": 138.123866, "url": "https://www.iryou.teikyouseido.mhlw.go.jp/znk-web/juminkanja/S2430/initialize?prefCd=20&kikanCd=2205403530&kikanKbn=2", "url2": "https://www.matsumotoiin-suwa.com/", "内容": "医療法人　松本医院【2:診療所】【診療科目:内科_胃腸内科_小児科】長野県諏訪市清水２－４－１２" }, "geometry": { "type": "Point", "coordinates": [ 138.123866, 36.036326 ] } },
{ "type": "Feature", "properties": { "ID": 2022205407150, "正式名称": "平岡産婦人科", "機関区分": 2, "都道府県コード": 20, "市区町村コード": 214, "所在地": "長野県茅野市ちの２５４３－９", "緯度": 35.998216, "経度": 138.14774, "url": "https://www.iryou.teikyouseido.mhlw.go.jp/znk-web/juminkanja/S2430/initialize?prefCd=20&kikanCd=2205407150&kikanKbn=2", "url2": "http://www.hiraoka-lc.jp", "内容": "平岡産婦人科【2:診療所】【診療科目:産婦人科】長野県茅野市ちの２５４３－９" }, "geometry": { "type": "Point", "coordinates": [ 138.14774, 35.998216 ] } },
{ "type": "Feature", "properties": { "ID": 2022205408450, "正式名称": "小林医院", "機関区分": 2, "都道府県コード": 20, "市区町村コード": 362, "所在地": "長野県諏訪郡富士見町境７３７２", "緯度": 35.884038, "経度": 138.274178, "url": "https://www.iryou.teikyouseido.mhlw.go.jp/znk-web/juminkanja/S2430/initialize?prefCd=20&kikanCd=2205408450&kikanKbn=2", "url2": null, "内容": "小林医院【2:診療所】【診療科目:内科_循環器内科_小児科】長野県諏訪郡富士見町境７３７２" }, "geometry": { "type": "Point", "coordinates": [ 138.274178, 35.884038 ] } },
{ "type": "Feature", "properties": { "ID": 2022205408580, "正式名称": "医療法人　小池医院", "機関区分": 2, "都道府県コード": 20, "市区町村コード": 362, "所在地": "長野県諏訪郡富士見町富士見４６５４", "緯度": 35.909895, "経度": 138.239263, "url": "https://www.iryou.teikyouseido.mhlw.go.jp/znk-web/juminkanja/S2430/initialize?prefCd=20&kikanCd=2205408580&kikanKbn=2", "url2": "https://fujimi-koikeclinic.com/", "内容": "医療法人　小池医院【2:診療所】【診療科目:内科_小児科】長野県諏訪郡富士見町富士見４６５４" }, "geometry": { "type": "Point", "coordinates": [ 138.239263, 35.909895 ] } },
{ "type": "Feature", "properties": { "ID": 2022205409460, "正式名称": "渡辺内科クリニック", "機関区分": 2, "都道府県コード": 20, "市区町村コード": 206, "所在地": "長野県諏訪市四賀１７７０－３", "緯度": 36.02063, "経度": 138.125213, "url": "https://www.iryou.teikyouseido.mhlw.go.jp/znk-web/juminkanja/S2430/initialize?prefCd=20&kikanCd=2205409460&kikanKbn=2", "url2": null, "内容": "渡辺内科クリニック【2:診療所】【診療科目:内科_消化器内科】長野県諏訪市四賀１７７０－３" }, "geometry": { "type": "Point", "coordinates": [ 138.125213, 36.02063 ] } },
{ "type": "Feature", "properties": { "ID": 2022205409750, "正式名称": "小松内科クリニック", "機関区分": 2, "都道府県コード": 20, "市区町村コード": 206, "所在地": "長野県諏訪市中洲新玉２４５－１８", "緯度": 36.001215, "経度": 138.118881, "url": "https://www.iryou.teikyouseido.mhlw.go.jp/znk-web/juminkanja/S2430/initialize?prefCd=20&kikanCd=2205409750&kikanKbn=2", "url2": "https://komatsu-naika-clinic.jp", "内容": "小松内科クリニック【2:診療所】【診療科目:内科_消化器内科_小児科_皮膚科】長野県諏訪市中洲新玉２４５－１８" }, "geometry": { "type": "Point", "coordinates": [ 138.118881, 36.001215 ] } },
{ "type": "Feature", "properties": { "ID": 2022205409880, "正式名称": "上諏訪眼科クリニック", "機関区分": 2, "都道府県コード": 20, "市区町村コード": 206, "所在地": "長野県諏訪市清水１ー８ー１７", "緯度": 36.03708, "経度": 138.12477, "url": "https://www.iryou.teikyouseido.mhlw.go.jp/znk-web/juminkanja/S2430/initialize?prefCd=20&kikanCd=2205409880&kikanKbn=2", "url2": null, "内容": "上諏訪眼科クリニック【2:診療所】【診療科目:眼科】長野県諏訪市清水１ー８ー１７" }, "geometry": { "type": "Point", "coordinates": [ 138.12477, 36.03708 ] } },
{ "type": "Feature", "properties": { "ID": 2022205409910, "正式名称": "医療法人　清風会　宮坂医院", "機関区分": 2, "都道府県コード": 20, "市区町村コード": 206, "所在地": "長野県諏訪市元町４ー１０", "緯度": 36.039322, "経度": 138.123546, "url": "https://www.iryou.teikyouseido.mhlw.go.jp/znk-web/juminkanja/S2430/initialize?prefCd=20&kikanCd=2205409910&kikanKbn=2", "url2": "https://www.lcv.ne.jp/~hartcare/", "内容": "医療法人　清風会　宮坂医院【2:診療所】【診療科目:内科_消化器内科_形成外科_小児科_精神科_リハビリテーション科】長野県諏訪市元町４ー１０" }, "geometry": { "type": "Point", "coordinates": [ 138.123546, 36.039322 ] } },
{ "type": "Feature", "properties": { "ID": 2022205410020, "正式名称": "医療法人はやし小児科内科医院", "機関区分": 2, "都道府県コード": 20, "市区町村コード": 206, "所在地": "長野県諏訪市湖南大曲１５番地", "緯度": 36.007076, "経度": 138.121658, "url": "https://www.iryou.teikyouseido.mhlw.go.jp/znk-web/juminkanja/S2430/initialize?prefCd=20&kikanCd=2205410020&kikanKbn=2", "url2": null, "内容": "医療法人はやし小児科内科医院【2:診療所】【診療科目:内科_小児科】長野県諏訪市湖南大曲１５番地" }, "geometry": { "type": "Point", "coordinates": [ 138.121658, 36.007076 ] } },
{ "type": "Feature", "properties": { "ID": 2022205410280, "正式名称": "清水眼科医院", "機関区分": 2, "都道府県コード": 20, "市区町村コード": 206, "所在地": "長野県諏訪市湖岸通り", "緯度": 36.042655, "経度": 138.114074, "url": "https://www.iryou.teikyouseido.mhlw.go.jp/znk-web/juminkanja/S2430/initialize?prefCd=20&kikanCd=2205410280&kikanKbn=2", "url2": null, "内容": "清水眼科医院【2:診療所】【診療科目:眼科】長野県諏訪市湖岸通り" }, "geometry": { "type": "Point", "coordinates": [ 138.114074, 36.042655 ] } },
{ "type": "Feature", "properties": { "ID": 2022205410860, "正式名称": "岸耳鼻咽喉科医院", "機関区分": 2, "都道府県コード": 20, "市区町村コード": 206, "所在地": "長野県諏訪市諏訪２丁目１番２９号", "緯度": 36.043905, "経度": 138.118157, "url": "https://www.iryou.teikyouseido.mhlw.go.jp/znk-web/juminkanja/S2430/initialize?prefCd=20&kikanCd=2205410860&kikanKbn=2", "url2": "http://www.kishi-clinic.jp", "内容": "岸耳鼻咽喉科医院【2:診療所】【診療科目:耳鼻いんこう科】長野県諏訪市諏訪２丁目１番２９号" }, "geometry": { "type": "Point", "coordinates": [ 138.118157, 36.043905 ] } },
{ "type": "Feature", "properties": { "ID": 2022205411160, "正式名称": "医療法人　塩沢医院", "機関区分": 2, "都道府県コード": 20, "市区町村コード": 206, "所在地": "長野県諏訪市大手２丁目９番１０号", "緯度": 36.041821, "経度": 138.114574, "url": "https://www.iryou.teikyouseido.mhlw.go.jp/znk-web/juminkanja/S2430/initialize?prefCd=20&kikanCd=2205411160&kikanKbn=2", "url2": "http://4030iin.wixsite.com/shiozawa", "内容": "医療法人　塩沢医院【2:診療所】【診療科目:内科】長野県諏訪市大手２丁目９番１０号" }, "geometry": { "type": "Point", "coordinates": [ 138.114574, 36.041821 ] } },
{ "type": "Feature", "properties": { "ID": 2022205411450, "正式名称": "ヨコイ眼科", "機関区分": 2, "都道府県コード": 20, "市区町村コード": 214, "所在地": "長野県茅野市宮川４４７０", "緯度": 35.986884, "経度": 138.151268, "url": "https://www.iryou.teikyouseido.mhlw.go.jp/znk-web/juminkanja/S2430/initialize?prefCd=20&kikanCd=2205411450&kikanKbn=2", "url2": null, "内容": "ヨコイ眼科【2:診療所】【診療科目:眼科】長野県茅野市宮川４４７０" }, "geometry": { "type": "Point", "coordinates": [ 138.151268, 35.986884 ] } },
{ "type": "Feature", "properties": { "ID": 2022205411610, "正式名称": "医療法人　矢嶋内科医院", "機関区分": 2, "都道府県コード": 20, "市区町村コード": 214, "所在地": "長野県茅野市ちの３４９４", "緯度": 35.99441, "経度": 138.15314, "url": "https://www.iryou.teikyouseido.mhlw.go.jp/znk-web/juminkanja/S2430/initialize?prefCd=20&kikanCd=2205411610&kikanKbn=2", "url2": "http://www.yajima-naika.net", "内容": "医療法人　矢嶋内科医院【2:診療所】【診療科目:内科_呼吸器内科_循環器内科_消化器内科】長野県茅野市ちの３４９４" }, "geometry": { "type": "Point", "coordinates": [ 138.15314, 35.99441 ] } },
{ "type": "Feature", "properties": { "ID": 2022205412040, "正式名称": "藤森眼科", "機関区分": 2, "都道府県コード": 20, "市区町村コード": 214, "所在地": "長野県茅野市本町西１－３４", "緯度": 35.993523, "経度": 138.161128, "url": "https://www.iryou.teikyouseido.mhlw.go.jp/znk-web/juminkanja/S2430/initialize?prefCd=20&kikanCd=2205412040&kikanKbn=2", "url2": null, "内容": "藤森眼科【2:診療所】【診療科目:眼科】長野県茅野市本町西１－３４" }, "geometry": { "type": "Point", "coordinates": [ 138.161128, 35.993523 ] } },
{ "type": "Feature", "properties": { "ID": 2022205412200, "正式名称": "葛井耳鼻咽喉科", "機関区分": 2, "都道府県コード": 20, "市区町村コード": 214, "所在地": "長野県茅野市ちの上原葛井２６４－１１", "緯度": 36.002104, "経度": 138.140851, "url": "https://www.iryou.teikyouseido.mhlw.go.jp/znk-web/juminkanja/S2430/initialize?prefCd=20&kikanCd=2205412200&kikanKbn=2", "url2": null, "内容": "葛井耳鼻咽喉科【2:診療所】【診療科目:耳鼻いんこう科_気管食道・耳鼻いんこう科】長野県茅野市ちの上原葛井２６４－１１" }, "geometry": { "type": "Point", "coordinates": [ 138.140851, 36.002104 ] } },
{ "type": "Feature", "properties": { "ID": 2022205412330, "正式名称": "原村国民健康保険直営診療所", "機関区分": 2, "都道府県コード": 20, "市区町村コード": 363, "所在地": "長野県諏訪郡原村払沢６６４９ー３　原村地域福祉センター", "緯度": 35.962944, "経度": 138.215652, "url": "https://www.iryou.teikyouseido.mhlw.go.jp/znk-web/juminkanja/S2430/initialize?prefCd=20&kikanCd=2205412330&kikanKbn=2", "url2": "http://www.vill.hara.lg.jp", "内容": "原村国民健康保険直営診療所【2:診療所】【診療科目:内科_外科】長野県諏訪郡原村払沢６６４９ー３　原村地域福祉センター" }, "geometry": { "type": "Point", "coordinates": [ 138.215652, 35.962944 ] } },
{ "type": "Feature", "properties": { "ID": 2022205412590, "正式名称": "医療法人兵藤整形外科医院", "機関区分": 2, "都道府県コード": 20, "市区町村コード": 214, "所在地": "長野県茅野市玉川４５４４－２", "緯度": 35.988496, "経度": 138.176738, "url": "https://www.iryou.teikyouseido.mhlw.go.jp/znk-web/juminkanja/S2430/initialize?prefCd=20&kikanCd=2205412590&kikanKbn=2", "url2": null, "内容": "医療法人兵藤整形外科医院【2:診療所】【診療科目:外科_整形外科_リウマチ科_リハビリテーション科】長野県茅野市玉川４５４４－２" }, "geometry": { "type": "Point", "coordinates": [ 138.176738, 35.988496 ] } },
{ "type": "Feature", "properties": { "ID": 2022205412910, "正式名称": "ちの皮フ科", "機関区分": 2, "都道府県コード": 20, "市区町村コード": 214, "所在地": "長野県茅野市本町西６－２１", "緯度": 35.996661, "経度": 138.162127, "url": "https://www.iryou.teikyouseido.mhlw.go.jp/znk-web/juminkanja/S2430/initialize?prefCd=20&kikanCd=2205412910&kikanKbn=2", "url2": null, "内容": "ちの皮フ科【2:診療所】【診療科目:皮膚科】長野県茅野市本町西６－２１" }, "geometry": { "type": "Point", "coordinates": [ 138.162127, 35.996661 ] } },
{ "type": "Feature", "properties": { "ID": 2022205413500, "正式名称": "ともみ内科医院", "機関区分": 2, "都道府県コード": 20, "市区町村コード": 214, "所在地": "長野県茅野市本町東３ー５", "緯度": 35.99805, "経度": 138.169099, "url": "https://www.iryou.teikyouseido.mhlw.go.jp/znk-web/juminkanja/S2430/initialize?prefCd=20&kikanCd=2205413500&kikanKbn=2", "url2": "https://tomomi-naika.com/", "内容": "ともみ内科医院【2:診療所】【診療科目:内科_小児科】長野県茅野市本町東３ー５" }, "geometry": { "type": "Point", "coordinates": [ 138.169099, 35.99805 ] } },
{ "type": "Feature", "properties": { "ID": 2022205413890, "正式名称": "諏訪豊田診療所", "機関区分": 2, "都道府県コード": 20, "市区町村コード": 206, "所在地": "長野県諏訪市豊田２４３４－２", "緯度": 36.020684, "経度": 138.088688, "url": "https://www.iryou.teikyouseido.mhlw.go.jp/znk-web/juminkanja/S2430/initialize?prefCd=20&kikanCd=2205413890&kikanKbn=2", "url2": "http://suwatoyoda-clinic.jp/", "内容": "諏訪豊田診療所【2:診療所】【診療科目:内科_呼吸器内科_アレルギー疾患内科_小児科_アレルギー科】長野県諏訪市豊田２４３４－２" }, "geometry": { "type": "Point", "coordinates": [ 138.088688, 36.020684 ] } },
{ "type": "Feature", "properties": { "ID": 2022205413920, "正式名称": "吉江内科医院", "機関区分": 2, "都道府県コード": 20, "市区町村コード": 206, "所在地": "長野県諏訪市渋崎１７９４ー１", "緯度": 36.035655, "経度": 138.100659, "url": "https://www.iryou.teikyouseido.mhlw.go.jp/znk-web/juminkanja/S2430/initialize?prefCd=20&kikanCd=2205413920&kikanKbn=2", "url2": null, "内容": "吉江内科医院【2:診療所】【診療科目:内科_消化器内科_小児科】長野県諏訪市渋崎１７９４ー１" }, "geometry": { "type": "Point", "coordinates": [ 138.100659, 36.035655 ] } },
{ "type": "Feature", "properties": { "ID": 2022205414510, "正式名称": "細田眼科医院", "機関区分": 2, "都道府県コード": 20, "市区町村コード": 214, "所在地": "長野県茅野市本町西１５－３２", "緯度": 35.999189, "経度": 138.164683, "url": "https://www.iryou.teikyouseido.mhlw.go.jp/znk-web/juminkanja/S2430/initialize?prefCd=20&kikanCd=2205414510&kikanKbn=2", "url2": null, "内容": "細田眼科医院【2:診療所】【診療科目:眼科】長野県茅野市本町西１５－３２" }, "geometry": { "type": "Point", "coordinates": [ 138.164683, 35.999189 ] } },
{ "type": "Feature", "properties": { "ID": 2022205414640, "正式名称": "くぼた耳鼻咽喉科医院", "機関区分": 2, "都道府県コード": 20, "市区町村コード": 206, "所在地": "長野県諏訪市高島１－３１－３", "緯度": 36.03735, "経度": 138.11488, "url": "https://www.iryou.teikyouseido.mhlw.go.jp/znk-web/juminkanja/S2430/initialize?prefCd=20&kikanCd=2205414640&kikanKbn=2", "url2": "https://park.paa.jp/park2/clinics/1348/businesses/01", "内容": "くぼた耳鼻咽喉科医院【2:診療所】【診療科目:耳鼻いんこう科】長野県諏訪市高島１－３１－３" }, "geometry": { "type": "Point", "coordinates": [ 138.11488, 36.03735 ] } },
{ "type": "Feature", "properties": { "ID": 2022205414800, "正式名称": "土橋整形外科歯科医院", "機関区分": 2, "都道府県コード": 20, "市区町村コード": 214, "所在地": "長野県茅野市塚原", "緯度": 35.994272, "経度": 138.157072, "url": "https://www.iryou.teikyouseido.mhlw.go.jp/znk-web/juminkanja/S2430/initialize?prefCd=20&kikanCd=2205414800&kikanKbn=2", "url2": null, "内容": "土橋整形外科歯科医院【2:診療所】【診療科目:整形外科_歯科】長野県茅野市塚原" }, "geometry": { "type": "Point", "coordinates": [ 138.157072, 35.994272 ] } },
{ "type": "Feature", "properties": { "ID": 2022205415100, "正式名称": "今井内科胃腸科クリニック", "機関区分": 2, "都道府県コード": 20, "市区町村コード": 204, "所在地": "長野県岡谷市今井１２１１", "緯度": 36.08362, "経度": 138.044968, "url": "https://www.iryou.teikyouseido.mhlw.go.jp/znk-web/juminkanja/S2430/initialize?prefCd=20&kikanCd=2205415100&kikanKbn=2", "url2": null, "内容": "今井内科胃腸科クリニック【2:診療所】【診療科目:内科_消化器内科_小児科】長野県岡谷市今井１２１１" }, "geometry": { "type": "Point", "coordinates": [ 138.044968, 36.08362 ] } },
{ "type": "Feature", "properties": { "ID": 2022205415360, "正式名称": "小口医院", "機関区分": 2, "都道府県コード": 20, "市区町村コード": 204, "所在地": "長野県岡谷市銀座", "緯度": 36.067817, "経度": 138.053162, "url": "https://www.iryou.teikyouseido.mhlw.go.jp/znk-web/juminkanja/S2430/initialize?prefCd=20&kikanCd=2205415360&kikanKbn=2", "url2": null, "内容": "小口医院【2:診療所】【診療科目:耳鼻いんこう科】長野県岡谷市銀座" }, "geometry": { "type": "Point", "coordinates": [ 138.053162, 36.067817 ] } },
{ "type": "Feature", "properties": { "ID": 2022205415520, "正式名称": "宮内皮膚科クリニック", "機関区分": 2, "都道府県コード": 20, "市区町村コード": 204, "所在地": "長野県岡谷市長地柴宮１ー１６ー１８", "緯度": 36.072789, "経度": 138.065661, "url": "https://www.iryou.teikyouseido.mhlw.go.jp/znk-web/juminkanja/S2430/initialize?prefCd=20&kikanCd=2205415520&kikanKbn=2", "url2": null, "内容": "宮内皮膚科クリニック【2:診療所】【診療科目:皮膚科_アレルギー科】長野県岡谷市長地柴宮１ー１６ー１８" }, "geometry": { "type": "Point", "coordinates": [ 138.065661, 36.072789 ] } },
{ "type": "Feature", "properties": { "ID": 2022205415940, "正式名称": "小島クリニック", "機関区分": 2, "都道府県コード": 20, "市区町村コード": 206, "所在地": "長野県諏訪市上川３－２２０５－５", "緯度": 36.030351, "経度": 138.115436, "url": "https://www.iryou.teikyouseido.mhlw.go.jp/znk-web/juminkanja/S2430/initialize?prefCd=20&kikanCd=2205415940&kikanKbn=2", "url2": null, "内容": "小島クリニック【2:診療所】【診療科目:内科_消化器内科_小児科】長野県諏訪市上川３－２２０５－５" }, "geometry": { "type": "Point", "coordinates": [ 138.115436, 36.030351 ] } },
{ "type": "Feature", "properties": { "ID": 2022205416080, "正式名称": "酒井医院", "機関区分": 2, "都道府県コード": 20, "市区町村コード": 204, "所在地": "長野県岡谷市本町２ー１ー２", "緯度": 36.058901, "経度": 138.043857, "url": "https://www.iryou.teikyouseido.mhlw.go.jp/znk-web/juminkanja/S2430/initialize?prefCd=20&kikanCd=2205416080&kikanKbn=2", "url2": "https://fdoc.jp/clinic/detail/index/id/29646", "内容": "酒井医院【2:診療所】【診療科目:内科_消化器内科_小児科】長野県岡谷市本町２ー１ー２" }, "geometry": { "type": "Point", "coordinates": [ 138.043857, 36.058901 ] } },
{ "type": "Feature", "properties": { "ID": 2022205416240, "正式名称": "おもだか皮膚科", "機関区分": 2, "都道府県コード": 20, "市区町村コード": 214, "所在地": "長野県茅野市ちの３５０２－１　ベルビア", "緯度": 35.9938, "経度": 138.151628, "url": "https://www.iryou.teikyouseido.mhlw.go.jp/znk-web/juminkanja/S2430/initialize?prefCd=20&kikanCd=2205416240&kikanKbn=2", "url2": null, "内容": "おもだか皮膚科【2:診療所】【診療科目:皮膚科】長野県茅野市ちの３５０２－１　ベルビア" }, "geometry": { "type": "Point", "coordinates": [ 138.151628, 35.9938 ] } },
{ "type": "Feature", "properties": { "ID": 2022205416370, "正式名称": "ちのメンタルクリニック", "機関区分": 2, "都道府県コード": 20, "市区町村コード": 214, "所在地": "長野県茅野市ちの２６６－２", "緯度": 36.003438, "経度": 138.139657, "url": "https://www.iryou.teikyouseido.mhlw.go.jp/znk-web/juminkanja/S2430/initialize?prefCd=20&kikanCd=2205416370&kikanKbn=2", "url2": null, "内容": "ちのメンタルクリニック【2:診療所】【診療科目:精神科_心療内科】長野県茅野市ちの２６６－２" }, "geometry": { "type": "Point", "coordinates": [ 138.139657, 36.003438 ] } },
{ "type": "Feature", "properties": { "ID": 2022205416530, "正式名称": "つるみね共立診療所", "機関区分": 2, "都道府県コード": 20, "市区町村コード": 204, "所在地": "長野県岡谷市川岸上", "緯度": 36.054012, "経度": 138.033914, "url": "https://www.iryou.teikyouseido.mhlw.go.jp/znk-web/juminkanja/S2430/initialize?prefCd=20&kikanCd=2205416530&kikanKbn=2", "url2": "http://www.skhp.or.jp/", "内容": "つるみね共立診療所【2:診療所】【診療科目:内科_心療内科】長野県岡谷市川岸上" }, "geometry": { "type": "Point", "coordinates": [ 138.033914, 36.054012 ] } },
{ "type": "Feature", "properties": { "ID": 2022205416790, "正式名称": "医療法人諏訪皮膚科クリニック", "機関区分": 2, "都道府県コード": 20, "市区町村コード": 361, "所在地": "長野県諏訪郡下諏訪町御田町３１６４－１", "緯度": 36.077483, "経度": 138.086436, "url": "https://www.iryou.teikyouseido.mhlw.go.jp/znk-web/juminkanja/S2430/initialize?prefCd=20&kikanCd=2205416790&kikanKbn=2", "url2": null, "内容": "医療法人諏訪皮膚科クリニック【2:診療所】【診療科目:形成外科_皮膚科】長野県諏訪郡下諏訪町御田町３１６４－１" }, "geometry": { "type": "Point", "coordinates": [ 138.086436, 36.077483 ] } },
{ "type": "Feature", "properties": { "ID": 2022205416820, "正式名称": "イマムラ脳神経外科クリニック", "機関区分": 2, "都道府県コード": 20, "市区町村コード": 204, "所在地": "長野県岡谷市長地片間町２ー１ー７", "緯度": 36.080343, "経度": 138.054828, "url": "https://www.iryou.teikyouseido.mhlw.go.jp/znk-web/juminkanja/S2430/initialize?prefCd=20&kikanCd=2205416820&kikanKbn=2", "url2": null, "内容": "イマムラ脳神経外科クリニック【2:診療所】【診療科目:脳神経外科】長野県岡谷市長地片間町２ー１ー７" }, "geometry": { "type": "Point", "coordinates": [ 138.054828, 36.080343 ] } },
{ "type": "Feature", "properties": { "ID": 2022205417120, "正式名称": "清水クリニック", "機関区分": 2, "都道府県コード": 20, "市区町村コード": 206, "所在地": "長野県諏訪市湖岸通り５－１３－１８", "緯度": 36.045543, "経度": 138.112602, "url": "https://www.iryou.teikyouseido.mhlw.go.jp/znk-web/juminkanja/S2430/initialize?prefCd=20&kikanCd=2205417120&kikanKbn=2", "url2": null, "内容": "清水クリニック【2:診療所】【診療科目:内科_消化器内科】長野県諏訪市湖岸通り５－１３－１８" }, "geometry": { "type": "Point", "coordinates": [ 138.112602, 36.045543 ] } },
{ "type": "Feature", "properties": { "ID": 2022205417250, "正式名称": "長野県厚生連富士見高原医療福祉センター中新田診療所", "機関区分": 2, "都道府県コード": 20, "市区町村コード": 363, "所在地": "長野県諏訪郡原村１３２２１ー２", "緯度": 35.956057, "経度": 138.236567, "url": "https://www.iryou.teikyouseido.mhlw.go.jp/znk-web/juminkanja/S2430/initialize?prefCd=20&kikanCd=2205417250&kikanKbn=2", "url2": "http://www.fujimihp.com/ka-nakashinden.html", "内容": "長野県厚生連富士見高原医療福祉センター中新田診療所【2:診療所】【診療科目:内科_神経内科_整形外科_小児科_泌尿器科_精神科】長野県諏訪郡原村１３２２１ー２" }, "geometry": { "type": "Point", "coordinates": [ 138.236567, 35.956057 ] } },
{ "type": "Feature", "properties": { "ID": 2022205417380, "正式名称": "春山眼科医院", "機関区分": 2, "都道府県コード": 20, "市区町村コード": 204, "所在地": "長野県岡谷市本町２－３－２", "緯度": 36.060568, "経度": 138.044385, "url": "https://www.iryou.teikyouseido.mhlw.go.jp/znk-web/juminkanja/S2430/initialize?prefCd=20&kikanCd=2205417380&kikanKbn=2", "url2": null, "内容": "春山眼科医院【2:診療所】【診療科目:眼科】長野県岡谷市本町２－３－２" }, "geometry": { "type": "Point", "coordinates": [ 138.044385, 36.060568 ] } },
{ "type": "Feature", "properties": { "ID": 2022205417410, "正式名称": "あおぞらレディス＆マタニティクリニック", "機関区分": 2, "都道府県コード": 20, "市区町村コード": 206, "所在地": "長野県諏訪市中洲５７６４－１", "緯度": 36.017852, "経度": 138.114631, "url": "https://www.iryou.teikyouseido.mhlw.go.jp/znk-web/juminkanja/S2430/initialize?prefCd=20&kikanCd=2205417410&kikanKbn=2", "url2": "http://www.aozora-lmc.jp", "内容": "あおぞらレディス＆マタニティクリニック【2:診療所】【診療科目:産婦人科】長野県諏訪市中洲５７６４－１" }, "geometry": { "type": "Point", "coordinates": [ 138.114631, 36.017852 ] } },
{ "type": "Feature", "properties": { "ID": 2022205417670, "正式名称": "あざみ胃腸科クリニック", "機関区分": 2, "都道府県コード": 20, "市区町村コード": 361, "所在地": "長野県諏訪郡下諏訪町西赤砂４３４２－６", "緯度": 36.071262, "経度": 138.075299, "url": "https://www.iryou.teikyouseido.mhlw.go.jp/znk-web/juminkanja/S2430/initialize?prefCd=20&kikanCd=2205417670&kikanKbn=2", "url2": "http://www.azami-clinic.jp", "内容": "あざみ胃腸科クリニック【2:診療所】【診療科目:内科_呼吸器内科_消化器内科】長野県諏訪郡下諏訪町西赤砂４３４２－６" }, "geometry": { "type": "Point", "coordinates": [ 138.075299, 36.071262 ] } },
{ "type": "Feature", "properties": { "ID": 2022205417700, "正式名称": "桜井内科医院", "機関区分": 2, "都道府県コード": 20, "市区町村コード": 214, "所在地": "長野県茅野市塚原１－１４－４５", "緯度": 35.998883, "経度": 138.150295, "url": "https://www.iryou.teikyouseido.mhlw.go.jp/znk-web/juminkanja/S2430/initialize?prefCd=20&kikanCd=2205417700&kikanKbn=2", "url2": null, "内容": "桜井内科医院【2:診療所】【診療科目:内科_消化器内科】長野県茅野市塚原１－１４－４５" }, "geometry": { "type": "Point", "coordinates": [ 138.150295, 35.998883 ] } },
{ "type": "Feature", "properties": { "ID": 2022205418260, "正式名称": "なかす内科医院", "機関区分": 2, "都道府県コード": 20, "市区町村コード": 206, "所在地": "長野県諏訪市中洲３４６７－１", "緯度": 36.01338, "経度": 138.12088, "url": "https://www.iryou.teikyouseido.mhlw.go.jp/znk-web/juminkanja/S2430/initialize?prefCd=20&kikanCd=2205418260&kikanKbn=2", "url2": "https://itp.ne.jp/info/201690904151741340/", "内容": "なかす内科医院【2:診療所】【診療科目:内科】長野県諏訪市中洲３４６７－１" }, "geometry": { "type": "Point", "coordinates": [ 138.12088, 36.01338 ] } },
{ "type": "Feature", "properties": { "ID": 2022205418710, "正式名称": "往診クリニックちの", "機関区分": 2, "都道府県コード": 20, "市区町村コード": 214, "所在地": "長野県茅野市ちの２６６４－１", "緯度": 35.996383, "経度": 138.145907, "url": "https://www.iryou.teikyouseido.mhlw.go.jp/znk-web/juminkanja/S2430/initialize?prefCd=20&kikanCd=2205418710&kikanKbn=2", "url2": null, "内容": "往診クリニックちの【2:診療所】【診療科目:内科】長野県茅野市ちの２６６４－１" }, "geometry": { "type": "Point", "coordinates": [ 138.145907, 35.996383 ] } },
{ "type": "Feature", "properties": { "ID": 2022205418840, "正式名称": "浅川クリニック　内科循環器内科", "機関区分": 2, "都道府県コード": 20, "市区町村コード": 214, "所在地": "長野県茅野市玉川３０８０ー３", "緯度": 35.992607, "経度": 138.188348, "url": "https://www.iryou.teikyouseido.mhlw.go.jp/znk-web/juminkanja/S2430/initialize?prefCd=20&kikanCd=2205418840&kikanKbn=2", "url2": null, "内容": "浅川クリニック　内科循環器内科【2:診療所】【診療科目:内科_循環器内科】長野県茅野市玉川３０８０ー３" }, "geometry": { "type": "Point", "coordinates": [ 138.188348, 35.992607 ] } },
{ "type": "Feature", "properties": { "ID": 2022205418970, "正式名称": "高林内科呼吸器クリニック", "機関区分": 2, "都道府県コード": 20, "市区町村コード": 206, "所在地": "長野県諏訪市湖岸通り１－１３－１１", "緯度": 36.056903, "経度": 138.112574, "url": "https://www.iryou.teikyouseido.mhlw.go.jp/znk-web/juminkanja/S2430/initialize?prefCd=20&kikanCd=2205418970&kikanKbn=2", "url2": "http://www.takabayashi-c.com/", "内容": "高林内科呼吸器クリニック【2:診療所】【診療科目:内科_呼吸器内科】長野県諏訪市湖岸通り１－１３－１１" }, "geometry": { "type": "Point", "coordinates": [ 138.112574, 36.056903 ] } },
{ "type": "Feature", "properties": { "ID": 2022205419140, "正式名称": "牛山医院", "機関区分": 2, "都道府県コード": 20, "市区町村コード": 204, "所在地": "長野県岡谷市天竜町３ー２ー２３", "緯度": 36.057679, "経度": 138.049357, "url": "https://www.iryou.teikyouseido.mhlw.go.jp/znk-web/juminkanja/S2430/initialize?prefCd=20&kikanCd=2205419140&kikanKbn=2", "url2": null, "内容": "牛山医院【2:診療所】【診療科目:内科_小児科】長野県岡谷市天竜町３ー２ー２３" }, "geometry": { "type": "Point", "coordinates": [ 138.049357, 36.057679 ] } },
{ "type": "Feature", "properties": { "ID": 2022205419270, "正式名称": "さとう眼科医院", "機関区分": 2, "都道府県コード": 20, "市区町村コード": 361, "所在地": "長野県諏訪郡下諏訪町富士見町５２９５ー１", "緯度": 36.072484, "経度": 138.085576, "url": "https://www.iryou.teikyouseido.mhlw.go.jp/znk-web/juminkanja/S2430/initialize?prefCd=20&kikanCd=2205419270&kikanKbn=2", "url2": null, "内容": "さとう眼科医院【2:診療所】【診療科目:眼科】長野県諏訪郡下諏訪町富士見町５２９５ー１" }, "geometry": { "type": "Point", "coordinates": [ 138.085576, 36.072484 ] } },
{ "type": "Feature", "properties": { "ID": 2022205419690, "正式名称": "原田内科呼吸ケアクリニック", "機関区分": 2, "都道府県コード": 20, "市区町村コード": 214, "所在地": "長野県茅野市玉川４４９６番地１", "緯度": 35.989773, "経度": 138.176043, "url": "https://www.iryou.teikyouseido.mhlw.go.jp/znk-web/juminkanja/S2430/initialize?prefCd=20&kikanCd=2205419690&kikanKbn=2", "url2": "http://www.harada-clinic.jp", "内容": "原田内科呼吸ケアクリニック【2:診療所】【診療科目:内科_呼吸器内科_皮膚科_美容皮膚科_皮膚科、美容皮膚科】長野県茅野市玉川４４９６番地１" }, "geometry": { "type": "Point", "coordinates": [ 138.176043, 35.989773 ] } },
{ "type": "Feature", "properties": { "ID": 2022205419720, "正式名称": "富士見やまびこクリニック", "機関区分": 2, "都道府県コード": 20, "市区町村コード": 362, "所在地": "長野県諏訪郡富士見町落合９９８４－１８８", "緯度": 35.912075, "経度": 138.239633, "url": "https://www.iryou.teikyouseido.mhlw.go.jp/znk-web/juminkanja/S2430/initialize?prefCd=20&kikanCd=2205419720&kikanKbn=2", "url2": "https://www.fujimi-yamabiko.com", "内容": "富士見やまびこクリニック【2:診療所】【診療科目:内科_呼吸器内科_小児科_アレルギー科】長野県諏訪郡富士見町落合９９８４－１８８" }, "geometry": { "type": "Point", "coordinates": [ 138.239633, 35.912075 ] } },
{ "type": "Feature", "properties": { "ID": 2022205419850, "正式名称": "医療法人　八ヶ岳メンタルヘルスサポート", "機関区分": 2, "都道府県コード": 20, "市区町村コード": 214, "所在地": "長野県茅野市ちの", "緯度": 35.993939, "経度": 138.151545, "url": "https://www.iryou.teikyouseido.mhlw.go.jp/znk-web/juminkanja/S2430/initialize?prefCd=20&kikanCd=2205419850&kikanKbn=2", "url2": "http://ymhs.jimdo.com/", "内容": "医療法人　八ヶ岳メンタルヘルスサポート【2:診療所】【診療科目:精神科_心療内科】長野県茅野市ちの" }, "geometry": { "type": "Point", "coordinates": [ 138.151545, 35.993939 ] } },
{ "type": "Feature", "properties": { "ID": 2022205420090, "正式名称": "平出クリニック内科・産婦人科", "機関区分": 2, "都道府県コード": 20, "市区町村コード": 214, "所在地": "長野県茅野市ちの６２８ー１", "緯度": 36.009965, "経度": 138.138462, "url": "https://www.iryou.teikyouseido.mhlw.go.jp/znk-web/juminkanja/S2430/initialize?prefCd=20&kikanCd=2205420090&kikanKbn=2", "url2": "https://hiraide-clinic.jp/", "内容": "平出クリニック内科・産婦人科【2:診療所】【診療科目:内科_消化器内科_肝臓内科_産婦人科】長野県茅野市ちの６２８ー１" }, "geometry": { "type": "Point", "coordinates": [ 138.138462, 36.009965 ] } },
{ "type": "Feature", "properties": { "ID": 2022205420120, "正式名称": "医療法人こまくさ会　池田医院", "機関区分": 2, "都道府県コード": 20, "市区町村コード": 214, "所在地": "長野県茅野市ちの２８０８－１", "緯度": 35.993967, "経度": 138.144768, "url": "https://www.iryou.teikyouseido.mhlw.go.jp/znk-web/juminkanja/S2430/initialize?prefCd=20&kikanCd=2205420120&kikanKbn=2", "url2": "http://www.lcv.ne.jp/~komakusa/ike002.html", "内容": "医療法人こまくさ会　池田医院【2:診療所】【診療科目:内科_循環器内科_消化器内科_外科】長野県茅野市ちの２８０８－１" }, "geometry": { "type": "Point", "coordinates": [ 138.144768, 35.993967 ] } },
{ "type": "Feature", "properties": { "ID": 2022205420700, "正式名称": "メンタルクリニックおかや", "機関区分": 2, "都道府県コード": 20, "市区町村コード": 204, "所在地": "長野県岡谷市加茂町１－１－２", "緯度": 36.069827, "経度": 138.051453, "url": "https://www.iryou.teikyouseido.mhlw.go.jp/znk-web/juminkanja/S2430/initialize?prefCd=20&kikanCd=2205420700&kikanKbn=2", "url2": "http://www.mentalclinic-okaya.jp/", "内容": "メンタルクリニックおかや【2:診療所】【診療科目:精神科_心療内科】長野県岡谷市加茂町１－１－２" }, "geometry": { "type": "Point", "coordinates": [ 138.051453, 36.069827 ] } },
{ "type": "Feature", "properties": { "ID": 2022205420960, "正式名称": "やざわ虎クリニック", "機関区分": 2, "都道府県コード": 20, "市区町村コード": 206, "所在地": "長野県諏訪市高島１丁目２１ー１４", "緯度": 36.0396, "経度": 138.114602, "url": "https://www.iryou.teikyouseido.mhlw.go.jp/znk-web/juminkanja/S2430/initialize?prefCd=20&kikanCd=2205420960&kikanKbn=2", "url2": "http://yazawa-tora-clinic.com", "内容": "やざわ虎クリニック【2:診療所】【診療科目:内科_外科】長野県諏訪市高島１丁目２１ー１４" }, "geometry": { "type": "Point", "coordinates": [ 138.114602, 36.0396 ] } },
{ "type": "Feature", "properties": { "ID": 2022205421390, "正式名称": "よねやま内科クリニック", "機関区分": 2, "都道府県コード": 20, "市区町村コード": 204, "所在地": "長野県岡谷市神明町１丁目２番１１号", "緯度": 36.07601, "経度": 138.042663, "url": "https://www.iryou.teikyouseido.mhlw.go.jp/znk-web/juminkanja/S2430/initialize?prefCd=20&kikanCd=2205421390&kikanKbn=2", "url2": null, "内容": "よねやま内科クリニック【2:診療所】【診療科目:内科_消化器内科】長野県岡谷市神明町１丁目２番１１号" }, "geometry": { "type": "Point", "coordinates": [ 138.042663, 36.07601 ] } },
{ "type": "Feature", "properties": { "ID": 2022205421710, "正式名称": "花田眼科", "機関区分": 2, "都道府県コード": 20, "市区町村コード": 206, "所在地": "長野県諏訪市城南２丁目２４５３－１", "緯度": 36.031656, "経度": 138.117769, "url": "https://www.iryou.teikyouseido.mhlw.go.jp/znk-web/juminkanja/S2430/initialize?prefCd=20&kikanCd=2205421710&kikanKbn=2", "url2": "http://hanada-eye.com/", "内容": "花田眼科【2:診療所】【診療科目:眼科】長野県諏訪市城南２丁目２４５３－１" }, "geometry": { "type": "Point", "coordinates": [ 138.117769, 36.031656 ] } },
{ "type": "Feature", "properties": { "ID": 2022205421840, "正式名称": "こやま乳腺・甲状腺クリニック", "機関区分": 2, "都道府県コード": 20, "市区町村コード": 206, "所在地": "長野県諏訪市城南１ー２５５７ー１", "緯度": 36.03662, "経度": 138.11592, "url": "https://www.iryou.teikyouseido.mhlw.go.jp/znk-web/juminkanja/S2430/initialize?prefCd=20&kikanCd=2205421840&kikanKbn=2", "url2": "http://www.koyama-breast.jp", "内容": "こやま乳腺・甲状腺クリニック【2:診療所】【診療科目:外科_乳腺外科_乳腺・内分泌外科】長野県諏訪市城南１ー２５５７ー１" }, "geometry": { "type": "Point", "coordinates": [ 138.11592, 36.03662 ] } },
{ "type": "Feature", "properties": { "ID": 2022205422010, "正式名称": "介護老人福祉施設松風医務室", "機関区分": 2, "都道府県コード": 20, "市区町村コード": 204, "所在地": "長野県岡谷市内山４７６９番５４８", "緯度": 36.069706, "経度": 138.02747, "url": "https://www.iryou.teikyouseido.mhlw.go.jp/znk-web/juminkanja/S2430/initialize?prefCd=20&kikanCd=2205422010&kikanKbn=2", "url2": null, "内容": "介護老人福祉施設松風医務室【2:診療所】【診療科目:内科】長野県岡谷市内山４７６９番５４８" }, "geometry": { "type": "Point", "coordinates": [ 138.02747, 36.069706 ] } },
{ "type": "Feature", "properties": { "ID": 2022205422140, "正式名称": "こうのハートクリニック", "機関区分": 2, "都道府県コード": 20, "市区町村コード": 206, "所在地": "長野県諏訪市中洲", "緯度": 36.017852, "経度": 138.114631, "url": "https://www.iryou.teikyouseido.mhlw.go.jp/znk-web/juminkanja/S2430/initialize?prefCd=20&kikanCd=2205422140&kikanKbn=2", "url2": null, "内容": "こうのハートクリニック【2:診療所】【診療科目:内科_循環器内科_精神科】長野県諏訪市中洲" }, "geometry": { "type": "Point", "coordinates": [ 138.114631, 36.017852 ] } },
{ "type": "Feature", "properties": { "ID": 2022205422560, "正式名称": "医療法人かりん会　きみづか整形外科", "機関区分": 2, "都道府県コード": 20, "市区町村コード": 206, "所在地": "長野県諏訪市上川三丁目２３４３番地", "緯度": 36.030218, "経度": 138.12002, "url": "https://www.iryou.teikyouseido.mhlw.go.jp/znk-web/juminkanja/S2430/initialize?prefCd=20&kikanCd=2205422560&kikanKbn=2", "url2": "https://www.kimizuka-seikei.net/", "内容": "医療法人かりん会　きみづか整形外科【2:診療所】【診療科目:整形外科_リウマチ科_リハビリテーション科】長野県諏訪市上川三丁目２３４３番地" }, "geometry": { "type": "Point", "coordinates": [ 138.12002, 36.030218 ] } },
{ "type": "Feature", "properties": { "ID": 2022205422690, "正式名称": "大槻医院", "機関区分": 2, "都道府県コード": 20, "市区町村コード": 363, "所在地": "長野県諏訪郡原村中新田１５７３９－２", "緯度": 35.941604, "経度": 138.244852, "url": "https://www.iryou.teikyouseido.mhlw.go.jp/znk-web/juminkanja/S2430/initialize?prefCd=20&kikanCd=2205422690&kikanKbn=2", "url2": "https://otsuki-clinic.jp", "内容": "大槻医院【2:診療所】【診療科目:内科】長野県諏訪郡原村中新田１５７３９－２" }, "geometry": { "type": "Point", "coordinates": [ 138.244852, 35.941604 ] } },
{ "type": "Feature", "properties": { "ID": 2022205423280, "正式名称": "諏訪メンタルクリニック", "機関区分": 2, "都道府県コード": 20, "市区町村コード": 361, "所在地": "長野県諏訪郡下諏訪町４７０５ー２", "緯度": 36.11612, "経度": 138.11649, "url": "https://www.iryou.teikyouseido.mhlw.go.jp/znk-web/juminkanja/S2430/initialize?prefCd=20&kikanCd=2205423280&kikanKbn=2", "url2": "http://www.suwa-mental-clinic.com", "内容": "諏訪メンタルクリニック【2:診療所】【診療科目:精神科_心療内科】長野県諏訪郡下諏訪町４７０５ー２" }, "geometry": { "type": "Point", "coordinates": [ 138.11649, 36.11612 ] } },
{ "type": "Feature", "properties": { "ID": 2022205423310, "正式名称": "五味医院", "機関区分": 2, "都道府県コード": 20, "市区町村コード": 206, "所在地": "長野県諏訪市大手２丁目４－３", "緯度": 36.042441, "経度": 138.115894, "url": "https://www.iryou.teikyouseido.mhlw.go.jp/znk-web/juminkanja/S2430/initialize?prefCd=20&kikanCd=2205423310&kikanKbn=2", "url2": "http://www.gomiiin.jp/", "内容": "五味医院【2:診療所】【診療科目:内科_外科_総合診療科】長野県諏訪市大手２丁目４－３" }, "geometry": { "type": "Point", "coordinates": [ 138.115894, 36.042441 ] } },
{ "type": "Feature", "properties": { "ID": 2022205423440, "正式名称": "いちょう並木クリニック", "機関区分": 2, "都道府県コード": 20, "市区町村コード": 206, "所在地": "長野県諏訪市四賀", "緯度": 36.012109, "経度": 138.130284, "url": "https://www.iryou.teikyouseido.mhlw.go.jp/znk-web/juminkanja/S2430/initialize?prefCd=20&kikanCd=2205423440&kikanKbn=2", "url2": "http://ityou-nc.com", "内容": "いちょう並木クリニック【2:診療所】【診療科目:内科_消化器内科_小児科】長野県諏訪市四賀" }, "geometry": { "type": "Point", "coordinates": [ 138.130284, 36.012109 ] } },
{ "type": "Feature", "properties": { "ID": 2022205423730, "正式名称": "みやざき皮フ科クリニック", "機関区分": 2, "都道府県コード": 20, "市区町村コード": 206, "所在地": "長野県諏訪市高島４丁目２０２１ー１", "緯度": 36.03533, "経度": 138.111938, "url": "https://www.iryou.teikyouseido.mhlw.go.jp/znk-web/juminkanja/S2430/initialize?prefCd=20&kikanCd=2205423730&kikanKbn=2", "url2": null, "内容": "みやざき皮フ科クリニック【2:診療所】【診療科目:小児皮膚科_皮膚科】長野県諏訪市高島４丁目２０２１ー１" }, "geometry": { "type": "Point", "coordinates": [ 138.111938, 36.03533 ] } },
{ "type": "Feature", "properties": { "ID": 2022205424740, "正式名称": "こいけこどもクリニック", "機関区分": 2, "都道府県コード": 20, "市区町村コード": 206, "所在地": "長野県諏訪市諏訪", "緯度": 36.046193, "経度": 138.117434, "url": "https://www.iryou.teikyouseido.mhlw.go.jp/znk-web/juminkanja/S2430/initialize?prefCd=20&kikanCd=2205424740&kikanKbn=2", "url2": "https://koikechildrensclinic.jp/koikekodomo-index.html", "内容": "こいけこどもクリニック【2:診療所】【診療科目:小児科_アレルギー科】長野県諏訪市諏訪" }, "geometry": { "type": "Point", "coordinates": [ 138.117434, 36.046193 ] } },
{ "type": "Feature", "properties": { "ID": 2022205424870, "正式名称": "医療法人　うえはらクリニック", "機関区分": 2, "都道府県コード": 20, "市区町村コード": 214, "所在地": "長野県茅野市仲町７－１６", "緯度": 35.993485, "経度": 138.155116, "url": "https://www.iryou.teikyouseido.mhlw.go.jp/znk-web/juminkanja/S2430/initialize?prefCd=20&kikanCd=2205424870&kikanKbn=2", "url2": "https://www.uehara-naika.jp", "内容": "医療法人　うえはらクリニック【2:診療所】【診療科目:内科_消化器内科_小児科】長野県茅野市仲町７－１６" }, "geometry": { "type": "Point", "coordinates": [ 138.155116, 35.993485 ] } },
{ "type": "Feature", "properties": { "ID": 2022205425200, "正式名称": "皮フ科わくいクリニック", "機関区分": 2, "都道府県コード": 20, "市区町村コード": 206, "所在地": "長野県諏訪市四賀飯島２２５８ー７　ハッピービル１階", "緯度": 36.018604, "経度": 138.12407, "url": "https://www.iryou.teikyouseido.mhlw.go.jp/znk-web/juminkanja/S2430/initialize?prefCd=20&kikanCd=2205425200&kikanKbn=2", "url2": "http://wakui-clinic.jp", "内容": "皮フ科わくいクリニック【2:診療所】【診療科目:皮膚科_アレルギー科】長野県諏訪市四賀飯島２２５８ー７　ハッピービル１階" }, "geometry": { "type": "Point", "coordinates": [ 138.12407, 36.018604 ] } },
{ "type": "Feature", "properties": { "ID": 2022205426180, "正式名称": "小松整形外科", "機関区分": 2, "都道府県コード": 20, "市区町村コード": 206, "所在地": "長野県諏訪市四賀２４１７－６", "緯度": 36.012811, "経度": 138.130239, "url": "https://www.iryou.teikyouseido.mhlw.go.jp/znk-web/juminkanja/S2430/initialize?prefCd=20&kikanCd=2205426180&kikanKbn=2", "url2": "http://komatsu-s.jp/", "内容": "小松整形外科【2:診療所】【診療科目:整形外科_リハビリテーション科】長野県諏訪市四賀２４１７－６" }, "geometry": { "type": "Point", "coordinates": [ 138.130239, 36.012811 ] } },
{ "type": "Feature", "properties": { "ID": 2022205426210, "正式名称": "湖南関医院", "機関区分": 2, "都道府県コード": 20, "市区町村コード": 206, "所在地": "長野県諏訪市湖南５９２８", "緯度": 36.013604, "経度": 138.09427, "url": "https://www.iryou.teikyouseido.mhlw.go.jp/znk-web/juminkanja/S2430/initialize?prefCd=20&kikanCd=2205426210&kikanKbn=2", "url2": "http://konamiseki.com/", "内容": "湖南関医院【2:診療所】【診療科目:内科_消化器内科】長野県諏訪市湖南５９２８" }, "geometry": { "type": "Point", "coordinates": [ 138.09427, 36.013604 ] } },
{ "type": "Feature", "properties": { "ID": 2022205426340, "正式名称": "くぼ泌尿器科クリニック", "機関区分": 2, "都道府県コード": 20, "市区町村コード": 214, "所在地": "長野県茅野市仲町１４－２４", "緯度": 35.992315, "経度": 138.157643, "url": "https://www.iryou.teikyouseido.mhlw.go.jp/znk-web/juminkanja/S2430/initialize?prefCd=20&kikanCd=2205426340&kikanKbn=2", "url2": "https://www.kubouroclinic.jp", "内容": "くぼ泌尿器科クリニック【2:診療所】【診療科目:皮膚泌尿器科_泌尿器科_男性泌尿器科_腎臓・泌尿器科_ＥＤ治療（改行）精液検査】長野県茅野市仲町１４－２４" }, "geometry": { "type": "Point", "coordinates": [ 138.157643, 35.992315 ] } },
{ "type": "Feature", "properties": { "ID": 2022205426470, "正式名称": "上諏訪駅前ひろ整形外科", "機関区分": 2, "都道府県コード": 20, "市区町村コード": 206, "所在地": "長野県諏訪市諏訪１－６－１　アーク諏訪２階", "緯度": 36.046969, "経度": 138.118842, "url": "https://www.iryou.teikyouseido.mhlw.go.jp/znk-web/juminkanja/S2430/initialize?prefCd=20&kikanCd=2205426470&kikanKbn=2", "url2": "https://hiroseikei.com/", "内容": "上諏訪駅前ひろ整形外科【2:診療所】【診療科目:整形外科_美容皮膚科_リハビリテーション科】長野県諏訪市諏訪１－６－１　アーク諏訪２階" }, "geometry": { "type": "Point", "coordinates": [ 138.118842, 36.046969 ] } },
{ "type": "Feature", "properties": { "ID": 2022205426630, "正式名称": "さくら並木クリニック", "機関区分": 2, "都道府県コード": 20, "市区町村コード": 204, "所在地": "長野県岡谷市赤羽３丁目７番５５号", "緯度": 36.076944, "経度": 138.054595, "url": "https://www.iryou.teikyouseido.mhlw.go.jp/znk-web/juminkanja/S2430/initialize?prefCd=20&kikanCd=2205426630&kikanKbn=2", "url2": "https://sakuranamiki-clinic.jp", "内容": "さくら並木クリニック【2:診療所】【診療科目:内科_消化器内科_外科】長野県岡谷市赤羽３丁目７番５５号" }, "geometry": { "type": "Point", "coordinates": [ 138.054595, 36.076944 ] } },
{ "type": "Feature", "properties": { "ID": 2022205427350, "正式名称": "医療法人薫洋会　あるがクリニック", "機関区分": 2, "都道府県コード": 20, "市区町村コード": 206, "所在地": "長野県諏訪市湯の脇２－６－３", "緯度": 36.048911, "経度": 138.117144, "url": "https://www.iryou.teikyouseido.mhlw.go.jp/znk-web/juminkanja/S2430/initialize?prefCd=20&kikanCd=2205427350&kikanKbn=2", "url2": "https://aruga-clinic.com", "内容": "医療法人薫洋会　あるがクリニック【2:診療所】【診療科目:内科_腎臓内科_泌尿器科】長野県諏訪市湯の脇２－６－３" }, "geometry": { "type": "Point", "coordinates": [ 138.117144, 36.048911 ] } },
{ "type": "Feature", "properties": { "ID": 2022205427480, "正式名称": "尖石診療所", "機関区分": 2, "都道府県コード": 20, "市区町村コード": 214, "所在地": "長野県茅野市豊平４４８５－１", "緯度": 36.016095, "経度": 138.220579, "url": "https://www.iryou.teikyouseido.mhlw.go.jp/znk-web/juminkanja/S2430/initialize?prefCd=20&kikanCd=2205427480&kikanKbn=2", "url2": "https://togariishi.com/", "内容": "尖石診療所【2:診療所】【診療科目:内科_消化器内科_小児科】長野県茅野市豊平４４８５－１" }, "geometry": { "type": "Point", "coordinates": [ 138.220579, 36.016095 ] } },
{ "type": "Feature", "properties": { "ID": 2022205427510, "正式名称": "出早クリニック", "機関区分": 2, "都道府県コード": 20, "市区町村コード": 204, "所在地": "長野県岡谷市長地出早２－４－６", "緯度": 36.090306, "経度": 138.052007, "url": "https://www.iryou.teikyouseido.mhlw.go.jp/znk-web/juminkanja/S2430/initialize?prefCd=20&kikanCd=2205427510&kikanKbn=2", "url2": "https://www.iduhayaclinic.com/", "内容": "出早クリニック【2:診療所】【診療科目:内科_小児科】長野県岡谷市長地出早２－４－６" }, "geometry": { "type": "Point", "coordinates": [ 138.052007, 36.090306 ] } },
{ "type": "Feature", "properties": { "ID": 2022205427640, "正式名称": "しもすわ肛門胃腸内科クリニック", "機関区分": 2, "都道府県コード": 20, "市区町村コード": 361, "所在地": "長野県諏訪郡下諏訪町栄町　５０３１－１８", "緯度": 36.072884, "経度": 138.08073, "url": "https://www.iryou.teikyouseido.mhlw.go.jp/znk-web/juminkanja/S2430/initialize?prefCd=20&kikanCd=2205427640&kikanKbn=2", "url2": "https://shimosuwa-clinic.jp", "内容": "しもすわ肛門胃腸内科クリニック【2:診療所】【診療科目:内科_胃腸内科_内視鏡内科_肛門外科】長野県諏訪郡下諏訪町栄町　５０３１－１８" }, "geometry": { "type": "Point", "coordinates": [ 138.08073, 36.072884 ] } },
{ "type": "Feature", "properties": { "ID": 2022205427770, "正式名称": "平林医院", "機関区分": 2, "都道府県コード": 20, "市区町村コード": 204, "所在地": "長野県岡谷市本町２ー５ー２", "緯度": 36.06394, "経度": 138.04617, "url": "https://www.iryou.teikyouseido.mhlw.go.jp/znk-web/juminkanja/S2430/initialize?prefCd=20&kikanCd=2205427770&kikanKbn=2", "url2": null, "内容": "平林医院【2:診療所】【診療科目:内科_美容皮膚科】長野県岡谷市本町２ー５ー２" }, "geometry": { "type": "Point", "coordinates": [ 138.04617, 36.06394 ] } },
{ "type": "Feature", "properties": { "ID": 2022205427800, "正式名称": "ライフクリニック蓼科", "機関区分": 2, "都道府県コード": 20, "市区町村コード": 214, "所在地": "長野県茅野市豊平３３１７－１", "緯度": 36.021508, "経度": 138.206025, "url": "https://www.iryou.teikyouseido.mhlw.go.jp/znk-web/juminkanja/S2430/initialize?prefCd=20&kikanCd=2205427800&kikanKbn=2", "url2": "https://lifeclinic-t.jp/", "内容": "ライフクリニック蓼科【2:診療所】【診療科目:内科_消化器内科_小児科_婦人科_リハビリテーション科】長野県茅野市豊平３３１７－１" }, "geometry": { "type": "Point", "coordinates": [ 138.206025, 36.021508 ] } },
{ "type": "Feature", "properties": { "ID": 2022205427930, "正式名称": "すわちのクリニック", "機関区分": 2, "都道府県コード": 20, "市区町村コード": 214, "所在地": "長野県茅野市宮川", "緯度": 35.993074, "経度": 138.141725, "url": "https://www.iryou.teikyouseido.mhlw.go.jp/znk-web/juminkanja/S2430/initialize?prefCd=20&kikanCd=2205427930&kikanKbn=2", "url2": null, "内容": "すわちのクリニック【2:診療所】【診療科目:人工透析内科_血管外科】長野県茅野市宮川" }, "geometry": { "type": "Point", "coordinates": [ 138.141725, 35.993074 ] } },
{ "type": "Feature", "properties": { "ID": 2022205428070, "正式名称": "三沢医院", "機関区分": 2, "都道府県コード": 20, "市区町村コード": 361, "所在地": "長野県諏訪郡下諏訪町矢木町１４４ー６", "緯度": 36.078018, "経度": 138.081118, "url": "https://www.iryou.teikyouseido.mhlw.go.jp/znk-web/juminkanja/S2430/initialize?prefCd=20&kikanCd=2205428070&kikanKbn=2", "url2": null, "内容": "三沢医院【2:診療所】【診療科目:内科】長野県諏訪郡下諏訪町矢木町１４４ー６" }, "geometry": { "type": "Point", "coordinates": [ 138.081118, 36.078018 ] } },
{ "type": "Feature", "properties": { "ID": 2022205428100, "正式名称": "いのちの輪ナチュラルケアクリニック", "機関区分": 2, "都道府県コード": 20, "市区町村コード": 214, "所在地": "長野県茅野市北山８４５", "緯度": 36.042227, "経度": 138.224191, "url": "https://www.iryou.teikyouseido.mhlw.go.jp/znk-web/juminkanja/S2430/initialize?prefCd=20&kikanCd=2205428100&kikanKbn=2", "url2": "https://ino-chino-wa.site/", "内容": "いのちの輪ナチュラルケアクリニック【2:診療所】【診療科目:漢方内科_心療内科】長野県茅野市北山８４５" }, "geometry": { "type": "Point", "coordinates": [ 138.224191, 36.042227 ] } },
{ "type": "Feature", "properties": { "ID": 2022205428230, "正式名称": "医療法人すがわら小児クリニック", "機関区分": 2, "都道府県コード": 20, "市区町村コード": 214, "所在地": "長野県茅野市ちの２５７ー３", "緯度": 35.99441, "経度": 138.15314, "url": "https://www.iryou.teikyouseido.mhlw.go.jp/znk-web/juminkanja/S2430/initialize?prefCd=20&kikanCd=2205428230&kikanKbn=2", "url2": "https://sugaped.jp/", "内容": "医療法人すがわら小児クリニック【2:診療所】【診療科目:小児科】長野県茅野市ちの２５７ー３" }, "geometry": { "type": "Point", "coordinates": [ 138.15314, 35.99441 ] } },
{ "type": "Feature", "properties": { "ID": 2022205428650, "正式名称": "アイグレーハート＆ケアクリニック", "機関区分": 2, "都道府県コード": 20, "市区町村コード": 214, "所在地": "長野県茅野市本町東１４―３", "緯度": 36.00065, "経度": 138.172548, "url": "https://www.iryou.teikyouseido.mhlw.go.jp/znk-web/juminkanja/S2430/initialize?prefCd=20&kikanCd=2205428650&kikanKbn=2", "url2": "https://aigleclinic.com", "内容": "アイグレーハート＆ケアクリニック【2:診療所】【診療科目:内科_循環器内科_女性内科_リハビリテーション科】長野県茅野市本町東１４―３" }, "geometry": { "type": "Point", "coordinates": [ 138.172548, 36.00065 ] } },
{ "type": "Feature", "properties": { "ID": 2022205428780, "正式名称": "リバーサイドクリニック", "機関区分": 2, "都道府県コード": 20, "市区町村コード": 214, "所在地": "長野県茅野市宮川３９７５", "緯度": 35.990261, "経度": 138.150775, "url": "https://www.iryou.teikyouseido.mhlw.go.jp/znk-web/juminkanja/S2430/initialize?prefCd=20&kikanCd=2205428780&kikanKbn=2", "url2": "http://suwachuo.jp/about/kanren/riverside/", "内容": "リバーサイドクリニック【2:診療所】【診療科目:内科_外科_整形外科_小児科】長野県茅野市宮川３９７５" }, "geometry": { "type": "Point", "coordinates": [ 138.150775, 35.990261 ] } },
{ "type": "Feature", "properties": { "ID": 2022205428810, "正式名称": "北山診療所", "機関区分": 2, "都道府県コード": 20, "市区町村コード": 214, "所在地": "長野県茅野市北山４８０８番地１", "緯度": 36.033842, "経度": 138.224672, "url": "https://www.iryou.teikyouseido.mhlw.go.jp/znk-web/juminkanja/S2430/initialize?prefCd=20&kikanCd=2205428810&kikanKbn=2", "url2": "http://suwachuo.jp/about/kanren/kitayama/", "内容": "北山診療所【2:診療所】【診療科目:内科_小児科】長野県茅野市北山４８０８番地１" }, "geometry": { "type": "Point", "coordinates": [ 138.224672, 36.033842 ] } },
{ "type": "Feature", "properties": { "ID": 2022205429110, "正式名称": "塚田医院", "機関区分": 2, "都道府県コード": 20, "市区町村コード": 214, "所在地": "長野県茅野市本町西３－７", "緯度": 35.996478, "経度": 138.163575, "url": "https://www.iryou.teikyouseido.mhlw.go.jp/znk-web/juminkanja/S2430/initialize?prefCd=20&kikanCd=2205429110&kikanKbn=2", "url2": null, "内容": "塚田医院【2:診療所】【診療科目:内科_小児科】長野県茅野市本町西３－７" }, "geometry": { "type": "Point", "coordinates": [ 138.163575, 35.996478 ] } },
{ "type": "Feature", "properties": { "ID": 2022205429240, "正式名称": "やざき内視鏡クリニック", "機関区分": 2, "都道府県コード": 20, "市区町村コード": 214, "所在地": "長野県茅野市ちの３１５－７", "緯度": 36.004513, "経度": 138.13941, "url": "https://www.iryou.teikyouseido.mhlw.go.jp/znk-web/juminkanja/S2430/initialize?prefCd=20&kikanCd=2205429240&kikanKbn=2", "url2": "https://yazaki-endoscopy.com", "内容": "やざき内視鏡クリニック【2:診療所】【診療科目:内科_消化器内科_内視鏡内科】長野県茅野市ちの３１５－７" }, "geometry": { "type": "Point", "coordinates": [ 138.13941, 36.004513 ] } },
{ "type": "Feature", "properties": { "ID": 2022205429370, "正式名称": "わたなべ小児科医院", "機関区分": 2, "都道府県コード": 20, "市区町村コード": 214, "所在地": "長野県茅野市玉川３６５８－１", "緯度": 35.991587, "経度": 138.191758, "url": "https://www.iryou.teikyouseido.mhlw.go.jp/znk-web/juminkanja/S2430/initialize?prefCd=20&kikanCd=2205429370&kikanKbn=2", "url2": null, "内容": "わたなべ小児科医院【2:診療所】【診療科目:小児科_アレルギー科】長野県茅野市玉川３６５８－１" }, "geometry": { "type": "Point", "coordinates": [ 138.191758, 35.991587 ] } },
{ "type": "Feature", "properties": { "ID": 2022205429400, "正式名称": "すわ内科糖尿病クリニック", "機関区分": 2, "都道府県コード": 20, "市区町村コード": 206, "所在地": "長野県諏訪市高島１－１４－１", "緯度": 36.038689, "経度": 138.110575, "url": "https://www.iryou.teikyouseido.mhlw.go.jp/znk-web/juminkanja/S2430/initialize?prefCd=20&kikanCd=2205429400&kikanKbn=2", "url2": "https://suwa-naika.jp/", "内容": "すわ内科糖尿病クリニック【2:診療所】【診療科目:内科_糖尿病内科_内分泌内科_糖尿病・内分泌内科_小児科_小児泌尿器科_泌尿器科】長野県諏訪市高島１－１４－１" }, "geometry": { "type": "Point", "coordinates": [ 138.110575, 36.038689 ] } },
{ "type": "Feature", "properties": { "ID": 202220542953, "正式名称": "あいざわ内科循環器クリニック", "機関区分": 2, "都道府県コード": 20, "市区町村コード": 361, "所在地": "長野県諏訪郡下諏訪町４８６２－２５", "緯度": 36.066977, "経度": 138.084396, "url": "https://www.iryou.teikyouseido.mhlw.go.jp/znk-web/juminkanja/S2430/initialize?prefCd=20&kikanCd=220542953&kikanKbn=2", "url2": "https://aizawa-cl.net/", "内容": "あいざわ内科循環器クリニック【2:診療所】【診療科目:内科_循環器内科】長野県諏訪郡下諏訪町４８６２－２５" }, "geometry": { "type": "Point", "coordinates": [ 138.084396, 36.066977 ] } },
{ "type": "Feature", "properties": { "ID": 202220543093, "正式名称": "よねざわ伊藤クリニック", "機関区分": 2, "都道府県コード": 20, "市区町村コード": 214, "所在地": "長野県茅野市米沢３５１−１", "緯度": 36.02957, "経度": 138.18518, "url": "https://www.iryou.teikyouseido.mhlw.go.jp/znk-web/juminkanja/S2430/initialize?prefCd=20&kikanCd=220543093&kikanKbn=2", "url2": "https://yonezawa-ito-clinic.jp", "内容": "よねざわ伊藤クリニック【2:診療所】【診療科目:内科_呼吸器内科_アレルギー科】長野県茅野市米沢３５１−１" }, "geometry": { "type": "Point", "coordinates": [ 138.18518, 36.02957 ] } },
{ "type": "Feature", "properties": { "ID": 202220543110, "正式名称": "特別養護老人ホーム　アイリス茅野", "機関区分": 2, "都道府県コード": 20, "市区町村コード": 214, "所在地": "長野県茅野市宮川５７７８－１", "緯度": 35.986367, "経度": 138.155828, "url": "https://www.iryou.teikyouseido.mhlw.go.jp/znk-web/juminkanja/S2430/initialize?prefCd=20&kikanCd=220543110&kikanKbn=2", "url2": null, "内容": "特別養護老人ホーム　アイリス茅野【2:診療所】【診療科目:内科】長野県茅野市宮川５７７８－１" }, "geometry": { "type": "Point", "coordinates": [ 138.155828, 35.986367 ] } },
{ "type": "Feature", "properties": { "ID": 2022205501960, "正式名称": "花岡医院", "機関区分": 2, "都道府県コード": 20, "市区町村コード": 204, "所在地": "長野県岡谷市天竜町３ー２０ー２８", "緯度": 36.055124, "経度": 138.050968, "url": "https://www.iryou.teikyouseido.mhlw.go.jp/znk-web/juminkanja/S2430/initialize?prefCd=20&kikanCd=2205501960&kikanKbn=2", "url2": null, "内容": "花岡医院【2:診療所】【診療科目:内科_循環器内科_小児科】長野県岡谷市天竜町３ー２０ー２８" }, "geometry": { "type": "Point", "coordinates": [ 138.050968, 36.055124 ] } },
{ "type": "Feature", "properties": { "ID": 2022205502260, "正式名称": "藤森医院", "機関区分": 2, "都道府県コード": 20, "市区町村コード": 204, "所在地": "長野県岡谷市本町１ー３ー５", "緯度": 36.057012, "経度": 138.04383, "url": "https://www.iryou.teikyouseido.mhlw.go.jp/znk-web/juminkanja/S2430/initialize?prefCd=20&kikanCd=2205502260&kikanKbn=2", "url2": null, "内容": "藤森医院【2:診療所】【診療科目:歯科】長野県岡谷市本町１ー３ー５" }, "geometry": { "type": "Point", "coordinates": [ 138.04383, 36.057012 ] } },
{ "type": "Feature", "properties": { "ID": 2022205502710, "正式名称": "サツマ外科医院", "機関区分": 2, "都道府県コード": 20, "市区町村コード": 204, "所在地": "長野県岡谷市本町３－１０－７", "緯度": 36.063178, "経度": 138.046052, "url": "https://www.iryou.teikyouseido.mhlw.go.jp/znk-web/juminkanja/S2430/initialize?prefCd=20&kikanCd=2205502710&kikanKbn=2", "url2": null, "内容": "サツマ外科医院【2:診療所】【診療科目:内科_外科】長野県岡谷市本町３－１０－７" }, "geometry": { "type": "Point", "coordinates": [ 138.046052, 36.063178 ] } },
{ "type": "Feature", "properties": { "ID": 2022205503430, "正式名称": "林外科医院", "機関区分": 2, "都道府県コード": 20, "市区町村コード": 204, "所在地": "長野県岡谷市長地小萩３－１２－２７", "緯度": 36.079066, "経度": 138.065244, "url": "https://www.iryou.teikyouseido.mhlw.go.jp/znk-web/juminkanja/S2430/initialize?prefCd=20&kikanCd=2205503430&kikanKbn=2", "url2": null, "内容": "林外科医院【2:診療所】【診療科目:胃腸内科_外科_整形外科】長野県岡谷市長地小萩３－１２－２７" }, "geometry": { "type": "Point", "coordinates": [ 138.065244, 36.079066 ] } },
{ "type": "Feature", "properties": { "ID": 2022205504280, "正式名称": "林眼科醫院", "機関区分": 2, "都道府県コード": 20, "市区町村コード": 204, "所在地": "長野県岡谷市長地柴宮１－２－４１", "緯度": 36.073594, "経度": 138.062828, "url": "https://www.iryou.teikyouseido.mhlw.go.jp/znk-web/juminkanja/S2430/initialize?prefCd=20&kikanCd=2205504280&kikanKbn=2", "url2": null, "内容": "林眼科醫院【2:診療所】【診療科目:眼科】長野県岡谷市長地柴宮１－２－４１" }, "geometry": { "type": "Point", "coordinates": [ 138.062828, 36.073594 ] } },
{ "type": "Feature", "properties": { "ID": 2022205504310, "正式名称": "釜口医院", "機関区分": 2, "都道府県コード": 20, "市区町村コード": 204, "所在地": "長野県岡谷市天竜町３ー１２ー２２", "緯度": 36.056374, "経度": 138.05144, "url": "https://www.iryou.teikyouseido.mhlw.go.jp/znk-web/juminkanja/S2430/initialize?prefCd=20&kikanCd=2205504310&kikanKbn=2", "url2": null, "内容": "釜口医院【2:診療所】【診療科目:内科】長野県岡谷市天竜町３ー１２ー２２" }, "geometry": { "type": "Point", "coordinates": [ 138.05144, 36.056374 ] } },
{ "type": "Feature", "properties": { "ID": 2022205504860, "正式名称": "平山医院", "機関区分": 2, "都道府県コード": 20, "市区町村コード": 361, "所在地": "長野県諏訪郡下諏訪町塚田町３１４９－７", "緯度": 36.076844, "経度": 138.085603, "url": "https://www.iryou.teikyouseido.mhlw.go.jp/znk-web/juminkanja/S2430/initialize?prefCd=20&kikanCd=2205504860&kikanKbn=2", "url2": null, "内容": "平山医院【2:診療所】【診療科目:内科】長野県諏訪郡下諏訪町塚田町３１４９－７" }, "geometry": { "type": "Point", "coordinates": [ 138.085603, 36.076844 ] } },
{ "type": "Feature", "properties": { "ID": 2022205505580, "正式名称": "溝口医院", "機関区分": 2, "都道府県コード": 20, "市区町村コード": 361, "所在地": "長野県諏訪郡下諏訪町東豊", "緯度": 36.071123, "経度": 138.091547, "url": "https://www.iryou.teikyouseido.mhlw.go.jp/znk-web/juminkanja/S2430/initialize?prefCd=20&kikanCd=2205505580&kikanKbn=2", "url2": null, "内容": "溝口医院【2:診療所】【診療科目:内科_呼吸器内科_循環器内科_外科】長野県諏訪郡下諏訪町東豊" }, "geometry": { "type": "Point", "coordinates": [ 138.091547, 36.071123 ] } },
{ "type": "Feature", "properties": { "ID": 2022205506460, "正式名称": "医療法人　向山内科医院", "機関区分": 2, "都道府県コード": 20, "市区町村コード": 204, "所在地": "長野県岡谷市塚間町", "緯度": 36.063845, "経度": 138.051968, "url": "https://www.iryou.teikyouseido.mhlw.go.jp/znk-web/juminkanja/S2430/initialize?prefCd=20&kikanCd=2205506460&kikanKbn=2", "url2": null, "内容": "医療法人　向山内科医院【2:診療所】【診療科目:内科】長野県岡谷市塚間町" }, "geometry": { "type": "Point", "coordinates": [ 138.051968, 36.063845 ] } },
{ "type": "Feature", "properties": { "ID": 2022205506880, "正式名称": "医療法人創仁会　今井整形外科", "機関区分": 2, "都道府県コード": 20, "市区町村コード": 204, "所在地": "長野県岡谷市長地権現町３ー２ー１２", "緯度": 36.065845, "経度": 138.072438, "url": "https://www.iryou.teikyouseido.mhlw.go.jp/znk-web/juminkanja/S2430/initialize?prefCd=20&kikanCd=2205506880&kikanKbn=2", "url2": null, "内容": "医療法人創仁会　今井整形外科【2:診療所】【診療科目:整形外科_リハビリテーション科】長野県岡谷市長地権現町３ー２ー１２" }, "geometry": { "type": "Point", "coordinates": [ 138.072438, 36.065845 ] } },
{ "type": "Feature", "properties": { "ID": 2022205507050, "正式名称": "西川小児科医院", "機関区分": 2, "都道府県コード": 20, "市区町村コード": 361, "所在地": "長野県諏訪郡下諏訪町西四王４８７０－２", "緯度": 36.065651, "経度": 138.086215, "url": "https://www.iryou.teikyouseido.mhlw.go.jp/znk-web/juminkanja/S2430/initialize?prefCd=20&kikanCd=2205507050&kikanKbn=2", "url2": "https://www.nishikawa-child.net", "内容": "西川小児科医院【2:診療所】【診療科目:小児科】長野県諏訪郡下諏訪町西四王４８７０－２" }, "geometry": { "type": "Point", "coordinates": [ 138.086215, 36.065651 ] } },
{ "type": "Feature", "properties": { "ID": 2022205507210, "正式名称": "浜整形形成外科医院", "機関区分": 2, "都道府県コード": 20, "市区町村コード": 204, "所在地": "長野県岡谷市本町１ー７ー２５", "緯度": 36.057485, "経度": 138.043608, "url": "https://www.iryou.teikyouseido.mhlw.go.jp/znk-web/juminkanja/S2430/initialize?prefCd=20&kikanCd=2205507210&kikanKbn=2", "url2": null, "内容": "浜整形形成外科医院【2:診療所】【診療科目:整形外科_形成外科_リハビリテーション科】長野県岡谷市本町１ー７ー２５" }, "geometry": { "type": "Point", "coordinates": [ 138.043608, 36.057485 ] } },
{ "type": "Feature", "properties": { "ID": 2022205507470, "正式名称": "山崎医院", "機関区分": 2, "都道府県コード": 20, "市区町村コード": 204, "所在地": "長野県岡谷市東銀座１ー８ー１９", "緯度": 36.067789, "経度": 138.058384, "url": "https://www.iryou.teikyouseido.mhlw.go.jp/znk-web/juminkanja/S2430/initialize?prefCd=20&kikanCd=2205507470&kikanKbn=2", "url2": "http://yamazaki.nagano.jp", "内容": "山崎医院【2:診療所】【診療科目:内科_小児科】長野県岡谷市東銀座１ー８ー１９" }, "geometry": { "type": "Point", "coordinates": [ 138.058384, 36.067789 ] } },
{ "type": "Feature", "properties": { "ID": 2022205507500, "正式名称": "野村ウィメンズクリニック", "機関区分": 2, "都道府県コード": 20, "市区町村コード": 204, "所在地": "長野県岡谷市中央町３ー１ー３６", "緯度": 36.061929, "経度": 138.048663, "url": "https://www.iryou.teikyouseido.mhlw.go.jp/znk-web/juminkanja/S2430/initialize?prefCd=20&kikanCd=2205507500&kikanKbn=2", "url2": null, "内容": "野村ウィメンズクリニック【2:診療所】【診療科目:内科_産婦人科】長野県岡谷市中央町３ー１ー３６" }, "geometry": { "type": "Point", "coordinates": [ 138.048663, 36.061929 ] } },
{ "type": "Feature", "properties": { "ID": 2022205507630, "正式名称": "医療法人　市瀬医院", "機関区分": 2, "都道府県コード": 20, "市区町村コード": 361, "所在地": "長野県諏訪郡下諏訪町西鷹野町", "緯度": 36.06954, "経度": 138.081104, "url": "https://www.iryou.teikyouseido.mhlw.go.jp/znk-web/juminkanja/S2430/initialize?prefCd=20&kikanCd=2205507630&kikanKbn=2", "url2": null, "内容": "医療法人　市瀬医院【2:診療所】【診療科目:内科_ペインクリニック外科_整形外科_リハビリテーション科_麻酔科】長野県諏訪郡下諏訪町西鷹野町" }, "geometry": { "type": "Point", "coordinates": [ 138.081104, 36.06954 ] } },
{ "type": "Feature", "properties": { "ID": 2022205600560, "正式名称": "河野医院", "機関区分": 2, "都道府県コード": 20, "市区町村コード": 209, "所在地": "長野県伊那市東春近２３４５", "緯度": 35.807539, "経度": 137.958347, "url": "https://www.iryou.teikyouseido.mhlw.go.jp/znk-web/juminkanja/S2430/initialize?prefCd=20&kikanCd=2205600560&kikanKbn=2", "url2": null, "内容": "河野医院【2:診療所】【診療科目:内科_呼吸器内科_小児科】長野県伊那市東春近２３４５" }, "geometry": { "type": "Point", "coordinates": [ 137.958347, 35.807539 ] } },
{ "type": "Feature", "properties": { "ID": 2022205600720, "正式名称": "医療法人重盛医院", "機関区分": 2, "都道府県コード": 20, "市区町村コード": 209, "所在地": "長野県伊那市荒井３６４２－１", "緯度": 35.842368, "経度": 137.956262, "url": "https://www.iryou.teikyouseido.mhlw.go.jp/znk-web/juminkanja/S2430/initialize?prefCd=20&kikanCd=2205600720&kikanKbn=2", "url2": "http://www.shigemori-cl.com", "内容": "医療法人重盛医院【2:診療所】【診療科目:内科_循環器内科_小児科】長野県伊那市荒井３６４２－１" }, "geometry": { "type": "Point", "coordinates": [ 137.956262, 35.842368 ] } },
{ "type": "Feature", "properties": { "ID": 2022205601020, "正式名称": "清水耳鼻咽喉科医院", "機関区分": 2, "都道府県コード": 20, "市区町村コード": 209, "所在地": "長野県伊那市荒井３５１７", "緯度": 35.839535, "経度": 137.956429, "url": "https://www.iryou.teikyouseido.mhlw.go.jp/znk-web/juminkanja/S2430/initialize?prefCd=20&kikanCd=2205601020&kikanKbn=2", "url2": null, "内容": "清水耳鼻咽喉科医院【2:診療所】【診療科目:耳鼻いんこう科_アレルギー科】長野県伊那市荒井３５１７" }, "geometry": { "type": "Point", "coordinates": [ 137.956429, 35.839535 ] } },
{ "type": "Feature", "properties": { "ID": 2022205601570, "正式名称": "春日医院", "機関区分": 2, "都道府県コード": 20, "市区町村コード": 209, "所在地": "長野県伊那市中央４７２６－２", "緯度": 35.843563, "経度": 137.972317, "url": "https://www.iryou.teikyouseido.mhlw.go.jp/znk-web/juminkanja/S2430/initialize?prefCd=20&kikanCd=2205601570&kikanKbn=2", "url2": null, "内容": "春日医院【2:診療所】【診療科目:内科】長野県伊那市中央４７２６－２" }, "geometry": { "type": "Point", "coordinates": [ 137.972317, 35.843563 ] } },
{ "type": "Feature", "properties": { "ID": 2022205602450, "正式名称": "下島医院", "機関区分": 2, "都道府県コード": 20, "市区町村コード": 209, "所在地": "長野県伊那市中央４５０５－１", "緯度": 35.837452, "経度": 137.964901, "url": "https://www.iryou.teikyouseido.mhlw.go.jp/znk-web/juminkanja/S2430/initialize?prefCd=20&kikanCd=2205602450&kikanKbn=2", "url2": "https://shimojima-clinic-ina.com/", "内容": "下島医院【2:診療所】【診療科目:内科_循環器内科】長野県伊那市中央４５０５－１" }, "geometry": { "type": "Point", "coordinates": [ 137.964901, 35.837452 ] } },
{ "type": "Feature", "properties": { "ID": 2022205602900, "正式名称": "田畑内科医院", "機関区分": 2, "都道府県コード": 20, "市区町村コード": 209, "所在地": "長野県伊那市中央４９５３－２", "緯度": 35.842535, "経度": 137.965928, "url": "https://www.iryou.teikyouseido.mhlw.go.jp/znk-web/juminkanja/S2430/initialize?prefCd=20&kikanCd=2205602900&kikanKbn=2", "url2": null, "内容": "田畑内科医院【2:診療所】【診療科目:内科_呼吸器内科_消化器内科】長野県伊那市中央４９５３－２" }, "geometry": { "type": "Point", "coordinates": [ 137.965928, 35.842535 ] } },
{ "type": "Feature", "properties": { "ID": 2022205603330, "正式名称": "神山内科医院", "機関区分": 2, "都道府県コード": 20, "市区町村コード": 209, "所在地": "長野県伊那市西町５１２１－１", "緯度": 35.83223, "経度": 137.951513, "url": "https://www.iryou.teikyouseido.mhlw.go.jp/znk-web/juminkanja/S2430/initialize?prefCd=20&kikanCd=2205603330&kikanKbn=2", "url2": "https://kamiyama-cl.jp/", "内容": "神山内科医院【2:診療所】【診療科目:糖尿病内科_呼吸器内科_循環器内科_消化器内科】長野県伊那市西町５１２１－１" }, "geometry": { "type": "Point", "coordinates": [ 137.951513, 35.83223 ] } },
{ "type": "Feature", "properties": { "ID": 2022205604630, "正式名称": "杉下医院", "機関区分": 2, "都道府県コード": 20, "市区町村コード": 210, "所在地": "長野県駒ヶ根市中沢３５１８", "緯度": 35.72952, "経度": 137.981515, "url": "https://www.iryou.teikyouseido.mhlw.go.jp/znk-web/juminkanja/S2430/initialize?prefCd=20&kikanCd=2205604630&kikanKbn=2", "url2": null, "内容": "杉下医院【2:診療所】【診療科目:内科_小児科】長野県駒ヶ根市中沢３５１８" }, "geometry": { "type": "Point", "coordinates": [ 137.981515, 35.72952 ] } },
{ "type": "Feature", "properties": { "ID": 2022205604760, "正式名称": "秋城医院", "機関区分": 2, "都道府県コード": 20, "市区町村コード": 210, "所在地": "長野県駒ヶ根市赤穂９８７０", "緯度": 35.714326, "経度": 137.933492, "url": "https://www.iryou.teikyouseido.mhlw.go.jp/znk-web/juminkanja/S2430/initialize?prefCd=20&kikanCd=2205604760&kikanKbn=2", "url2": null, "内容": "秋城医院【2:診療所】【診療科目:内科_小児科】長野県駒ヶ根市赤穂９８７０" }, "geometry": { "type": "Point", "coordinates": [ 137.933492, 35.714326 ] } },
{ "type": "Feature", "properties": { "ID": 2022205605060, "正式名称": "神戸医院", "機関区分": 2, "都道府県コード": 20, "市区町村コード": 210, "所在地": "長野県駒ヶ根市上穂栄町２－３１", "緯度": 35.737463, "経度": 137.933407, "url": "https://www.iryou.teikyouseido.mhlw.go.jp/znk-web/juminkanja/S2430/initialize?prefCd=20&kikanCd=2205605060&kikanKbn=2", "url2": "https://www.facebook.com/search/top?q=%E7%A5%9E%E6%88%B8%E5%8C%BB%E9%99%A2%EF%BD%9C%E5%86%85%E7%A7%91%E3%83%BB%E5%B0%8F%E5%85%90%E7%A7%91", "内容": "神戸医院【2:診療所】【診療科目:内科_小児科】長野県駒ヶ根市上穂栄町２－３１" }, "geometry": { "type": "Point", "coordinates": [ 137.933407, 35.737463 ] } },
{ "type": "Feature", "properties": { "ID": 2022205606650, "正式名称": "医療法人社団慈心会北原内科", "機関区分": 2, "都道府県コード": 20, "市区町村コード": 209, "所在地": "長野県伊那市高遠町西高遠３０１", "緯度": 35.838427, "経度": 138.05506, "url": "https://www.iryou.teikyouseido.mhlw.go.jp/znk-web/juminkanja/S2430/initialize?prefCd=20&kikanCd=2205606650&kikanKbn=2", "url2": null, "内容": "医療法人社団慈心会北原内科【2:診療所】【診療科目:内科_消化器内科_肝臓内科_学童以上】長野県伊那市高遠町西高遠３０１" }, "geometry": { "type": "Point", "coordinates": [ 138.05506, 35.838427 ] } },
{ "type": "Feature", "properties": { "ID": 2022205607790, "正式名称": "医療法人　古村医院", "機関区分": 2, "都道府県コード": 20, "市区町村コード": 382, "所在地": "長野県上伊那郡辰野町辰野１７８８", "緯度": 35.983408, "経度": 137.99842, "url": "https://www.iryou.teikyouseido.mhlw.go.jp/znk-web/juminkanja/S2430/initialize?prefCd=20&kikanCd=2205607790&kikanKbn=2", "url2": null, "内容": "医療法人　古村医院【2:診療所】【診療科目:内科_循環器内科_消化器内科】長野県上伊那郡辰野町辰野１７８８" }, "geometry": { "type": "Point", "coordinates": [ 137.99842, 35.983408 ] } },
{ "type": "Feature", "properties": { "ID": 2022205608540, "正式名称": "中川医院", "機関区分": 2, "都道府県コード": 20, "市区町村コード": 383, "所在地": "長野県上伊那郡箕輪町中箕輪１２５０１", "緯度": 35.901334, "経度": 137.985674, "url": "https://www.iryou.teikyouseido.mhlw.go.jp/znk-web/juminkanja/S2430/initialize?prefCd=20&kikanCd=2205608540&kikanKbn=2", "url2": null, "内容": "中川医院【2:診療所】【診療科目:内科】長野県上伊那郡箕輪町中箕輪１２５０１" }, "geometry": { "type": "Point", "coordinates": [ 137.985674, 35.901334 ] } },
{ "type": "Feature", "properties": { "ID": 2022205609550, "正式名称": "きたとの駅前クリニック", "機関区分": 2, "都道府県コード": 20, "市区町村コード": 385, "所在地": "長野県上伊那郡南箕輪村南箕輪村一円３７１７番地", "緯度": 35.879614, "経度": 137.983592, "url": "https://www.iryou.teikyouseido.mhlw.go.jp/znk-web/juminkanja/S2430/initialize?prefCd=20&kikanCd=2205609550&kikanKbn=2", "url2": "https://kitatono-clinic.com/", "内容": "きたとの駅前クリニック【2:診療所】【診療科目:内科_循環器内科_小児科】長野県上伊那郡南箕輪村南箕輪村一円３７１７番地" }, "geometry": { "type": "Point", "coordinates": [ 137.983592, 35.879614 ] } },
{ "type": "Feature", "properties": { "ID": 2022205610660, "正式名称": "南向診療所", "機関区分": 2, "都道府県コード": 20, "市区町村コード": 386, "所在地": "長野県上伊那郡中川村大草４０３７－１", "緯度": 35.634669, "経度": 137.945494, "url": "https://www.iryou.teikyouseido.mhlw.go.jp/znk-web/juminkanja/S2430/initialize?prefCd=20&kikanCd=2205610660&kikanKbn=2", "url2": "https://minakata-clinic.jp", "内容": "南向診療所【2:診療所】【診療科目:内科_糖尿病内科_循環器内科_消化器内科_小児科】長野県上伊那郡中川村大草４０３７－１" }, "geometry": { "type": "Point", "coordinates": [ 137.945494, 35.634669 ] } },
{ "type": "Feature", "properties": { "ID": 2022205611120, "正式名称": "前沢眼科医院", "機関区分": 2, "都道府県コード": 20, "市区町村コード": 209, "所在地": "長野県伊那市中央４６０５－２３", "緯度": 35.83262, "経度": 137.9724, "url": "https://www.iryou.teikyouseido.mhlw.go.jp/znk-web/juminkanja/S2430/initialize?prefCd=20&kikanCd=2205611120&kikanKbn=2", "url2": null, "内容": "前沢眼科医院【2:診療所】【診療科目:眼科】長野県伊那市中央４６０５－２３" }, "geometry": { "type": "Point", "coordinates": [ 137.9724, 35.83262 ] } },
{ "type": "Feature", "properties": { "ID": 2022205611540, "正式名称": "座光寺内科医院", "機関区分": 2, "都道府県コード": 20, "市区町村コード": 210, "所在地": "長野県駒ヶ根市赤穂４８３５－１", "緯度": 35.72427, "経度": 137.93063, "url": "https://www.iryou.teikyouseido.mhlw.go.jp/znk-web/juminkanja/S2430/initialize?prefCd=20&kikanCd=2205611540&kikanKbn=2", "url2": null, "内容": "座光寺内科医院【2:診療所】【診療科目:内科】長野県駒ヶ根市赤穂４８３５－１" }, "geometry": { "type": "Point", "coordinates": [ 137.93063, 35.72427 ] } },
{ "type": "Feature", "properties": { "ID": 2022205611700, "正式名称": "北原医院", "機関区分": 2, "都道府県コード": 20, "市区町村コード": 388, "所在地": "長野県上伊那郡宮田村１６２", "緯度": 35.769987, "経度": 137.9406, "url": "https://www.iryou.teikyouseido.mhlw.go.jp/znk-web/juminkanja/S2430/initialize?prefCd=20&kikanCd=2205611700&kikanKbn=2", "url2": null, "内容": "北原医院【2:診療所】【診療科目:内科】長野県上伊那郡宮田村１６２" }, "geometry": { "type": "Point", "coordinates": [ 137.9406, 35.769987 ] } },
{ "type": "Feature", "properties": { "ID": 2022205612840, "正式名称": "下條医院", "機関区分": 2, "都道府県コード": 20, "市区町村コード": 209, "所在地": "長野県伊那市手良野口２００５－３", "緯度": 35.860451, "経度": 138.013757, "url": "https://www.iryou.teikyouseido.mhlw.go.jp/znk-web/juminkanja/S2430/initialize?prefCd=20&kikanCd=2205612840&kikanKbn=2", "url2": null, "内容": "下條医院【2:診療所】【診療科目:内科_脳神経外科_小児科】長野県伊那市手良野口２００５－３" }, "geometry": { "type": "Point", "coordinates": [ 138.013757, 35.860451 ] } },
{ "type": "Feature", "properties": { "ID": 2022205613140, "正式名称": "生生堂須田医院", "機関区分": 2, "都道府県コード": 20, "市区町村コード": 210, "所在地": "長野県駒ヶ根市赤須東６－５８", "緯度": 35.732991, "経度": 137.938296, "url": "https://www.iryou.teikyouseido.mhlw.go.jp/znk-web/juminkanja/S2430/initialize?prefCd=20&kikanCd=2205613140&kikanKbn=2", "url2": null, "内容": "生生堂須田医院【2:診療所】【診療科目:内科_小児科】長野県駒ヶ根市赤須東６－５８" }, "geometry": { "type": "Point", "coordinates": [ 137.938296, 35.732991 ] } },
{ "type": "Feature", "properties": { "ID": 2022205613430, "正式名称": "まつむら小児科医院", "機関区分": 2, "都道府県コード": 20, "市区町村コード": 210, "所在地": "長野県駒ヶ根市赤穂１６３０－１", "緯度": 35.74224, "経度": 137.928435, "url": "https://www.iryou.teikyouseido.mhlw.go.jp/znk-web/juminkanja/S2430/initialize?prefCd=20&kikanCd=2205613430&kikanKbn=2", "url2": null, "内容": "まつむら小児科医院【2:診療所】【診療科目:小児科】長野県駒ヶ根市赤穂１６３０－１" }, "geometry": { "type": "Point", "coordinates": [ 137.928435, 35.74224 ] } },
{ "type": "Feature", "properties": { "ID": 2022205613690, "正式名称": "医療法人林整形外科医院", "機関区分": 2, "都道府県コード": 20, "市区町村コード": 209, "所在地": "長野県伊那市西町５７５４－２", "緯度": 35.839118, "経度": 137.948513, "url": "https://www.iryou.teikyouseido.mhlw.go.jp/znk-web/juminkanja/S2430/initialize?prefCd=20&kikanCd=2205613690&kikanKbn=2", "url2": null, "内容": "医療法人林整形外科医院【2:診療所】【診療科目:整形外科_リハビリテーション科】長野県伊那市西町５７５４－２" }, "geometry": { "type": "Point", "coordinates": [ 137.948513, 35.839118 ] } },
{ "type": "Feature", "properties": { "ID": 2022205613720, "正式名称": "生協診療所いいじま", "機関区分": 2, "都道府県コード": 20, "市区町村コード": 384, "所在地": "長野県上伊那郡飯島町飯島２０５０－１", "緯度": 35.682767, "経度": 137.926595, "url": "https://www.iryou.teikyouseido.mhlw.go.jp/znk-web/juminkanja/S2430/initialize?prefCd=20&kikanCd=2205613720&kikanKbn=2", "url2": "http://www.kamiina-mcoop.com/iijima/", "内容": "生協診療所いいじま【2:診療所】【診療科目:内科_循環器内科_消化器内科_小児科】長野県上伊那郡飯島町飯島２０５０－１" }, "geometry": { "type": "Point", "coordinates": [ 137.926595, 35.682767 ] } },
{ "type": "Feature", "properties": { "ID": 2022205613980, "正式名称": "富士眼科医院", "機関区分": 2, "都道府県コード": 20, "市区町村コード": 209, "所在地": "長野県伊那市狐島４２５８－３", "緯度": 35.833925, "経度": 137.96404, "url": "https://www.iryou.teikyouseido.mhlw.go.jp/znk-web/juminkanja/S2430/initialize?prefCd=20&kikanCd=2205613980&kikanKbn=2", "url2": "https://www.fuji-ganka.com/", "内容": "富士眼科医院【2:診療所】【診療科目:眼科】長野県伊那市狐島４２５８－３" }, "geometry": { "type": "Point", "coordinates": [ 137.96404, 35.833925 ] } },
{ "type": "Feature", "properties": { "ID": 2022205614020, "正式名称": "下平けやき診療所", "機関区分": 2, "都道府県コード": 20, "市区町村コード": 210, "所在地": "長野県駒ヶ根市下平４０８０－１", "緯度": 35.734019, "経度": 137.957989, "url": "https://www.iryou.teikyouseido.mhlw.go.jp/znk-web/juminkanja/S2430/initialize?prefCd=20&kikanCd=2205614020&kikanKbn=2", "url2": null, "内容": "下平けやき診療所【2:診療所】【診療科目:内科_胃腸内科_小児科】長野県駒ヶ根市下平４０８０－１" }, "geometry": { "type": "Point", "coordinates": [ 137.957989, 35.734019 ] } },
{ "type": "Feature", "properties": { "ID": 2022205614440, "正式名称": "医療法人中谷内科医院", "機関区分": 2, "都道府県コード": 20, "市区町村コード": 210, "所在地": "長野県駒ヶ根市上穂栄町１７ー１８", "緯度": 35.738102, "経度": 137.931519, "url": "https://www.iryou.teikyouseido.mhlw.go.jp/znk-web/juminkanja/S2430/initialize?prefCd=20&kikanCd=2205614440&kikanKbn=2", "url2": null, "内容": "医療法人中谷内科医院【2:診療所】【診療科目:内科_小児科】長野県駒ヶ根市上穂栄町１７ー１８" }, "geometry": { "type": "Point", "coordinates": [ 137.931519, 35.738102 ] } },
{ "type": "Feature", "properties": { "ID": 2022205614570, "正式名称": "ゆりの木クリニック", "機関区分": 2, "都道府県コード": 20, "市区町村コード": 385, "所在地": "長野県上伊那郡南箕輪村北殿３４１２－１", "緯度": 35.879837, "経度": 137.980981, "url": "https://www.iryou.teikyouseido.mhlw.go.jp/znk-web/juminkanja/S2430/initialize?prefCd=20&kikanCd=2205614570&kikanKbn=2", "url2": null, "内容": "ゆりの木クリニック【2:診療所】【診療科目:眼科】長野県上伊那郡南箕輪村北殿３４１２－１" }, "geometry": { "type": "Point", "coordinates": [ 137.980981, 35.879837 ] } },
{ "type": "Feature", "properties": { "ID": 2022205614600, "正式名称": "前沢眼科駒ケ根診療所", "機関区分": 2, "都道府県コード": 20, "市区町村コード": 210, "所在地": "長野県駒ヶ根市上穂栄町１７ー１８", "緯度": 35.737907, "経度": 137.931602, "url": "https://www.iryou.teikyouseido.mhlw.go.jp/znk-web/juminkanja/S2430/initialize?prefCd=20&kikanCd=2205614600&kikanKbn=2", "url2": null, "内容": "前沢眼科駒ケ根診療所【2:診療所】【診療科目:眼科】長野県駒ヶ根市上穂栄町１７ー１８" }, "geometry": { "type": "Point", "coordinates": [ 137.931602, 35.737907 ] } },
{ "type": "Feature", "properties": { "ID": 2022205614730, "正式名称": "北原こどもクリニック", "機関区分": 2, "都道府県コード": 20, "市区町村コード": 209, "所在地": "長野県伊那市境１２９０", "緯度": 35.834341, "経度": 137.970317, "url": "https://www.iryou.teikyouseido.mhlw.go.jp/znk-web/juminkanja/S2430/initialize?prefCd=20&kikanCd=2205614730&kikanKbn=2", "url2": "https://www.kitahara-kodomo-cl.com/", "内容": "北原こどもクリニック【2:診療所】【診療科目:小児科_アレルギー科】長野県伊那市境１２９０" }, "geometry": { "type": "Point", "coordinates": [ 137.970317, 35.834341 ] } },
{ "type": "Feature", "properties": { "ID": 2022205614990, "正式名称": "いくやま医院", "機関区分": 2, "都道府県コード": 20, "市区町村コード": 383, "所在地": "長野県上伊那郡箕輪町中箕輪９４３１－１", "緯度": 35.910417, "経度": 137.988507, "url": "https://www.iryou.teikyouseido.mhlw.go.jp/znk-web/juminkanja/S2430/initialize?prefCd=20&kikanCd=2205614990&kikanKbn=2", "url2": null, "内容": "いくやま医院【2:診療所】【診療科目:内科_小児科】長野県上伊那郡箕輪町中箕輪９４３１－１" }, "geometry": { "type": "Point", "coordinates": [ 137.988507, 35.910417 ] } },
{ "type": "Feature", "properties": { "ID": 2022205615160, "正式名称": "ふかさわ耳鼻咽喉科医院", "機関区分": 2, "都道府県コード": 20, "市区町村コード": 209, "所在地": "長野県伊那市山寺２４６２－２", "緯度": 35.849145, "経度": 137.954762, "url": "https://www.iryou.teikyouseido.mhlw.go.jp/znk-web/juminkanja/S2430/initialize?prefCd=20&kikanCd=2205615160&kikanKbn=2", "url2": "http://www.fukasawa-iin.jp", "内容": "ふかさわ耳鼻咽喉科医院【2:診療所】【診療科目:耳鼻いんこう科_アレルギー科】長野県伊那市山寺２４６２－２" }, "geometry": { "type": "Point", "coordinates": [ 137.954762, 35.849145 ] } },
{ "type": "Feature", "properties": { "ID": 2022205615320, "正式名称": "原内科消化器科医院", "機関区分": 2, "都道府県コード": 20, "市区町村コード": 209, "所在地": "長野県伊那市前原８３９１番地１", "緯度": 35.847174, "経度": 137.990509, "url": "https://www.iryou.teikyouseido.mhlw.go.jp/znk-web/juminkanja/S2430/initialize?prefCd=20&kikanCd=2205615320&kikanKbn=2", "url2": "http://www1.inacatv.ne.jp/hara-iin/", "内容": "原内科消化器科医院【2:診療所】【診療科目:内科_循環器内科_消化器内科_小児科_皮膚科_泌尿器科_アレルギー科】長野県伊那市前原８３９１番地１" }, "geometry": { "type": "Point", "coordinates": [ 137.990509, 35.847174 ] } },
{ "type": "Feature", "properties": { "ID": 2022205615870, "正式名称": "山村眼科整形外科", "機関区分": 2, "都道府県コード": 20, "市区町村コード": 210, "所在地": "長野県駒ヶ根市赤穂１４６２３－３", "緯度": 35.74299, "経度": 137.940101, "url": "https://www.iryou.teikyouseido.mhlw.go.jp/znk-web/juminkanja/S2430/initialize?prefCd=20&kikanCd=2205615870&kikanKbn=2", "url2": null, "内容": "山村眼科整形外科【2:診療所】【診療科目:内科_整形外科_アレルギー科_リウマチ科_リハビリテーション科_放射線科】長野県駒ヶ根市赤穂１４６２３－３" }, "geometry": { "type": "Point", "coordinates": [ 137.940101, 35.74299 ] } },
{ "type": "Feature", "properties": { "ID": 2022205615900, "正式名称": "医療法人織姫会天竜河畔医院", "機関区分": 2, "都道府県コード": 20, "市区町村コード": 209, "所在地": "長野県伊那市御園１４７番地１階", "緯度": 35.851169, "経度": 137.971975, "url": "https://www.iryou.teikyouseido.mhlw.go.jp/znk-web/juminkanja/S2430/initialize?prefCd=20&kikanCd=2205615900&kikanKbn=2", "url2": null, "内容": "医療法人織姫会天竜河畔医院【2:診療所】【診療科目:内科_整形外科_形成外科_皮膚科_アレルギー科】長野県伊那市御園１４７番地１階" }, "geometry": { "type": "Point", "coordinates": [ 137.971975, 35.851169 ] } },
{ "type": "Feature", "properties": { "ID": 2022205616170, "正式名称": "片桐医院", "機関区分": 2, "都道府県コード": 20, "市区町村コード": 209, "所在地": "長野県伊那市日影５５", "緯度": 35.83723, "経度": 137.985066, "url": "https://www.iryou.teikyouseido.mhlw.go.jp/znk-web/juminkanja/S2430/initialize?prefCd=20&kikanCd=2205616170&kikanKbn=2", "url2": null, "内容": "片桐医院【2:診療所】【診療科目:内科_小児科_精神科_心療内科】長野県伊那市日影５５" }, "geometry": { "type": "Point", "coordinates": [ 137.985066, 35.83723 ] } },
{ "type": "Feature", "properties": { "ID": 2022205616200, "正式名称": "酒井医院", "機関区分": 2, "都道府県コード": 20, "市区町村コード": 209, "所在地": "長野県伊那市富県７４４６－１", "緯度": 35.811178, "経度": 137.990372, "url": "https://www.iryou.teikyouseido.mhlw.go.jp/znk-web/juminkanja/S2430/initialize?prefCd=20&kikanCd=2205616200&kikanKbn=2", "url2": null, "内容": "酒井医院【2:診療所】【診療科目:内科_婦人科】長野県伊那市富県７４４６－１" }, "geometry": { "type": "Point", "coordinates": [ 137.990372, 35.811178 ] } },
{ "type": "Feature", "properties": { "ID": 2022205616590, "正式名称": "ケイ皮フ科クリニック", "機関区分": 2, "都道府県コード": 20, "市区町村コード": 209, "所在地": "長野県伊那市上新田２５９６－２", "緯度": 35.827203, "経度": 137.960263, "url": "https://www.iryou.teikyouseido.mhlw.go.jp/znk-web/juminkanja/S2430/initialize?prefCd=20&kikanCd=2205616590&kikanKbn=2", "url2": null, "内容": "ケイ皮フ科クリニック【2:診療所】【診療科目:皮膚科_アレルギー科】長野県伊那市上新田２５９６－２" }, "geometry": { "type": "Point", "coordinates": [ 137.960263, 35.827203 ] } },
{ "type": "Feature", "properties": { "ID": 2022205616620, "正式名称": "たかはし医院", "機関区分": 2, "都道府県コード": 20, "市区町村コード": 209, "所在地": "長野県伊那市荒井３８７２番地１", "緯度": 35.848395, "経度": 137.946291, "url": "https://www.iryou.teikyouseido.mhlw.go.jp/znk-web/juminkanja/S2430/initialize?prefCd=20&kikanCd=2205616620&kikanKbn=2", "url2": null, "内容": "たかはし医院【2:診療所】【診療科目:内科_消化器内科_小児科】長野県伊那市荒井３８７２番地１" }, "geometry": { "type": "Point", "coordinates": [ 137.946291, 35.848395 ] } },
{ "type": "Feature", "properties": { "ID": 2022205616910, "正式名称": "池上医院", "機関区分": 2, "都道府県コード": 20, "市区町村コード": 209, "所在地": "長野県伊那市坂下３３５７－２", "緯度": 35.841386, "経度": 137.959376, "url": "https://www.iryou.teikyouseido.mhlw.go.jp/znk-web/juminkanja/S2430/initialize?prefCd=20&kikanCd=2205616910&kikanKbn=2", "url2": null, "内容": "池上医院【2:診療所】【診療科目:内科_消化器内科】長野県伊那市坂下３３５７－２" }, "geometry": { "type": "Point", "coordinates": [ 137.959376, 35.841386 ] } },
{ "type": "Feature", "properties": { "ID": 2022205617050, "正式名称": "まえやま内科胃腸科クリニック", "機関区分": 2, "都道府県コード": 20, "市区町村コード": 210, "所在地": "長野県駒ヶ根市赤穂１４６３２－４", "緯度": 35.742518, "経度": 137.941629, "url": "https://www.iryou.teikyouseido.mhlw.go.jp/znk-web/juminkanja/S2430/initialize?prefCd=20&kikanCd=2205617050&kikanKbn=2", "url2": "http://suzuran.maeyama.com/", "内容": "まえやま内科胃腸科クリニック【2:診療所】【診療科目:内科_消化器内科_小児科】長野県駒ヶ根市赤穂１４６３２－４" }, "geometry": { "type": "Point", "coordinates": [ 137.941629, 35.742518 ] } },
{ "type": "Feature", "properties": { "ID": 2022205617210, "正式名称": "東伊那すこやかクリニック", "機関区分": 2, "都道府県コード": 20, "市区町村コード": 210, "所在地": "長野県駒ヶ根市東伊那２５３３－１", "緯度": 35.750907, "経度": 137.976653, "url": "https://www.iryou.teikyouseido.mhlw.go.jp/znk-web/juminkanja/S2430/initialize?prefCd=20&kikanCd=2205617210&kikanKbn=2", "url2": null, "内容": "東伊那すこやかクリニック【2:診療所】【診療科目:内科_小児科】長野県駒ヶ根市東伊那２５３３－１" }, "geometry": { "type": "Point", "coordinates": [ 137.976653, 35.750907 ] } },
{ "type": "Feature", "properties": { "ID": 2022205617340, "正式名称": "高山内科クリニック", "機関区分": 2, "都道府県コード": 20, "市区町村コード": 210, "所在地": "長野県駒ヶ根市赤穂１１０３－６", "緯度": 35.745388, "経度": 137.919425, "url": "https://www.iryou.teikyouseido.mhlw.go.jp/znk-web/juminkanja/S2430/initialize?prefCd=20&kikanCd=2205617340&kikanKbn=2", "url2": "https://www.shintakacl.com/", "内容": "高山内科クリニック【2:診療所】【診療科目:内科_循環器内科】長野県駒ヶ根市赤穂１１０３－６" }, "geometry": { "type": "Point", "coordinates": [ 137.919425, 35.745388 ] } },
{ "type": "Feature", "properties": { "ID": 2022205617470, "正式名称": "よこやま耳鼻咽喉科医院", "機関区分": 2, "都道府県コード": 20, "市区町村コード": 210, "所在地": "長野県駒ヶ根市赤穂１４６３２番地１", "緯度": 35.742226, "経度": 137.94164, "url": "https://www.iryou.teikyouseido.mhlw.go.jp/znk-web/juminkanja/S2430/initialize?prefCd=20&kikanCd=2205617470&kikanKbn=2", "url2": "http://yokoyamajibika.web.fc2.com", "内容": "よこやま耳鼻咽喉科医院【2:診療所】【診療科目:耳鼻いんこう科_アレルギー科】長野県駒ヶ根市赤穂１４６３２番地１" }, "geometry": { "type": "Point", "coordinates": [ 137.94164, 35.742226 ] } },
{ "type": "Feature", "properties": { "ID": 2022205617630, "正式名称": "秋城医院花の道クリニック", "機関区分": 2, "都道府県コード": 20, "市区町村コード": 210, "所在地": "長野県駒ヶ根市赤穂１６６２１－５", "緯度": 35.70641, "経度": 137.915605, "url": "https://www.iryou.teikyouseido.mhlw.go.jp/znk-web/juminkanja/S2430/initialize?prefCd=20&kikanCd=2205617630&kikanKbn=2", "url2": "https://www.hanamichi-clinic.com/", "内容": "秋城医院花の道クリニック【2:診療所】【診療科目:内科_老年内科_小児科_リハビリテーション科】長野県駒ヶ根市赤穂１６６２１－５" }, "geometry": { "type": "Point", "coordinates": [ 137.915605, 35.70641 ] } },
{ "type": "Feature", "properties": { "ID": 2022205617760, "正式名称": "新井耳鼻咽喉科医院", "機関区分": 2, "都道府県コード": 20, "市区町村コード": 209, "所在地": "長野県伊那市上牧６６１３－１", "緯度": 35.854617, "経度": 137.976955, "url": "https://www.iryou.teikyouseido.mhlw.go.jp/znk-web/juminkanja/S2430/initialize?prefCd=20&kikanCd=2205617760&kikanKbn=2", "url2": "http://www1.inacatv.ne.jp/~arai-iin/", "内容": "新井耳鼻咽喉科医院【2:診療所】【診療科目:耳鼻いんこう科_アレルギー科】長野県伊那市上牧６６１３－１" }, "geometry": { "type": "Point", "coordinates": [ 137.976955, 35.854617 ] } },
{ "type": "Feature", "properties": { "ID": 2022205617920, "正式名称": "新田内科クリニック", "機関区分": 2, "都道府県コード": 20, "市区町村コード": 382, "所在地": "長野県上伊那郡辰野町伊那富３０８１－１", "緯度": 35.973659, "経度": 137.98431, "url": "https://www.iryou.teikyouseido.mhlw.go.jp/znk-web/juminkanja/S2430/initialize?prefCd=20&kikanCd=2205617920&kikanKbn=2", "url2": null, "内容": "新田内科クリニック【2:診療所】【診療科目:内科_循環器内科】長野県上伊那郡辰野町伊那富３０８１－１" }, "geometry": { "type": "Point", "coordinates": [ 137.98431, 35.973659 ] } },
{ "type": "Feature", "properties": { "ID": 2022205618190, "正式名称": "おはようクリニック皮フ科形成外科", "機関区分": 2, "都道府県コード": 20, "市区町村コード": 210, "所在地": "長野県駒ヶ根市赤穂１４６３５－６", "緯度": 35.743018, "経度": 137.94174, "url": "https://www.iryou.teikyouseido.mhlw.go.jp/znk-web/juminkanja/S2430/initialize?prefCd=20&kikanCd=2205618190&kikanKbn=2", "url2": null, "内容": "おはようクリニック皮フ科形成外科【2:診療所】【診療科目:形成外科_美容外科_皮膚科】長野県駒ヶ根市赤穂１４６３５－６" }, "geometry": { "type": "Point", "coordinates": [ 137.94174, 35.743018 ] } },
{ "type": "Feature", "properties": { "ID": 2022205618480, "正式名称": "くろごうち内科循環器科医院", "機関区分": 2, "都道府県コード": 20, "市区町村コード": 209, "所在地": "長野県伊那市境１６６４－３", "緯度": 35.830592, "経度": 137.968706, "url": "https://www.iryou.teikyouseido.mhlw.go.jp/znk-web/juminkanja/S2430/initialize?prefCd=20&kikanCd=2205618480&kikanKbn=2", "url2": null, "内容": "くろごうち内科循環器科医院【2:診療所】【診療科目:内科_循環器内科】長野県伊那市境１６６４－３" }, "geometry": { "type": "Point", "coordinates": [ 137.968706, 35.830592 ] } },
{ "type": "Feature", "properties": { "ID": 2022205618510, "正式名称": "医療法人やまおか耳鼻咽喉科", "機関区分": 2, "都道府県コード": 20, "市区町村コード": 210, "所在地": "長野県駒ヶ根市下市場３６ー４０", "緯度": 35.726631, "経度": 137.937935, "url": "https://www.iryou.teikyouseido.mhlw.go.jp/znk-web/juminkanja/S2430/initialize?prefCd=20&kikanCd=2205618510&kikanKbn=2", "url2": "http://www7b.biglobe.ne.jp/yamaoka-ent/", "内容": "医療法人やまおか耳鼻咽喉科【2:診療所】【診療科目:小児耳鼻いんこう科_耳鼻いんこう科_アレルギー科】長野県駒ヶ根市下市場３６ー４０" }, "geometry": { "type": "Point", "coordinates": [ 137.937935, 35.726631 ] } },
{ "type": "Feature", "properties": { "ID": 2022205618800, "正式名称": "中村クリニック", "機関区分": 2, "都道府県コード": 20, "市区町村コード": 209, "所在地": "長野県伊那市狐島３６１１", "緯度": 35.831953, "経度": 137.957902, "url": "https://www.iryou.teikyouseido.mhlw.go.jp/znk-web/juminkanja/S2430/initialize?prefCd=20&kikanCd=2205618800&kikanKbn=2", "url2": null, "内容": "中村クリニック【2:診療所】【診療科目:内科_外科_小児科_小児外科】長野県伊那市狐島３６１１" }, "geometry": { "type": "Point", "coordinates": [ 137.957902, 35.831953 ] } },
{ "type": "Feature", "properties": { "ID": 2022205619070, "正式名称": "伊那市国保美和診療所", "機関区分": 2, "都道府県コード": 20, "市区町村コード": 209, "所在地": "長野県伊那市長谷非持５６６番地", "緯度": 35.808014, "経度": 138.082642, "url": "https://www.iryou.teikyouseido.mhlw.go.jp/znk-web/juminkanja/S2430/initialize?prefCd=20&kikanCd=2205619070&kikanKbn=2", "url2": "http://www.inacity.jp/shisetsu/hoken_shinryojo/miwa.html", "内容": "伊那市国保美和診療所【2:診療所】【診療科目:内科_外科】長野県伊那市長谷非持５６６番地" }, "geometry": { "type": "Point", "coordinates": [ 138.082642, 35.808014 ] } },
{ "type": "Feature", "properties": { "ID": 2022205619100, "正式名称": "伊那市国保長藤診療所", "機関区分": 2, "都道府県コード": 20, "市区町村コード": 209, "所在地": "長野県伊那市高遠町長藤１８４９番地１", "緯度": 35.860841, "経度": 138.087667, "url": "https://www.iryou.teikyouseido.mhlw.go.jp/znk-web/juminkanja/S2430/initialize?prefCd=20&kikanCd=2205619100&kikanKbn=2", "url2": null, "内容": "伊那市国保長藤診療所【2:診療所】【診療科目:内科_整形外科_リハビリテーション科】長野県伊那市高遠町長藤１８４９番地１" }, "geometry": { "type": "Point", "coordinates": [ 138.087667, 35.860841 ] } },
{ "type": "Feature", "properties": { "ID": 2022205619520, "正式名称": "伊北クリニック", "機関区分": 2, "都道府県コード": 20, "市区町村コード": 383, "所在地": "長野県上伊那郡箕輪町中箕輪３３７５", "緯度": 35.912833, "経度": 137.981841, "url": "https://www.iryou.teikyouseido.mhlw.go.jp/znk-web/juminkanja/S2430/initialize?prefCd=20&kikanCd=2205619520&kikanKbn=2", "url2": null, "内容": "伊北クリニック【2:診療所】【診療科目:整形外科_眼科_リハビリテーション科_麻酔科】長野県上伊那郡箕輪町中箕輪３３７５" }, "geometry": { "type": "Point", "coordinates": [ 137.981841, 35.912833 ] } },
{ "type": "Feature", "properties": { "ID": 2022205619940, "正式名称": "医療法人聖和会こまちや東内科クリニック", "機関区分": 2, "都道府県コード": 20, "市区町村コード": 210, "所在地": "長野県駒ヶ根市下市場３２番１号", "緯度": 35.725873, "経度": 137.937509, "url": "https://www.iryou.teikyouseido.mhlw.go.jp/znk-web/juminkanja/S2430/initialize?prefCd=20&kikanCd=2205619940&kikanKbn=2", "url2": "http://www.komachiya-higashi.jp", "内容": "医療法人聖和会こまちや東内科クリニック【2:診療所】【診療科目:内科_消化器内科_小児科_アレルギー科】長野県駒ヶ根市下市場３２番１号" }, "geometry": { "type": "Point", "coordinates": [ 137.937509, 35.725873 ] } },
{ "type": "Feature", "properties": { "ID": 2022205620050, "正式名称": "のどかクリニック", "機関区分": 2, "都道府県コード": 20, "市区町村コード": 384, "所在地": "長野県上伊那郡飯島町大字飯島２０３８－５", "緯度": 35.683746, "経度": 137.925882, "url": "https://www.iryou.teikyouseido.mhlw.go.jp/znk-web/juminkanja/S2430/initialize?prefCd=20&kikanCd=2205620050&kikanKbn=2", "url2": null, "内容": "のどかクリニック【2:診療所】【診療科目:内科_小児科】長野県上伊那郡飯島町大字飯島２０３８－５" }, "geometry": { "type": "Point", "coordinates": [ 137.925882, 35.683746 ] } },
{ "type": "Feature", "properties": { "ID": 2022205620210, "正式名称": "つちかね整形外科クリニック", "機関区分": 2, "都道府県コード": 20, "市区町村コード": 210, "所在地": "長野県駒ヶ根市下市場３２番２号", "緯度": 35.726631, "経度": 137.937935, "url": "https://www.iryou.teikyouseido.mhlw.go.jp/znk-web/juminkanja/S2430/initialize?prefCd=20&kikanCd=2205620210&kikanKbn=2", "url2": null, "内容": "つちかね整形外科クリニック【2:診療所】【診療科目:整形外科_リハビリテーション科】長野県駒ヶ根市下市場３２番２号" }, "geometry": { "type": "Point", "coordinates": [ 137.937935, 35.726631 ] } },
{ "type": "Feature", "properties": { "ID": 2022205620340, "正式名称": "木村内科医院", "機関区分": 2, "都道府県コード": 20, "市区町村コード": 209, "所在地": "長野県伊那市荒井３４６８－２０", "緯度": 35.838202, "経度": 137.95929, "url": "https://www.iryou.teikyouseido.mhlw.go.jp/znk-web/juminkanja/S2430/initialize?prefCd=20&kikanCd=2205620340&kikanKbn=2", "url2": null, "内容": "木村内科医院【2:診療所】【診療科目:内科_消化器内科_肝臓内科】長野県伊那市荒井３４６８－２０" }, "geometry": { "type": "Point", "coordinates": [ 137.95929, 35.838202 ] } },
{ "type": "Feature", "properties": { "ID": 2022205620500, "正式名称": "長野県厚生農業協同組合連合会富士見高原医療福祉センターみすず診療所", "機関区分": 2, "都道府県コード": 20, "市区町村コード": 209, "所在地": "長野県伊那市美篶７７９３番地１", "緯度": 35.84273, "経度": 138.002592, "url": "https://www.iryou.teikyouseido.mhlw.go.jp/znk-web/juminkanja/S2430/initialize?prefCd=20&kikanCd=2205620500&kikanKbn=2", "url2": "https://fujimihp.com/facility/", "内容": "長野県厚生農業協同組合連合会富士見高原医療福祉センターみすず診療所【2:診療所】【診療科目:内科_神経内科_整形外科_小児科】長野県伊那市美篶７７９３番地１" }, "geometry": { "type": "Point", "coordinates": [ 138.002592, 35.84273 ] } },
{ "type": "Feature", "properties": { "ID": 2022205620630, "正式名称": "滝小児科医院", "機関区分": 2, "都道府県コード": 20, "市区町村コード": 209, "所在地": "長野県伊那市西町５７５３－３", "緯度": 35.83959, "経度": 137.948347, "url": "https://www.iryou.teikyouseido.mhlw.go.jp/znk-web/juminkanja/S2430/initialize?prefCd=20&kikanCd=2205620630&kikanKbn=2", "url2": "http://paa/jp/t/173601", "内容": "滝小児科医院【2:診療所】【診療科目:小児科_アレルギー科】長野県伊那市西町５７５３－３" }, "geometry": { "type": "Point", "coordinates": [ 137.948347, 35.83959 ] } },
{ "type": "Feature", "properties": { "ID": 2022205620920, "正式名称": "たけまつハートクリニック", "機関区分": 2, "都道府県コード": 20, "市区町村コード": 209, "所在地": "長野県伊那市上牧６３３５", "緯度": 35.853756, "経度": 137.978705, "url": "https://www.iryou.teikyouseido.mhlw.go.jp/znk-web/juminkanja/S2430/initialize?prefCd=20&kikanCd=2205620920&kikanKbn=2", "url2": null, "内容": "たけまつハートクリニック【2:診療所】【診療科目:内科_循環器内科】長野県伊那市上牧６３３５" }, "geometry": { "type": "Point", "coordinates": [ 137.978705, 35.853756 ] } },
{ "type": "Feature", "properties": { "ID": 2022205621190, "正式名称": "野沢医院", "機関区分": 2, "都道府県コード": 20, "市区町村コード": 209, "所在地": "長野県伊那市西町５０５７－１", "緯度": 35.834258, "経度": 137.951374, "url": "https://www.iryou.teikyouseido.mhlw.go.jp/znk-web/juminkanja/S2430/initialize?prefCd=20&kikanCd=2205621190&kikanKbn=2", "url2": null, "内容": "野沢医院【2:診療所】【診療科目:内科_消化器内科_小児科】長野県伊那市西町５０５７－１" }, "geometry": { "type": "Point", "coordinates": [ 137.951374, 35.834258 ] } },
{ "type": "Feature", "properties": { "ID": 2022205621220, "正式名称": "かしの実クリニック", "機関区分": 2, "都道府県コード": 20, "市区町村コード": 210, "所在地": "長野県駒ヶ根市赤穂９８４８－１", "緯度": 35.711021, "経度": 137.935769, "url": "https://www.iryou.teikyouseido.mhlw.go.jp/znk-web/juminkanja/S2430/initialize?prefCd=20&kikanCd=2205621220&kikanKbn=2", "url2": null, "内容": "かしの実クリニック【2:診療所】【診療科目:内科_循環器内科】長野県駒ヶ根市赤穂９８４８－１" }, "geometry": { "type": "Point", "coordinates": [ 137.935769, 35.711021 ] } },
{ "type": "Feature", "properties": { "ID": 2022205621510, "正式名称": "中川村片桐診療所", "機関区分": 2, "都道府県コード": 20, "市区町村コード": 386, "所在地": "長野県上伊那郡中川村片桐３９５６ー３", "緯度": 35.627586, "経度": 137.935745, "url": "https://www.iryou.teikyouseido.mhlw.go.jp/znk-web/juminkanja/S2430/initialize?prefCd=20&kikanCd=2205621510&kikanKbn=2", "url2": null, "内容": "中川村片桐診療所【2:診療所】【診療科目:内科_外科_小児科】長野県上伊那郡中川村片桐３９５６ー３" }, "geometry": { "type": "Point", "coordinates": [ 137.935745, 35.627586 ] } },
{ "type": "Feature", "properties": { "ID": 2022205621770, "正式名称": "駒ヶ根高原レディスクリニック", "機関区分": 2, "都道府県コード": 20, "市区町村コード": 210, "所在地": "長野県駒ヶ根市赤穂７５９番地１９５", "緯度": 35.73013, "経度": 137.930047, "url": "https://www.iryou.teikyouseido.mhlw.go.jp/znk-web/juminkanja/S2430/initialize?prefCd=20&kikanCd=2205621770&kikanKbn=2", "url2": "http://www.kklc.jp/", "内容": "駒ヶ根高原レディスクリニック【2:診療所】【診療科目:女性内科_産婦人科_歯科】長野県駒ヶ根市赤穂７５９番地１９５" }, "geometry": { "type": "Point", "coordinates": [ 137.930047, 35.73013 ] } },
{ "type": "Feature", "properties": { "ID": 2022205621800, "正式名称": "医療法人福島医院", "機関区分": 2, "都道府県コード": 20, "市区町村コード": 383, "所在地": "長野県上伊那郡箕輪町中箕輪８４２８", "緯度": 35.914083, "経度": 137.987368, "url": "https://www.iryou.teikyouseido.mhlw.go.jp/znk-web/juminkanja/S2430/initialize?prefCd=20&kikanCd=2205621800&kikanKbn=2", "url2": null, "内容": "医療法人福島医院【2:診療所】【診療科目:内科_呼吸器内科_小児科】長野県上伊那郡箕輪町中箕輪８４２８" }, "geometry": { "type": "Point", "coordinates": [ 137.987368, 35.914083 ] } },
{ "type": "Feature", "properties": { "ID": 2022205622070, "正式名称": "岩田クリニック", "機関区分": 2, "都道府県コード": 20, "市区町村コード": 209, "所在地": "長野県伊那市荒井３４６３－１", "緯度": 35.844312, "経度": 137.950652, "url": "https://www.iryou.teikyouseido.mhlw.go.jp/znk-web/juminkanja/S2430/initialize?prefCd=20&kikanCd=2205622070&kikanKbn=2", "url2": null, "内容": "岩田クリニック【2:診療所】【診療科目:泌尿器科】長野県伊那市荒井３４６３－１" }, "geometry": { "type": "Point", "coordinates": [ 137.950652, 35.844312 ] } },
{ "type": "Feature", "properties": { "ID": 2022205622100, "正式名称": "医療法人春圭会　春日医院", "機関区分": 2, "都道府県コード": 20, "市区町村コード": 209, "所在地": "長野県伊那市高遠町西高遠１７８４－１", "緯度": 35.836999, "経度": 138.058437, "url": "https://www.iryou.teikyouseido.mhlw.go.jp/znk-web/juminkanja/S2430/initialize?prefCd=20&kikanCd=2205622100&kikanKbn=2", "url2": "kasugaiin.com", "内容": "医療法人春圭会　春日医院【2:診療所】【診療科目:内科_胃腸内科】長野県伊那市高遠町西高遠１７８４－１" }, "geometry": { "type": "Point", "coordinates": [ 138.058437, 35.836999 ] } },
{ "type": "Feature", "properties": { "ID": 2022205622520, "正式名称": "芦澤整形外科", "機関区分": 2, "都道府県コード": 20, "市区町村コード": 383, "所在地": "長野県上伊那郡箕輪町中箕輪１２２０５－２", "緯度": 35.905056, "経度": 137.98448, "url": "https://www.iryou.teikyouseido.mhlw.go.jp/znk-web/juminkanja/S2430/initialize?prefCd=20&kikanCd=2205622520&kikanKbn=2", "url2": "http://ashizawaclinic.jp/", "内容": "芦澤整形外科【2:診療所】【診療科目:整形外科_リウマチ科_リハビリテーション科】長野県上伊那郡箕輪町中箕輪１２２０５－２" }, "geometry": { "type": "Point", "coordinates": [ 137.98448, 35.905056 ] } },
{ "type": "Feature", "properties": { "ID": 2022205623110, "正式名称": "高原医院", "機関区分": 2, "都道府県コード": 20, "市区町村コード": 385, "所在地": "長野県上伊那郡南箕輪村南箕輪村一円５５８６−２", "緯度": 35.871531, "経度": 137.958095, "url": "https://www.iryou.teikyouseido.mhlw.go.jp/znk-web/juminkanja/S2430/initialize?prefCd=20&kikanCd=2205623110&kikanKbn=2", "url2": "http://www.takahara-clinic.jp", "内容": "高原医院【2:診療所】【診療科目:整形外科_リハビリテーション科】長野県上伊那郡南箕輪村南箕輪村一円５５８６−２" }, "geometry": { "type": "Point", "coordinates": [ 137.958095, 35.871531 ] } },
{ "type": "Feature", "properties": { "ID": 2022205623530, "正式名称": "ユーカリの森クリニック", "機関区分": 2, "都道府県コード": 20, "市区町村コード": 383, "所在地": "長野県上伊那郡箕輪町中箕輪宮の北３００７－２", "緯度": 35.89328, "経度": 137.987647, "url": "https://www.iryou.teikyouseido.mhlw.go.jp/znk-web/juminkanja/S2430/initialize?prefCd=20&kikanCd=2205623530&kikanKbn=2", "url2": "https://eucalyptus-clinic.com", "内容": "ユーカリの森クリニック【2:診療所】【診療科目:内科_胃腸内科_外科】長野県上伊那郡箕輪町中箕輪宮の北３００７－２" }, "geometry": { "type": "Point", "coordinates": [ 137.987647, 35.89328 ] } },
{ "type": "Feature", "properties": { "ID": 2022205623660, "正式名称": "久保田内科クリニック", "機関区分": 2, "都道府県コード": 20, "市区町村コード": 209, "所在地": "長野県伊那市中央５０４７", "緯度": 35.839396, "経度": 137.96529, "url": "https://www.iryou.teikyouseido.mhlw.go.jp/znk-web/juminkanja/S2430/initialize?prefCd=20&kikanCd=2205623660&kikanKbn=2", "url2": "http://kubotaclinic.jp/", "内容": "久保田内科クリニック【2:診療所】【診療科目:内科_消化器内科】長野県伊那市中央５０４７" }, "geometry": { "type": "Point", "coordinates": [ 137.96529, 35.839396 ] } },
{ "type": "Feature", "properties": { "ID": 2022205624410, "正式名称": "堀田内科クリニック", "機関区分": 2, "都道府県コード": 20, "市区町村コード": 385, "所在地": "長野県上伊那郡南箕輪村５５８７－２", "緯度": 35.871337, "経度": 137.957761, "url": "https://www.iryou.teikyouseido.mhlw.go.jp/znk-web/juminkanja/S2430/initialize?prefCd=20&kikanCd=2205624410&kikanKbn=2", "url2": "http://www.hotta-clinic.jp", "内容": "堀田内科クリニック【2:診療所】【診療科目:内科_循環器内科】長野県上伊那郡南箕輪村５５８７－２" }, "geometry": { "type": "Point", "coordinates": [ 137.957761, 35.871337 ] } },
{ "type": "Feature", "properties": { "ID": 2022205625000, "正式名称": "菜の花マタニティクリニック", "機関区分": 2, "都道府県コード": 20, "市区町村コード": 209, "所在地": "長野県伊那市日影３８０－１", "緯度": 35.837813, "経度": 137.974733, "url": "https://www.iryou.teikyouseido.mhlw.go.jp/znk-web/juminkanja/S2430/initialize?prefCd=20&kikanCd=2205625000&kikanKbn=2", "url2": "http://nano-mata.jp/", "内容": "菜の花マタニティクリニック【2:診療所】【診療科目:産婦人科】長野県伊那市日影３８０－１" }, "geometry": { "type": "Point", "coordinates": [ 137.974733, 35.837813 ] } },
{ "type": "Feature", "properties": { "ID": 2022205625130, "正式名称": "しろざき内科クリニック", "機関区分": 2, "都道府県コード": 20, "市区町村コード": 383, "所在地": "長野県上伊那郡箕輪町中箕輪８６０３－７", "緯度": 35.917471, "経度": 137.992645, "url": "https://www.iryou.teikyouseido.mhlw.go.jp/znk-web/juminkanja/S2430/initialize?prefCd=20&kikanCd=2205625130&kikanKbn=2", "url2": null, "内容": "しろざき内科クリニック【2:診療所】【診療科目:内科_消化器内科】長野県上伊那郡箕輪町中箕輪８６０３－７" }, "geometry": { "type": "Point", "coordinates": [ 137.992645, 35.917471 ] } },
{ "type": "Feature", "properties": { "ID": 2022205625420, "正式名称": "長野県厚生農業協同組合連合会富士見高原医療福祉センター両小野診療所", "機関区分": 2, "都道府県コード": 20, "市区町村コード": 382, "所在地": "長野県上伊那郡辰野町小野１２９０－２０", "緯度": 36.046178, "経度": 137.969809, "url": "https://www.iryou.teikyouseido.mhlw.go.jp/znk-web/juminkanja/S2430/initialize?prefCd=20&kikanCd=2205625420&kikanKbn=2", "url2": "http://www.fujimihp.com/ka-ryouono.html", "内容": "長野県厚生農業協同組合連合会富士見高原医療福祉センター両小野診療所【2:診療所】【診療科目:内科_消化器内科_神経内科_整形外科_泌尿器科】長野県上伊那郡辰野町小野１２９０－２０" }, "geometry": { "type": "Point", "coordinates": [ 137.969809, 36.046178 ] } },
{ "type": "Feature", "properties": { "ID": 2022205625550, "正式名称": "アルプスこころの健康クリニック", "機関区分": 2, "都道府県コード": 20, "市区町村コード": 209, "所在地": "長野県伊那市境１４００", "緯度": 35.832564, "経度": 137.968178, "url": "https://www.iryou.teikyouseido.mhlw.go.jp/znk-web/juminkanja/S2430/initialize?prefCd=20&kikanCd=2205625550&kikanKbn=2", "url2": "http://alps-kokoro-clinic.com/", "内容": "アルプスこころの健康クリニック【2:診療所】【診療科目:精神科_心療内科】長野県伊那市境１４００" }, "geometry": { "type": "Point", "coordinates": [ 137.968178, 35.832564 ] } },
{ "type": "Feature", "properties": { "ID": 2022205625710, "正式名称": "信州たつの健診プラザ", "機関区分": 2, "都道府県コード": 20, "市区町村コード": 382, "所在地": "長野県上伊那郡辰野町辰野１４７７－６", "緯度": 35.983189, "経度": 137.991058, "url": "https://www.iryou.teikyouseido.mhlw.go.jp/znk-web/juminkanja/S2430/initialize?prefCd=20&kikanCd=2205625710&kikanKbn=2", "url2": "https://nihonkenshin.jp/nagano/", "内容": "信州たつの健診プラザ【2:診療所】【診療科目:内科】長野県上伊那郡辰野町辰野１４７７－６" }, "geometry": { "type": "Point", "coordinates": [ 137.991058, 35.983189 ] } },
{ "type": "Feature", "properties": { "ID": 2022205625970, "正式名称": "駒ヶ根泌尿器科クリニック", "機関区分": 2, "都道府県コード": 20, "市区町村コード": 210, "所在地": "長野県駒ヶ根市南田１０－１３", "緯度": 35.72962, "経度": 137.937726, "url": "https://www.iryou.teikyouseido.mhlw.go.jp/znk-web/juminkanja/S2430/initialize?prefCd=20&kikanCd=2205625970&kikanKbn=2", "url2": "https://www.komagane-uro.com/", "内容": "駒ヶ根泌尿器科クリニック【2:診療所】【診療科目:内科_性感染症内科_泌尿器科】長野県駒ヶ根市南田１０－１３" }, "geometry": { "type": "Point", "coordinates": [ 137.937726, 35.72962 ] } },
{ "type": "Feature", "properties": { "ID": 2022205626690, "正式名称": "なごみの森こころのクリニック", "機関区分": 2, "都道府県コード": 20, "市区町村コード": 210, "所在地": "長野県駒ヶ根市赤穂１４６２４－４", "緯度": 35.74295, "経度": 137.941042, "url": "https://www.iryou.teikyouseido.mhlw.go.jp/znk-web/juminkanja/S2430/initialize?prefCd=20&kikanCd=2205626690&kikanKbn=2", "url2": "http://komamori-clinic.la.coocan.jp/index.html", "内容": "なごみの森こころのクリニック【2:診療所】【診療科目:精神科_心療内科】長野県駒ヶ根市赤穂１４６２４－４" }, "geometry": { "type": "Point", "coordinates": [ 137.941042, 35.74295 ] } },
{ "type": "Feature", "properties": { "ID": 2022205626720, "正式名称": "飯島中央クリニック", "機関区分": 2, "都道府県コード": 20, "市区町村コード": 384, "所在地": "長野県上伊那郡飯島町飯島２５５１", "緯度": 35.677709, "経度": 137.919239, "url": "https://www.iryou.teikyouseido.mhlw.go.jp/znk-web/juminkanja/S2430/initialize?prefCd=20&kikanCd=2205626720&kikanKbn=2", "url2": null, "内容": "飯島中央クリニック【2:診療所】【診療科目:内科_外科】長野県上伊那郡飯島町飯島２５５１" }, "geometry": { "type": "Point", "coordinates": [ 137.919239, 35.677709 ] } },
{ "type": "Feature", "properties": { "ID": 2022205627440, "正式名称": "長野県厚生農業協同組合連合会　富士見高原医療福祉センター　西箕輪診療所", "機関区分": 2, "都道府県コード": 20, "市区町村コード": 209, "所在地": "長野県伊那市西箕輪６７００番地２", "緯度": 35.875689, "経度": 137.927567, "url": "https://www.iryou.teikyouseido.mhlw.go.jp/znk-web/juminkanja/S2430/initialize?prefCd=20&kikanCd=2205627440&kikanKbn=2", "url2": "https://fujimihp.com/facility/", "内容": "長野県厚生農業協同組合連合会　富士見高原医療福祉センター　西箕輪診療所【2:診療所】【診療科目:内科_消化器内科_神経内科_整形外科_小児科_泌尿器科_リハビリテーション科】長野県伊那市西箕輪６７００番地２" }, "geometry": { "type": "Point", "coordinates": [ 137.927567, 35.875689 ] } },
{ "type": "Feature", "properties": { "ID": 2022205628030, "正式名称": "つどいのクリニック柿田", "機関区分": 2, "都道府県コード": 20, "市区町村コード": 384, "所在地": "長野県上伊那郡飯島町飯島２５５０－５", "緯度": 35.677171, "経度": 137.919855, "url": "https://www.iryou.teikyouseido.mhlw.go.jp/znk-web/juminkanja/S2430/initialize?prefCd=20&kikanCd=2205628030&kikanKbn=2", "url2": "https://tsudoi-clinic.jp", "内容": "つどいのクリニック柿田【2:診療所】【診療科目:精神科_心療内科】長野県上伊那郡飯島町飯島２５５０－５" }, "geometry": { "type": "Point", "coordinates": [ 137.919855, 35.677171 ] } },
{ "type": "Feature", "properties": { "ID": 2022205628450, "正式名称": "やぶはら小児科医院", "機関区分": 2, "都道府県コード": 20, "市区町村コード": 383, "所在地": "長野県上伊那郡箕輪町三日町９６９－３", "緯度": 35.888739, "経度": 137.989069, "url": "https://www.iryou.teikyouseido.mhlw.go.jp/znk-web/juminkanja/S2430/initialize?prefCd=20&kikanCd=2205628450&kikanKbn=2", "url2": "https://yabuhara-child-clinic.jp", "内容": "やぶはら小児科医院【2:診療所】【診療科目:小児科_アレルギー科】長野県上伊那郡箕輪町三日町９６９－３" }, "geometry": { "type": "Point", "coordinates": [ 137.989069, 35.888739 ] } },
{ "type": "Feature", "properties": { "ID": 2022205629590, "正式名称": "このはなクリニック", "機関区分": 2, "都道府県コード": 20, "市区町村コード": 209, "所在地": "長野県伊那市上新田２４２６", "緯度": 35.828925, "経度": 137.964732, "url": "https://www.iryou.teikyouseido.mhlw.go.jp/znk-web/juminkanja/S2430/initialize?prefCd=20&kikanCd=2205629590&kikanKbn=2", "url2": "https://konohana-ladies.jp", "内容": "このはなクリニック【2:診療所】【診療科目:婦人科_産婦人科（生殖医療）】長野県伊那市上新田２４２６" }, "geometry": { "type": "Point", "coordinates": [ 137.964732, 35.828925 ] } },
{ "type": "Feature", "properties": { "ID": 2022205629910, "正式名称": "むらおか内科クリニック", "機関区分": 2, "都道府県コード": 20, "市区町村コード": 382, "所在地": "長野県上伊那郡辰野町中央１０３番地", "緯度": 35.985227, "経度": 137.985482, "url": "https://www.iryou.teikyouseido.mhlw.go.jp/znk-web/juminkanja/S2430/initialize?prefCd=20&kikanCd=2205629910&kikanKbn=2", "url2": "https://muraoka-naika.com/", "内容": "むらおか内科クリニック【2:診療所】【診療科目:内科_消化器内科】長野県上伊那郡辰野町中央１０３番地" }, "geometry": { "type": "Point", "coordinates": [ 137.985482, 35.985227 ] } },
{ "type": "Feature", "properties": { "ID": 2022205631740, "正式名称": "医療法人公仁会　前澤外科内科クリニック", "機関区分": 2, "都道府県コード": 20, "市区町村コード": 210, "所在地": "長野県駒ヶ根市上穂南１１－５", "緯度": 35.733967, "経度": 137.932753, "url": "https://www.iryou.teikyouseido.mhlw.go.jp/znk-web/juminkanja/S2430/initialize?prefCd=20&kikanCd=2205631740&kikanKbn=2", "url2": "https://www.maezawa-hosp.or.jp", "内容": "医療法人公仁会　前澤外科内科クリニック【2:診療所】【診療科目:内科_脳神経内科_循環器内科_消化器内科_外科_呼吸器外科_血管外科_消化器外科_乳腺・内分泌外科_放射線診断科】長野県駒ヶ根市上穂南１１－５" }, "geometry": { "type": "Point", "coordinates": [ 137.932753, 35.733967 ] } },
{ "type": "Feature", "properties": { "ID": 2022205632040, "正式名称": "みなみみのわ内科クリニック", "機関区分": 2, "都道府県コード": 20, "市区町村コード": 385, "所在地": "長野県上伊那郡南箕輪村１５４８－２", "緯度": 35.872982, "経度": 137.97557, "url": "https://www.iryou.teikyouseido.mhlw.go.jp/znk-web/juminkanja/S2430/initialize?prefCd=20&kikanCd=2205632040&kikanKbn=2", "url2": null, "内容": "みなみみのわ内科クリニック【2:診療所】【診療科目:内科】長野県上伊那郡南箕輪村１５４８－２" }, "geometry": { "type": "Point", "coordinates": [ 137.97557, 35.872982 ] } },
{ "type": "Feature", "properties": { "ID": 202220563220, "正式名称": "みぶの里クリニック", "機関区分": 2, "都道府県コード": 20, "市区町村コード": 209, "所在地": "長野県伊那市美篶４６７９－１", "緯度": 35.832864, "経度": 138.007717, "url": "https://www.iryou.teikyouseido.mhlw.go.jp/znk-web/juminkanja/S2430/initialize?prefCd=20&kikanCd=220563220&kikanKbn=2", "url2": "https://mibu-no-sato.com/", "内容": "みぶの里クリニック【2:診療所】【診療科目:内科_皮膚科】長野県伊那市美篶４６７９－１" }, "geometry": { "type": "Point", "coordinates": [ 138.007717, 35.832864 ] } },
{ "type": "Feature", "properties": { "ID": 202220563305, "正式名称": "こいけハートクリニック", "機関区分": 2, "都道府県コード": 20, "市区町村コード": 388, "所在地": "長野県上伊那郡宮田村９０番２", "緯度": 35.763188, "経度": 137.941704, "url": "https://www.iryou.teikyouseido.mhlw.go.jp/znk-web/juminkanja/S2430/initialize?prefCd=20&kikanCd=220563305&kikanKbn=2", "url2": "koike-heart-clinic.jp", "内容": "こいけハートクリニック【2:診療所】【診療科目:内科_循環器内科】長野県上伊那郡宮田村９０番２" }, "geometry": { "type": "Point", "coordinates": [ 137.941704, 35.763188 ] } },
{ "type": "Feature", "properties": { "ID": 202220563318, "正式名称": "鷲見産婦人科", "機関区分": 2, "都道府県コード": 20, "市区町村コード": 209, "所在地": "長野県伊那市荒井３５０２番地１", "緯度": 35.839423, "経度": 137.958051, "url": "https://www.iryou.teikyouseido.mhlw.go.jp/znk-web/juminkanja/S2430/initialize?prefCd=20&kikanCd=220563318&kikanKbn=2", "url2": null, "内容": "鷲見産婦人科【2:診療所】【診療科目:産科_婦人科】長野県伊那市荒井３５０２番地１" }, "geometry": { "type": "Point", "coordinates": [ 137.958051, 35.839423 ] } },
{ "type": "Feature", "properties": { "ID": 2022205700620, "正式名称": "上松医院", "機関区分": 2, "都道府県コード": 20, "市区町村コード": 205, "所在地": "長野県飯田市浜井町３４６８", "緯度": 35.516819, "経度": 137.834147, "url": "https://www.iryou.teikyouseido.mhlw.go.jp/znk-web/juminkanja/S2430/initialize?prefCd=20&kikanCd=2205700620&kikanKbn=2", "url2": null, "内容": "上松医院【2:診療所】【診療科目:内科_外科】長野県飯田市浜井町３４６８" }, "geometry": { "type": "Point", "coordinates": [ 137.834147, 35.516819 ] } },
{ "type": "Feature", "properties": { "ID": 2022205700910, "正式名称": "波多野医院", "機関区分": 2, "都道府県コード": 20, "市区町村コード": 205, "所在地": "長野県飯田市伝馬町１ー４６", "緯度": 35.516735, "経度": 137.827425, "url": "https://www.iryou.teikyouseido.mhlw.go.jp/znk-web/juminkanja/S2430/initialize?prefCd=20&kikanCd=2205700910&kikanKbn=2", "url2": null, "内容": "波多野医院【2:診療所】【診療科目:内科_呼吸器内科_循環器内科_消化器内科】長野県飯田市伝馬町１ー４６" }, "geometry": { "type": "Point", "coordinates": [ 137.827425, 35.516735 ] } },
{ "type": "Feature", "properties": { "ID": 2022205702060, "正式名称": "宮澤医院", "機関区分": 2, "都道府県コード": 20, "市区町村コード": 205, "所在地": "長野県飯田市通り町４−１３１５−２", "緯度": 35.518179, "経度": 137.820953, "url": "https://www.iryou.teikyouseido.mhlw.go.jp/znk-web/juminkanja/S2430/initialize?prefCd=20&kikanCd=2205702060&kikanKbn=2", "url2": null, "内容": "宮澤医院【2:診療所】【診療科目:内科_外科_消化器外科_肛門外科】長野県飯田市通り町４−１３１５−２" }, "geometry": { "type": "Point", "coordinates": [ 137.820953, 35.518179 ] } },
{ "type": "Feature", "properties": { "ID": 2022205702350, "正式名称": "伊藤医院", "機関区分": 2, "都道府県コード": 20, "市区町村コード": 205, "所在地": "長野県飯田市龍江７０５８－１", "緯度": 35.442938, "経度": 137.819762, "url": "https://www.iryou.teikyouseido.mhlw.go.jp/znk-web/juminkanja/S2430/initialize?prefCd=20&kikanCd=2205702350&kikanKbn=2", "url2": null, "内容": "伊藤医院【2:診療所】【診療科目:内科】長野県飯田市龍江７０５８－１" }, "geometry": { "type": "Point", "coordinates": [ 137.819762, 35.442938 ] } },
{ "type": "Feature", "properties": { "ID": 2022205702640, "正式名称": "ささき医院", "機関区分": 2, "都道府県コード": 20, "市区町村コード": 205, "所在地": "長野県飯田市中央通り３ー４４", "緯度": 35.517874, "経度": 137.823397, "url": "https://www.iryou.teikyouseido.mhlw.go.jp/znk-web/juminkanja/S2430/initialize?prefCd=20&kikanCd=2205702640&kikanKbn=2", "url2": null, "内容": "ささき医院【2:診療所】【診療科目:内科_循環器内科_小児科】長野県飯田市中央通り３ー４４" }, "geometry": { "type": "Point", "coordinates": [ 137.823397, 35.517874 ] } },
{ "type": "Feature", "properties": { "ID": 2022205702800, "正式名称": "すきがら医院", "機関区分": 2, "都道府県コード": 20, "市区町村コード": 205, "所在地": "長野県飯田市鈴加町１丁目２４番地", "緯度": 35.520624, "経度": 137.824703, "url": "https://www.iryou.teikyouseido.mhlw.go.jp/znk-web/juminkanja/S2430/initialize?prefCd=20&kikanCd=2205702800&kikanKbn=2", "url2": "https://www.sukigara-iin.com/", "内容": "すきがら医院【2:診療所】【診療科目:内科】長野県飯田市鈴加町１丁目２４番地" }, "geometry": { "type": "Point", "coordinates": [ 137.824703, 35.520624 ] } },
{ "type": "Feature", "properties": { "ID": 2022205703520, "正式名称": "清水医院", "機関区分": 2, "都道府県コード": 20, "市区町村コード": 205, "所在地": "長野県飯田市三日市場１０６５－５", "緯度": 35.491765, "経度": 137.798428, "url": "https://www.iryou.teikyouseido.mhlw.go.jp/znk-web/juminkanja/S2430/initialize?prefCd=20&kikanCd=2205703520&kikanKbn=2", "url2": null, "内容": "清水医院【2:診療所】【診療科目:精神科_心療内科】長野県飯田市三日市場１０６５－５" }, "geometry": { "type": "Point", "coordinates": [ 137.798428, 35.491765 ] } },
{ "type": "Feature", "properties": { "ID": 2022205703940, "正式名称": "飯田市国民健康保険　三穂診療所", "機関区分": 2, "都道府県コード": 20, "市区町村コード": 205, "所在地": "長野県飯田市伊豆木４３２１番地１", "緯度": 35.439715, "経度": 137.792598, "url": "https://www.iryou.teikyouseido.mhlw.go.jp/znk-web/juminkanja/S2430/initialize?prefCd=20&kikanCd=2205703940&kikanKbn=2", "url2": null, "内容": "飯田市国民健康保険　三穂診療所【2:診療所】【診療科目:内科_外科_小児科】長野県飯田市伊豆木４３２１番地１" }, "geometry": { "type": "Point", "coordinates": [ 137.792598, 35.439715 ] } },
{ "type": "Feature", "properties": { "ID": 2022205705540, "正式名称": "飯田市休日夜間急患診療所", "機関区分": 2, "都道府県コード": 20, "市区町村コード": 205, "所在地": "長野県飯田市東中央通り５丁目９６番地", "緯度": 35.509903, "経度": 137.837424, "url": "https://www.iryou.teikyouseido.mhlw.go.jp/znk-web/juminkanja/S2430/initialize?prefCd=20&kikanCd=2205705540&kikanKbn=2", "url2": null, "内容": "飯田市休日夜間急患診療所【2:診療所】【診療科目:内科_小児科】長野県飯田市東中央通り５丁目９６番地" }, "geometry": { "type": "Point", "coordinates": [ 137.837424, 35.509903 ] } },
{ "type": "Feature", "properties": { "ID": 2022205706260, "正式名称": "医療法人　慶耳会　中島耳鼻咽喉科医院", "機関区分": 2, "都道府県コード": 20, "市区町村コード": 205, "所在地": "長野県飯田市高羽町４ー２ー１５", "緯度": 35.520735, "経度": 137.819009, "url": "https://www.iryou.teikyouseido.mhlw.go.jp/znk-web/juminkanja/S2430/initialize?prefCd=20&kikanCd=2205706260&kikanKbn=2", "url2": null, "内容": "医療法人　慶耳会　中島耳鼻咽喉科医院【2:診療所】【診療科目:耳鼻いんこう科】長野県飯田市高羽町４ー２ー１５" }, "geometry": { "type": "Point", "coordinates": [ 137.819009, 35.520735 ] } },
{ "type": "Feature", "properties": { "ID": 2022205707010, "正式名称": "村松眼科医院", "機関区分": 2, "都道府県コード": 20, "市区町村コード": 205, "所在地": "長野県飯田市鼎西鼎６００", "緯度": 35.510097, "経度": 137.836508, "url": "https://www.iryou.teikyouseido.mhlw.go.jp/znk-web/juminkanja/S2430/initialize?prefCd=20&kikanCd=2205707010&kikanKbn=2", "url2": null, "内容": "村松眼科医院【2:診療所】【診療科目:眼科】長野県飯田市鼎西鼎６００" }, "geometry": { "type": "Point", "coordinates": [ 137.836508, 35.510097 ] } },
{ "type": "Feature", "properties": { "ID": 2022205707690, "正式名称": "松川町上片桐診療所", "機関区分": 2, "都道府県コード": 20, "市区町村コード": 402, "所在地": "長野県下伊那郡松川町上片桐２８４９－３", "緯度": 35.617948, "経度": 137.905581, "url": "https://www.iryou.teikyouseido.mhlw.go.jp/znk-web/juminkanja/S2430/initialize?prefCd=20&kikanCd=2205707690&kikanKbn=2", "url2": null, "内容": "松川町上片桐診療所【2:診療所】【診療科目:内科_小児科】長野県下伊那郡松川町上片桐２８４９－３" }, "geometry": { "type": "Point", "coordinates": [ 137.905581, 35.617948 ] } },
{ "type": "Feature", "properties": { "ID": 2022205708280, "正式名称": "山路医院", "機関区分": 2, "都道府県コード": 20, "市区町村コード": 403, "所在地": "長野県下伊那郡高森町吉田４７５", "緯度": 35.550677, "経度": 137.886974, "url": "https://www.iryou.teikyouseido.mhlw.go.jp/znk-web/juminkanja/S2430/initialize?prefCd=20&kikanCd=2205708280&kikanKbn=2", "url2": null, "内容": "山路医院【2:診療所】【診療科目:内科_循環器内科_小児科_皮膚科】長野県下伊那郡高森町吉田４７５" }, "geometry": { "type": "Point", "coordinates": [ 137.886974, 35.550677 ] } },
{ "type": "Feature", "properties": { "ID": 2022205708310, "正式名称": "竹村整形外科医院", "機関区分": 2, "都道府県コード": 20, "市区町村コード": 403, "所在地": "長野県下伊那郡高森町吉田４７１－３", "緯度": 35.550927, "経度": 137.88403, "url": "https://www.iryou.teikyouseido.mhlw.go.jp/znk-web/juminkanja/S2430/initialize?prefCd=20&kikanCd=2205708310&kikanKbn=2", "url2": null, "内容": "竹村整形外科医院【2:診療所】【診療科目:整形外科_リウマチ科】長野県下伊那郡高森町吉田４７１－３" }, "geometry": { "type": "Point", "coordinates": [ 137.88403, 35.550927 ] } },
{ "type": "Feature", "properties": { "ID": 2022205710980, "正式名称": "売木村国保直営診療所", "機関区分": 2, "都道府県コード": 20, "市区町村コード": 412, "所在地": "長野県下伊那郡売木村６９５番地", "緯度": 35.272621, "経度": 137.708917, "url": "https://www.iryou.teikyouseido.mhlw.go.jp/znk-web/juminkanja/S2430/initialize?prefCd=20&kikanCd=2205710980&kikanKbn=2", "url2": null, "内容": "売木村国保直営診療所【2:診療所】【診療科目:内科】長野県下伊那郡売木村６９５番地" }, "geometry": { "type": "Point", "coordinates": [ 137.708917, 35.272621 ] } },
{ "type": "Feature", "properties": { "ID": 2022205712610, "正式名称": "大鹿村立診療所", "機関区分": 2, "都道府県コード": 20, "市区町村コード": 417, "所在地": "長野県下伊那郡大鹿村大河原３６２", "緯度": 35.577983, "経度": 138.034294, "url": "https://www.iryou.teikyouseido.mhlw.go.jp/znk-web/juminkanja/S2430/initialize?prefCd=20&kikanCd=2205712610&kikanKbn=2", "url2": null, "内容": "大鹿村立診療所【2:診療所】【診療科目:内科_外科_歯科】長野県下伊那郡大鹿村大河原３６２" }, "geometry": { "type": "Point", "coordinates": [ 138.034294, 35.577983 ] } },
{ "type": "Feature", "properties": { "ID": 2022205713330, "正式名称": "源田内科医院", "機関区分": 2, "都道府県コード": 20, "市区町村コード": 205, "所在地": "長野県飯田市宮の前", "緯度": 35.523845, "経度": 137.824869, "url": "https://www.iryou.teikyouseido.mhlw.go.jp/znk-web/juminkanja/S2430/initialize?prefCd=20&kikanCd=2205713330&kikanKbn=2", "url2": "https://www.gendanaika.com/", "内容": "源田内科医院【2:診療所】【診療科目:内科】長野県飯田市宮の前" }, "geometry": { "type": "Point", "coordinates": [ 137.824869, 35.523845 ] } },
{ "type": "Feature", "properties": { "ID": 2022205713590, "正式名称": "たかのレディースクリニック", "機関区分": 2, "都道府県コード": 20, "市区町村コード": 205, "所在地": "長野県飯田市川路４９３８", "緯度": 35.439744, "経度": 137.818123, "url": "https://www.iryou.teikyouseido.mhlw.go.jp/znk-web/juminkanja/S2430/initialize?prefCd=20&kikanCd=2205713590&kikanKbn=2", "url2": null, "内容": "たかのレディースクリニック【2:診療所】【診療科目:産婦人科】長野県飯田市川路４９３８" }, "geometry": { "type": "Point", "coordinates": [ 137.818123, 35.439744 ] } },
{ "type": "Feature", "properties": { "ID": 2022205714210, "正式名称": "三浦医院", "機関区分": 2, "都道府県コード": 20, "市区町村コード": 415, "所在地": "長野県下伊那郡喬木村８４９ー１０", "緯度": 35.52118, "経度": 137.879976, "url": "https://www.iryou.teikyouseido.mhlw.go.jp/znk-web/juminkanja/S2430/initialize?prefCd=20&kikanCd=2205714210&kikanKbn=2", "url2": null, "内容": "三浦医院【2:診療所】【診療科目:内科_小児科】長野県下伊那郡喬木村８４９ー１０" }, "geometry": { "type": "Point", "coordinates": [ 137.879976, 35.52118 ] } },
{ "type": "Feature", "properties": { "ID": 2022205714890, "正式名称": "宮入皮膚科医院", "機関区分": 2, "都道府県コード": 20, "市区町村コード": 205, "所在地": "長野県飯田市鼎西鼎５８３ー２", "緯度": 35.508459, "経度": 137.838285, "url": "https://www.iryou.teikyouseido.mhlw.go.jp/znk-web/juminkanja/S2430/initialize?prefCd=20&kikanCd=2205714890&kikanKbn=2", "url2": null, "内容": "宮入皮膚科医院【2:診療所】【診療科目:皮膚科】長野県飯田市鼎西鼎５８３ー２" }, "geometry": { "type": "Point", "coordinates": [ 137.838285, 35.508459 ] } },
{ "type": "Feature", "properties": { "ID": 2022205715190, "正式名称": "加藤医院", "機関区分": 2, "都道府県コード": 20, "市区町村コード": 205, "所在地": "長野県飯田市鈴加町１ー２０", "緯度": 35.520818, "経度": 137.825286, "url": "https://www.iryou.teikyouseido.mhlw.go.jp/znk-web/juminkanja/S2430/initialize?prefCd=20&kikanCd=2205715190&kikanKbn=2", "url2": null, "内容": "加藤医院【2:診療所】【診療科目:内科_胃腸内科】長野県飯田市鈴加町１ー２０" }, "geometry": { "type": "Point", "coordinates": [ 137.825286, 35.520818 ] } },
{ "type": "Feature", "properties": { "ID": 2022205715480, "正式名称": "羽生循環器科内科", "機関区分": 2, "都道府県コード": 20, "市区町村コード": 205, "所在地": "長野県飯田市鼎一色４５ー２", "緯度": 35.50382, "経度": 137.812288, "url": "https://www.iryou.teikyouseido.mhlw.go.jp/znk-web/juminkanja/S2430/initialize?prefCd=20&kikanCd=2205715480&kikanKbn=2", "url2": "https://hanyu-clinic.com", "内容": "羽生循環器科内科【2:診療所】【診療科目:内科_循環器内科】長野県飯田市鼎一色４５ー２" }, "geometry": { "type": "Point", "coordinates": [ 137.812288, 35.50382 ] } },
{ "type": "Feature", "properties": { "ID": 2022205715800, "正式名称": "回生堂皮膚科クリニック", "機関区分": 2, "都道府県コード": 20, "市区町村コード": 205, "所在地": "長野県飯田市上郷別府", "緯度": 35.511042, "経度": 137.841368, "url": "https://www.iryou.teikyouseido.mhlw.go.jp/znk-web/juminkanja/S2430/initialize?prefCd=20&kikanCd=2205715800&kikanKbn=2", "url2": null, "内容": "回生堂皮膚科クリニック【2:診療所】【診療科目:皮膚科】長野県飯田市上郷別府" }, "geometry": { "type": "Point", "coordinates": [ 137.841368, 35.511042 ] } },
{ "type": "Feature", "properties": { "ID": 2022205716100, "正式名称": "大鹿村釜沢へき地診療所", "機関区分": 2, "都道府県コード": 20, "市区町村コード": 417, "所在地": "長野県下伊那郡大鹿村大河原２４３６番地", "緯度": 35.534517, "経度": 138.07918, "url": "https://www.iryou.teikyouseido.mhlw.go.jp/znk-web/juminkanja/S2430/initialize?prefCd=20&kikanCd=2205716100&kikanKbn=2", "url2": null, "内容": "大鹿村釜沢へき地診療所【2:診療所】【診療科目:内科】長野県下伊那郡大鹿村大河原２４３６番地" }, "geometry": { "type": "Point", "coordinates": [ 138.07918, 35.534517 ] } },
{ "type": "Feature", "properties": { "ID": 2022205716810, "正式名称": "平谷村国民健康保険直営診療所", "機関区分": 2, "都道府県コード": 20, "市区町村コード": 409, "所在地": "長野県下伊那郡平谷村１０６８－３", "緯度": 35.32103, "経度": 137.627977, "url": "https://www.iryou.teikyouseido.mhlw.go.jp/znk-web/juminkanja/S2430/initialize?prefCd=20&kikanCd=2205716810&kikanKbn=2", "url2": null, "内容": "平谷村国民健康保険直営診療所【2:診療所】【診療科目:内科】長野県下伊那郡平谷村１０６８－３" }, "geometry": { "type": "Point", "coordinates": [ 137.627977, 35.32103 ] } },
{ "type": "Feature", "properties": { "ID": 2022205716940, "正式名称": "医療法人　松尾医院", "機関区分": 2, "都道府県コード": 20, "市区町村コード": 205, "所在地": "長野県飯田市松尾久井２４０３", "緯度": 35.499904, "経度": 137.84173, "url": "https://www.iryou.teikyouseido.mhlw.go.jp/znk-web/juminkanja/S2430/initialize?prefCd=20&kikanCd=2205716940&kikanKbn=2", "url2": "https://www.matsuo-iin.net/", "内容": "医療法人　松尾医院【2:診療所】【診療科目:内科_消化器内科_放射線科】長野県飯田市松尾久井２４０３" }, "geometry": { "type": "Point", "coordinates": [ 137.84173, 35.499904 ] } },
{ "type": "Feature", "properties": { "ID": 2022205717080, "正式名称": "飯田病院附属阿智診療所", "機関区分": 2, "都道府県コード": 20, "市区町村コード": 407, "所在地": "長野県下伊那郡阿智村駒場４６５番地", "緯度": 35.444325, "経度": 137.747935, "url": "https://www.iryou.teikyouseido.mhlw.go.jp/znk-web/juminkanja/S2430/initialize?prefCd=20&kikanCd=2205717080&kikanKbn=2", "url2": "http://www.iida.or.jp/related-facility/achi/", "内容": "飯田病院附属阿智診療所【2:診療所】【診療科目:内科】長野県下伊那郡阿智村駒場４６５番地" }, "geometry": { "type": "Point", "coordinates": [ 137.747935, 35.444325 ] } },
{ "type": "Feature", "properties": { "ID": 2022205717660, "正式名称": "渡辺医院", "機関区分": 2, "都道府県コード": 20, "市区町村コード": 205, "所在地": "長野県飯田市白山町３丁目東３番地２", "緯度": 35.52029, "経度": 137.813509, "url": "https://www.iryou.teikyouseido.mhlw.go.jp/znk-web/juminkanja/S2430/initialize?prefCd=20&kikanCd=2205717660&kikanKbn=2", "url2": null, "内容": "渡辺医院【2:診療所】【診療科目:皮膚科_泌尿器科】長野県飯田市白山町３丁目東３番地２" }, "geometry": { "type": "Point", "coordinates": [ 137.813509, 35.52029 ] } },
{ "type": "Feature", "properties": { "ID": 2022205717820, "正式名称": "飯田市立上村診療所", "機関区分": 2, "都道府県コード": 20, "市区町村コード": 205, "所在地": "長野県飯田市上村８４４ー２", "緯度": 35.382643, "経度": 137.968501, "url": "https://www.iryou.teikyouseido.mhlw.go.jp/znk-web/juminkanja/S2430/initialize?prefCd=20&kikanCd=2205717820&kikanKbn=2", "url2": null, "内容": "飯田市立上村診療所【2:診療所】【診療科目:内科】長野県飯田市上村８４４ー２" }, "geometry": { "type": "Point", "coordinates": [ 137.968501, 35.382643 ] } },
{ "type": "Feature", "properties": { "ID": 2022205718120, "正式名称": "飯田市立千代診療所", "機関区分": 2, "都道府県コード": 20, "市区町村コード": 205, "所在地": "長野県飯田市千代９３２－５", "緯度": 35.419414, "経度": 137.867814, "url": "https://www.iryou.teikyouseido.mhlw.go.jp/znk-web/juminkanja/S2430/initialize?prefCd=20&kikanCd=2205718120&kikanKbn=2", "url2": "https://iida-ishikai.net/members/chiyo/", "内容": "飯田市立千代診療所【2:診療所】【診療科目:内科_腫瘍内科_外科_脳神経外科_小児科】長野県飯田市千代９３２－５" }, "geometry": { "type": "Point", "coordinates": [ 137.867814, 35.419414 ] } },
{ "type": "Feature", "properties": { "ID": 2022205718410, "正式名称": "フルタ眼科医院", "機関区分": 2, "都道府県コード": 20, "市区町村コード": 205, "所在地": "長野県飯田市上郷飯沼", "緯度": 35.518652, "経度": 137.852173, "url": "https://www.iryou.teikyouseido.mhlw.go.jp/znk-web/juminkanja/S2430/initialize?prefCd=20&kikanCd=2205718410&kikanKbn=2", "url2": null, "内容": "フルタ眼科医院【2:診療所】【診療科目:眼科】長野県飯田市上郷飯沼" }, "geometry": { "type": "Point", "coordinates": [ 137.852173, 35.518652 ] } },
{ "type": "Feature", "properties": { "ID": 2022205718540, "正式名称": "久田小児科医院", "機関区分": 2, "都道府県コード": 20, "市区町村コード": 205, "所在地": "長野県飯田市知久町４丁目１２３９", "緯度": 35.517318, "経度": 137.820148, "url": "https://www.iryou.teikyouseido.mhlw.go.jp/znk-web/juminkanja/S2430/initialize?prefCd=20&kikanCd=2205718540&kikanKbn=2", "url2": "https://hisata-clinic.com", "内容": "久田小児科医院【2:診療所】【診療科目:内科_小児科_皮膚科】長野県飯田市知久町４丁目１２３９" }, "geometry": { "type": "Point", "coordinates": [ 137.820148, 35.517318 ] } },
{ "type": "Feature", "properties": { "ID": 2022205718830, "正式名称": "大鹿村梨原へき地診療所", "機関区分": 2, "都道府県コード": 20, "市区町村コード": 417, "所在地": "長野県下伊那郡大鹿村鹿塩１２６０ー５", "緯度": 35.59151, "経度": 138.059541, "url": "https://www.iryou.teikyouseido.mhlw.go.jp/znk-web/juminkanja/S2430/initialize?prefCd=20&kikanCd=2205718830&kikanKbn=2", "url2": null, "内容": "大鹿村梨原へき地診療所【2:診療所】【診療科目:内科_外科】長野県下伊那郡大鹿村鹿塩１２６０ー５" }, "geometry": { "type": "Point", "coordinates": [ 138.059541, 35.59151 ] } },
{ "type": "Feature", "properties": { "ID": 2022205718960, "正式名称": "のむら内科医院", "機関区分": 2, "都道府県コード": 20, "市区町村コード": 205, "所在地": "長野県飯田市上郷飯沼１８０８ー１", "緯度": 35.520985, "経度": 137.849756, "url": "https://www.iryou.teikyouseido.mhlw.go.jp/znk-web/juminkanja/S2430/initialize?prefCd=20&kikanCd=2205718960&kikanKbn=2", "url2": "http://www.myclinic.ne.jp/nomurahp/", "内容": "のむら内科医院【2:診療所】【診療科目:内科_消化器内科_小児科】長野県飯田市上郷飯沼１８０８ー１" }, "geometry": { "type": "Point", "coordinates": [ 137.849756, 35.520985 ] } },
{ "type": "Feature", "properties": { "ID": 2022205719000, "正式名称": "医療法人　羽場医院", "機関区分": 2, "都道府県コード": 20, "市区町村コード": 205, "所在地": "長野県飯田市駄科５３６－３", "緯度": 35.476323, "経度": 137.835259, "url": "https://www.iryou.teikyouseido.mhlw.go.jp/znk-web/juminkanja/S2430/initialize?prefCd=20&kikanCd=2205719000&kikanKbn=2", "url2": null, "内容": "医療法人　羽場医院【2:診療所】【診療科目:整形外科_産婦人科】長野県飯田市駄科５３６－３" }, "geometry": { "type": "Point", "coordinates": [ 137.835259, 35.476323 ] } },
{ "type": "Feature", "properties": { "ID": 2022205719260, "正式名称": "松村内科クリニック", "機関区分": 2, "都道府県コード": 20, "市区町村コード": 205, "所在地": "長野県飯田市松尾代田１６０３ー２", "緯度": 35.491155, "経度": 137.838953, "url": "https://www.iryou.teikyouseido.mhlw.go.jp/znk-web/juminkanja/S2430/initialize?prefCd=20&kikanCd=2205719260&kikanKbn=2", "url2": null, "内容": "松村内科クリニック【2:診療所】【診療科目:内科_循環器内科_消化器内科】長野県飯田市松尾代田１６０３ー２" }, "geometry": { "type": "Point", "coordinates": [ 137.838953, 35.491155 ] } },
{ "type": "Feature", "properties": { "ID": 2022205719840, "正式名称": "阿智村浪合診療所", "機関区分": 2, "都道府県コード": 20, "市区町村コード": 407, "所在地": "長野県下伊那郡阿智村浪合１３３５", "緯度": 35.374331, "経度": 137.690887, "url": "https://www.iryou.teikyouseido.mhlw.go.jp/znk-web/juminkanja/S2430/initialize?prefCd=20&kikanCd=2205719840&kikanKbn=2", "url2": null, "内容": "阿智村浪合診療所【2:診療所】【診療科目:内科】長野県下伊那郡阿智村浪合１３３５" }, "geometry": { "type": "Point", "coordinates": [ 137.690887, 35.374331 ] } },
{ "type": "Feature", "properties": { "ID": 2022205720370, "正式名称": "下久堅診療所", "機関区分": 2, "都道府県コード": 20, "市区町村コード": 205, "所在地": "長野県飯田市下久堅知久平１１０番地", "緯度": 35.475379, "経度": 137.85148, "url": "https://www.iryou.teikyouseido.mhlw.go.jp/znk-web/juminkanja/S2430/initialize?prefCd=20&kikanCd=2205720370&kikanKbn=2", "url2": "http://www.kizankai.or.jp/", "内容": "下久堅診療所【2:診療所】【診療科目:内科_外科】長野県飯田市下久堅知久平１１０番地" }, "geometry": { "type": "Point", "coordinates": [ 137.85148, 35.475379 ] } },
{ "type": "Feature", "properties": { "ID": 2022205720400, "正式名称": "中塚内科循環器科医院", "機関区分": 2, "都道府県コード": 20, "市区町村コード": 402, "所在地": "長野県下伊那郡松川町元大島３７７５番地３", "緯度": 35.599672, "経度": 137.914025, "url": "https://www.iryou.teikyouseido.mhlw.go.jp/znk-web/juminkanja/S2430/initialize?prefCd=20&kikanCd=2205720400&kikanKbn=2", "url2": null, "内容": "中塚内科循環器科医院【2:診療所】【診療科目:内科_循環器内科_小児科_アレルギー科】長野県下伊那郡松川町元大島３７７５番地３" }, "geometry": { "type": "Point", "coordinates": [ 137.914025, 35.599672 ] } },
{ "type": "Feature", "properties": { "ID": 2022205720530, "正式名称": "医療法人　健進会　佐藤医院", "機関区分": 2, "都道府県コード": 20, "市区町村コード": 410, "所在地": "長野県下伊那郡根羽村１８５０－１", "緯度": 35.251176, "経度": 137.586206, "url": "https://www.iryou.teikyouseido.mhlw.go.jp/znk-web/juminkanja/S2430/initialize?prefCd=20&kikanCd=2205720530&kikanKbn=2", "url2": null, "内容": "医療法人　健進会　佐藤医院【2:診療所】【診療科目:内科_小児科_産婦人科】長野県下伊那郡根羽村１８５０－１" }, "geometry": { "type": "Point", "coordinates": [ 137.586206, 35.251176 ] } },
{ "type": "Feature", "properties": { "ID": 2022205720820, "正式名称": "矢澤内科・循環器科医院", "機関区分": 2, "都道府県コード": 20, "市区町村コード": 205, "所在地": "長野県飯田市育良町", "緯度": 35.503681, "経度": 137.801928, "url": "https://www.iryou.teikyouseido.mhlw.go.jp/znk-web/juminkanja/S2430/initialize?prefCd=20&kikanCd=2205720820&kikanKbn=2", "url2": "https://yazawa-clinic.com/", "内容": "矢澤内科・循環器科医院【2:診療所】【診療科目:内科_呼吸器内科_循環器内科】長野県飯田市育良町" }, "geometry": { "type": "Point", "coordinates": [ 137.801928, 35.503681 ] } },
{ "type": "Feature", "properties": { "ID": 2022205721250, "正式名称": "泰阜村診療所", "機関区分": 2, "都道府県コード": 20, "市区町村コード": 414, "所在地": "長野県下伊那郡泰阜村３２５６番地１", "緯度": 35.379668, "経度": 137.842068, "url": "https://www.iryou.teikyouseido.mhlw.go.jp/znk-web/juminkanja/S2430/initialize?prefCd=20&kikanCd=2205721250&kikanKbn=2", "url2": null, "内容": "泰阜村診療所【2:診療所】【診療科目:内科_外科】長野県下伊那郡泰阜村３２５６番地１" }, "geometry": { "type": "Point", "coordinates": [ 137.842068, 35.379668 ] } },
{ "type": "Feature", "properties": { "ID": 2022205721380, "正式名称": "安達整形外科医院", "機関区分": 2, "都道府県コード": 20, "市区町村コード": 205, "所在地": "長野県飯田市上郷飯沼１９０９ー１", "緯度": 35.51893, "経度": 137.852284, "url": "https://www.iryou.teikyouseido.mhlw.go.jp/znk-web/juminkanja/S2430/initialize?prefCd=20&kikanCd=2205721380&kikanKbn=2", "url2": null, "内容": "安達整形外科医院【2:診療所】【診療科目:整形外科】長野県飯田市上郷飯沼１９０９ー１" }, "geometry": { "type": "Point", "coordinates": [ 137.852284, 35.51893 ] } },
{ "type": "Feature", "properties": { "ID": 2022205721410, "正式名称": "康野整形外科リウマチクリニック", "機関区分": 2, "都道府県コード": 20, "市区町村コード": 205, "所在地": "長野県飯田市松尾上溝３１５２−４", "緯度": 35.504765, "経度": 137.850701, "url": "https://www.iryou.teikyouseido.mhlw.go.jp/znk-web/juminkanja/S2430/initialize?prefCd=20&kikanCd=2205721410&kikanKbn=2", "url2": "https://www.yasuno-sr-clinic.com/", "内容": "康野整形外科リウマチクリニック【2:診療所】【診療科目:内科_整形外科_皮膚科_リウマチ科_リハビリテーション科_理学療法科】長野県飯田市松尾上溝３１５２−４" }, "geometry": { "type": "Point", "coordinates": [ 137.850701, 35.504765 ] } },
{ "type": "Feature", "properties": { "ID": 2022205721700, "正式名称": "阿智村伍和診療所", "機関区分": 2, "都道府県コード": 20, "市区町村コード": 407, "所在地": "長野県下伊那郡阿智村伍和４５５５", "緯度": 35.422772, "経度": 137.744047, "url": "https://www.iryou.teikyouseido.mhlw.go.jp/znk-web/juminkanja/S2430/initialize?prefCd=20&kikanCd=2205721700&kikanKbn=2", "url2": null, "内容": "阿智村伍和診療所【2:診療所】【診療科目:内科】長野県下伊那郡阿智村伍和４５５５" }, "geometry": { "type": "Point", "coordinates": [ 137.744047, 35.422772 ] } },
{ "type": "Feature", "properties": { "ID": 2022205722130, "正式名称": "下條診療所", "機関区分": 2, "都道府県コード": 20, "市区町村コード": 411, "所在地": "長野県下伊那郡下條村陽皐１番地", "緯度": 35.389721, "経度": 137.789405, "url": "https://www.iryou.teikyouseido.mhlw.go.jp/znk-web/juminkanja/S2430/initialize?prefCd=20&kikanCd=2205722130&kikanKbn=2", "url2": "http://www.kizankai.or.jp/", "内容": "下條診療所【2:診療所】【診療科目:内科_外科】長野県下伊那郡下條村陽皐１番地" }, "geometry": { "type": "Point", "coordinates": [ 137.789405, 35.389721 ] } },
{ "type": "Feature", "properties": { "ID": 2022205722260, "正式名称": "新野へき地診療所", "機関区分": 2, "都道府県コード": 20, "市区町村コード": 404, "所在地": "長野県下伊那郡阿南町新野１２２２", "緯度": 35.261262, "経度": 137.748552, "url": "https://www.iryou.teikyouseido.mhlw.go.jp/znk-web/juminkanja/S2430/initialize?prefCd=20&kikanCd=2205722260&kikanKbn=2", "url2": null, "内容": "新野へき地診療所【2:診療所】【診療科目:内科_外科_小児科】長野県下伊那郡阿南町新野１２２２" }, "geometry": { "type": "Point", "coordinates": [ 137.748552, 35.261262 ] } },
{ "type": "Feature", "properties": { "ID": 2022205722390, "正式名称": "後藤医院", "機関区分": 2, "都道府県コード": 20, "市区町村コード": 403, "所在地": "長野県下伊那郡高森町上市田６３０－１", "緯度": 35.556398, "経度": 137.860254, "url": "https://www.iryou.teikyouseido.mhlw.go.jp/znk-web/juminkanja/S2430/initialize?prefCd=20&kikanCd=2205722390&kikanKbn=2", "url2": "https://www.gotoh-iin.com", "内容": "後藤医院【2:診療所】【診療科目:内科_消化器内科_小児科】長野県下伊那郡高森町上市田６３０－１" }, "geometry": { "type": "Point", "coordinates": [ 137.860254, 35.556398 ] } },
{ "type": "Feature", "properties": { "ID": 2022205722680, "正式名称": "曽我医院", "機関区分": 2, "都道府県コード": 20, "市区町村コード": 205, "所在地": "長野県飯田市鼎東鼎２０－２", "緯度": 35.506042, "経度": 137.842396, "url": "https://www.iryou.teikyouseido.mhlw.go.jp/znk-web/juminkanja/S2430/initialize?prefCd=20&kikanCd=2205722680&kikanKbn=2", "url2": "https://soga-iin.com", "内容": "曽我医院【2:診療所】【診療科目:内科_消化器内科】長野県飯田市鼎東鼎２０－２" }, "geometry": { "type": "Point", "coordinates": [ 137.842396, 35.506042 ] } },
{ "type": "Feature", "properties": { "ID": 2022205722710, "正式名称": "横田医院", "機関区分": 2, "都道府県コード": 20, "市区町村コード": 205, "所在地": "長野県飯田市大瀬木９９３－１", "緯度": 35.496292, "経度": 137.783013, "url": "https://www.iryou.teikyouseido.mhlw.go.jp/znk-web/juminkanja/S2430/initialize?prefCd=20&kikanCd=2205722710&kikanKbn=2", "url2": "https://yokotaiin.jp/", "内容": "横田医院【2:診療所】【診療科目:内科_消化器内科】長野県飯田市大瀬木９９３－１" }, "geometry": { "type": "Point", "coordinates": [ 137.783013, 35.496292 ] } },
{ "type": "Feature", "properties": { "ID": 2022205722970, "正式名称": "クローバークリニック", "機関区分": 2, "都道府県コード": 20, "市区町村コード": 205, "所在地": "長野県飯田市松尾新井７０６７－１", "緯度": 35.497766, "経度": 137.856673, "url": "https://www.iryou.teikyouseido.mhlw.go.jp/znk-web/juminkanja/S2430/initialize?prefCd=20&kikanCd=2205722970&kikanKbn=2", "url2": null, "内容": "クローバークリニック【2:診療所】【診療科目:精神科_心療内科】長野県飯田市松尾新井７０６７－１" }, "geometry": { "type": "Point", "coordinates": [ 137.856673, 35.497766 ] } },
{ "type": "Feature", "properties": { "ID": 2022205723140, "正式名称": "古島内科胃腸科医院", "機関区分": 2, "都道府県コード": 20, "市区町村コード": 205, "所在地": "長野県飯田市主税町５", "緯度": 35.514263, "経度": 137.827758, "url": "https://www.iryou.teikyouseido.mhlw.go.jp/znk-web/juminkanja/S2430/initialize?prefCd=20&kikanCd=2205723140&kikanKbn=2", "url2": null, "内容": "古島内科胃腸科医院【2:診療所】【診療科目:内科_胃腸内科】長野県飯田市主税町５" }, "geometry": { "type": "Point", "coordinates": [ 137.827758, 35.514263 ] } },
{ "type": "Feature", "properties": { "ID": 2022205723270, "正式名称": "飯田橋木下医院", "機関区分": 2, "都道府県コード": 20, "市区町村コード": 205, "所在地": "長野県飯田市鼎西鼎６１５ー１", "緯度": 35.509375, "経度": 137.835702, "url": "https://www.iryou.teikyouseido.mhlw.go.jp/znk-web/juminkanja/S2430/initialize?prefCd=20&kikanCd=2205723270&kikanKbn=2", "url2": null, "内容": "飯田橋木下医院【2:診療所】【診療科目:内科_小児科_麻酔科】長野県飯田市鼎西鼎６１５ー１" }, "geometry": { "type": "Point", "coordinates": [ 137.835702, 35.509375 ] } },
{ "type": "Feature", "properties": { "ID": 2022205723300, "正式名称": "みかさクリニック", "機関区分": 2, "都道府県コード": 20, "市区町村コード": 205, "所在地": "長野県飯田市桐林１７８０－１", "緯度": 35.471435, "経度": 137.824788, "url": "https://www.iryou.teikyouseido.mhlw.go.jp/znk-web/juminkanja/S2430/initialize?prefCd=20&kikanCd=2205723300&kikanKbn=2", "url2": null, "内容": "みかさクリニック【2:診療所】【診療科目:精神科_心療内科】長野県飯田市桐林１７８０－１" }, "geometry": { "type": "Point", "coordinates": [ 137.824788, 35.471435 ] } },
{ "type": "Feature", "properties": { "ID": 2022205723430, "正式名称": "杉下クリニック", "機関区分": 2, "都道府県コード": 20, "市区町村コード": 205, "所在地": "長野県飯田市鼎切石４０８７－６", "緯度": 35.51043, "経度": 137.808288, "url": "https://www.iryou.teikyouseido.mhlw.go.jp/znk-web/juminkanja/S2430/initialize?prefCd=20&kikanCd=2205723430&kikanKbn=2", "url2": null, "内容": "杉下クリニック【2:診療所】【診療科目:内科_外科】長野県飯田市鼎切石４０８７－６" }, "geometry": { "type": "Point", "coordinates": [ 137.808288, 35.51043 ] } },
{ "type": "Feature", "properties": { "ID": 2022205723720, "正式名称": "橋上医院", "機関区分": 2, "都道府県コード": 20, "市区町村コード": 407, "所在地": "長野県下伊那郡阿智村駒場", "緯度": 35.445908, "経度": 137.749518, "url": "https://www.iryou.teikyouseido.mhlw.go.jp/znk-web/juminkanja/S2430/initialize?prefCd=20&kikanCd=2205723720&kikanKbn=2", "url2": "http://www.alten-heim.com", "内容": "橋上医院【2:診療所】【診療科目:内科_外科_リハビリテーション科】長野県下伊那郡阿智村駒場" }, "geometry": { "type": "Point", "coordinates": [ 137.749518, 35.445908 ] } },
{ "type": "Feature", "properties": { "ID": 2022205724020, "正式名称": "慶友整形外科", "機関区分": 2, "都道府県コード": 20, "市区町村コード": 205, "所在地": "長野県飯田市上郷別府", "緯度": 35.512736, "経度": 137.839702, "url": "https://www.iryou.teikyouseido.mhlw.go.jp/znk-web/juminkanja/S2430/initialize?prefCd=20&kikanCd=2205724020&kikanKbn=2", "url2": null, "内容": "慶友整形外科【2:診療所】【診療科目:整形外科_リウマチ科_リハビリテーション科】長野県飯田市上郷別府" }, "geometry": { "type": "Point", "coordinates": [ 137.839702, 35.512736 ] } },
{ "type": "Feature", "properties": { "ID": 2022205724280, "正式名称": "森山医院", "機関区分": 2, "都道府県コード": 20, "市区町村コード": 205, "所在地": "長野県飯田市丸山町２‐６８０４‐３", "緯度": 35.521595, "経度": 137.808843, "url": "https://www.iryou.teikyouseido.mhlw.go.jp/znk-web/juminkanja/S2430/initialize?prefCd=20&kikanCd=2205724280&kikanKbn=2", "url2": null, "内容": "森山医院【2:診療所】【診療科目:内科_消化器内科】長野県飯田市丸山町２‐６８０４‐３" }, "geometry": { "type": "Point", "coordinates": [ 137.808843, 35.521595 ] } },
{ "type": "Feature", "properties": { "ID": 2022205724440, "正式名称": "まるやまファミリークリニック", "機関区分": 2, "都道府県コード": 20, "市区町村コード": 205, "所在地": "長野県飯田市大瀬木１１０６－２", "緯度": 35.499347, "経度": 137.791873, "url": "https://www.iryou.teikyouseido.mhlw.go.jp/znk-web/juminkanja/S2430/initialize?prefCd=20&kikanCd=2205724440&kikanKbn=2", "url2": "http://maruyama-fc.com/", "内容": "まるやまファミリークリニック【2:診療所】【診療科目:内科_呼吸器内科_循環器内科_消化器内科_神経内科_小児科_アレルギー科_リウマチ科_リハビリテーション科_放射線科】長野県飯田市大瀬木１１０６－２" }, "geometry": { "type": "Point", "coordinates": [ 137.791873, 35.499347 ] } },
{ "type": "Feature", "properties": { "ID": 2022205724570, "正式名称": "上久堅診療所", "機関区分": 2, "都道府県コード": 20, "市区町村コード": 205, "所在地": "長野県飯田市上久堅７５１３ー５", "緯度": 35.456521, "経度": 137.8817, "url": "https://www.iryou.teikyouseido.mhlw.go.jp/znk-web/juminkanja/S2430/initialize?prefCd=20&kikanCd=2205724570&kikanKbn=2", "url2": "https://www.kizankai.or.jp/", "内容": "上久堅診療所【2:診療所】【診療科目:内科_外科】長野県飯田市上久堅７５１３ー５" }, "geometry": { "type": "Point", "coordinates": [ 137.8817, 35.456521 ] } },
{ "type": "Feature", "properties": { "ID": 2022205724600, "正式名称": "中島医院", "機関区分": 2, "都道府県コード": 20, "市区町村コード": 411, "所在地": "長野県下伊那郡下條村陽皐２７３１", "緯度": 35.383722, "経度": 137.7871, "url": "https://www.iryou.teikyouseido.mhlw.go.jp/znk-web/juminkanja/S2430/initialize?prefCd=20&kikanCd=2205724600&kikanKbn=2", "url2": "https://sadao-nakajima.com/", "内容": "中島医院【2:診療所】【診療科目:内科】長野県下伊那郡下條村陽皐２７３１" }, "geometry": { "type": "Point", "coordinates": [ 137.7871, 35.383722 ] } },
{ "type": "Feature", "properties": { "ID": 2022205724730, "正式名称": "飯田市立高松診療所", "機関区分": 2, "都道府県コード": 20, "市区町村コード": 205, "所在地": "長野県飯田市上郷黒田３４１番地", "緯度": 35.517985, "経度": 137.840202, "url": "https://www.iryou.teikyouseido.mhlw.go.jp/znk-web/juminkanja/S2430/initialize?prefCd=20&kikanCd=2205724730&kikanKbn=2", "url2": "http://www.imh.jp/", "内容": "飯田市立高松診療所【2:診療所】【診療科目:内科_外科_リハビリテーション科】長野県飯田市上郷黒田３４１番地" }, "geometry": { "type": "Point", "coordinates": [ 137.840202, 35.517985 ] } },
{ "type": "Feature", "properties": { "ID": 2022205725160, "正式名称": "いちはし内科医院", "機関区分": 2, "都道府県コード": 20, "市区町村コード": 205, "所在地": "長野県飯田市上郷黒田３８２ー１１", "緯度": 35.515236, "経度": 137.840368, "url": "https://www.iryou.teikyouseido.mhlw.go.jp/znk-web/juminkanja/S2430/initialize?prefCd=20&kikanCd=2205725160&kikanKbn=2", "url2": "http://www.ichihashi-naika.jp", "内容": "いちはし内科医院【2:診療所】【診療科目:内科_呼吸器内科_アレルギー科】長野県飯田市上郷黒田３８２ー１１" }, "geometry": { "type": "Point", "coordinates": [ 137.840368, 35.515236 ] } },
{ "type": "Feature", "properties": { "ID": 2022205725290, "正式名称": "まつかわ在宅クリニック", "機関区分": 2, "都道府県コード": 20, "市区町村コード": 402, "所在地": "長野県下伊那郡松川町元大島１５６０", "緯度": 35.595812, "経度": 137.917109, "url": "https://www.iryou.teikyouseido.mhlw.go.jp/znk-web/juminkanja/S2430/initialize?prefCd=20&kikanCd=2205725290&kikanKbn=2", "url2": null, "内容": "まつかわ在宅クリニック【2:診療所】【診療科目:内科】長野県下伊那郡松川町元大島１５６０" }, "geometry": { "type": "Point", "coordinates": [ 137.917109, 35.595812 ] } },
{ "type": "Feature", "properties": { "ID": 2022205725320, "正式名称": "阿智村清内路診療所", "機関区分": 2, "都道府県コード": 20, "市区町村コード": 407, "所在地": "長野県下伊那郡阿智村清内路９０－１", "緯度": 35.489513, "経度": 137.703964, "url": "https://www.iryou.teikyouseido.mhlw.go.jp/znk-web/juminkanja/S2430/initialize?prefCd=20&kikanCd=2205725320&kikanKbn=2", "url2": null, "内容": "阿智村清内路診療所【2:診療所】【診療科目:内科】長野県下伊那郡阿智村清内路９０－１" }, "geometry": { "type": "Point", "coordinates": [ 137.703964, 35.489513 ] } },
{ "type": "Feature", "properties": { "ID": 2022205725580, "正式名称": "クリニックやながわ", "機関区分": 2, "都道府県コード": 20, "市区町村コード": 205, "所在地": "長野県飯田市上郷黒田５８０７番地", "緯度": 35.530484, "経度": 137.82473, "url": "https://www.iryou.teikyouseido.mhlw.go.jp/znk-web/juminkanja/S2430/initialize?prefCd=20&kikanCd=2205725580&kikanKbn=2", "url2": "http://www.clinic-yanagawa.com", "内容": "クリニックやながわ【2:診療所】【診療科目:内科_神経内科】長野県飯田市上郷黒田５８０７番地" }, "geometry": { "type": "Point", "coordinates": [ 137.82473, 35.530484 ] } },
{ "type": "Feature", "properties": { "ID": 2022205725610, "正式名称": "小坂クリニック", "機関区分": 2, "都道府県コード": 20, "市区町村コード": 205, "所在地": "長野県飯田市座光寺３４９６－１", "緯度": 35.535151, "経度": 137.861616, "url": "https://www.iryou.teikyouseido.mhlw.go.jp/znk-web/juminkanja/S2430/initialize?prefCd=20&kikanCd=2205725610&kikanKbn=2", "url2": "http://kosakacl.main.jp/", "内容": "小坂クリニック【2:診療所】【診療科目:内科_消化器内科_小児科】長野県飯田市座光寺３４９６－１" }, "geometry": { "type": "Point", "coordinates": [ 137.861616, 35.535151 ] } },
{ "type": "Feature", "properties": { "ID": 2022205725740, "正式名称": "ごうど眼科", "機関区分": 2, "都道府県コード": 20, "市区町村コード": 205, "所在地": "長野県飯田市羽場町", "緯度": 35.516318, "経度": 137.80801, "url": "https://www.iryou.teikyouseido.mhlw.go.jp/znk-web/juminkanja/S2430/initialize?prefCd=20&kikanCd=2205725740&kikanKbn=2", "url2": "http://www.godo-clinic.jp/", "内容": "ごうど眼科【2:診療所】【診療科目:眼科】長野県飯田市羽場町" }, "geometry": { "type": "Point", "coordinates": [ 137.80801, 35.516318 ] } },
{ "type": "Feature", "properties": { "ID": 2022205726170, "正式名称": "飯田山本クリニック", "機関区分": 2, "都道府県コード": 20, "市区町村コード": 205, "所在地": "長野県飯田市山本３２０５", "緯度": 35.474488, "経度": 137.762182, "url": "https://www.iryou.teikyouseido.mhlw.go.jp/znk-web/juminkanja/S2430/initialize?prefCd=20&kikanCd=2205726170&kikanKbn=2", "url2": null, "内容": "飯田山本クリニック【2:診療所】【診療科目:内科_腎臓内科】長野県飯田市山本３２０５" }, "geometry": { "type": "Point", "coordinates": [ 137.762182, 35.474488 ] } },
{ "type": "Feature", "properties": { "ID": 2022205726330, "正式名称": "山岡整形外科", "機関区分": 2, "都道府県コード": 20, "市区町村コード": 205, "所在地": "長野県飯田市北方１７４２番地１", "緯度": 35.514401, "経度": 137.79515, "url": "https://www.iryou.teikyouseido.mhlw.go.jp/znk-web/juminkanja/S2430/initialize?prefCd=20&kikanCd=2205726330&kikanKbn=2", "url2": null, "内容": "山岡整形外科【2:診療所】【診療科目:整形外科_リウマチ科_リハビリテーション科】長野県飯田市北方１７４２番地１" }, "geometry": { "type": "Point", "coordinates": [ 137.79515, 35.514401 ] } },
{ "type": "Feature", "properties": { "ID": 2022205726460, "正式名称": "高森眼科", "機関区分": 2, "都道府県コード": 20, "市区町村コード": 403, "所在地": "長野県下伊那郡高森町吉田２２９３番地", "緯度": 35.559426, "経度": 137.887085, "url": "https://www.iryou.teikyouseido.mhlw.go.jp/znk-web/juminkanja/S2430/initialize?prefCd=20&kikanCd=2205726460&kikanKbn=2", "url2": null, "内容": "高森眼科【2:診療所】【診療科目:眼科】長野県下伊那郡高森町吉田２２９３番地" }, "geometry": { "type": "Point", "coordinates": [ 137.887085, 35.559426 ] } },
{ "type": "Feature", "properties": { "ID": 2022205726590, "正式名称": "矢高眼科医院", "機関区分": 2, "都道府県コード": 20, "市区町村コード": 205, "所在地": "長野県飯田市馬場町２－３６７", "緯度": 35.51543, "経度": 137.829897, "url": "https://www.iryou.teikyouseido.mhlw.go.jp/znk-web/juminkanja/S2430/initialize?prefCd=20&kikanCd=2205726590&kikanKbn=2", "url2": null, "内容": "矢高眼科医院【2:診療所】【診療科目:眼科】長野県飯田市馬場町２－３６７" }, "geometry": { "type": "Point", "coordinates": [ 137.829897, 35.51543 ] } },
{ "type": "Feature", "properties": { "ID": 2022205726620, "正式名称": "おおぎ整形外科", "機関区分": 2, "都道府県コード": 20, "市区町村コード": 205, "所在地": "長野県飯田市東和町２丁目３０番地", "緯度": 35.519096, "経度": 137.823925, "url": "https://www.iryou.teikyouseido.mhlw.go.jp/znk-web/juminkanja/S2430/initialize?prefCd=20&kikanCd=2205726620&kikanKbn=2", "url2": null, "内容": "おおぎ整形外科【2:診療所】【診療科目:外科_整形外科_リウマチ科_リハビリテーション科】長野県飯田市東和町２丁目３０番地" }, "geometry": { "type": "Point", "coordinates": [ 137.823925, 35.519096 ] } },
{ "type": "Feature", "properties": { "ID": 2022205726750, "正式名称": "浦野耳鼻咽喉科医院", "機関区分": 2, "都道府県コード": 20, "市区町村コード": 205, "所在地": "長野県飯田市大久保町２５５３ー１", "緯度": 35.513402, "経度": 137.820953, "url": "https://www.iryou.teikyouseido.mhlw.go.jp/znk-web/juminkanja/S2430/initialize?prefCd=20&kikanCd=2205726750&kikanKbn=2", "url2": null, "内容": "浦野耳鼻咽喉科医院【2:診療所】【診療科目:耳鼻いんこう科】長野県飯田市大久保町２５５３ー１" }, "geometry": { "type": "Point", "coordinates": [ 137.820953, 35.513402 ] } },
{ "type": "Feature", "properties": { "ID": 2022205727050, "正式名称": "すずおか内科クリニック", "機関区分": 2, "都道府県コード": 20, "市区町村コード": 205, "所在地": "長野県飯田市駄科１２８５－１", "緯度": 35.478406, "経度": 137.829898, "url": "https://www.iryou.teikyouseido.mhlw.go.jp/znk-web/juminkanja/S2430/initialize?prefCd=20&kikanCd=2205727050&kikanKbn=2", "url2": "http://www.suzuoka-clinic.net", "内容": "すずおか内科クリニック【2:診療所】【診療科目:内科_血液内科】長野県飯田市駄科１２８５－１" }, "geometry": { "type": "Point", "coordinates": [ 137.829898, 35.478406 ] } },
{ "type": "Feature", "properties": { "ID": 2022205727210, "正式名称": "南信州健診センター", "機関区分": 2, "都道府県コード": 20, "市区町村コード": 205, "所在地": "長野県飯田市上郷黒田", "緯度": 35.5334, "経度": 137.841681, "url": "https://www.iryou.teikyouseido.mhlw.go.jp/znk-web/juminkanja/S2430/initialize?prefCd=20&kikanCd=2205727210&kikanKbn=2", "url2": "http://www.chubukosyu.or.jp/", "内容": "南信州健診センター【2:診療所】【診療科目:内科_婦人科】長野県飯田市上郷黒田" }, "geometry": { "type": "Point", "coordinates": [ 137.841681, 35.5334 ] } },
{ "type": "Feature", "properties": { "ID": 2022205727340, "正式名称": "須田内科醫院", "機関区分": 2, "都道府県コード": 20, "市区町村コード": 205, "所在地": "長野県飯田市座光寺３４４０", "緯度": 35.535845, "経度": 137.864588, "url": "https://www.iryou.teikyouseido.mhlw.go.jp/znk-web/juminkanja/S2430/initialize?prefCd=20&kikanCd=2205727340&kikanKbn=2", "url2": null, "内容": "須田内科醫院【2:診療所】【診療科目:内科】長野県飯田市座光寺３４４０" }, "geometry": { "type": "Point", "coordinates": [ 137.864588, 35.535845 ] } },
{ "type": "Feature", "properties": { "ID": 2022205727470, "正式名称": "こばやしクリニック泌尿器科皮フ科", "機関区分": 2, "都道府県コード": 20, "市区町村コード": 205, "所在地": "長野県飯田市上郷飯沼１９１１ー１", "緯度": 35.518458, "経度": 137.852506, "url": "https://www.iryou.teikyouseido.mhlw.go.jp/znk-web/juminkanja/S2430/initialize?prefCd=20&kikanCd=2205727470&kikanKbn=2", "url2": "http://www.kobayashi-uro.com", "内容": "こばやしクリニック泌尿器科皮フ科【2:診療所】【診療科目:皮膚科_泌尿器科】長野県飯田市上郷飯沼１９１１ー１" }, "geometry": { "type": "Point", "coordinates": [ 137.852506, 35.518458 ] } },
{ "type": "Feature", "properties": { "ID": 2022205727500, "正式名称": "さの小児科医院", "機関区分": 2, "都道府県コード": 20, "市区町村コード": 205, "所在地": "長野県飯田市羽場坂町２３４５－８", "緯度": 35.513402, "経度": 137.81326, "url": "https://www.iryou.teikyouseido.mhlw.go.jp/znk-web/juminkanja/S2430/initialize?prefCd=20&kikanCd=2205727500&kikanKbn=2", "url2": "http://www.sanoyokosyounika.com", "内容": "さの小児科医院【2:診療所】【診療科目:小児科_アレルギー科】長野県飯田市羽場坂町２３４５－８" }, "geometry": { "type": "Point", "coordinates": [ 137.81326, 35.513402 ] } },
{ "type": "Feature", "properties": { "ID": 2022205727630, "正式名称": "かみさと耳鼻咽喉科医院", "機関区分": 2, "都道府県コード": 20, "市区町村コード": 205, "所在地": "長野県飯田市上郷飯沼７７９", "緯度": 35.520069, "経度": 137.8532, "url": "https://www.iryou.teikyouseido.mhlw.go.jp/znk-web/juminkanja/S2430/initialize?prefCd=20&kikanCd=2205727630&kikanKbn=2", "url2": "https://kamisato-ent.com", "内容": "かみさと耳鼻咽喉科医院【2:診療所】【診療科目:耳鼻いんこう科】長野県飯田市上郷飯沼７７９" }, "geometry": { "type": "Point", "coordinates": [ 137.8532, 35.520069 ] } },
{ "type": "Feature", "properties": { "ID": 2022205728480, "正式名称": "地域密着型特別養護老人ホームたまゆら診療所", "機関区分": 2, "都道府県コード": 20, "市区町村コード": 205, "所在地": "長野県飯田市北方３３５４ー１", "緯度": 35.502094, "経度": 137.79236, "url": "https://www.iryou.teikyouseido.mhlw.go.jp/znk-web/juminkanja/S2430/initialize?prefCd=20&kikanCd=2205728480&kikanKbn=2", "url2": null, "内容": "地域密着型特別養護老人ホームたまゆら診療所【2:診療所】【診療科目:内科】長野県飯田市北方３３５４ー１" }, "geometry": { "type": "Point", "coordinates": [ 137.79236, 35.502094 ] } },
{ "type": "Feature", "properties": { "ID": 2022205728510, "正式名称": "後藤医院　※呼称：伝馬町後藤医院", "機関区分": 2, "都道府県コード": 20, "市区町村コード": 205, "所在地": "長野県飯田市伝馬町２ー３２", "緯度": 35.518756, "経度": 137.827859, "url": "https://www.iryou.teikyouseido.mhlw.go.jp/znk-web/juminkanja/S2430/initialize?prefCd=20&kikanCd=2205728510&kikanKbn=2", "url2": "https://iida-gotoclinic.com", "内容": "後藤医院　※呼称：伝馬町後藤医院【2:診療所】【診療科目:内科_脳神経内科_皮膚科】長野県飯田市伝馬町２ー３２" }, "geometry": { "type": "Point", "coordinates": [ 137.827859, 35.518756 ] } },
{ "type": "Feature", "properties": { "ID": 2022205728640, "正式名称": "飯田病院附属仲ノ町診療所", "機関区分": 2, "都道府県コード": 20, "市区町村コード": 205, "所在地": "長野県飯田市仲ノ町１丁目２番地", "緯度": 35.516178, "経度": 137.828636, "url": "https://www.iryou.teikyouseido.mhlw.go.jp/znk-web/juminkanja/S2430/initialize?prefCd=20&kikanCd=2205728640&kikanKbn=2", "url2": "https://www.iida.or.jp/related-facility/nakanocho/", "内容": "飯田病院附属仲ノ町診療所【2:診療所】【診療科目:内科_リハビリテーション科】長野県飯田市仲ノ町１丁目２番地" }, "geometry": { "type": "Point", "coordinates": [ 137.828636, 35.516178 ] } },
{ "type": "Feature", "properties": { "ID": 2022205728930, "正式名称": "宝クリニック", "機関区分": 2, "都道府県コード": 20, "市区町村コード": 205, "所在地": "長野県飯田市鼎名古熊２５１１", "緯度": 35.499359, "経度": 137.83058, "url": "https://www.iryou.teikyouseido.mhlw.go.jp/znk-web/juminkanja/S2430/initialize?prefCd=20&kikanCd=2205728930&kikanKbn=2", "url2": "https://takaraclinic.net/", "内容": "宝クリニック【2:診療所】【診療科目:内科_糖尿病内科_代謝・内分泌内科】長野県飯田市鼎名古熊２５１１" }, "geometry": { "type": "Point", "coordinates": [ 137.83058, 35.499359 ] } },
{ "type": "Feature", "properties": { "ID": 2022205729100, "正式名称": "金田医院", "機関区分": 2, "都道府県コード": 20, "市区町村コード": 416, "所在地": "長野県下伊那郡豊丘村神稲５４９ー４", "緯度": 35.553279, "経度": 137.898764, "url": "https://www.iryou.teikyouseido.mhlw.go.jp/znk-web/juminkanja/S2430/initialize?prefCd=20&kikanCd=2205729100&kikanKbn=2", "url2": null, "内容": "金田医院【2:診療所】【診療科目:内科_皮膚科】長野県下伊那郡豊丘村神稲５４９ー４" }, "geometry": { "type": "Point", "coordinates": [ 137.898764, 35.553279 ] } },
{ "type": "Feature", "properties": { "ID": 2022205729360, "正式名称": "しばたファミリークリニック", "機関区分": 2, "都道府県コード": 20, "市区町村コード": 205, "所在地": "長野県飯田市上郷黒田１６３６番地２９", "緯度": 35.524954, "経度": 137.844511, "url": "https://www.iryou.teikyouseido.mhlw.go.jp/znk-web/juminkanja/S2430/initialize?prefCd=20&kikanCd=2205729360&kikanKbn=2", "url2": "https://shibata-fc.com", "内容": "しばたファミリークリニック【2:診療所】【診療科目:内科_外科_小児外科_皮膚科】長野県飯田市上郷黒田１６３６番地２９" }, "geometry": { "type": "Point", "coordinates": [ 137.844511, 35.524954 ] } },
{ "type": "Feature", "properties": { "ID": 2022205729490, "正式名称": "西澤産婦人科クリニック", "機関区分": 2, "都道府県コード": 20, "市区町村コード": 205, "所在地": "長野県飯田市本町４丁目５番地", "緯度": 35.516981, "経度": 137.821624, "url": "https://www.iryou.teikyouseido.mhlw.go.jp/znk-web/juminkanja/S2430/initialize?prefCd=20&kikanCd=2205729490&kikanKbn=2", "url2": "https://gyn.nishizawa-hp.jp", "内容": "西澤産婦人科クリニック【2:診療所】【診療科目:内科_産婦人科_皮膚科】長野県飯田市本町４丁目５番地" }, "geometry": { "type": "Point", "coordinates": [ 137.821624, 35.516981 ] } },
{ "type": "Feature", "properties": { "ID": 2022205729650, "正式名称": "天龍村国民健康保険診療所", "機関区分": 2, "都道府県コード": 20, "市区町村コード": 413, "所在地": "長野県下伊那郡天龍村平岡９２４ー１", "緯度": 35.276863, "経度": 137.855745, "url": "https://www.iryou.teikyouseido.mhlw.go.jp/znk-web/juminkanja/S2430/initialize?prefCd=20&kikanCd=2205729650&kikanKbn=2", "url2": null, "内容": "天龍村国民健康保険診療所【2:診療所】【診療科目:内科_外科】長野県下伊那郡天龍村平岡９２４ー１" }, "geometry": { "type": "Point", "coordinates": [ 137.855745, 35.276863 ] } },
{ "type": "Feature", "properties": { "ID": 2022205729780, "正式名称": "くまがいクリニック", "機関区分": 2, "都道府県コード": 20, "市区町村コード": 205, "所在地": "長野県飯田市北方２４２８－１", "緯度": 35.505767, "経度": 137.796136, "url": "https://www.iryou.teikyouseido.mhlw.go.jp/znk-web/juminkanja/S2430/initialize?prefCd=20&kikanCd=2205729780&kikanKbn=2", "url2": null, "内容": "くまがいクリニック【2:診療所】【診療科目:内科_外科】長野県飯田市北方２４２８－１" }, "geometry": { "type": "Point", "coordinates": [ 137.796136, 35.505767 ] } },
{ "type": "Feature", "properties": { "ID": 2022205729940, "正式名称": "つかはらおやこクリニック", "機関区分": 2, "都道府県コード": 20, "市区町村コード": 205, "所在地": "長野県飯田市松尾城３９４５", "緯度": 35.492806, "経度": 137.842967, "url": "https://www.iryou.teikyouseido.mhlw.go.jp/znk-web/juminkanja/S2430/initialize?prefCd=20&kikanCd=2205729940&kikanKbn=2", "url2": "https://tsukahara-oyako-clinic.com", "内容": "つかはらおやこクリニック【2:診療所】【診療科目:内科_腎臓内科_小児科_アレルギー科】長野県飯田市松尾城３９４５" }, "geometry": { "type": "Point", "coordinates": [ 137.842967, 35.492806 ] } },
{ "type": "Feature", "properties": { "ID": 2022205730050, "正式名称": "エルムクリニック", "機関区分": 2, "都道府県コード": 20, "市区町村コード": 205, "所在地": "長野県飯田市上郷別府３３７３－３　１階", "緯度": 35.511299, "経度": 137.838593, "url": "https://www.iryou.teikyouseido.mhlw.go.jp/znk-web/juminkanja/S2430/initialize?prefCd=20&kikanCd=2205730050&kikanKbn=2", "url2": "http://elm-cl.jp", "内容": "エルムクリニック【2:診療所】【診療科目:内科_消化器内科】長野県飯田市上郷別府３３７３－３　１階" }, "geometry": { "type": "Point", "coordinates": [ 137.838593, 35.511299 ] } },
{ "type": "Feature", "properties": { "ID": 2022205730340, "正式名称": "南信州ハートクリニック", "機関区分": 2, "都道府県コード": 20, "市区町村コード": 205, "所在地": "長野県飯田市上郷黒田７７９－１", "緯度": 35.524434, "経度": 137.833144, "url": "https://www.iryou.teikyouseido.mhlw.go.jp/znk-web/juminkanja/S2430/initialize?prefCd=20&kikanCd=2205730340&kikanKbn=2", "url2": "https://minamishinshu-heart.jp/", "内容": "南信州ハートクリニック【2:診療所】【診療科目:内科_循環器内科_血管外科_整形外科_リハビリテーション科】長野県飯田市上郷黒田７７９－１" }, "geometry": { "type": "Point", "coordinates": [ 137.833144, 35.524434 ] } },
{ "type": "Feature", "properties": { "ID": 2022205800780, "正式名称": "芦沢医院", "機関区分": 2, "都道府県コード": 20, "市区町村コード": 422, "所在地": "長野県木曽郡上松町本町通り", "緯度": 35.78684, "経度": 137.695204, "url": "https://www.iryou.teikyouseido.mhlw.go.jp/znk-web/juminkanja/S2430/initialize?prefCd=20&kikanCd=2205800780&kikanKbn=2", "url2": null, "内容": "芦沢医院【2:診療所】【診療科目:内科】長野県木曽郡上松町本町通り" }, "geometry": { "type": "Point", "coordinates": [ 137.695204, 35.78684 ] } },
{ "type": "Feature", "properties": { "ID": 2022205801080, "正式名称": "大脇医院", "機関区分": 2, "都道府県コード": 20, "市区町村コード": 422, "所在地": "長野県木曽郡上松町駅前通１ー６４", "緯度": 35.78459, "経度": 137.693982, "url": "https://www.iryou.teikyouseido.mhlw.go.jp/znk-web/juminkanja/S2430/initialize?prefCd=20&kikanCd=2205801080&kikanKbn=2", "url2": null, "内容": "大脇医院【2:診療所】【診療科目:内科】長野県木曽郡上松町駅前通１ー６４" }, "geometry": { "type": "Point", "coordinates": [ 137.693982, 35.78459 ] } },
{ "type": "Feature", "properties": { "ID": 2022205802090, "正式名称": "医療法人奥原医院", "機関区分": 2, "都道府県コード": 20, "市区町村コード": 425, "所在地": "長野県木曽郡木祖村薮原１１２４－２", "緯度": 35.934881, "経度": 137.783441, "url": "https://www.iryou.teikyouseido.mhlw.go.jp/znk-web/juminkanja/S2430/initialize?prefCd=20&kikanCd=2205802090&kikanKbn=2", "url2": null, "内容": "医療法人奥原医院【2:診療所】【診療科目:内科_整形外科】長野県木曽郡木祖村薮原１１２４－２" }, "geometry": { "type": "Point", "coordinates": [ 137.783441, 35.934881 ] } },
{ "type": "Feature", "properties": { "ID": 2022205803130, "正式名称": "田澤医院", "機関区分": 2, "都道府県コード": 20, "市区町村コード": 432, "所在地": "長野県木曽郡木曽町開田高原西野２６３７", "緯度": 35.962067, "経度": 137.58479, "url": "https://www.iryou.teikyouseido.mhlw.go.jp/znk-web/juminkanja/S2430/initialize?prefCd=20&kikanCd=2205803130&kikanKbn=2", "url2": null, "内容": "田澤医院【2:診療所】【診療科目:内科_小児科】長野県木曽郡木曽町開田高原西野２６３７" }, "geometry": { "type": "Point", "coordinates": [ 137.58479, 35.962067 ] } },
{ "type": "Feature", "properties": { "ID": 2022205803550, "正式名称": "王滝村国民健康保険診療所", "機関区分": 2, "都道府県コード": 20, "市区町村コード": 429, "所在地": "長野県木曽郡王滝村２８５７－１", "緯度": 35.808556, "経度": 137.551466, "url": "https://www.iryou.teikyouseido.mhlw.go.jp/znk-web/juminkanja/S2430/initialize?prefCd=20&kikanCd=2205803550&kikanKbn=2", "url2": "http://www.vill.otaki.nagano.jp", "内容": "王滝村国民健康保険診療所【2:診療所】【診療科目:内科_外科_歯科】長野県木曽郡王滝村２８５７－１" }, "geometry": { "type": "Point", "coordinates": [ 137.551466, 35.808556 ] } },
{ "type": "Feature", "properties": { "ID": 2022205803680, "正式名称": "塩尻市国民健康保険楢川診療所", "機関区分": 2, "都道府県コード": 20, "市区町村コード": 215, "所在地": "長野県塩尻市木曽平沢１４７５番地", "緯度": 35.974155, "経度": 137.824602, "url": "https://www.iryou.teikyouseido.mhlw.go.jp/znk-web/juminkanja/S2430/initialize?prefCd=20&kikanCd=2205803680&kikanKbn=2", "url2": "https://www.city.shiojiri.lg.jp/soshiki/28/3018.html", "内容": "塩尻市国民健康保険楢川診療所【2:診療所】【診療科目:内科_外科】長野県塩尻市木曽平沢１４７５番地" }, "geometry": { "type": "Point", "coordinates": [ 137.824602, 35.974155 ] } },
{ "type": "Feature", "properties": { "ID": 2022205804140, "正式名称": "医療法人篠﨑医院", "機関区分": 2, "都道府県コード": 20, "市区町村コード": 423, "所在地": "長野県木曽郡南木曽町読書３４２８", "緯度": 35.59782, "経度": 137.607944, "url": "https://www.iryou.teikyouseido.mhlw.go.jp/znk-web/juminkanja/S2430/initialize?prefCd=20&kikanCd=2205804140&kikanKbn=2", "url2": null, "内容": "医療法人篠﨑医院【2:診療所】【診療科目:内科_糖尿病・代謝内科_小児科_アレルギー科】長野県木曽郡南木曽町読書３４２８" }, "geometry": { "type": "Point", "coordinates": [ 137.607944, 35.59782 ] } },
{ "type": "Feature", "properties": { "ID": 2022205804270, "正式名称": "医療法人原内科医院", "機関区分": 2, "都道府県コード": 20, "市区町村コード": 432, "所在地": "長野県木曽郡木曽町福島５６５２－１", "緯度": 35.852472, "経度": 137.702867, "url": "https://www.iryou.teikyouseido.mhlw.go.jp/znk-web/juminkanja/S2430/initialize?prefCd=20&kikanCd=2205804270&kikanKbn=2", "url2": null, "内容": "医療法人原内科医院【2:診療所】【診療科目:内科_呼吸器内科_胃腸内科】長野県木曽郡木曽町福島５６５２－１" }, "geometry": { "type": "Point", "coordinates": [ 137.702867, 35.852472 ] } },
{ "type": "Feature", "properties": { "ID": 2022205804560, "正式名称": "医療法人古根医院", "機関区分": 2, "都道府県コード": 20, "市区町村コード": 430, "所在地": "長野県木曽郡大桑村長野２８６８ー１", "緯度": 35.684045, "経度": 137.664377, "url": "https://www.iryou.teikyouseido.mhlw.go.jp/znk-web/juminkanja/S2430/initialize?prefCd=20&kikanCd=2205804560&kikanKbn=2", "url2": null, "内容": "医療法人古根医院【2:診療所】【診療科目:内科_小児科_リハビリテーション科】長野県木曽郡大桑村長野２８６８ー１" }, "geometry": { "type": "Point", "coordinates": [ 137.664377, 35.684045 ] } },
{ "type": "Feature", "properties": { "ID": 2022205804720, "正式名称": "木曽みたけ診療所", "機関区分": 2, "都道府県コード": 20, "市区町村コード": 432, "所在地": "長野県木曽郡木曽町三岳６４３４番地７", "緯度": 35.839527, "経度": 137.628291, "url": "https://www.iryou.teikyouseido.mhlw.go.jp/znk-web/juminkanja/S2430/initialize?prefCd=20&kikanCd=2205804720&kikanKbn=2", "url2": "http://www.town-kiso.com", "内容": "木曽みたけ診療所【2:診療所】【診療科目:内科_外科】長野県木曽郡木曽町三岳６４３４番地７" }, "geometry": { "type": "Point", "coordinates": [ 137.628291, 35.839527 ] } },
{ "type": "Feature", "properties": { "ID": 2022205804850, "正式名称": "木曽ひよし診療所", "機関区分": 2, "都道府県コード": 20, "市区町村コード": 432, "所在地": "長野県木曽郡木曽町日義２４０１－２", "緯度": 35.887802, "経度": 137.761805, "url": "https://www.iryou.teikyouseido.mhlw.go.jp/znk-web/juminkanja/S2430/initialize?prefCd=20&kikanCd=2205804850&kikanKbn=2", "url2": "http://www.town-kiso.com/fukushi/kenkou", "内容": "木曽ひよし診療所【2:診療所】【診療科目:内科_神経内科_外科】長野県木曽郡木曽町日義２４０１－２" }, "geometry": { "type": "Point", "coordinates": [ 137.761805, 35.887802 ] } },
{ "type": "Feature", "properties": { "ID": 2022205900680, "正式名称": "医療法人東星会東城クリニック", "機関区分": 2, "都道府県コード": 20, "市区町村コード": 202, "所在地": "長野県松本市島内４３８０", "緯度": 36.244738, "経度": 137.942692, "url": "https://www.iryou.teikyouseido.mhlw.go.jp/znk-web/juminkanja/S2430/initialize?prefCd=20&kikanCd=2205900680&kikanKbn=2", "url2": null, "内容": "医療法人東星会東城クリニック【2:診療所】【診療科目:内科_神経内科_整形外科】長野県松本市島内４３８０" }, "geometry": { "type": "Point", "coordinates": [ 137.942692, 36.244738 ] } },
{ "type": "Feature", "properties": { "ID": 2022205902860, "正式名称": "松平会平林眼科医院", "機関区分": 2, "都道府県コード": 20, "市区町村コード": 202, "所在地": "長野県松本市城東１－１－２", "緯度": 36.237157, "経度": 137.973023, "url": "https://www.iryou.teikyouseido.mhlw.go.jp/znk-web/juminkanja/S2430/initialize?prefCd=20&kikanCd=2205902860&kikanKbn=2", "url2": "http://www.jikoukaigan-hirabayashi.com", "内容": "松平会平林眼科医院【2:診療所】【診療科目:眼科】長野県松本市城東１－１－２" }, "geometry": { "type": "Point", "coordinates": [ 137.973023, 36.237157 ] } },
{ "type": "Feature", "properties": { "ID": 2022205904200, "正式名称": "医療法人　大生会　大野医院", "機関区分": 2, "都道府県コード": 20, "市区町村コード": 202, "所在地": "長野県松本市清水２丁目１番８号", "緯度": 36.236546, "経度": 137.982217, "url": "https://www.iryou.teikyouseido.mhlw.go.jp/znk-web/juminkanja/S2430/initialize?prefCd=20&kikanCd=2205904200&kikanKbn=2", "url2": "http://ohno-iin.jp/", "内容": "医療法人　大生会　大野医院【2:診療所】【診療科目:内科_小児科】長野県松本市清水２丁目１番８号" }, "geometry": { "type": "Point", "coordinates": [ 137.982217, 36.236546 ] } },
{ "type": "Feature", "properties": { "ID": 2022205904880, "正式名称": "医療法人社団　須澤内科小児科医院", "機関区分": 2, "都道府県コード": 20, "市区町村コード": 202, "所在地": "長野県松本市城西１－８－１５", "緯度": 36.239684, "経度": 137.960413, "url": "https://www.iryou.teikyouseido.mhlw.go.jp/znk-web/juminkanja/S2430/initialize?prefCd=20&kikanCd=2205904880&kikanKbn=2", "url2": null, "内容": "医療法人社団　須澤内科小児科医院【2:診療所】【診療科目:内科_消化器内科_小児科】長野県松本市城西１－８－１５" }, "geometry": { "type": "Point", "coordinates": [ 137.960413, 36.239684 ] } },
{ "type": "Feature", "properties": { "ID": 2022205905470, "正式名称": "唐沢内科医院", "機関区分": 2, "都道府県コード": 20, "市区町村コード": 202, "所在地": "長野県松本市城西２－２－２６", "緯度": 36.237656, "経度": 137.967302, "url": "https://www.iryou.teikyouseido.mhlw.go.jp/znk-web/juminkanja/S2430/initialize?prefCd=20&kikanCd=2205905470&kikanKbn=2", "url2": "http://www.karasawa-naika.com", "内容": "唐沢内科医院【2:診療所】【診療科目:内科_呼吸器内科_消化器内科】長野県松本市城西２－２－２６" }, "geometry": { "type": "Point", "coordinates": [ 137.967302, 36.237656 ] } },
{ "type": "Feature", "properties": { "ID": 2022205905500, "正式名称": "医療法人松岡小児科医院", "機関区分": 2, "都道府県コード": 20, "市区町村コード": 202, "所在地": "長野県松本市芳野", "緯度": 36.20566, "経度": 137.964942, "url": "https://www.iryou.teikyouseido.mhlw.go.jp/znk-web/juminkanja/S2430/initialize?prefCd=20&kikanCd=2205905500&kikanKbn=2", "url2": "http://hibikiai.wixsite.com/matsuoka", "内容": "医療法人松岡小児科医院【2:診療所】【診療科目:小児科】長野県松本市芳野" }, "geometry": { "type": "Point", "coordinates": [ 137.964942, 36.20566 ] } },
{ "type": "Feature", "properties": { "ID": 2022205907780, "正式名称": "中嶋医院", "機関区分": 2, "都道府県コード": 20, "市区町村コード": 202, "所在地": "長野県松本市村井町北２－２－１", "緯度": 36.188941, "経度": 137.966381, "url": "https://www.iryou.teikyouseido.mhlw.go.jp/znk-web/juminkanja/S2430/initialize?prefCd=20&kikanCd=2205907780&kikanKbn=2", "url2": "https://nakajimaiin.main.jp/", "内容": "中嶋医院【2:診療所】【診療科目:内科】長野県松本市村井町北２－２－１" }, "geometry": { "type": "Point", "coordinates": [ 137.966381, 36.188941 ] } },
{ "type": "Feature", "properties": { "ID": 2022205908950, "正式名称": "小林内科医院", "機関区分": 2, "都道府県コード": 20, "市区町村コード": 202, "所在地": "長野県松本市里山辺１５５６－６", "緯度": 36.240462, "経度": 137.996021, "url": "https://www.iryou.teikyouseido.mhlw.go.jp/znk-web/juminkanja/S2430/initialize?prefCd=20&kikanCd=2205908950&kikanKbn=2", "url2": null, "内容": "小林内科医院【2:診療所】【診療科目:内科】長野県松本市里山辺１５５６－６" }, "geometry": { "type": "Point", "coordinates": [ 137.996021, 36.240462 ] } },
{ "type": "Feature", "properties": { "ID": 2022205910360, "正式名称": "医療法人　池上医院", "機関区分": 2, "都道府県コード": 20, "市区町村コード": 202, "所在地": "長野県松本市中央３ー５ー１１", "緯度": 36.233768, "経度": 137.973523, "url": "https://www.iryou.teikyouseido.mhlw.go.jp/znk-web/juminkanja/S2430/initialize?prefCd=20&kikanCd=2205910360&kikanKbn=2", "url2": null, "内容": "医療法人　池上医院【2:診療所】【診療科目:内科_消化器内科_皮膚科】長野県松本市中央３ー５ー１１" }, "geometry": { "type": "Point", "coordinates": [ 137.973523, 36.233768 ] } },
{ "type": "Feature", "properties": { "ID": 2022205910490, "正式名称": "医療法人　丹羽整形外科医院", "機関区分": 2, "都道府県コード": 20, "市区町村コード": 202, "所在地": "長野県松本市高宮南９ー１５", "緯度": 36.208298, "経度": 137.956387, "url": "https://www.iryou.teikyouseido.mhlw.go.jp/znk-web/juminkanja/S2430/initialize?prefCd=20&kikanCd=2205910490&kikanKbn=2", "url2": null, "内容": "医療法人　丹羽整形外科医院【2:診療所】【診療科目:整形外科】長野県松本市高宮南９ー１５" }, "geometry": { "type": "Point", "coordinates": [ 137.956387, 36.208298 ] } },
{ "type": "Feature", "properties": { "ID": 2022205910520, "正式名称": "五十嵐内科医院", "機関区分": 2, "都道府県コード": 20, "市区町村コード": 202, "所在地": "長野県松本市島立２０１ー３", "緯度": 36.229435, "経度": 137.947665, "url": "https://www.iryou.teikyouseido.mhlw.go.jp/znk-web/juminkanja/S2430/initialize?prefCd=20&kikanCd=2205910520&kikanKbn=2", "url2": null, "内容": "五十嵐内科医院【2:診療所】【診療科目:内科】長野県松本市島立２０１ー３" }, "geometry": { "type": "Point", "coordinates": [ 137.947665, 36.229435 ] } },
{ "type": "Feature", "properties": { "ID": 2022205911110, "正式名称": "木下整形外科・小児科", "機関区分": 2, "都道府県コード": 20, "市区町村コード": 202, "所在地": "長野県松本市沢村１－１０－２５", "緯度": 36.24835, "経度": 137.968801, "url": "https://www.iryou.teikyouseido.mhlw.go.jp/znk-web/juminkanja/S2430/initialize?prefCd=20&kikanCd=2205911110&kikanKbn=2", "url2": "http://www.kinoshita-seikei-syouni.jp/", "内容": "木下整形外科・小児科【2:診療所】【診療科目:整形外科_小児科】長野県松本市沢村１－１０－２５" }, "geometry": { "type": "Point", "coordinates": [ 137.968801, 36.24835 ] } },
{ "type": "Feature", "properties": { "ID": 2022205911400, "正式名称": "唐沢整形外科麻酔科医院", "機関区分": 2, "都道府県コード": 20, "市区町村コード": 202, "所在地": "長野県松本市大手", "緯度": 36.234962, "経度": 137.964607, "url": "https://www.iryou.teikyouseido.mhlw.go.jp/znk-web/juminkanja/S2430/initialize?prefCd=20&kikanCd=2205911400&kikanKbn=2", "url2": "https://www.karasawaseikeigeka.com/", "内容": "唐沢整形外科麻酔科医院【2:診療所】【診療科目:整形外科_麻酔科】長野県松本市大手" }, "geometry": { "type": "Point", "coordinates": [ 137.964607, 36.234962 ] } },
{ "type": "Feature", "properties": { "ID": 2022205911820, "正式名称": "みぞうえ内科医院", "機関区分": 2, "都道府県コード": 20, "市区町村コード": 202, "所在地": "長野県松本市桐２－５－５", "緯度": 36.253849, "経度": 137.972134, "url": "https://www.iryou.teikyouseido.mhlw.go.jp/znk-web/juminkanja/S2430/initialize?prefCd=20&kikanCd=2205911820&kikanKbn=2", "url2": null, "内容": "みぞうえ内科医院【2:診療所】【診療科目:内科】長野県松本市桐２－５－５" }, "geometry": { "type": "Point", "coordinates": [ 137.972134, 36.253849 ] } },
{ "type": "Feature", "properties": { "ID": 2022205912830, "正式名称": "五十嵐外科医院", "機関区分": 2, "都道府県コード": 20, "市区町村コード": 202, "所在地": "長野県松本市北深志３ー４ー７", "緯度": 36.247044, "経度": 137.974606, "url": "https://www.iryou.teikyouseido.mhlw.go.jp/znk-web/juminkanja/S2430/initialize?prefCd=20&kikanCd=2205912830&kikanKbn=2", "url2": null, "内容": "五十嵐外科医院【2:診療所】【診療科目:外科_消化器外科_肛門外科】長野県松本市北深志３ー４ー７" }, "geometry": { "type": "Point", "coordinates": [ 137.974606, 36.247044 ] } },
{ "type": "Feature", "properties": { "ID": 2022205913260, "正式名称": "久保田外科医院", "機関区分": 2, "都道府県コード": 20, "市区町村コード": 202, "所在地": "長野県松本市蟻ケ崎２—４—２２", "緯度": 36.244294, "経度": 137.966274, "url": "https://www.iryou.teikyouseido.mhlw.go.jp/znk-web/juminkanja/S2430/initialize?prefCd=20&kikanCd=2205913260&kikanKbn=2", "url2": "http://kubotageka.jp/", "内容": "久保田外科医院【2:診療所】【診療科目:外科_消化器外科】長野県松本市蟻ケ崎２—４—２２" }, "geometry": { "type": "Point", "coordinates": [ 137.966274, 36.244294 ] } },
{ "type": "Feature", "properties": { "ID": 2022205913420, "正式名称": "上條小児科医院", "機関区分": 2, "都道府県コード": 20, "市区町村コード": 202, "所在地": "長野県松本市大手３ー４ー３", "緯度": 36.236073, "経度": 137.96994, "url": "https://www.iryou.teikyouseido.mhlw.go.jp/znk-web/juminkanja/S2430/initialize?prefCd=20&kikanCd=2205913420&kikanKbn=2", "url2": null, "内容": "上條小児科医院【2:診療所】【診療科目:小児科】長野県松本市大手３ー４ー３" }, "geometry": { "type": "Point", "coordinates": [ 137.96994, 36.236073 ] } },
{ "type": "Feature", "properties": { "ID": 2022205913840, "正式名称": "あずさ整形外科医院", "機関区分": 2, "都道府県コード": 20, "市区町村コード": 202, "所在地": "長野県松本市渚３－１－３９", "緯度": 36.231546, "経度": 137.95447, "url": "https://www.iryou.teikyouseido.mhlw.go.jp/znk-web/juminkanja/S2430/initialize?prefCd=20&kikanCd=2205913840&kikanKbn=2", "url2": "https://www.azusa-ortho.com", "内容": "あずさ整形外科医院【2:診療所】【診療科目:整形外科_リウマチ科_リハビリテーション科】長野県松本市渚３－１－３９" }, "geometry": { "type": "Point", "coordinates": [ 137.95447, 36.231546 ] } },
{ "type": "Feature", "properties": { "ID": 2022205914430, "正式名称": "金井医院", "機関区分": 2, "都道府県コード": 20, "市区町村コード": 202, "所在地": "長野県松本市里山辺３０８３", "緯度": 36.237435, "経度": 138.006437, "url": "https://www.iryou.teikyouseido.mhlw.go.jp/znk-web/juminkanja/S2430/initialize?prefCd=20&kikanCd=2205914430&kikanKbn=2", "url2": null, "内容": "金井医院【2:診療所】【診療科目:内科】長野県松本市里山辺３０８３" }, "geometry": { "type": "Point", "coordinates": [ 138.006437, 36.237435 ] } },
{ "type": "Feature", "properties": { "ID": 2022205915860, "正式名称": "藤森内科医院", "機関区分": 2, "都道府県コード": 20, "市区町村コード": 202, "所在地": "長野県松本市大手４ー１２ー１７", "緯度": 36.236046, "経度": 137.973829, "url": "https://www.iryou.teikyouseido.mhlw.go.jp/znk-web/juminkanja/S2430/initialize?prefCd=20&kikanCd=2205915860&kikanKbn=2", "url2": null, "内容": "藤森内科医院【2:診療所】【診療科目:内科】長野県松本市大手４ー１２ー１７" }, "geometry": { "type": "Point", "coordinates": [ 137.973829, 36.236046 ] } },
{ "type": "Feature", "properties": { "ID": 2022205916320, "正式名称": "医療法人　三沢医院", "機関区分": 2, "都道府県コード": 20, "市区町村コード": 202, "所在地": "長野県松本市県２ー４ー７", "緯度": 36.233657, "経度": 137.985217, "url": "https://www.iryou.teikyouseido.mhlw.go.jp/znk-web/juminkanja/S2430/initialize?prefCd=20&kikanCd=2205916320&kikanKbn=2", "url2": "http://www.drmisawa.com", "内容": "医療法人　三沢医院【2:診療所】【診療科目:内科】長野県松本市県２ー４ー７" }, "geometry": { "type": "Point", "coordinates": [ 137.985217, 36.233657 ] } },
{ "type": "Feature", "properties": { "ID": 2022205916450, "正式名称": "塩原医院", "機関区分": 2, "都道府県コード": 20, "市区町村コード": 202, "所在地": "長野県松本市宮田２７ー１", "緯度": 36.207687, "経度": 137.95672, "url": "https://www.iryou.teikyouseido.mhlw.go.jp/znk-web/juminkanja/S2430/initialize?prefCd=20&kikanCd=2205916450&kikanKbn=2", "url2": null, "内容": "塩原医院【2:診療所】【診療科目:内科_循環器内科_小児科】長野県松本市宮田２７ー１" }, "geometry": { "type": "Point", "coordinates": [ 137.95672, 36.207687 ] } },
{ "type": "Feature", "properties": { "ID": 2022205917880, "正式名称": "医療法人　奈良井医院", "機関区分": 2, "都道府県コード": 20, "市区町村コード": 215, "所在地": "長野県塩尻市洗馬２５８８番地６", "緯度": 36.112642, "経度": 137.913756, "url": "https://www.iryou.teikyouseido.mhlw.go.jp/znk-web/juminkanja/S2430/initialize?prefCd=20&kikanCd=2205917880&kikanKbn=2", "url2": null, "内容": "医療法人　奈良井医院【2:診療所】【診療科目:内科_消化器内科_外科_整形外科】長野県塩尻市洗馬２５８８番地６" }, "geometry": { "type": "Point", "coordinates": [ 137.913756, 36.112642 ] } },
{ "type": "Feature", "properties": { "ID": 2022205918630, "正式名称": "耳鼻咽喉科吉江医院", "機関区分": 2, "都道府県コード": 20, "市区町村コード": 215, "所在地": "長野県塩尻市大門三番町２番１０号", "緯度": 36.110782, "経度": 137.95803, "url": "https://www.iryou.teikyouseido.mhlw.go.jp/znk-web/juminkanja/S2430/initialize?prefCd=20&kikanCd=2205918630&kikanKbn=2", "url2": "https://byoinnavi.jp/clinic/82304", "内容": "耳鼻咽喉科吉江医院【2:診療所】【診療科目:耳鼻いんこう科】長野県塩尻市大門三番町２番１０号" }, "geometry": { "type": "Point", "coordinates": [ 137.95803, 36.110782 ] } },
{ "type": "Feature", "properties": { "ID": 2022205918760, "正式名称": "広仁堂医院", "機関区分": 2, "都道府県コード": 20, "市区町村コード": 215, "所在地": "長野県塩尻市広丘野村１６９３－３", "緯度": 36.149388, "経度": 137.951251, "url": "https://www.iryou.teikyouseido.mhlw.go.jp/znk-web/juminkanja/S2430/initialize?prefCd=20&kikanCd=2205918760&kikanKbn=2", "url2": null, "内容": "広仁堂医院【2:診療所】【診療科目:内科_糖尿病内科_代謝内科_内分泌内科_糖尿病・内分泌内科_糖尿病・代謝内科_循環器内科】長野県塩尻市広丘野村１６９３－３" }, "geometry": { "type": "Point", "coordinates": [ 137.951251, 36.149388 ] } },
{ "type": "Feature", "properties": { "ID": 2022205918920, "正式名称": "百瀬医院", "機関区分": 2, "都道府県コード": 20, "市区町村コード": 215, "所在地": "長野県塩尻市大門七番町１４－１６", "緯度": 36.116392, "経度": 137.952141, "url": "https://www.iryou.teikyouseido.mhlw.go.jp/znk-web/juminkanja/S2430/initialize?prefCd=20&kikanCd=2205918920&kikanKbn=2", "url2": null, "内容": "百瀬医院【2:診療所】【診療科目:内科_呼吸器内科_循環器内科_消化器内科_皮膚科】長野県塩尻市大門七番町１４－１６" }, "geometry": { "type": "Point", "coordinates": [ 137.952141, 36.116392 ] } },
{ "type": "Feature", "properties": { "ID": 2022205919640, "正式名称": "象先堂田村眼科医院", "機関区分": 2, "都道府県コード": 20, "市区町村コード": 215, "所在地": "長野県塩尻市大門五番町６番１９号", "緯度": 36.112587, "経度": 137.958085, "url": "https://www.iryou.teikyouseido.mhlw.go.jp/znk-web/juminkanja/S2430/initialize?prefCd=20&kikanCd=2205919640&kikanKbn=2", "url2": null, "内容": "象先堂田村眼科医院【2:診療所】【診療科目:眼科】長野県塩尻市大門五番町６番１９号" }, "geometry": { "type": "Point", "coordinates": [ 137.958085, 36.112587 ] } },
{ "type": "Feature", "properties": { "ID": 2022205920170, "正式名称": "横山内科医院", "機関区分": 2, "都道府県コード": 20, "市区町村コード": 215, "所在地": "長野県塩尻市大門三番町３－１５", "緯度": 36.111504, "経度": 137.958224, "url": "https://www.iryou.teikyouseido.mhlw.go.jp/znk-web/juminkanja/S2430/initialize?prefCd=20&kikanCd=2205920170&kikanKbn=2", "url2": "http://yokoyama-c.jp", "内容": "横山内科医院【2:診療所】【診療科目:内科_糖尿病内科_形成外科_皮膚科_美容皮膚科】長野県塩尻市大門三番町３－１５" }, "geometry": { "type": "Point", "coordinates": [ 137.958224, 36.111504 ] } },
{ "type": "Feature", "properties": { "ID": 2022205921050, "正式名称": "今井医院", "機関区分": 2, "都道府県コード": 20, "市区町村コード": 215, "所在地": "長野県塩尻市広丘吉田３００３", "緯度": 36.157776, "経度": 137.948195, "url": "https://www.iryou.teikyouseido.mhlw.go.jp/znk-web/juminkanja/S2430/initialize?prefCd=20&kikanCd=2205921050&kikanKbn=2", "url2": "https://www.imaiiin-toshichan.comp", "内容": "今井医院【2:診療所】【診療科目:内科_外科_脳神経外科】長野県塩尻市広丘吉田３００３" }, "geometry": { "type": "Point", "coordinates": [ 137.948195, 36.157776 ] } },
{ "type": "Feature", "properties": { "ID": 2022205921500, "正式名称": "健明会やざき診療所", "機関区分": 2, "都道府県コード": 20, "市区町村コード": 220, "所在地": "長野県安曇野市明科中川手", "緯度": 36.355336, "経度": 137.932328, "url": "https://www.iryou.teikyouseido.mhlw.go.jp/znk-web/juminkanja/S2430/initialize?prefCd=20&kikanCd=2205921500&kikanKbn=2", "url2": null, "内容": "健明会やざき診療所【2:診療所】【診療科目:内科_循環器内科_精神科_心療内科_麻酔科】長野県安曇野市明科中川手" }, "geometry": { "type": "Point", "coordinates": [ 137.932328, 36.355336 ] } },
{ "type": "Feature", "properties": { "ID": 2022205922640, "正式名称": "医療法人社団玉井会玉井医院", "機関区分": 2, "都道府県コード": 20, "市区町村コード": 446, "所在地": "長野県東筑摩郡麻績村麻４１５６番１号", "緯度": 36.459022, "経度": 138.051424, "url": "https://www.iryou.teikyouseido.mhlw.go.jp/znk-web/juminkanja/S2430/initialize?prefCd=20&kikanCd=2205922640&kikanKbn=2", "url2": null, "内容": "医療法人社団玉井会玉井医院【2:診療所】【診療科目:内科_消化器内科_小児科】長野県東筑摩郡麻績村麻４１５６番１号" }, "geometry": { "type": "Point", "coordinates": [ 138.051424, 36.459022 ] } },
{ "type": "Feature", "properties": { "ID": 2022205924400, "正式名称": "伊藤内科医院", "機関区分": 2, "都道府県コード": 20, "市区町村コード": 202, "所在地": "長野県松本市桐２－２－３９", "緯度": 36.253738, "経度": 137.976078, "url": "https://www.iryou.teikyouseido.mhlw.go.jp/znk-web/juminkanja/S2430/initialize?prefCd=20&kikanCd=2205924400&kikanKbn=2", "url2": null, "内容": "伊藤内科医院【2:診療所】【診療科目:内科】長野県松本市桐２－２－３９" }, "geometry": { "type": "Point", "coordinates": [ 137.976078, 36.253738 ] } },
{ "type": "Feature", "properties": { "ID": 2022205925670, "正式名称": "医療法人　山村医院", "機関区分": 2, "都道府県コード": 20, "市区町村コード": 202, "所在地": "長野県松本市今井", "緯度": 36.159164, "経度": 137.916115, "url": "https://www.iryou.teikyouseido.mhlw.go.jp/znk-web/juminkanja/S2430/initialize?prefCd=20&kikanCd=2205925670&kikanKbn=2", "url2": "https://a-little-prayer.wixsite.com/yamamuraiin", "内容": "医療法人　山村医院【2:診療所】【診療科目:内科_消化器内科】長野県松本市今井" }, "geometry": { "type": "Point", "coordinates": [ 137.916115, 36.159164 ] } },
{ "type": "Feature", "properties": { "ID": 2022205925700, "正式名称": "国府町眼科", "機関区分": 2, "都道府県コード": 20, "市区町村コード": 202, "所在地": "長野県松本市中央１－３－１６", "緯度": 36.231268, "経度": 137.96633, "url": "https://www.iryou.teikyouseido.mhlw.go.jp/znk-web/juminkanja/S2430/initialize?prefCd=20&kikanCd=2205925700&kikanKbn=2", "url2": null, "内容": "国府町眼科【2:診療所】【診療科目:眼科】長野県松本市中央１－３－１６" }, "geometry": { "type": "Point", "coordinates": [ 137.96633, 36.231268 ] } },
{ "type": "Feature", "properties": { "ID": 2022205925830, "正式名称": "高島小児科医院", "機関区分": 2, "都道府県コード": 20, "市区町村コード": 202, "所在地": "長野県松本市丸の内２の１", "緯度": 36.236545, "経度": 137.971357, "url": "https://www.iryou.teikyouseido.mhlw.go.jp/znk-web/juminkanja/S2430/initialize?prefCd=20&kikanCd=2205925830&kikanKbn=2", "url2": "http://www.takashima-syounika.com", "内容": "高島小児科医院【2:診療所】【診療科目:小児科】長野県松本市丸の内２の１" }, "geometry": { "type": "Point", "coordinates": [ 137.971357, 36.236545 ] } },
{ "type": "Feature", "properties": { "ID": 2022205925960, "正式名称": "松原台診療所　武田内科医院", "機関区分": 2, "都道府県コード": 20, "市区町村コード": 202, "所在地": "長野県松本市松原４０ー７", "緯度": 36.176608, "経度": 137.988136, "url": "https://www.iryou.teikyouseido.mhlw.go.jp/znk-web/juminkanja/S2430/initialize?prefCd=20&kikanCd=2205925960&kikanKbn=2", "url2": null, "内容": "松原台診療所　武田内科医院【2:診療所】【診療科目:消化器内科】長野県松本市松原４０ー７" }, "geometry": { "type": "Point", "coordinates": [ 137.988136, 36.176608 ] } },
{ "type": "Feature", "properties": { "ID": 2022205926390, "正式名称": "伊東内科医院", "機関区分": 2, "都道府県コード": 20, "市区町村コード": 202, "所在地": "長野県松本市中央２ー４ー１４", "緯度": 36.234073, "経度": 137.97019, "url": "https://www.iryou.teikyouseido.mhlw.go.jp/znk-web/juminkanja/S2430/initialize?prefCd=20&kikanCd=2205926390&kikanKbn=2", "url2": "http://itonaika-iin.jp", "内容": "伊東内科医院【2:診療所】【診療科目:内科_呼吸器内科】長野県松本市中央２ー４ー１４" }, "geometry": { "type": "Point", "coordinates": [ 137.97019, 36.234073 ] } },
{ "type": "Feature", "properties": { "ID": 2022205926840, "正式名称": "山口内科", "機関区分": 2, "都道府県コード": 20, "市区町村コード": 448, "所在地": "長野県東筑摩郡生坂村５４５８－３", "緯度": 36.423856, "経度": 137.930631, "url": "https://www.iryou.teikyouseido.mhlw.go.jp/znk-web/juminkanja/S2430/initialize?prefCd=20&kikanCd=2205926840&kikanKbn=2", "url2": null, "内容": "山口内科【2:診療所】【診療科目:内科】長野県東筑摩郡生坂村５４５８－３" }, "geometry": { "type": "Point", "coordinates": [ 137.930631, 36.423856 ] } },
{ "type": "Feature", "properties": { "ID": 2022205926970, "正式名称": "医療法人横山医院", "機関区分": 2, "都道府県コード": 20, "市区町村コード": 450, "所在地": "長野県東筑摩郡山形村山形村一円３９１６", "緯度": 36.167356, "経度": 137.876285, "url": "https://www.iryou.teikyouseido.mhlw.go.jp/znk-web/juminkanja/S2430/initialize?prefCd=20&kikanCd=2205926970&kikanKbn=2", "url2": null, "内容": "医療法人横山医院【2:診療所】【診療科目:内科_小児科】長野県東筑摩郡山形村山形村一円３９１６" }, "geometry": { "type": "Point", "coordinates": [ 137.876285, 36.167356 ] } },
{ "type": "Feature", "properties": { "ID": 2022205927010, "正式名称": "河野外科医院", "機関区分": 2, "都道府県コード": 20, "市区町村コード": 202, "所在地": "長野県松本市元町", "緯度": 36.241129, "経度": 137.981495, "url": "https://www.iryou.teikyouseido.mhlw.go.jp/znk-web/juminkanja/S2430/initialize?prefCd=20&kikanCd=2205927010&kikanKbn=2", "url2": "http://www.myclinic.ne.jp/kono", "内容": "河野外科医院【2:診療所】【診療科目:内科_外科_麻酔科】長野県松本市元町" }, "geometry": { "type": "Point", "coordinates": [ 137.981495, 36.241129 ] } },
{ "type": "Feature", "properties": { "ID": 2022205927300, "正式名称": "かとうメンタルクリニック", "機関区分": 2, "都道府県コード": 20, "市区町村コード": 202, "所在地": "長野県松本市北深志１－５－１８", "緯度": 36.241934, "経度": 137.973579, "url": "https://www.iryou.teikyouseido.mhlw.go.jp/znk-web/juminkanja/S2430/initialize?prefCd=20&kikanCd=2205927300&kikanKbn=2", "url2": null, "内容": "かとうメンタルクリニック【2:診療所】【診療科目:精神科】長野県松本市北深志１－５－１８" }, "geometry": { "type": "Point", "coordinates": [ 137.973579, 36.241934 ] } },
{ "type": "Feature", "properties": { "ID": 2022205927720, "正式名称": "医療法人川原医院", "機関区分": 2, "都道府県コード": 20, "市区町村コード": 202, "所在地": "長野県松本市寿豊丘６３６ー１", "緯度": 36.179636, "経度": 137.984664, "url": "https://www.iryou.teikyouseido.mhlw.go.jp/znk-web/juminkanja/S2430/initialize?prefCd=20&kikanCd=2205927720&kikanKbn=2", "url2": "https://sites.google.com/view/kawahara-clinic/", "内容": "医療法人川原医院【2:診療所】【診療科目:内科_精神科】長野県松本市寿豊丘６３６ー１" }, "geometry": { "type": "Point", "coordinates": [ 137.984664, 36.179636 ] } },
{ "type": "Feature", "properties": { "ID": 2022205927980, "正式名称": "医療法人ＩＫＤ　いかど腎泌尿器科クリニック", "機関区分": 2, "都道府県コード": 20, "市区町村コード": 202, "所在地": "長野県松本市島立１１２０ー１８", "緯度": 36.236989, "経度": 137.943109, "url": "https://www.iryou.teikyouseido.mhlw.go.jp/znk-web/juminkanja/S2430/initialize?prefCd=20&kikanCd=2205927980&kikanKbn=2", "url2": "https://ik-clinic.jp/", "内容": "医療法人ＩＫＤ　いかど腎泌尿器科クリニック【2:診療所】【診療科目:性感染症内科_泌尿器科_男性泌尿器科_女性泌尿器科】長野県松本市島立１１２０ー１８" }, "geometry": { "type": "Point", "coordinates": [ 137.943109, 36.236989 ] } },
{ "type": "Feature", "properties": { "ID": 2022205928310, "正式名称": "医療法人　松田内科医院", "機関区分": 2, "都道府県コード": 20, "市区町村コード": 202, "所在地": "長野県松本市小屋北１丁目１５番３３号", "緯度": 36.186985, "経度": 137.960258, "url": "https://www.iryou.teikyouseido.mhlw.go.jp/znk-web/juminkanja/S2430/initialize?prefCd=20&kikanCd=2205928310&kikanKbn=2", "url2": null, "内容": "医療法人　松田内科医院【2:診療所】【診療科目:内科_消化器内科_小児科】長野県松本市小屋北１丁目１５番３３号" }, "geometry": { "type": "Point", "coordinates": [ 137.960258, 36.186985 ] } },
{ "type": "Feature", "properties": { "ID": 2022205929030, "正式名称": "北澤医院", "機関区分": 2, "都道府県コード": 20, "市区町村コード": 202, "所在地": "長野県松本市渚", "緯度": 36.229296, "経度": 137.956442, "url": "https://www.iryou.teikyouseido.mhlw.go.jp/znk-web/juminkanja/S2430/initialize?prefCd=20&kikanCd=2205929030&kikanKbn=2", "url2": "https//kitazawa.or.jp", "内容": "北澤医院【2:診療所】【診療科目:内科_小児科】長野県松本市渚" }, "geometry": { "type": "Point", "coordinates": [ 137.956442, 36.229296 ] } },
{ "type": "Feature", "properties": { "ID": 2022205929160, "正式名称": "清水外科胃腸科医院", "機関区分": 2, "都道府県コード": 20, "市区町村コード": 215, "所在地": "長野県塩尻市広丘吉田", "緯度": 36.169747, "経度": 137.95825, "url": "https://www.iryou.teikyouseido.mhlw.go.jp/znk-web/juminkanja/S2430/initialize?prefCd=20&kikanCd=2205929160&kikanKbn=2", "url2": "http://www.shimizugeka.jp/", "内容": "清水外科胃腸科医院【2:診療所】【診療科目:消化器内科_外科_乳腺外科_肛門外科_整形外科_皮膚科】長野県塩尻市広丘吉田" }, "geometry": { "type": "Point", "coordinates": [ 137.95825, 36.169747 ] } },
{ "type": "Feature", "properties": { "ID": 2022205929290, "正式名称": "緑ヶ丘青木医院", "機関区分": 2, "都道府県コード": 20, "市区町村コード": 215, "所在地": "長野県塩尻市広丘郷原１７６４", "緯度": 36.12989, "経度": 137.945947, "url": "https://www.iryou.teikyouseido.mhlw.go.jp/znk-web/juminkanja/S2430/initialize?prefCd=20&kikanCd=2205929290&kikanKbn=2", "url2": null, "内容": "緑ヶ丘青木医院【2:診療所】【診療科目:内科_消化器内科_外科_整形外科_リハビリテーション科】長野県塩尻市広丘郷原１７６４" }, "geometry": { "type": "Point", "coordinates": [ 137.945947, 36.12989 ] } },
{ "type": "Feature", "properties": { "ID": 2022205929320, "正式名称": "奥平医院", "機関区分": 2, "都道府県コード": 20, "市区町村コード": 202, "所在地": "長野県松本市大手５ー６ー１７", "緯度": 36.237407, "経度": 137.976745, "url": "https://www.iryou.teikyouseido.mhlw.go.jp/znk-web/juminkanja/S2430/initialize?prefCd=20&kikanCd=2205929320&kikanKbn=2", "url2": "http://www.okudaira-clinic.jp/", "内容": "奥平医院【2:診療所】【診療科目:内科_小児科】長野県松本市大手５ー６ー１７" }, "geometry": { "type": "Point", "coordinates": [ 137.976745, 36.237407 ] } },
{ "type": "Feature", "properties": { "ID": 2022205929580, "正式名称": "森口整形外科医院", "機関区分": 2, "都道府県コード": 20, "市区町村コード": 202, "所在地": "長野県松本市波田１６１８ー３", "緯度": 36.208019, "経度": 137.882838, "url": "https://www.iryou.teikyouseido.mhlw.go.jp/znk-web/juminkanja/S2430/initialize?prefCd=20&kikanCd=2205929580&kikanKbn=2", "url2": "http://www.moriguchi-seikei.jp/", "内容": "森口整形外科医院【2:診療所】【診療科目:整形外科_リハビリテーション科】長野県松本市波田１６１８ー３" }, "geometry": { "type": "Point", "coordinates": [ 137.882838, 36.208019 ] } },
{ "type": "Feature", "properties": { "ID": 2022205929870, "正式名称": "松岡内科医院", "機関区分": 2, "都道府県コード": 20, "市区町村コード": 202, "所在地": "長野県松本市蟻ケ崎６ー９ー６", "緯度": 36.249766, "経度": 137.968245, "url": "https://www.iryou.teikyouseido.mhlw.go.jp/znk-web/juminkanja/S2430/initialize?prefCd=20&kikanCd=2205929870&kikanKbn=2", "url2": null, "内容": "松岡内科医院【2:診療所】【診療科目:内科_呼吸器内科_循環器内科】長野県松本市蟻ケ崎６ー９ー６" }, "geometry": { "type": "Point", "coordinates": [ 137.968245, 36.249766 ] } },
{ "type": "Feature", "properties": { "ID": 2022205929900, "正式名称": "島内診療所", "機関区分": 2, "都道府県コード": 20, "市区町村コード": 202, "所在地": "長野県松本市島内５３０２", "緯度": 36.241599, "経度": 137.935971, "url": "https://www.iryou.teikyouseido.mhlw.go.jp/znk-web/juminkanja/S2430/initialize?prefCd=20&kikanCd=2205929900&kikanKbn=2", "url2": null, "内容": "島内診療所【2:診療所】【診療科目:内科_小児科_歯科_小児歯科】長野県松本市島内５３０２" }, "geometry": { "type": "Point", "coordinates": [ 137.935971, 36.241599 ] } },
{ "type": "Feature", "properties": { "ID": 2022205930010, "正式名称": "山辺温泉花岡整形外科", "機関区分": 2, "都道府県コード": 20, "市区町村コード": 202, "所在地": "長野県松本市里山辺１１４０番地", "緯度": 36.245323, "経度": 137.999687, "url": "https://www.iryou.teikyouseido.mhlw.go.jp/znk-web/juminkanja/S2430/initialize?prefCd=20&kikanCd=2205930010&kikanKbn=2", "url2": "http://www.matsu-med.or.jp/medicalsearch/entry.php?id=28", "内容": "山辺温泉花岡整形外科【2:診療所】【診療科目:内科_整形外科_リウマチ科_リハビリテーション科】長野県松本市里山辺１１４０番地" }, "geometry": { "type": "Point", "coordinates": [ 137.999687, 36.245323 ] } },
{ "type": "Feature", "properties": { "ID": 2022205930720, "正式名称": "医療法人　髙山内科明生会", "機関区分": 2, "都道府県コード": 20, "市区町村コード": 202, "所在地": "長野県松本市島内１７８８ー２", "緯度": 36.245963, "経度": 137.930741, "url": "https://www.iryou.teikyouseido.mhlw.go.jp/znk-web/juminkanja/S2430/initialize?prefCd=20&kikanCd=2205930720&kikanKbn=2", "url2": "https://www.takayamanaikameiseikai.jp", "内容": "医療法人　髙山内科明生会【2:診療所】【診療科目:内科_消化器内科_内視鏡内科】長野県松本市島内１７８８ー２" }, "geometry": { "type": "Point", "coordinates": [ 137.930741, 36.245963 ] } },
{ "type": "Feature", "properties": { "ID": 2022205930980, "正式名称": "医療法人　唐沢内科小児科医院", "機関区分": 2, "都道府県コード": 20, "市区町村コード": 202, "所在地": "長野県　松本市　笹部２－１－５１", "緯度": 36.21602, "経度": 137.952304, "url": "https://www.iryou.teikyouseido.mhlw.go.jp/znk-web/juminkanja/S2430/initialize?prefCd=20&kikanCd=2205930980&kikanKbn=2", "url2": "https://karasawa-clinic.jp", "内容": "医療法人　唐沢内科小児科医院【2:診療所】【診療科目:内科_糖尿病内科_消化器内科_小児科】長野県　松本市　笹部２－１－５１" }, "geometry": { "type": "Point", "coordinates": [ 137.952304, 36.21602 ] } },
{ "type": "Feature", "properties": { "ID": 2022205931020, "正式名称": "英駿会　大久保クリニック", "機関区分": 2, "都道府県コード": 20, "市区町村コード": 202, "所在地": "長野県松本市島内３５３３", "緯度": 36.238184, "経度": 137.94672, "url": "https://www.iryou.teikyouseido.mhlw.go.jp/znk-web/juminkanja/S2430/initialize?prefCd=20&kikanCd=2205931020&kikanKbn=2", "url2": "https://okubo-mc.jp/", "内容": "英駿会　大久保クリニック【2:診療所】【診療科目:内科_消化器内科_皮膚科】長野県松本市島内３５３３" }, "geometry": { "type": "Point", "coordinates": [ 137.94672, 36.238184 ] } },
{ "type": "Feature", "properties": { "ID": 2022205931310, "正式名称": "医療法人　横田耳鼻咽喉科医院", "機関区分": 2, "都道府県コード": 20, "市区町村コード": 202, "所在地": "長野県松本市岡田下岡田仲田２２０ー１", "緯度": 36.264959, "経度": 137.975328, "url": "https://www.iryou.teikyouseido.mhlw.go.jp/znk-web/juminkanja/S2430/initialize?prefCd=20&kikanCd=2205931310&kikanKbn=2", "url2": null, "内容": "医療法人　横田耳鼻咽喉科医院【2:診療所】【診療科目:気管食道外科_形成外科_耳鼻いんこう科】長野県松本市岡田下岡田仲田２２０ー１" }, "geometry": { "type": "Point", "coordinates": [ 137.975328, 36.264959 ] } },
{ "type": "Feature", "properties": { "ID": 2022205931440, "正式名称": "原内科医院", "機関区分": 2, "都道府県コード": 20, "市区町村コード": 202, "所在地": "長野県松本市城東１ー１ー１", "緯度": 36.237018, "経度": 137.972996, "url": "https://www.iryou.teikyouseido.mhlw.go.jp/znk-web/juminkanja/S2430/initialize?prefCd=20&kikanCd=2205931440&kikanKbn=2", "url2": null, "内容": "原内科医院【2:診療所】【診療科目:内科_循環器内科】長野県松本市城東１ー１ー１" }, "geometry": { "type": "Point", "coordinates": [ 137.972996, 36.237018 ] } },
{ "type": "Feature", "properties": { "ID": 2022205931860, "正式名称": "医療法人求心堂　田中医院", "機関区分": 2, "都道府県コード": 20, "市区町村コード": 202, "所在地": "長野県松本市野溝東１－５－２７", "緯度": 36.19991, "経度": 137.957137, "url": "https://www.iryou.teikyouseido.mhlw.go.jp/znk-web/juminkanja/S2430/initialize?prefCd=20&kikanCd=2205931860&kikanKbn=2", "url2": "https://kyushindo-tanakaiin.jp", "内容": "医療法人求心堂　田中医院【2:診療所】【診療科目:内科_循環器内科】長野県松本市野溝東１－５－２７" }, "geometry": { "type": "Point", "coordinates": [ 137.957137, 36.19991 ] } },
{ "type": "Feature", "properties": { "ID": 2022205932160, "正式名称": "芳樹会内科診療所", "機関区分": 2, "都道府県コード": 20, "市区町村コード": 202, "所在地": "長野県松本市浅間温泉３丁目４ー７", "緯度": 36.262793, "経度": 137.990826, "url": "https://www.iryou.teikyouseido.mhlw.go.jp/znk-web/juminkanja/S2430/initialize?prefCd=20&kikanCd=2205932160&kikanKbn=2", "url2": null, "内容": "芳樹会内科診療所【2:診療所】【診療科目:内科_呼吸器内科_消化器内科】長野県松本市浅間温泉３丁目４ー７" }, "geometry": { "type": "Point", "coordinates": [ 137.990826, 36.262793 ] } },
{ "type": "Feature", "properties": { "ID": 2022205932290, "正式名称": "医療法人　稚洲会　種山医院", "機関区分": 2, "都道府県コード": 20, "市区町村コード": 215, "所在地": "長野県塩尻市大門五番町６番２８号", "緯度": 36.114837, "経度": 137.958807, "url": "https://www.iryou.teikyouseido.mhlw.go.jp/znk-web/juminkanja/S2430/initialize?prefCd=20&kikanCd=2205932290&kikanKbn=2", "url2": "http://www.taneyama-iin.jp", "内容": "医療法人　稚洲会　種山医院【2:診療所】【診療科目:内科_整形外科_皮膚科_リハビリテーション科_麻酔科】長野県塩尻市大門五番町６番２８号" }, "geometry": { "type": "Point", "coordinates": [ 137.958807, 36.114837 ] } },
{ "type": "Feature", "properties": { "ID": 2022205932320, "正式名称": "上條医院", "機関区分": 2, "都道府県コード": 20, "市区町村コード": 202, "所在地": "長野県松本市深志１ー２ー５", "緯度": 36.230685, "経度": 137.966469, "url": "https://www.iryou.teikyouseido.mhlw.go.jp/znk-web/juminkanja/S2430/initialize?prefCd=20&kikanCd=2205932320&kikanKbn=2", "url2": "http://www.kamijo-dr.jp/", "内容": "上條医院【2:診療所】【診療科目:内科_神経内科】長野県松本市深志１ー２ー５" }, "geometry": { "type": "Point", "coordinates": [ 137.966469, 36.230685 ] } },
{ "type": "Feature", "properties": { "ID": 2022205932740, "正式名称": "まつだアイクリニック", "機関区分": 2, "都道府県コード": 20, "市区町村コード": 215, "所在地": "長野県塩尻市大門七番町１１—１１", "緯度": 36.115031, "経度": 137.94953, "url": "https://www.iryou.teikyouseido.mhlw.go.jp/znk-web/juminkanja/S2430/initialize?prefCd=20&kikanCd=2205932740&kikanKbn=2", "url2": "http://www.matsuda-eye-clinic.com", "内容": "まつだアイクリニック【2:診療所】【診療科目:眼科】長野県塩尻市大門七番町１１—１１" }, "geometry": { "type": "Point", "coordinates": [ 137.94953, 36.115031 ] } },
{ "type": "Feature", "properties": { "ID": 2022205933040, "正式名称": "前田整形外科医院", "機関区分": 2, "都道府県コード": 20, "市区町村コード": 202, "所在地": "長野県松本市並柳１－１２－１５", "緯度": 36.210021, "経度": 137.978302, "url": "https://www.iryou.teikyouseido.mhlw.go.jp/znk-web/juminkanja/S2430/initialize?prefCd=20&kikanCd=2205933040&kikanKbn=2", "url2": null, "内容": "前田整形外科医院【2:診療所】【診療科目:整形外科_リハビリテーション科】長野県松本市並柳１－１２－１５" }, "geometry": { "type": "Point", "coordinates": [ 137.978302, 36.210021 ] } },
{ "type": "Feature", "properties": { "ID": 2022205933200, "正式名称": "宮澤整形外科医院", "機関区分": 2, "都道府県コード": 20, "市区町村コード": 202, "所在地": "長野県松本市新村１７０１－２", "緯度": 36.222045, "経度": 137.90053, "url": "https://www.iryou.teikyouseido.mhlw.go.jp/znk-web/juminkanja/S2430/initialize?prefCd=20&kikanCd=2205933200&kikanKbn=2", "url2": null, "内容": "宮澤整形外科医院【2:診療所】【診療科目:整形外科_リウマチ科_リハビリテーション科】長野県松本市新村１７０１－２" }, "geometry": { "type": "Point", "coordinates": [ 137.90053, 36.222045 ] } },
{ "type": "Feature", "properties": { "ID": 2022205933330, "正式名称": "医療法人品川内科医院", "機関区分": 2, "都道府県コード": 20, "市区町村コード": 202, "所在地": "長野県松本市笹賀５５２６番地１２", "緯度": 36.198077, "経度": 137.940306, "url": "https://www.iryou.teikyouseido.mhlw.go.jp/znk-web/juminkanja/S2430/initialize?prefCd=20&kikanCd=2205933330&kikanKbn=2", "url2": "http://www.shinagawaiin.jp/", "内容": "医療法人品川内科医院【2:診療所】【診療科目:内科_小児科】長野県松本市笹賀５５２６番地１２" }, "geometry": { "type": "Point", "coordinates": [ 137.940306, 36.198077 ] } },
{ "type": "Feature", "properties": { "ID": 2022205933590, "正式名称": "上條アレルギー科・耳鼻咽喉科医院", "機関区分": 2, "都道府県コード": 20, "市区町村コード": 202, "所在地": "長野県松本市高宮南８－８", "緯度": 36.208937, "経度": 137.95647, "url": "https://www.iryou.teikyouseido.mhlw.go.jp/znk-web/juminkanja/S2430/initialize?prefCd=20&kikanCd=2205933590&kikanKbn=2", "url2": "https://www.kamijo-ent-clinic.com", "内容": "上條アレルギー科・耳鼻咽喉科医院【2:診療所】【診療科目:耳鼻いんこう科_アレルギー科】長野県松本市高宮南８－８" }, "geometry": { "type": "Point", "coordinates": [ 137.95647, 36.208937 ] } },
{ "type": "Feature", "properties": { "ID": 2022205933620, "正式名称": "福澤医院", "機関区分": 2, "都道府県コード": 20, "市区町村コード": 202, "所在地": "長野県松本市大字和田１８５８ー１０", "緯度": 36.203937, "経度": 137.911669, "url": "https://www.iryou.teikyouseido.mhlw.go.jp/znk-web/juminkanja/S2430/initialize?prefCd=20&kikanCd=2205933620&kikanKbn=2", "url2": null, "内容": "福澤医院【2:診療所】【診療科目:内科_呼吸器，循環器，消化器】長野県松本市大字和田１８５８ー１０" }, "geometry": { "type": "Point", "coordinates": [ 137.911669, 36.203937 ] } },
{ "type": "Feature", "properties": { "ID": 2022205933750, "正式名称": "窪田外科胃腸科医院", "機関区分": 2, "都道府県コード": 20, "市区町村コード": 202, "所在地": "長野県松本市寿中１ー４３ー７", "緯度": 36.182635, "経度": 137.971303, "url": "https://www.iryou.teikyouseido.mhlw.go.jp/znk-web/juminkanja/S2430/initialize?prefCd=20&kikanCd=2205933750&kikanKbn=2", "url2": "https://www.kubotagekaichoukaiin.com/", "内容": "窪田外科胃腸科医院【2:診療所】【診療科目:胃腸内科_外科】長野県松本市寿中１ー４３ー７" }, "geometry": { "type": "Point", "coordinates": [ 137.971303, 36.182635 ] } },
{ "type": "Feature", "properties": { "ID": 2022205934180, "正式名称": "赤羽医院", "機関区分": 2, "都道府県コード": 20, "市区町村コード": 215, "所在地": "長野県塩尻市広丘原新田３３５", "緯度": 36.151249, "経度": 137.94439, "url": "https://www.iryou.teikyouseido.mhlw.go.jp/znk-web/juminkanja/S2430/initialize?prefCd=20&kikanCd=2205934180&kikanKbn=2", "url2": null, "内容": "赤羽医院【2:診療所】【診療科目:内科_小児科_皮膚科_精神科_心療内科】長野県塩尻市広丘原新田３３５" }, "geometry": { "type": "Point", "coordinates": [ 137.94439, 36.151249 ] } },
{ "type": "Feature", "properties": { "ID": 2022205934210, "正式名称": "医療法人誠仁会降旗医院", "機関区分": 2, "都道府県コード": 20, "市区町村コード": 202, "所在地": "長野県松本市神田１丁目１－８", "緯度": 36.221214, "経度": 137.987106, "url": "https://www.iryou.teikyouseido.mhlw.go.jp/znk-web/juminkanja/S2430/initialize?prefCd=20&kikanCd=2205934210&kikanKbn=2", "url2": "http://www.furihata-cli.jp", "内容": "医療法人誠仁会降旗医院【2:診療所】【診療科目:内科_循環器内科_歯科】長野県松本市神田１丁目１－８" }, "geometry": { "type": "Point", "coordinates": [ 137.987106, 36.221214 ] } },
{ "type": "Feature", "properties": { "ID": 2022205934760, "正式名称": "恵樹会望月整形外科・メンタルクリニック", "機関区分": 2, "都道府県コード": 20, "市区町村コード": 202, "所在地": "長野県松本市中央１丁目４番１７号", "緯度": 36.23149, "経度": 137.96708, "url": "https://www.iryou.teikyouseido.mhlw.go.jp/znk-web/juminkanja/S2430/initialize?prefCd=20&kikanCd=2205934760&kikanKbn=2", "url2": "http://user.cnet.ne.jp/m/mochi/", "内容": "恵樹会望月整形外科・メンタルクリニック【2:診療所】【診療科目:整形外科_精神科_心療内科_リウマチ科_リハビリテーション科】長野県松本市中央１丁目４番１７号" }, "geometry": { "type": "Point", "coordinates": [ 137.96708, 36.23149 ] } },
{ "type": "Feature", "properties": { "ID": 2022205934890, "正式名称": "山岸医院", "機関区分": 2, "都道府県コード": 20, "市区町村コード": 202, "所在地": "長野県松本市中山４１３７－１", "緯度": 36.192051, "経度": 138.004106, "url": "https://www.iryou.teikyouseido.mhlw.go.jp/znk-web/juminkanja/S2430/initialize?prefCd=20&kikanCd=2205934890&kikanKbn=2", "url2": null, "内容": "山岸医院【2:診療所】【診療科目:内科】長野県松本市中山４１３７－１" }, "geometry": { "type": "Point", "coordinates": [ 138.004106, 36.192051 ] } },
{ "type": "Feature", "properties": { "ID": 2022205935510, "正式名称": "荻原医院", "機関区分": 2, "都道府県コード": 20, "市区町村コード": 202, "所在地": "長野県松本市蟻ケ崎１−１−３６", "緯度": 36.242045, "経度": 137.962996, "url": "https://www.iryou.teikyouseido.mhlw.go.jp/znk-web/juminkanja/S2430/initialize?prefCd=20&kikanCd=2205935510&kikanKbn=2", "url2": "https://ogiwaraclinic.com", "内容": "荻原医院【2:診療所】【診療科目:内科_胃腸内科】長野県松本市蟻ケ崎１−１−３６" }, "geometry": { "type": "Point", "coordinates": [ 137.962996, 36.242045 ] } },
{ "type": "Feature", "properties": { "ID": 2022205936230, "正式名称": "北原レディースクリニック", "機関区分": 2, "都道府県コード": 20, "市区町村コード": 202, "所在地": "長野県松本市島立", "緯度": 36.237406, "経度": 137.945276, "url": "https://www.iryou.teikyouseido.mhlw.go.jp/znk-web/juminkanja/S2430/initialize?prefCd=20&kikanCd=2205936230&kikanKbn=2", "url2": "http://kitahara-ladies-clinic.com/", "内容": "北原レディースクリニック【2:診療所】【診療科目:産婦人科_産婦人科（生殖医療）】長野県松本市島立" }, "geometry": { "type": "Point", "coordinates": [ 137.945276, 36.237406 ] } },
{ "type": "Feature", "properties": { "ID": 2022205936490, "正式名称": "塔の原内川医院", "機関区分": 2, "都道府県コード": 20, "市区町村コード": 220, "所在地": "長野県安曇野市明科中川手２２４３－１", "緯度": 36.345921, "経度": 137.924634, "url": "https://www.iryou.teikyouseido.mhlw.go.jp/znk-web/juminkanja/S2430/initialize?prefCd=20&kikanCd=2205936490&kikanKbn=2", "url2": null, "内容": "塔の原内川医院【2:診療所】【診療科目:内科_小児科_アレルギー科】長野県安曇野市明科中川手２２４３－１" }, "geometry": { "type": "Point", "coordinates": [ 137.924634, 36.345921 ] } },
{ "type": "Feature", "properties": { "ID": 2022205936780, "正式名称": "土屋クリニック", "機関区分": 2, "都道府県コード": 20, "市区町村コード": 220, "所在地": "長野県安曇野市豊科高家３５３１－１", "緯度": 36.297371, "経度": 137.928331, "url": "https://www.iryou.teikyouseido.mhlw.go.jp/znk-web/juminkanja/S2430/initialize?prefCd=20&kikanCd=2205936780&kikanKbn=2", "url2": null, "内容": "土屋クリニック【2:診療所】【診療科目:内科_循環器内科_消化器内科_小児科】長野県安曇野市豊科高家３５３１－１" }, "geometry": { "type": "Point", "coordinates": [ 137.928331, 36.297371 ] } },
{ "type": "Feature", "properties": { "ID": 2022205937950, "正式名称": "鈴木整形外科", "機関区分": 2, "都道府県コード": 20, "市区町村コード": 202, "所在地": "長野県松本市島立３８１７−３", "緯度": 36.216075, "経度": 137.935416, "url": "https://www.iryou.teikyouseido.mhlw.go.jp/znk-web/juminkanja/S2430/initialize?prefCd=20&kikanCd=2205937950&kikanKbn=2", "url2": "seikei-suzuki.com", "内容": "鈴木整形外科【2:診療所】【診療科目:整形外科_リハビリテーション科】長野県松本市島立３８１７−３" }, "geometry": { "type": "Point", "coordinates": [ 137.935416, 36.216075 ] } },
{ "type": "Feature", "properties": { "ID": 2022205938380, "正式名称": "花岡こどもクリニック", "機関区分": 2, "都道府県コード": 20, "市区町村コード": 202, "所在地": "長野県松本市島内４４２ー１", "緯度": 36.234961, "経度": 137.925389, "url": "https://www.iryou.teikyouseido.mhlw.go.jp/znk-web/juminkanja/S2430/initialize?prefCd=20&kikanCd=2205938380&kikanKbn=2", "url2": "http://www5.ocn.ne.jp/~dolphin3/", "内容": "花岡こどもクリニック【2:診療所】【診療科目:小児科】長野県松本市島内４４２ー１" }, "geometry": { "type": "Point", "coordinates": [ 137.925389, 36.234961 ] } },
{ "type": "Feature", "properties": { "ID": 2022205938700, "正式名称": "しいな医院", "機関区分": 2, "都道府県コード": 20, "市区町村コード": 215, "所在地": "長野県塩尻市大門桔梗町１４－１６", "緯度": 36.118531, "経度": 137.949252, "url": "https://www.iryou.teikyouseido.mhlw.go.jp/znk-web/juminkanja/S2430/initialize?prefCd=20&kikanCd=2205938700&kikanKbn=2", "url2": null, "内容": "しいな医院【2:診療所】【診療科目:内科_循環器内科_耳鼻いんこう科】長野県塩尻市大門桔梗町１４－１６" }, "geometry": { "type": "Point", "coordinates": [ 137.949252, 36.118531 ] } },
{ "type": "Feature", "properties": { "ID": 2022205938830, "正式名称": "山形協立診療所", "機関区分": 2, "都道府県コード": 20, "市区町村コード": 450, "所在地": "長野県東筑摩郡山形村山形村２５２４－１", "緯度": 36.16319, "経度": 137.874952, "url": "https://www.iryou.teikyouseido.mhlw.go.jp/znk-web/juminkanja/S2430/initialize?prefCd=20&kikanCd=2205938830&kikanKbn=2", "url2": "https://chushin-miniren.sakura.ne.jp/yamagata/", "内容": "山形協立診療所【2:診療所】【診療科目:内科_小児科】長野県東筑摩郡山形村山形村２５２４－１" }, "geometry": { "type": "Point", "coordinates": [ 137.874952, 36.16319 ] } },
{ "type": "Feature", "properties": { "ID": 2022205938960, "正式名称": "裏川眼科", "機関区分": 2, "都道府県コード": 20, "市区町村コード": 202, "所在地": "長野県松本市笹賀５５１６ー５", "緯度": 36.197688, "経度": 137.939695, "url": "https://www.iryou.teikyouseido.mhlw.go.jp/znk-web/juminkanja/S2430/initialize?prefCd=20&kikanCd=2205938960&kikanKbn=2", "url2": "http://www.urakawa-eye-clinic.or.jp", "内容": "裏川眼科【2:診療所】【診療科目:眼科】長野県松本市笹賀５５１６ー５" }, "geometry": { "type": "Point", "coordinates": [ 137.939695, 36.197688 ] } },
{ "type": "Feature", "properties": { "ID": 2022205940080, "正式名称": "西山眼科", "機関区分": 2, "都道府県コード": 20, "市区町村コード": 202, "所在地": "長野県松本市沢村３－４－３８", "緯度": 36.25321, "経度": 137.969134, "url": "https://www.iryou.teikyouseido.mhlw.go.jp/znk-web/juminkanja/S2430/initialize?prefCd=20&kikanCd=2205940080&kikanKbn=2", "url2": null, "内容": "西山眼科【2:診療所】【診療科目:眼科】長野県松本市沢村３－４－３８" }, "geometry": { "type": "Point", "coordinates": [ 137.969134, 36.25321 ] } },
{ "type": "Feature", "properties": { "ID": 2022205940110, "正式名称": "北島医院", "機関区分": 2, "都道府県コード": 20, "市区町村コード": 202, "所在地": "長野県松本市高宮北１０ー１１", "緯度": 36.216631, "経度": 137.958192, "url": "https://www.iryou.teikyouseido.mhlw.go.jp/znk-web/juminkanja/S2430/initialize?prefCd=20&kikanCd=2205940110&kikanKbn=2", "url2": null, "内容": "北島医院【2:診療所】【診療科目:内科_循環器内科】長野県松本市高宮北１０ー１１" }, "geometry": { "type": "Point", "coordinates": [ 137.958192, 36.216631 ] } },
{ "type": "Feature", "properties": { "ID": 2022205940370, "正式名称": "大池内科クリニック", "機関区分": 2, "都道府県コード": 20, "市区町村コード": 202, "所在地": "長野県松本市笹賀３９６７の７", "緯度": 36.180384, "経度": 137.933974, "url": "https://www.iryou.teikyouseido.mhlw.go.jp/znk-web/juminkanja/S2430/initialize?prefCd=20&kikanCd=2205940370&kikanKbn=2", "url2": null, "内容": "大池内科クリニック【2:診療所】【診療科目:内科_呼吸器内科_消化器内科】長野県松本市笹賀３９６７の７" }, "geometry": { "type": "Point", "coordinates": [ 137.933974, 36.180384 ] } },
{ "type": "Feature", "properties": { "ID": 2022205940530, "正式名称": "医療法人安曇会南穂高クリニック", "機関区分": 2, "都道府県コード": 20, "市区町村コード": 220, "所在地": "長野県安曇野市豊科南穂高２８２０－１", "緯度": 36.308786, "経度": 137.911637, "url": "https://www.iryou.teikyouseido.mhlw.go.jp/znk-web/juminkanja/S2430/initialize?prefCd=20&kikanCd=2205940530&kikanKbn=2", "url2": "https://mhotaka.jp", "内容": "医療法人安曇会南穂高クリニック【2:診療所】【診療科目:内科_呼吸器内科_消化器内科_脳神経外科】長野県安曇野市豊科南穂高２８２０－１" }, "geometry": { "type": "Point", "coordinates": [ 137.911637, 36.308786 ] } },
{ "type": "Feature", "properties": { "ID": 2022205940660, "正式名称": "まつもと眼科クリニック", "機関区分": 2, "都道府県コード": 20, "市区町村コード": 202, "所在地": "長野県松本市中央１ー３ー２", "緯度": 36.23149, "経度": 137.965885, "url": "https://www.iryou.teikyouseido.mhlw.go.jp/znk-web/juminkanja/S2430/initialize?prefCd=20&kikanCd=2205940660&kikanKbn=2", "url2": null, "内容": "まつもと眼科クリニック【2:診療所】【診療科目:眼科】長野県松本市中央１ー３ー２" }, "geometry": { "type": "Point", "coordinates": [ 137.965885, 36.23149 ] } },
{ "type": "Feature", "properties": { "ID": 2022205940790, "正式名称": "飯沼クリニック", "機関区分": 2, "都道府県コード": 20, "市区町村コード": 215, "所在地": "長野県塩尻市広丘野村宮ノ上８９２ー２５", "緯度": 36.148527, "経度": 137.953779, "url": "https://www.iryou.teikyouseido.mhlw.go.jp/znk-web/juminkanja/S2430/initialize?prefCd=20&kikanCd=2205940790&kikanKbn=2", "url2": null, "内容": "飯沼クリニック【2:診療所】【診療科目:内科_消化器内科_皮膚科】長野県塩尻市広丘野村宮ノ上８９２ー２５" }, "geometry": { "type": "Point", "coordinates": [ 137.953779, 36.148527 ] } },
{ "type": "Feature", "properties": { "ID": 2022205940820, "正式名称": "医療法人民蘇堂　野中眼科", "機関区分": 2, "都道府県コード": 20, "市区町村コード": 202, "所在地": "長野県松本市巾上２－４", "緯度": 36.232518, "経度": 137.963052, "url": "https://www.iryou.teikyouseido.mhlw.go.jp/znk-web/juminkanja/S2430/initialize?prefCd=20&kikanCd=2205940820&kikanKbn=2", "url2": "http://nonakaganka.jp/matsumoto-nonaka/", "内容": "医療法人民蘇堂　野中眼科【2:診療所】【診療科目:眼科】長野県松本市巾上２－４" }, "geometry": { "type": "Point", "coordinates": [ 137.963052, 36.232518 ] } },
{ "type": "Feature", "properties": { "ID": 2022205941120, "正式名称": "せきクリニック", "機関区分": 2, "都道府県コード": 20, "市区町村コード": 202, "所在地": "長野県松本市並柳２－１３－１", "緯度": 36.210826, "経度": 137.981274, "url": "https://www.iryou.teikyouseido.mhlw.go.jp/znk-web/juminkanja/S2430/initialize?prefCd=20&kikanCd=2205941120&kikanKbn=2", "url2": null, "内容": "せきクリニック【2:診療所】【診療科目:胃腸内科_外科】長野県松本市並柳２－１３－１" }, "geometry": { "type": "Point", "coordinates": [ 137.981274, 36.210826 ] } },
{ "type": "Feature", "properties": { "ID": 2022205941380, "正式名称": "吉田原耳鼻咽喉科", "機関区分": 2, "都道府県コード": 20, "市区町村コード": 215, "所在地": "長野県塩尻市広丘吉田３０２９", "緯度": 36.159109, "経度": 137.946557, "url": "https://www.iryou.teikyouseido.mhlw.go.jp/znk-web/juminkanja/S2430/initialize?prefCd=20&kikanCd=2205941380&kikanKbn=2", "url2": null, "内容": "吉田原耳鼻咽喉科【2:診療所】【診療科目:耳鼻いんこう科】長野県塩尻市広丘吉田３０２９" }, "geometry": { "type": "Point", "coordinates": [ 137.946557, 36.159109 ] } },
{ "type": "Feature", "properties": { "ID": 2022205941540, "正式名称": "宮島耳鼻咽喉科医院", "機関区分": 2, "都道府県コード": 20, "市区町村コード": 202, "所在地": "長野県松本市城東２−１−４", "緯度": 36.23949, "経度": 137.97369, "url": "https://www.iryou.teikyouseido.mhlw.go.jp/znk-web/juminkanja/S2430/initialize?prefCd=20&kikanCd=2205941540&kikanKbn=2", "url2": "http://www.miyajimajibika.info", "内容": "宮島耳鼻咽喉科医院【2:診療所】【診療科目:耳鼻いんこう科】長野県松本市城東２−１−４" }, "geometry": { "type": "Point", "coordinates": [ 137.97369, 36.23949 ] } },
{ "type": "Feature", "properties": { "ID": 2022205941700, "正式名称": "わかばレディス＆マタニティクリニック", "機関区分": 2, "都道府県コード": 20, "市区町村コード": 202, "所在地": "長野県松本市浅間温泉１ー２４ー５", "緯度": 36.260293, "経度": 137.984716, "url": "https://www.iryou.teikyouseido.mhlw.go.jp/znk-web/juminkanja/S2430/initialize?prefCd=20&kikanCd=2205941700&kikanKbn=2", "url2": "http://www.wakaba-lc.jp/", "内容": "わかばレディス＆マタニティクリニック【2:診療所】【診療科目:産婦人科_産婦人科（生殖医療）】長野県松本市浅間温泉１ー２４ー５" }, "geometry": { "type": "Point", "coordinates": [ 137.984716, 36.260293 ] } },
{ "type": "Feature", "properties": { "ID": 2022205941960, "正式名称": "丸山クリニック", "機関区分": 2, "都道府県コード": 20, "市区町村コード": 202, "所在地": "長野県松本市渚２－９－１０", "緯度": 36.226796, "経度": 137.962053, "url": "https://www.iryou.teikyouseido.mhlw.go.jp/znk-web/juminkanja/S2430/initialize?prefCd=20&kikanCd=2205941960&kikanKbn=2", "url2": "https://maruyamaclinic.com/", "内容": "丸山クリニック【2:診療所】【診療科目:内科_外科】長野県松本市渚２－９－１０" }, "geometry": { "type": "Point", "coordinates": [ 137.962053, 36.226796 ] } },
{ "type": "Feature", "properties": { "ID": 2022205942550, "正式名称": "宮原医院", "機関区分": 2, "都道府県コード": 20, "市区町村コード": 450, "所在地": "長野県東筑摩郡山形村５５０１－６", "緯度": 36.176383, "経度": 137.880312, "url": "https://www.iryou.teikyouseido.mhlw.go.jp/znk-web/juminkanja/S2430/initialize?prefCd=20&kikanCd=2205942550&kikanKbn=2", "url2": null, "内容": "宮原医院【2:診療所】【診療科目:内科_消化器内科】長野県東筑摩郡山形村５５０１－６" }, "geometry": { "type": "Point", "coordinates": [ 137.880312, 36.176383 ] } },
{ "type": "Feature", "properties": { "ID": 2022205942710, "正式名称": "医療法人（社団）みのしまクリニック", "機関区分": 2, "都道府県コード": 20, "市区町村コード": 202, "所在地": "長野県松本市梓川倭２６５３－４", "緯度": 36.237516, "経度": 137.900891, "url": "https://www.iryou.teikyouseido.mhlw.go.jp/znk-web/juminkanja/S2430/initialize?prefCd=20&kikanCd=2205942710&kikanKbn=2", "url2": "http://www.minocl.com", "内容": "医療法人（社団）みのしまクリニック【2:診療所】【診療科目:小児科_アレルギー科】長野県松本市梓川倭２６５３－４" }, "geometry": { "type": "Point", "coordinates": [ 137.900891, 36.237516 ] } },
{ "type": "Feature", "properties": { "ID": 2022205942970, "正式名称": "降旗ハートクリニック", "機関区分": 2, "都道府県コード": 20, "市区町村コード": 202, "所在地": "長野県松本市中山９５１ー１", "緯度": 36.211854, "経度": 137.986634, "url": "https://www.iryou.teikyouseido.mhlw.go.jp/znk-web/juminkanja/S2430/initialize?prefCd=20&kikanCd=2205942970&kikanKbn=2", "url2": null, "内容": "降旗ハートクリニック【2:診療所】【診療科目:内科_循環器内科】長野県松本市中山９５１ー１" }, "geometry": { "type": "Point", "coordinates": [ 137.986634, 36.211854 ] } },
{ "type": "Feature", "properties": { "ID": 2022205943140, "正式名称": "芽ぐみ野内科・胃腸科クリニック", "機関区分": 2, "都道府県コード": 20, "市区町村コード": 202, "所在地": "長野県松本市波田９８８０ー３", "緯度": 36.207796, "経度": 137.879311, "url": "https://www.iryou.teikyouseido.mhlw.go.jp/znk-web/juminkanja/S2430/initialize?prefCd=20&kikanCd=2205943140&kikanKbn=2", "url2": null, "内容": "芽ぐみ野内科・胃腸科クリニック【2:診療所】【診療科目:内科_消化器内科】長野県松本市波田９８８０ー３" }, "geometry": { "type": "Point", "coordinates": [ 137.879311, 36.207796 ] } },
{ "type": "Feature", "properties": { "ID": 2022205944020, "正式名称": "十全堂　武田内科医院", "機関区分": 2, "都道府県コード": 20, "市区町村コード": 202, "所在地": "長野県松本市鎌田　１－１３－３２", "緯度": 36.222325, "経度": 137.96258, "url": "https://www.iryou.teikyouseido.mhlw.go.jp/znk-web/juminkanja/S2430/initialize?prefCd=20&kikanCd=2205944020&kikanKbn=2", "url2": null, "内容": "十全堂　武田内科医院【2:診療所】【診療科目:内科】長野県松本市鎌田　１－１３－３２" }, "geometry": { "type": "Point", "coordinates": [ 137.96258, 36.222325 ] } },
{ "type": "Feature", "properties": { "ID": 2022205944280, "正式名称": "折井クリニック", "機関区分": 2, "都道府県コード": 20, "市区町村コード": 202, "所在地": "長野県松本市白板１－３－７", "緯度": 36.235184, "経度": 137.959997, "url": "https://www.iryou.teikyouseido.mhlw.go.jp/znk-web/juminkanja/S2430/initialize?prefCd=20&kikanCd=2205944280&kikanKbn=2", "url2": "http://www.oriiclinic.com/", "内容": "折井クリニック【2:診療所】【診療科目:内科_胃腸内科】長野県松本市白板１－３－７" }, "geometry": { "type": "Point", "coordinates": [ 137.959997, 36.235184 ] } },
{ "type": "Feature", "properties": { "ID": 2022205944310, "正式名称": "倉科医院", "機関区分": 2, "都道府県コード": 20, "市区町村コード": 202, "所在地": "長野県松本市大手２ー９ー１６", "緯度": 36.236851, "経度": 137.966746, "url": "https://www.iryou.teikyouseido.mhlw.go.jp/znk-web/juminkanja/S2430/initialize?prefCd=20&kikanCd=2205944310&kikanKbn=2", "url2": null, "内容": "倉科医院【2:診療所】【診療科目:内科】長野県松本市大手２ー９ー１６" }, "geometry": { "type": "Point", "coordinates": [ 137.966746, 36.236851 ] } },
{ "type": "Feature", "properties": { "ID": 2022205944730, "正式名称": "あかはね内科・神経内科医院", "機関区分": 2, "都道府県コード": 20, "市区町村コード": 202, "所在地": "長野県松本市神林３５６１－１１", "緯度": 36.193605, "経度": 137.924002, "url": "https://www.iryou.teikyouseido.mhlw.go.jp/znk-web/juminkanja/S2430/initialize?prefCd=20&kikanCd=2205944730&kikanKbn=2", "url2": null, "内容": "あかはね内科・神経内科医院【2:診療所】【診療科目:内科_神経内科】長野県松本市神林３５６１－１１" }, "geometry": { "type": "Point", "coordinates": [ 137.924002, 36.193605 ] } },
{ "type": "Feature", "properties": { "ID": 2022205944860, "正式名称": "上條医院", "機関区分": 2, "都道府県コード": 20, "市区町村コード": 202, "所在地": "長野県松本市波田１６６０－１", "緯度": 36.212935, "経度": 137.89042, "url": "https://www.iryou.teikyouseido.mhlw.go.jp/znk-web/juminkanja/S2430/initialize?prefCd=20&kikanCd=2205944860&kikanKbn=2", "url2": null, "内容": "上條医院【2:診療所】【診療科目:内科_消化器内科_小児科】長野県松本市波田１６６０－１" }, "geometry": { "type": "Point", "coordinates": [ 137.89042, 36.212935 ] } },
{ "type": "Feature", "properties": { "ID": 2022205944990, "正式名称": "しらゆり内科・循環器科クリニック", "機関区分": 2, "都道府県コード": 20, "市区町村コード": 202, "所在地": "長野県松本市惣社４９７ー３９", "緯度": 36.237185, "経度": 137.991161, "url": "https://www.iryou.teikyouseido.mhlw.go.jp/znk-web/juminkanja/S2430/initialize?prefCd=20&kikanCd=2205944990&kikanKbn=2", "url2": null, "内容": "しらゆり内科・循環器科クリニック【2:診療所】【診療科目:内科_循環器内科】長野県松本市惣社４９７ー３９" }, "geometry": { "type": "Point", "coordinates": [ 137.991161, 36.237185 ] } },
{ "type": "Feature", "properties": { "ID": 2022205945160, "正式名称": "松本市安曇稲核診療所", "機関区分": 2, "都道府県コード": 20, "市区町村コード": 202, "所在地": "長野県松本市安曇２６２７－２", "緯度": 36.158882, "経度": 137.761101, "url": "https://www.iryou.teikyouseido.mhlw.go.jp/znk-web/juminkanja/S2430/initialize?prefCd=20&kikanCd=2205945160&kikanKbn=2", "url2": null, "内容": "松本市安曇稲核診療所【2:診療所】【診療科目:内科】長野県松本市安曇２６２７－２" }, "geometry": { "type": "Point", "coordinates": [ 137.761101, 36.158882 ] } },
{ "type": "Feature", "properties": { "ID": 2022205945290, "正式名称": "横山眼科医院", "機関区分": 2, "都道府県コード": 20, "市区町村コード": 220, "所在地": "長野県安曇野市穂高５６００番地３", "緯度": 36.343086, "経度": 137.880305, "url": "https://www.iryou.teikyouseido.mhlw.go.jp/znk-web/juminkanja/S2430/initialize?prefCd=20&kikanCd=2205945290&kikanKbn=2", "url2": "yokoyamaeyeclinic-azumino.com", "内容": "横山眼科医院【2:診療所】【診療科目:眼科】長野県安曇野市穂高５６００番地３" }, "geometry": { "type": "Point", "coordinates": [ 137.880305, 36.343086 ] } },
{ "type": "Feature", "properties": { "ID": 2022205945320, "正式名称": "吉野産婦人科医院", "機関区分": 2, "都道府県コード": 20, "市区町村コード": 202, "所在地": "長野県松本市女鳥羽１ー７ー６", "緯度": 36.239351, "経度": 137.976856, "url": "https://www.iryou.teikyouseido.mhlw.go.jp/znk-web/juminkanja/S2430/initialize?prefCd=20&kikanCd=2205945320&kikanKbn=2", "url2": "http://www.yoshino-sanfujinka.com", "内容": "吉野産婦人科医院【2:診療所】【診療科目:産婦人科】長野県松本市女鳥羽１ー７ー６" }, "geometry": { "type": "Point", "coordinates": [ 137.976856, 36.239351 ] } },
{ "type": "Feature", "properties": { "ID": 2022205945610, "正式名称": "鈴木耳鼻咽喉科医院", "機関区分": 2, "都道府県コード": 20, "市区町村コード": 202, "所在地": "長野県松本市中央", "緯度": 36.233018, "経度": 137.965163, "url": "https://www.iryou.teikyouseido.mhlw.go.jp/znk-web/juminkanja/S2430/initialize?prefCd=20&kikanCd=2205945610&kikanKbn=2", "url2": null, "内容": "鈴木耳鼻咽喉科医院【2:診療所】【診療科目:耳鼻いんこう科】長野県松本市中央" }, "geometry": { "type": "Point", "coordinates": [ 137.965163, 36.233018 ] } },
{ "type": "Feature", "properties": { "ID": 2022205945870, "正式名称": "荒井内科小児科医院", "機関区分": 2, "都道府県コード": 20, "市区町村コード": 215, "所在地": "長野県塩尻市広丘吉田１２２２－５", "緯度": 36.159054, "経度": 137.953889, "url": "https://www.iryou.teikyouseido.mhlw.go.jp/znk-web/juminkanja/S2430/initialize?prefCd=20&kikanCd=2205945870&kikanKbn=2", "url2": null, "内容": "荒井内科小児科医院【2:診療所】【診療科目:内科_小児科_アレルギー科】長野県塩尻市広丘吉田１２２２－５" }, "geometry": { "type": "Point", "coordinates": [ 137.953889, 36.159054 ] } },
{ "type": "Feature", "properties": { "ID": 2022205945900, "正式名称": "原こどもクリニック", "機関区分": 2, "都道府県コード": 20, "市区町村コード": 202, "所在地": "長野県松本市筑摩３ー７ー３", "緯度": 36.221714, "経度": 137.981912, "url": "https://www.iryou.teikyouseido.mhlw.go.jp/znk-web/juminkanja/S2430/initialize?prefCd=20&kikanCd=2205945900&kikanKbn=2", "url2": "https://.hara-kodomo.clinic/", "内容": "原こどもクリニック【2:診療所】【診療科目:小児科】長野県松本市筑摩３ー７ー３" }, "geometry": { "type": "Point", "coordinates": [ 137.981912, 36.221714 ] } },
{ "type": "Feature", "properties": { "ID": 2022205946040, "正式名称": "信濃内科循環器科医院", "機関区分": 2, "都道府県コード": 20, "市区町村コード": 220, "所在地": "長野県安曇野市穂高８３３７ー１", "緯度": 36.333837, "経度": 137.868001, "url": "https://www.iryou.teikyouseido.mhlw.go.jp/znk-web/juminkanja/S2430/initialize?prefCd=20&kikanCd=2205946040&kikanKbn=2", "url2": null, "内容": "信濃内科循環器科医院【2:診療所】【診療科目:内科_循環器内科】長野県安曇野市穂高８３３７ー１" }, "geometry": { "type": "Point", "coordinates": [ 137.868001, 36.333837 ] } },
{ "type": "Feature", "properties": { "ID": 2022205946190, "正式名称": "こうの内科循環器科", "機関区分": 2, "都道府県コード": 20, "市区町村コード": 220, "所在地": "長野県安曇野市豊科南穂高", "緯度": 36.298676, "経度": 137.919331, "url": "https://www.iryou.teikyouseido.mhlw.go.jp/znk-web/juminkanja/S2430/initialize?prefCd=20&kikanCd=2205946190&kikanKbn=2", "url2": "https://www.kono-naika-junkankika.com/", "内容": "こうの内科循環器科【2:診療所】【診療科目:内科_循環器内科】長野県安曇野市豊科南穂高" }, "geometry": { "type": "Point", "coordinates": [ 137.919331, 36.298676 ] } },
{ "type": "Feature", "properties": { "ID": 2022205946200, "正式名称": "虹の村診療所", "機関区分": 2, "都道府県コード": 20, "市区町村コード": 220, "所在地": "長野県安曇野市穂高有明７６０７ー３", "緯度": 36.349251, "経度": 137.840864, "url": "https://www.iryou.teikyouseido.mhlw.go.jp/znk-web/juminkanja/S2430/initialize?prefCd=20&kikanCd=2205946200&kikanKbn=2", "url2": "https://nijinomura.net/", "内容": "虹の村診療所【2:診療所】【診療科目:精神科_心療内科】長野県安曇野市穂高有明７６０７ー３" }, "geometry": { "type": "Point", "coordinates": [ 137.840864, 36.349251 ] } },
{ "type": "Feature", "properties": { "ID": 2022205946330, "正式名称": "村山内科医院", "機関区分": 2, "都道府県コード": 20, "市区町村コード": 202, "所在地": "長野県松本市庄内３－２－２６", "緯度": 36.221242, "経度": 137.971857, "url": "https://www.iryou.teikyouseido.mhlw.go.jp/znk-web/juminkanja/S2430/initialize?prefCd=20&kikanCd=2205946330&kikanKbn=2", "url2": null, "内容": "村山内科医院【2:診療所】【診療科目:内科】長野県松本市庄内３－２－２６" }, "geometry": { "type": "Point", "coordinates": [ 137.971857, 36.221242 ] } },
{ "type": "Feature", "properties": { "ID": 2022205946460, "正式名称": "すずき内科クリニック", "機関区分": 2, "都道府県コード": 20, "市区町村コード": 202, "所在地": "長野県松本市女鳥羽３ー６ー２０", "緯度": 36.244517, "経度": 137.978939, "url": "https://www.iryou.teikyouseido.mhlw.go.jp/znk-web/juminkanja/S2430/initialize?prefCd=20&kikanCd=2205946460&kikanKbn=2", "url2": "http://www.suzukinaika-cl.jp", "内容": "すずき内科クリニック【2:診療所】【診療科目:内科_糖尿病内科_内分泌内科】長野県松本市女鳥羽３ー６ー２０" }, "geometry": { "type": "Point", "coordinates": [ 137.978939, 36.244517 ] } },
{ "type": "Feature", "properties": { "ID": 2022205946590, "正式名称": "清水メンタルクリニック", "機関区分": 2, "都道府県コード": 20, "市区町村コード": 202, "所在地": "長野県松本市島立１６３９ー８", "緯度": 36.228712, "経度": 137.943026, "url": "https://www.iryou.teikyouseido.mhlw.go.jp/znk-web/juminkanja/S2430/initialize?prefCd=20&kikanCd=2205946590&kikanKbn=2", "url2": "http://www.myclinic.ne.jp/shimizum/", "内容": "清水メンタルクリニック【2:診療所】【診療科目:精神科】長野県松本市島立１６３９ー８" }, "geometry": { "type": "Point", "coordinates": [ 137.943026, 36.228712 ] } },
{ "type": "Feature", "properties": { "ID": 2022205946750, "正式名称": "杉山外科医院", "機関区分": 2, "都道府県コード": 20, "市区町村コード": 202, "所在地": "長野県松本市島立", "緯度": 36.228851, "経度": 137.944415, "url": "https://www.iryou.teikyouseido.mhlw.go.jp/znk-web/juminkanja/S2430/initialize?prefCd=20&kikanCd=2205946750&kikanKbn=2", "url2": "https://www.matsu-med.or.jp/medicalsearch/entry.php?id=87", "内容": "杉山外科医院【2:診療所】【診療科目:外科_消化器外科】長野県松本市島立" }, "geometry": { "type": "Point", "coordinates": [ 137.944415, 36.228851 ] } },
{ "type": "Feature", "properties": { "ID": 2022205946880, "正式名称": "南天診療所", "機関区分": 2, "都道府県コード": 20, "市区町村コード": 202, "所在地": "長野県松本市筑摩３ー１５ー３１", "緯度": 36.220548, "経度": 137.982579, "url": "https://www.iryou.teikyouseido.mhlw.go.jp/znk-web/juminkanja/S2430/initialize?prefCd=20&kikanCd=2205946880&kikanKbn=2", "url2": "https://www.aiha-matsumoto.com/", "内容": "南天診療所【2:診療所】【診療科目:内科_産婦人科_皮膚科】長野県松本市筑摩３ー１５ー３１" }, "geometry": { "type": "Point", "coordinates": [ 137.982579, 36.220548 ] } },
{ "type": "Feature", "properties": { "ID": 2022205946910, "正式名称": "医療法人篠﨑医院豊科診療所", "機関区分": 2, "都道府県コード": 20, "市区町村コード": 220, "所在地": "長野県安曇野市豊科高家５０８９番地１", "緯度": 36.281567, "経度": 137.932747, "url": "https://www.iryou.teikyouseido.mhlw.go.jp/znk-web/juminkanja/S2430/initialize?prefCd=20&kikanCd=2205946910&kikanKbn=2", "url2": "http://soegi.com", "内容": "医療法人篠﨑医院豊科診療所【2:診療所】【診療科目:皮膚科_精神科_心療内科】長野県安曇野市豊科高家５０８９番地１" }, "geometry": { "type": "Point", "coordinates": [ 137.932747, 36.281567 ] } },
{ "type": "Feature", "properties": { "ID": 2022205947050, "正式名称": "しのざき内科呼吸器科クリニック", "機関区分": 2, "都道府県コード": 20, "市区町村コード": 202, "所在地": "長野県松本市南松本２－１３－１２", "緯度": 36.213381, "経度": 137.968358, "url": "https://www.iryou.teikyouseido.mhlw.go.jp/znk-web/juminkanja/S2430/initialize?prefCd=20&kikanCd=2205947050&kikanKbn=2", "url2": "https://shinozaki-minamimatsumoto.jimdofree.com", "内容": "しのざき内科呼吸器科クリニック【2:診療所】【診療科目:内科_呼吸器内科_眼科】長野県松本市南松本２－１３－１２" }, "geometry": { "type": "Point", "coordinates": [ 137.968358, 36.213381 ] } },
{ "type": "Feature", "properties": { "ID": 2022205947180, "正式名称": "さかき皮膚科", "機関区分": 2, "都道府県コード": 20, "市区町村コード": 220, "所在地": "長野県安曇野市豊科４４４０ー１", "緯度": 36.289954, "経度": 137.91261, "url": "https://www.iryou.teikyouseido.mhlw.go.jp/znk-web/juminkanja/S2430/initialize?prefCd=20&kikanCd=2205947180&kikanKbn=2", "url2": null, "内容": "さかき皮膚科【2:診療所】【診療科目:皮膚科】長野県安曇野市豊科４４４０ー１" }, "geometry": { "type": "Point", "coordinates": [ 137.91261, 36.289954 ] } },
{ "type": "Feature", "properties": { "ID": 2022205947210, "正式名称": "こまくさ野村クリニック", "機関区分": 2, "都道府県コード": 20, "市区町村コード": 215, "所在地": "長野県塩尻市広丘野村２１４６", "緯度": 36.148694, "経度": 137.955389, "url": "https://www.iryou.teikyouseido.mhlw.go.jp/znk-web/juminkanja/S2430/initialize?prefCd=20&kikanCd=2205947210&kikanKbn=2", "url2": "http://www.komakusa-nomura.jp/", "内容": "こまくさ野村クリニック【2:診療所】【診療科目:内科_消化器内科_外科】長野県塩尻市広丘野村２１４６" }, "geometry": { "type": "Point", "coordinates": [ 137.955389, 36.148694 ] } },
{ "type": "Feature", "properties": { "ID": 2022205947340, "正式名称": "石川醫院", "機関区分": 2, "都道府県コード": 20, "市区町村コード": 202, "所在地": "長野県松本市島立", "緯度": 36.231768, "経度": 137.951359, "url": "https://www.iryou.teikyouseido.mhlw.go.jp/znk-web/juminkanja/S2430/initialize?prefCd=20&kikanCd=2205947340&kikanKbn=2", "url2": "http://www.ishikawa-iin.info/", "内容": "石川醫院【2:診療所】【診療科目:内科】長野県松本市島立" }, "geometry": { "type": "Point", "coordinates": [ 137.951359, 36.231768 ] } },
{ "type": "Feature", "properties": { "ID": 2022205947500, "正式名称": "中垣内科医院", "機関区分": 2, "都道府県コード": 20, "市区町村コード": 202, "所在地": "長野県松本市笹部１丁目３番２号", "緯度": 36.21988, "経度": 137.950721, "url": "https://www.iryou.teikyouseido.mhlw.go.jp/znk-web/juminkanja/S2430/initialize?prefCd=20&kikanCd=2205947500&kikanKbn=2", "url2": null, "内容": "中垣内科医院【2:診療所】【診療科目:内科】長野県松本市笹部１丁目３番２号" }, "geometry": { "type": "Point", "coordinates": [ 137.950721, 36.21988 ] } },
{ "type": "Feature", "properties": { "ID": 2022205947760, "正式名称": "穂高の森メンタルクリニック", "機関区分": 2, "都道府県コード": 20, "市区町村コード": 220, "所在地": "長野県安曇野市穂高有明８０５９ー１１", "緯度": 36.346113, "経度": 137.840031, "url": "https://www.iryou.teikyouseido.mhlw.go.jp/znk-web/juminkanja/S2430/initialize?prefCd=20&kikanCd=2205947760&kikanKbn=2", "url2": null, "内容": "穂高の森メンタルクリニック【2:診療所】【診療科目:精神科_心療内科】長野県安曇野市穂高有明８０５９ー１１" }, "geometry": { "type": "Point", "coordinates": [ 137.840031, 36.346113 ] } },
{ "type": "Feature", "properties": { "ID": 2022205947920, "正式名称": "安曇野形成皮ふクリニック", "機関区分": 2, "都道府県コード": 20, "市区町村コード": 220, "所在地": "長野県安曇野市豊科２６６１－１", "緯度": 36.285871, "経度": 137.908166, "url": "https://www.iryou.teikyouseido.mhlw.go.jp/znk-web/juminkanja/S2430/initialize?prefCd=20&kikanCd=2205947920&kikanKbn=2", "url2": "https://azumino-prs.com/", "内容": "安曇野形成皮ふクリニック【2:診療所】【診療科目:形成外科_皮膚科】長野県安曇野市豊科２６６１－１" }, "geometry": { "type": "Point", "coordinates": [ 137.908166, 36.285871 ] } },
{ "type": "Feature", "properties": { "ID": 2022205948220, "正式名称": "松本市小児科・内科夜間急病センター", "機関区分": 2, "都道府県コード": 20, "市区町村コード": 202, "所在地": "長野県松本市城西２ー５－２２", "緯度": 36.239212, "経度": 137.966107, "url": "https://www.iryou.teikyouseido.mhlw.go.jp/znk-web/juminkanja/S2430/initialize?prefCd=20&kikanCd=2205948220&kikanKbn=2", "url2": "https://www.city.matsumoto.nagano.jp/soshiki/60/1744.html", "内容": "松本市小児科・内科夜間急病センター【2:診療所】【診療科目:内科_小児科】長野県松本市城西２ー５－２２" }, "geometry": { "type": "Point", "coordinates": [ 137.966107, 36.239212 ] } },
{ "type": "Feature", "properties": { "ID": 2022205948350, "正式名称": "ひろおかさくらレディースウィメンズクリニック", "機関区分": 2, "都道府県コード": 20, "市区町村コード": 215, "所在地": "長野県塩尻市広丘吉田３１９１番地", "緯度": 36.159359, "経度": 137.955945, "url": "https://www.iryou.teikyouseido.mhlw.go.jp/znk-web/juminkanja/S2430/initialize?prefCd=20&kikanCd=2205948350&kikanKbn=2", "url2": "https://www.sakura-ladies-clinic.jp", "内容": "ひろおかさくらレディースウィメンズクリニック【2:診療所】【診療科目:産科_婦人科】長野県塩尻市広丘吉田３１９１番地" }, "geometry": { "type": "Point", "coordinates": [ 137.955945, 36.159359 ] } },
{ "type": "Feature", "properties": { "ID": 2022205948480, "正式名称": "みやばやしこどもクリニック", "機関区分": 2, "都道府県コード": 20, "市区町村コード": 202, "所在地": "長野県松本市島立１７４８－２", "緯度": 36.225157, "経度": 137.944721, "url": "https://www.iryou.teikyouseido.mhlw.go.jp/znk-web/juminkanja/S2430/initialize?prefCd=20&kikanCd=2205948480&kikanKbn=2", "url2": "http://www.miyabayashi-kodomo-clinic.jp", "内容": "みやばやしこどもクリニック【2:診療所】【診療科目:小児科】長野県松本市島立１７４８－２" }, "geometry": { "type": "Point", "coordinates": [ 137.944721, 36.225157 ] } },
{ "type": "Feature", "properties": { "ID": 2022205948510, "正式名称": "赤津整形外科クリニック", "機関区分": 2, "都道府県コード": 20, "市区町村コード": 220, "所在地": "長野県安曇野市三郷明盛４６９７ー１", "緯度": 36.259485, "経度": 137.888891, "url": "https://www.iryou.teikyouseido.mhlw.go.jp/znk-web/juminkanja/S2430/initialize?prefCd=20&kikanCd=2205948510&kikanKbn=2", "url2": "http://www.akatsu-seikei.jp", "内容": "赤津整形外科クリニック【2:診療所】【診療科目:整形外科_リウマチ科_リハビリテーション科_麻酔科】長野県安曇野市三郷明盛４６９７ー１" }, "geometry": { "type": "Point", "coordinates": [ 137.888891, 36.259485 ] } },
{ "type": "Feature", "properties": { "ID": 2022205948770, "正式名称": "京島クリニック", "機関区分": 2, "都道府県コード": 20, "市区町村コード": 220, "所在地": "長野県安曇野市穂高有明１０３４０ー１", "緯度": 36.3635, "経度": 137.848835, "url": "https://www.iryou.teikyouseido.mhlw.go.jp/znk-web/juminkanja/S2430/initialize?prefCd=20&kikanCd=2205948770&kikanKbn=2", "url2": "http://www.kyoshima-clinic.com", "内容": "京島クリニック【2:診療所】【診療科目:内科_外科_脳神経外科】長野県安曇野市穂高有明１０３４０ー１" }, "geometry": { "type": "Point", "coordinates": [ 137.848835, 36.3635 ] } },
{ "type": "Feature", "properties": { "ID": 2022205948930, "正式名称": "宮澤医院", "機関区分": 2, "都道府県コード": 20, "市区町村コード": 220, "所在地": "長野県安曇野市明科中川手３７６０番地６", "緯度": 36.354031, "経度": 137.929578, "url": "https://www.iryou.teikyouseido.mhlw.go.jp/znk-web/juminkanja/S2430/initialize?prefCd=20&kikanCd=2205948930&kikanKbn=2", "url2": null, "内容": "宮澤医院【2:診療所】【診療科目:内科_糖尿病内科】長野県安曇野市明科中川手３７６０番地６" }, "geometry": { "type": "Point", "coordinates": [ 137.929578, 36.354031 ] } },
{ "type": "Feature", "properties": { "ID": 2022205949070, "正式名称": "やまだ小児科クリニック", "機関区分": 2, "都道府県コード": 20, "市区町村コード": 202, "所在地": "長野県松本市大字新村５４２番地１", "緯度": 36.217185, "経度": 137.90453, "url": "https://www.iryou.teikyouseido.mhlw.go.jp/znk-web/juminkanja/S2430/initialize?prefCd=20&kikanCd=2205949070&kikanKbn=2", "url2": "http://www.c-yamada.jp", "内容": "やまだ小児科クリニック【2:診療所】【診療科目:小児科_アレルギー科】長野県松本市大字新村５４２番地１" }, "geometry": { "type": "Point", "coordinates": [ 137.90453, 36.217185 ] } },
{ "type": "Feature", "properties": { "ID": 2022205949100, "正式名称": "横西産婦人科", "機関区分": 2, "都道府県コード": 20, "市区町村コード": 202, "所在地": "長野県松本市島立２９９２－１", "緯度": 36.225657, "経度": 137.934166, "url": "https://www.iryou.teikyouseido.mhlw.go.jp/znk-web/juminkanja/S2430/initialize?prefCd=20&kikanCd=2205949100&kikanKbn=2", "url2": "http://www.yokonishi-clinic.jp", "内容": "横西産婦人科【2:診療所】【診療科目:産婦人科】長野県松本市島立２９９２－１" }, "geometry": { "type": "Point", "coordinates": [ 137.934166, 36.225657 ] } },
{ "type": "Feature", "properties": { "ID": 2022205949230, "正式名称": "東京青山クリニック松本院", "機関区分": 2, "都道府県コード": 20, "市区町村コード": 202, "所在地": "長野県松本市中央２−３−２２　ヤマザキ屋ビル４階", "緯度": 36.233657, "経度": 137.969024, "url": "https://www.iryou.teikyouseido.mhlw.go.jp/znk-web/juminkanja/S2430/initialize?prefCd=20&kikanCd=2205949230&kikanKbn=2", "url2": null, "内容": "東京青山クリニック松本院【2:診療所】【診療科目:形成外科_美容外科_皮膚科_泌尿器科】長野県松本市中央２−３−２２　ヤマザキ屋ビル４階" }, "geometry": { "type": "Point", "coordinates": [ 137.969024, 36.233657 ] } },
{ "type": "Feature", "properties": { "ID": 2022205949650, "正式名称": "清水整形外科クリニック", "機関区分": 2, "都道府県コード": 20, "市区町村コード": 202, "所在地": "長野県松本市清水１－９ー２８", "緯度": 36.23724, "経度": 137.980828, "url": "https://www.iryou.teikyouseido.mhlw.go.jp/znk-web/juminkanja/S2430/initialize?prefCd=20&kikanCd=2205949650&kikanKbn=2", "url2": "http://www.shimizu-seikei.jp", "内容": "清水整形外科クリニック【2:診療所】【診療科目:整形外科_リハビリテーション科_麻酔科】長野県松本市清水１－９ー２８" }, "geometry": { "type": "Point", "coordinates": [ 137.980828, 36.23724 ] } },
{ "type": "Feature", "properties": { "ID": 2022205949780, "正式名称": "どひ皮膚科クリニック", "機関区分": 2, "都道府県コード": 20, "市区町村コード": 202, "所在地": "長野県松本市島立１７９７－３", "緯度": 36.225018, "経度": 137.941804, "url": "https://www.iryou.teikyouseido.mhlw.go.jp/znk-web/juminkanja/S2430/initialize?prefCd=20&kikanCd=2205949780&kikanKbn=2", "url2": "https://www.dohihifuka.com/", "内容": "どひ皮膚科クリニック【2:診療所】【診療科目:皮膚科】長野県松本市島立１７９７－３" }, "geometry": { "type": "Point", "coordinates": [ 137.941804, 36.225018 ] } },
{ "type": "Feature", "properties": { "ID": 2022205949810, "正式名称": "雪村医院", "機関区分": 2, "都道府県コード": 20, "市区町村コード": 202, "所在地": "長野県松本市中央２ー１ー３", "緯度": 36.23149, "経度": 137.968746, "url": "https://www.iryou.teikyouseido.mhlw.go.jp/znk-web/juminkanja/S2430/initialize?prefCd=20&kikanCd=2205949810&kikanKbn=2", "url2": null, "内容": "雪村医院【2:診療所】【診療科目:内科】長野県松本市中央２ー１ー３" }, "geometry": { "type": "Point", "coordinates": [ 137.968746, 36.23149 ] } },
{ "type": "Feature", "properties": { "ID": 2022205950050, "正式名称": "浅野メンタルクリニック", "機関区分": 2, "都道府県コード": 20, "市区町村コード": 202, "所在地": "長野県松本市寿南１－１５－３", "緯度": 36.177941, "経度": 137.968526, "url": "https://www.iryou.teikyouseido.mhlw.go.jp/znk-web/juminkanja/S2430/initialize?prefCd=20&kikanCd=2205950050&kikanKbn=2", "url2": "http://www.asanomental.com", "内容": "浅野メンタルクリニック【2:診療所】【診療科目:精神科_心療内科】長野県松本市寿南１－１５－３" }, "geometry": { "type": "Point", "coordinates": [ 137.968526, 36.177941 ] } },
{ "type": "Feature", "properties": { "ID": 2022205950760, "正式名称": "こばやしクリニック", "機関区分": 2, "都道府県コード": 20, "市区町村コード": 202, "所在地": "長野県松本市梓川倭", "緯度": 36.240488, "経度": 137.900974, "url": "https://www.iryou.teikyouseido.mhlw.go.jp/znk-web/juminkanja/S2430/initialize?prefCd=20&kikanCd=2205950760&kikanKbn=2", "url2": "http://www.kobayashi-clinic.cc", "内容": "こばやしクリニック【2:診療所】【診療科目:消化器内科_外科】長野県松本市梓川倭" }, "geometry": { "type": "Point", "coordinates": [ 137.900974, 36.240488 ] } },
{ "type": "Feature", "properties": { "ID": 2022205950890, "正式名称": "神應透析クリニック", "機関区分": 2, "都道府県コード": 20, "市区町村コード": 202, "所在地": "長野県松本市筑摩２丁目１７番５号", "緯度": 36.225214, "経度": 137.979718, "url": "https://www.iryou.teikyouseido.mhlw.go.jp/znk-web/juminkanja/S2430/initialize?prefCd=20&kikanCd=2205950890&kikanKbn=2", "url2": "https://k-dac.net/", "内容": "神應透析クリニック【2:診療所】【診療科目:内科_腎臓内科_リハビリテーション科】長野県松本市筑摩２丁目１７番５号" }, "geometry": { "type": "Point", "coordinates": [ 137.979718, 36.225214 ] } },
{ "type": "Feature", "properties": { "ID": 2022205951060, "正式名称": "小口内科クリニック", "機関区分": 2, "都道府県コード": 20, "市区町村コード": 202, "所在地": "長野県松本市寿南１丁目２３ー９", "緯度": 36.177802, "経度": 137.967943, "url": "https://www.iryou.teikyouseido.mhlw.go.jp/znk-web/juminkanja/S2430/initialize?prefCd=20&kikanCd=2205951060&kikanKbn=2", "url2": "http://www.mcci.or.jp/www/s.oguchi/index.html", "内容": "小口内科クリニック【2:診療所】【診療科目:内科】長野県松本市寿南１丁目２３ー９" }, "geometry": { "type": "Point", "coordinates": [ 137.967943, 36.177802 ] } },
{ "type": "Feature", "properties": { "ID": 2022205951190, "正式名称": "クリニカタナカ", "機関区分": 2, "都道府県コード": 20, "市区町村コード": 202, "所在地": "長野県松本市大手３ー４ー３　Ｍ１ビル１階", "緯度": 36.236184, "経度": 137.970135, "url": "https://www.iryou.teikyouseido.mhlw.go.jp/znk-web/juminkanja/S2430/initialize?prefCd=20&kikanCd=2205951190&kikanKbn=2", "url2": "http://clinicatanaka.jp/", "内容": "クリニカタナカ【2:診療所】【診療科目:形成外科】長野県松本市大手３ー４ー３　Ｍ１ビル１階" }, "geometry": { "type": "Point", "coordinates": [ 137.970135, 36.236184 ] } },
{ "type": "Feature", "properties": { "ID": 2022205951350, "正式名称": "安曇野市夜間急病センター", "機関区分": 2, "都道府県コード": 20, "市区町村コード": 220, "所在地": "長野県安曇野市豊科４１１１−１", "緯度": 36.297343, "経度": 137.915304, "url": "https://www.iryou.teikyouseido.mhlw.go.jp/znk-web/juminkanja/S2430/initialize?prefCd=20&kikanCd=2205951350&kikanKbn=2", "url2": null, "内容": "安曇野市夜間急病センター【2:診療所】【診療科目:内科_小児科】長野県安曇野市豊科４１１１−１" }, "geometry": { "type": "Point", "coordinates": [ 137.915304, 36.297343 ] } },
{ "type": "Feature", "properties": { "ID": 2022205951480, "正式名称": "平林内科クリニック", "機関区分": 2, "都道府県コード": 20, "市区町村コード": 202, "所在地": "長野県松本市寿北６丁目２８ー８", "緯度": 36.19455, "経度": 137.973386, "url": "https://www.iryou.teikyouseido.mhlw.go.jp/znk-web/juminkanja/S2430/initialize?prefCd=20&kikanCd=2205951480&kikanKbn=2", "url2": "http://www.hirabayashi-clinic.jp/", "内容": "平林内科クリニック【2:診療所】【診療科目:内科_循環器内科】長野県松本市寿北６丁目２８ー８" }, "geometry": { "type": "Point", "coordinates": [ 137.973386, 36.19455 ] } },
{ "type": "Feature", "properties": { "ID": 2022205951510, "正式名称": "ひろ内科医院", "機関区分": 2, "都道府県コード": 20, "市区町村コード": 202, "所在地": "長野県松本市浅間温泉１－１６－２６", "緯度": 36.258515, "経度": 137.984216, "url": "https://www.iryou.teikyouseido.mhlw.go.jp/znk-web/juminkanja/S2430/initialize?prefCd=20&kikanCd=2205951510&kikanKbn=2", "url2": "http://www.hironaika.com/", "内容": "ひろ内科医院【2:診療所】【診療科目:内科_呼吸器内科】長野県松本市浅間温泉１－１６－２６" }, "geometry": { "type": "Point", "coordinates": [ 137.984216, 36.258515 ] } },
{ "type": "Feature", "properties": { "ID": 2022205951800, "正式名称": "医療法人　中村眼科", "機関区分": 2, "都道府県コード": 20, "市区町村コード": 202, "所在地": "長野県松本市中央３－６－２２", "緯度": 36.232851, "経度": 137.972968, "url": "https://www.iryou.teikyouseido.mhlw.go.jp/znk-web/juminkanja/S2430/initialize?prefCd=20&kikanCd=2205951800&kikanKbn=2", "url2": "http://www.nakamura-ganka.com/", "内容": "医療法人　中村眼科【2:診療所】【診療科目:眼科】長野県松本市中央３－６－２２" }, "geometry": { "type": "Point", "coordinates": [ 137.972968, 36.232851 ] } },
{ "type": "Feature", "properties": { "ID": 2022205951930, "正式名称": "せき泌尿器科クリニック", "機関区分": 2, "都道府県コード": 20, "市区町村コード": 220, "所在地": "長野県安曇野市穂高", "緯度": 36.331699, "経度": 137.887277, "url": "https://www.iryou.teikyouseido.mhlw.go.jp/znk-web/juminkanja/S2430/initialize?prefCd=20&kikanCd=2205951930&kikanKbn=2", "url2": "http://www.sekiclinic.jp/index.html", "内容": "せき泌尿器科クリニック【2:診療所】【診療科目:泌尿器科】長野県安曇野市穂高" }, "geometry": { "type": "Point", "coordinates": [ 137.887277, 36.331699 ] } },
{ "type": "Feature", "properties": { "ID": 2022205952070, "正式名称": "くさま内科クリニック", "機関区分": 2, "都道府県コード": 20, "市区町村コード": 202, "所在地": "長野県松本市寿中１－５－３５", "緯度": 36.188551, "経度": 137.970942, "url": "https://www.iryou.teikyouseido.mhlw.go.jp/znk-web/juminkanja/S2430/initialize?prefCd=20&kikanCd=2205952070&kikanKbn=2", "url2": "https://kusamanaika.info/", "内容": "くさま内科クリニック【2:診療所】【診療科目:内科_循環器内科】長野県松本市寿中１－５－３５" }, "geometry": { "type": "Point", "coordinates": [ 137.970942, 36.188551 ] } },
{ "type": "Feature", "properties": { "ID": 2022205952230, "正式名称": "小見山医院", "機関区分": 2, "都道府県コード": 20, "市区町村コード": 202, "所在地": "長野県松本市岡田松岡５１２－１", "緯度": 36.26457, "経度": 137.976994, "url": "https://www.iryou.teikyouseido.mhlw.go.jp/znk-web/juminkanja/S2430/initialize?prefCd=20&kikanCd=2205952230&kikanKbn=2", "url2": "http://www.komiyama-clinic.jp", "内容": "小見山医院【2:診療所】【診療科目:内科_循環器内科_消化器内科_病理診断科】長野県松本市岡田松岡５１２－１" }, "geometry": { "type": "Point", "coordinates": [ 137.976994, 36.26457 ] } },
{ "type": "Feature", "properties": { "ID": 2022205952360, "正式名称": "しのざきこどもクリニック", "機関区分": 2, "都道府県コード": 20, "市区町村コード": 202, "所在地": "長野県松本市岡田下岡田６－８", "緯度": 36.264265, "経度": 137.977494, "url": "https://www.iryou.teikyouseido.mhlw.go.jp/znk-web/juminkanja/S2430/initialize?prefCd=20&kikanCd=2205952360&kikanKbn=2", "url2": "http://shinozaki-clinic.com/", "内容": "しのざきこどもクリニック【2:診療所】【診療科目:小児科】長野県松本市岡田下岡田６－８" }, "geometry": { "type": "Point", "coordinates": [ 137.977494, 36.264265 ] } },
{ "type": "Feature", "properties": { "ID": 2022205952490, "正式名称": "宮下内科循環器クリニック", "機関区分": 2, "都道府県コード": 20, "市区町村コード": 202, "所在地": "長野県松本市梓川倭", "緯度": 36.241015, "経度": 137.89603, "url": "https://www.iryou.teikyouseido.mhlw.go.jp/znk-web/juminkanja/S2430/initialize?prefCd=20&kikanCd=2205952490&kikanKbn=2", "url2": "http://www.miyashita-naika-clinic.com/", "内容": "宮下内科循環器クリニック【2:診療所】【診療科目:内科_循環器内科】長野県松本市梓川倭" }, "geometry": { "type": "Point", "coordinates": [ 137.89603, 36.241015 ] } },
{ "type": "Feature", "properties": { "ID": 2022205952520, "正式名称": "小澤メンタルクリニック", "機関区分": 2, "都道府県コード": 20, "市区町村コード": 202, "所在地": "長野県松本市浅間温泉１丁目１６番２３号", "緯度": 36.258849, "経度": 137.98441, "url": "https://www.iryou.teikyouseido.mhlw.go.jp/znk-web/juminkanja/S2430/initialize?prefCd=20&kikanCd=2205952520&kikanKbn=2", "url2": "https://www.ozawa-mentalclinic.com", "内容": "小澤メンタルクリニック【2:診療所】【診療科目:精神科】長野県松本市浅間温泉１丁目１６番２３号" }, "geometry": { "type": "Point", "coordinates": [ 137.98441, 36.258849 ] } },
{ "type": "Feature", "properties": { "ID": 2022205952650, "正式名称": "ゆり産婦人科医院", "機関区分": 2, "都道府県コード": 20, "市区町村コード": 202, "所在地": "長野県松本市寿南", "緯度": 36.17783, "経度": 137.967776, "url": "https://www.iryou.teikyouseido.mhlw.go.jp/znk-web/juminkanja/S2430/initialize?prefCd=20&kikanCd=2205952650&kikanKbn=2", "url2": "http://www.yuridr.com", "内容": "ゆり産婦人科医院【2:診療所】【診療科目:産婦人科】長野県松本市寿南" }, "geometry": { "type": "Point", "coordinates": [ 137.967776, 36.17783 ] } },
{ "type": "Feature", "properties": { "ID": 2022205952810, "正式名称": "はぎわら医院", "機関区分": 2, "都道府県コード": 20, "市区町村コード": 220, "所在地": "長野県安曇野市豊科高家４９１５", "緯度": 36.270318, "経度": 137.919443, "url": "https://www.iryou.teikyouseido.mhlw.go.jp/znk-web/juminkanja/S2430/initialize?prefCd=20&kikanCd=2205952810&kikanKbn=2", "url2": "https://aus-clinic.net", "内容": "はぎわら医院【2:診療所】【診療科目:産婦人科_産科_婦人科】長野県安曇野市豊科高家４９１５" }, "geometry": { "type": "Point", "coordinates": [ 137.919443, 36.270318 ] } },
{ "type": "Feature", "properties": { "ID": 2022205953080, "正式名称": "医療法人なかむらクリニック", "機関区分": 2, "都道府県コード": 20, "市区町村コード": 202, "所在地": "長野県松本市征矢野２−１４−１５", "緯度": 36.212437, "経度": 137.953943, "url": "https://www.iryou.teikyouseido.mhlw.go.jp/znk-web/juminkanja/S2430/initialize?prefCd=20&kikanCd=2205953080&kikanKbn=2", "url2": "http://www.nakamura-clinic.biz", "内容": "医療法人なかむらクリニック【2:診療所】【診療科目:消化器内科_外科_消化器外科】長野県松本市征矢野２−１４−１５" }, "geometry": { "type": "Point", "coordinates": [ 137.953943, 36.212437 ] } },
{ "type": "Feature", "properties": { "ID": 2022205953110, "正式名称": "こばやし内科クリニック", "機関区分": 2, "都道府県コード": 20, "市区町村コード": 220, "所在地": "長野県安曇野市豊科高家５４４１ー１", "緯度": 36.254903, "経度": 137.916305, "url": "https://www.iryou.teikyouseido.mhlw.go.jp/znk-web/juminkanja/S2430/initialize?prefCd=20&kikanCd=2205953110&kikanKbn=2", "url2": null, "内容": "こばやし内科クリニック【2:診療所】【診療科目:内科_神経内科】長野県安曇野市豊科高家５４４１ー１" }, "geometry": { "type": "Point", "coordinates": [ 137.916305, 36.254903 ] } },
{ "type": "Feature", "properties": { "ID": 2022205953240, "正式名称": "穂高ハートクリニック", "機関区分": 2, "都道府県コード": 20, "市区町村コード": 220, "所在地": "長野県安曇野市穂高有明９３９５－１", "緯度": 36.344975, "経度": 137.867973, "url": "https://www.iryou.teikyouseido.mhlw.go.jp/znk-web/juminkanja/S2430/initialize?prefCd=20&kikanCd=2205953240&kikanKbn=2", "url2": "http://www.hotaka-heart-clinic.jp", "内容": "穂高ハートクリニック【2:診療所】【診療科目:内科_外科_小児科】長野県安曇野市穂高有明９３９５－１" }, "geometry": { "type": "Point", "coordinates": [ 137.867973, 36.344975 ] } },
{ "type": "Feature", "properties": { "ID": 2022205953370, "正式名称": "はたクリニック", "機関区分": 2, "都道府県コード": 20, "市区町村コード": 202, "所在地": "長野県松本市開智２－３－４８－６", "緯度": 36.241739, "経度": 137.971023, "url": "https://www.iryou.teikyouseido.mhlw.go.jp/znk-web/juminkanja/S2430/initialize?prefCd=20&kikanCd=2205953370&kikanKbn=2", "url2": "http://hataclinic.com", "内容": "はたクリニック【2:診療所】【診療科目:内科_外科】長野県松本市開智２－３－４８－６" }, "geometry": { "type": "Point", "coordinates": [ 137.971023, 36.241739 ] } },
{ "type": "Feature", "properties": { "ID": 2022205953530, "正式名称": "永田眼科医院", "機関区分": 2, "都道府県コード": 20, "市区町村コード": 202, "所在地": "長野県松本市島立７２１－３０", "緯度": 36.23735, "経度": 137.951859, "url": "https://www.iryou.teikyouseido.mhlw.go.jp/znk-web/juminkanja/S2430/initialize?prefCd=20&kikanCd=2205953530&kikanKbn=2", "url2": "https://nagata-eye.sakura.ne.jp/", "内容": "永田眼科医院【2:診療所】【診療科目:眼科】長野県松本市島立７２１－３０" }, "geometry": { "type": "Point", "coordinates": [ 137.951859, 36.23735 ] } },
{ "type": "Feature", "properties": { "ID": 2022205953790, "正式名称": "松塩クリニック透析センター", "機関区分": 2, "都道府県コード": 20, "市区町村コード": 202, "所在地": "長野県松本市村井町北１丁目９番７８号", "緯度": 36.184078, "経度": 137.962133, "url": "https://www.iryou.teikyouseido.mhlw.go.jp/znk-web/juminkanja/S2430/initialize?prefCd=20&kikanCd=2205953790&kikanKbn=2", "url2": "http://www.kongo.or.jp", "内容": "松塩クリニック透析センター【2:診療所】【診療科目:内科】長野県松本市村井町北１丁目９番７８号" }, "geometry": { "type": "Point", "coordinates": [ 137.962133, 36.184078 ] } },
{ "type": "Feature", "properties": { "ID": 2022205953820, "正式名称": "小口内科医院", "機関区分": 2, "都道府県コード": 20, "市区町村コード": 215, "所在地": "長野県塩尻市大門８６８－２１７", "緯度": 36.11717, "経度": 137.944753, "url": "https://www.iryou.teikyouseido.mhlw.go.jp/znk-web/juminkanja/S2430/initialize?prefCd=20&kikanCd=2205953820&kikanKbn=2", "url2": "http://oguchinaika.sakura.ne.jp/", "内容": "小口内科医院【2:診療所】【診療科目:内科】長野県塩尻市大門８６８－２１７" }, "geometry": { "type": "Point", "coordinates": [ 137.944753, 36.11717 ] } },
{ "type": "Feature", "properties": { "ID": 2022205954410, "正式名称": "柿澤内科医院", "機関区分": 2, "都道府県コード": 20, "市区町村コード": 202, "所在地": "長野県松本市蟻ケ崎４－２－１", "緯度": 36.245433, "経度": 137.964607, "url": "https://www.iryou.teikyouseido.mhlw.go.jp/znk-web/juminkanja/S2430/initialize?prefCd=20&kikanCd=2205954410&kikanKbn=2", "url2": "http://www.kakizawa-naika.jp/", "内容": "柿澤内科医院【2:診療所】【診療科目:糖尿病内科_内分泌内科】長野県松本市蟻ケ崎４－２－１" }, "geometry": { "type": "Point", "coordinates": [ 137.964607, 36.245433 ] } },
{ "type": "Feature", "properties": { "ID": 2022205954830, "正式名称": "さがみ屋泌尿器科クリニック", "機関区分": 2, "都道府県コード": 20, "市区町村コード": 202, "所在地": "長野県松本市桐３－４－１０", "緯度": 36.254377, "経度": 137.972078, "url": "https://www.iryou.teikyouseido.mhlw.go.jp/znk-web/juminkanja/S2430/initialize?prefCd=20&kikanCd=2205954830&kikanKbn=2", "url2": "http://www.sagamiya-clinic.jp/", "内容": "さがみ屋泌尿器科クリニック【2:診療所】【診療科目:泌尿器科_女性泌尿器科】長野県松本市桐３－４－１０" }, "geometry": { "type": "Point", "coordinates": [ 137.972078, 36.254377 ] } },
{ "type": "Feature", "properties": { "ID": 2022205954960, "正式名称": "宮本内科クリニック", "機関区分": 2, "都道府県コード": 20, "市区町村コード": 202, "所在地": "長野県松本市両島１ー６", "緯度": 36.223352, "経度": 137.950082, "url": "https://www.iryou.teikyouseido.mhlw.go.jp/znk-web/juminkanja/S2430/initialize?prefCd=20&kikanCd=2205954960&kikanKbn=2", "url2": "https://www.miyamotonaika-clinic.com", "内容": "宮本内科クリニック【2:診療所】【診療科目:内科_糖尿病・内分泌内科_小児甲状腺　小児低身長　小児肥満】長野県松本市両島１ー６" }, "geometry": { "type": "Point", "coordinates": [ 137.950082, 36.223352 ] } },
{ "type": "Feature", "properties": { "ID": 2022205955130, "正式名称": "太田皮膚科クリニック", "機関区分": 2, "都道府県コード": 20, "市区町村コード": 220, "所在地": "長野県安曇野市堀金烏川", "緯度": 36.301063, "経度": 137.876557, "url": "https://www.iryou.teikyouseido.mhlw.go.jp/znk-web/juminkanja/S2430/initialize?prefCd=20&kikanCd=2205955130&kikanKbn=2", "url2": "http://www.ohta-hifuka.com/", "内容": "太田皮膚科クリニック【2:診療所】【診療科目:皮膚科】長野県安曇野市堀金烏川" }, "geometry": { "type": "Point", "coordinates": [ 137.876557, 36.301063 ] } },
{ "type": "Feature", "properties": { "ID": 2022205955420, "正式名称": "ミモザマンマクリニック", "機関区分": 2, "都道府県コード": 20, "市区町村コード": 202, "所在地": "長野県松本市中央３丁目７番８号", "緯度": 36.232296, "経度": 137.972829, "url": "https://www.iryou.teikyouseido.mhlw.go.jp/znk-web/juminkanja/S2430/initialize?prefCd=20&kikanCd=2205955420&kikanKbn=2", "url2": "http://www.mimoza-manma.jp", "内容": "ミモザマンマクリニック【2:診療所】【診療科目:乳腺外科_乳腺・内分泌外科_女性乳腺外科】長野県松本市中央３丁目７番８号" }, "geometry": { "type": "Point", "coordinates": [ 137.972829, 36.232296 ] } },
{ "type": "Feature", "properties": { "ID": 2022205955550, "正式名称": "上條医院耳鼻咽喉科", "機関区分": 2, "都道府県コード": 20, "市区町村コード": 215, "所在地": "長野県塩尻市大門泉町", "緯度": 36.117864, "経度": 137.958529, "url": "https://www.iryou.teikyouseido.mhlw.go.jp/znk-web/juminkanja/S2430/initialize?prefCd=20&kikanCd=2205955550&kikanKbn=2", "url2": "http://www.kamijo-ent.com", "内容": "上條医院耳鼻咽喉科【2:診療所】【診療科目:頭頸部外科_耳鼻いんこう科_頭頸部・耳鼻いんこう科】長野県塩尻市大門泉町" }, "geometry": { "type": "Point", "coordinates": [ 137.958529, 36.117864 ] } },
{ "type": "Feature", "properties": { "ID": 2022205955680, "正式名称": "医療法人篠﨑医院", "機関区分": 2, "都道府県コード": 20, "市区町村コード": 202, "所在地": "長野県松本市中央２丁目１番２４号　五幸本町ビル４階", "緯度": 36.23174, "経度": 137.968913, "url": "https://www.iryou.teikyouseido.mhlw.go.jp/znk-web/juminkanja/S2430/initialize?prefCd=20&kikanCd=2205955680&kikanKbn=2", "url2": "https://soegi.com", "内容": "医療法人篠﨑医院【2:診療所】【診療科目:精神科_心療内科】長野県松本市中央２丁目１番２４号　五幸本町ビル４階" }, "geometry": { "type": "Point", "coordinates": [ 137.968913, 36.23174 ] } },
{ "type": "Feature", "properties": { "ID": 2022205955840, "正式名称": "山形整形外科クリニック", "機関区分": 2, "都道府県コード": 20, "市区町村コード": 450, "所在地": "長野県東筑摩郡山形村３９２６−１", "緯度": 36.167218, "経度": 137.878451, "url": "https://www.iryou.teikyouseido.mhlw.go.jp/znk-web/juminkanja/S2430/initialize?prefCd=20&kikanCd=2205955840&kikanKbn=2", "url2": "http://yamagata-seikei.moo.jp/", "内容": "山形整形外科クリニック【2:診療所】【診療科目:整形外科_リハビリテーション科】長野県東筑摩郡山形村３９２６−１" }, "geometry": { "type": "Point", "coordinates": [ 137.878451, 36.167218 ] } },
{ "type": "Feature", "properties": { "ID": 2022205955970, "正式名称": "宜保内科消化器・肝臓内科クリニック", "機関区分": 2, "都道府県コード": 20, "市区町村コード": 202, "所在地": "長野県松本市村井町南１－３４－２０", "緯度": 36.174913, "経度": 137.958333, "url": "https://www.iryou.teikyouseido.mhlw.go.jp/znk-web/juminkanja/S2430/initialize?prefCd=20&kikanCd=2205955970&kikanKbn=2", "url2": "https://www.gibo-clinic.com", "内容": "宜保内科消化器・肝臓内科クリニック【2:診療所】【診療科目:内科_消化器内科_肝臓内科】長野県松本市村井町南１－３４－２０" }, "geometry": { "type": "Point", "coordinates": [ 137.958333, 36.174913 ] } },
{ "type": "Feature", "properties": { "ID": 2022205956140, "正式名称": "社会医療法人財団慈泉会　地域在宅医療支援センター　塩尻診療所", "機関区分": 2, "都道府県コード": 20, "市区町村コード": 215, "所在地": "長野県塩尻市大門７９番２", "緯度": 36.114948, "経度": 137.943836, "url": "https://www.iryou.teikyouseido.mhlw.go.jp/znk-web/juminkanja/S2430/initialize?prefCd=20&kikanCd=2205956140&kikanKbn=2", "url2": "https://jisenkai.aizawahospital.jp/home_medical/", "内容": "社会医療法人財団慈泉会　地域在宅医療支援センター　塩尻診療所【2:診療所】【診療科目:内科】長野県塩尻市大門７９番２" }, "geometry": { "type": "Point", "coordinates": [ 137.943836, 36.114948 ] } },
{ "type": "Feature", "properties": { "ID": 2022205956270, "正式名称": "たきざわ脳神経外科クリニック", "機関区分": 2, "都道府県コード": 20, "市区町村コード": 202, "所在地": "長野県松本市村井町南２丁目１番１０号", "緯度": 36.181357, "経度": 137.964137, "url": "https://www.iryou.teikyouseido.mhlw.go.jp/znk-web/juminkanja/S2430/initialize?prefCd=20&kikanCd=2205956270&kikanKbn=2", "url2": "http://www.takizawa-clinic.jp/", "内容": "たきざわ脳神経外科クリニック【2:診療所】【診療科目:脳神経外科】長野県松本市村井町南２丁目１番１０号" }, "geometry": { "type": "Point", "coordinates": [ 137.964137, 36.181357 ] } },
{ "type": "Feature", "properties": { "ID": 2022205956560, "正式名称": "小林耳鼻咽喉科医院", "機関区分": 2, "都道府県コード": 20, "市区町村コード": 202, "所在地": "長野県松本市島内３４２７ー１９", "緯度": 36.236628, "経度": 137.940137, "url": "https://www.iryou.teikyouseido.mhlw.go.jp/znk-web/juminkanja/S2430/initialize?prefCd=20&kikanCd=2205956560&kikanKbn=2", "url2": "https://www.koba-jibiinkouka.com", "内容": "小林耳鼻咽喉科医院【2:診療所】【診療科目:耳鼻いんこう科_アレルギー科】長野県松本市島内３４２７ー１９" }, "geometry": { "type": "Point", "coordinates": [ 137.940137, 36.236628 ] } },
{ "type": "Feature", "properties": { "ID": 2022205957020, "正式名称": "医療法人慶和会花村医院", "機関区分": 2, "都道府県コード": 20, "市区町村コード": 202, "所在地": "長野県松本市新村２４７番地１", "緯度": 36.217991, "経度": 137.923223, "url": "https://www.iryou.teikyouseido.mhlw.go.jp/znk-web/juminkanja/S2430/initialize?prefCd=20&kikanCd=2205957020&kikanKbn=2", "url2": null, "内容": "医療法人慶和会花村医院【2:診療所】【診療科目:内科_小児科】長野県松本市新村２４７番地１" }, "geometry": { "type": "Point", "coordinates": [ 137.923223, 36.217991 ] } },
{ "type": "Feature", "properties": { "ID": 2022205957280, "正式名称": "天祐堂　松林医院", "機関区分": 2, "都道府県コード": 20, "市区町村コード": 452, "所在地": "長野県東筑摩郡筑北村西条３８６８番地１", "緯度": 36.405444, "経度": 138.011569, "url": "https://www.iryou.teikyouseido.mhlw.go.jp/znk-web/juminkanja/S2430/initialize?prefCd=20&kikanCd=2205957280&kikanKbn=2", "url2": "http://www.ten-yu-do.jp", "内容": "天祐堂　松林医院【2:診療所】【診療科目:内科_外科_整形外科_リハビリテーション科】長野県東筑摩郡筑北村西条３８６８番地１" }, "geometry": { "type": "Point", "coordinates": [ 138.011569, 36.405444 ] } },
{ "type": "Feature", "properties": { "ID": 2022205957990, "正式名称": "ひまわりクリニック", "機関区分": 2, "都道府県コード": 20, "市区町村コード": 202, "所在地": "長野県松本市並柳２－１４－１８", "緯度": 36.211049, "経度": 137.97708, "url": "https://www.iryou.teikyouseido.mhlw.go.jp/znk-web/juminkanja/S2430/initialize?prefCd=20&kikanCd=2205957990&kikanKbn=2", "url2": null, "内容": "ひまわりクリニック【2:診療所】【診療科目:耳鼻いんこう科】長野県松本市並柳２－１４－１８" }, "geometry": { "type": "Point", "coordinates": [ 137.97708, 36.211049 ] } },
{ "type": "Feature", "properties": { "ID": 2022205958160, "正式名称": "中村内科小児科医院", "機関区分": 2, "都道府県コード": 20, "市区町村コード": 202, "所在地": "長野県松本市出川町１８－２０", "緯度": 36.208438, "経度": 137.970469, "url": "https://www.iryou.teikyouseido.mhlw.go.jp/znk-web/juminkanja/S2430/initialize?prefCd=20&kikanCd=2205958160&kikanKbn=2", "url2": null, "内容": "中村内科小児科医院【2:診療所】【診療科目:内科_小児科】長野県松本市出川町１８－２０" }, "geometry": { "type": "Point", "coordinates": [ 137.970469, 36.208438 ] } },
{ "type": "Feature", "properties": { "ID": 2022205958290, "正式名称": "ヴェリタス掘金診療所", "機関区分": 2, "都道府県コード": 20, "市区町村コード": 220, "所在地": "長野県安曇野市堀金烏川５０２９", "緯度": 36.296758, "経度": 137.875863, "url": "https://www.iryou.teikyouseido.mhlw.go.jp/znk-web/juminkanja/S2430/initialize?prefCd=20&kikanCd=2205958290&kikanKbn=2", "url2": "http://www.veritas-horigane.com", "内容": "ヴェリタス掘金診療所【2:診療所】【診療科目:内科_外科】長野県安曇野市堀金烏川５０２９" }, "geometry": { "type": "Point", "coordinates": [ 137.875863, 36.296758 ] } },
{ "type": "Feature", "properties": { "ID": 2022205958870, "正式名称": "肛門外科渡辺医院", "機関区分": 2, "都道府県コード": 20, "市区町村コード": 202, "所在地": "長野県松本市村井町北一丁目２番５０号", "緯度": 36.186301, "経度": 137.962276, "url": "https://www.iryou.teikyouseido.mhlw.go.jp/znk-web/juminkanja/S2430/initialize?prefCd=20&kikanCd=2205958870&kikanKbn=2", "url2": "http://watanabe-clinic.main.jp", "内容": "肛門外科渡辺医院【2:診療所】【診療科目:外科_肛門外科_麻酔科】長野県松本市村井町北一丁目２番５０号" }, "geometry": { "type": "Point", "coordinates": [ 137.962276, 36.186301 ] } },
{ "type": "Feature", "properties": { "ID": 2022205958900, "正式名称": "ふるや内科クリニック", "機関区分": 2, "都道府県コード": 20, "市区町村コード": 215, "所在地": "長野県塩尻市大門四番町", "緯度": 36.10906, "経度": 137.960613, "url": "https://www.iryou.teikyouseido.mhlw.go.jp/znk-web/juminkanja/S2430/initialize?prefCd=20&kikanCd=2205958900&kikanKbn=2", "url2": "http://www.furuyaclinic.jp/", "内容": "ふるや内科クリニック【2:診療所】【診療科目:内科_呼吸器内科】長野県塩尻市大門四番町" }, "geometry": { "type": "Point", "coordinates": [ 137.960613, 36.10906 ] } },
{ "type": "Feature", "properties": { "ID": 2022205959040, "正式名称": "相野田医院", "機関区分": 2, "都道府県コード": 20, "市区町村コード": 202, "所在地": "長野県松本市本庄１丁目３番６号", "緯度": 36.22713, "経度": 137.969802, "url": "https://www.iryou.teikyouseido.mhlw.go.jp/znk-web/juminkanja/S2430/initialize?prefCd=20&kikanCd=2205959040&kikanKbn=2", "url2": "http://ainodaiin.byoinnavi.jp/pc/", "内容": "相野田医院【2:診療所】【診療科目:内科】長野県松本市本庄１丁目３番６号" }, "geometry": { "type": "Point", "coordinates": [ 137.969802, 36.22713 ] } },
{ "type": "Feature", "properties": { "ID": 2022205959330, "正式名称": "小口耳鼻咽喉科医院", "機関区分": 2, "都道府県コード": 20, "市区町村コード": 202, "所在地": "長野県松本市浅間温泉１の２４の６", "緯度": 36.259978, "経度": 137.984688, "url": "https://www.iryou.teikyouseido.mhlw.go.jp/znk-web/juminkanja/S2430/initialize?prefCd=20&kikanCd=2205959330&kikanKbn=2", "url2": "http://www.oguchi-ent.jp", "内容": "小口耳鼻咽喉科医院【2:診療所】【診療科目:耳鼻いんこう科_アレルギー科】長野県松本市浅間温泉１の２４の６" }, "geometry": { "type": "Point", "coordinates": [ 137.984688, 36.259978 ] } },
{ "type": "Feature", "properties": { "ID": 2022205959460, "正式名称": "小岩井内科クリニック", "機関区分": 2, "都道府県コード": 20, "市区町村コード": 202, "所在地": "長野県松本市新村２９２７－１１", "緯度": 36.225545, "経度": 137.920862, "url": "https://www.iryou.teikyouseido.mhlw.go.jp/znk-web/juminkanja/S2430/initialize?prefCd=20&kikanCd=2205959460&kikanKbn=2", "url2": null, "内容": "小岩井内科クリニック【2:診療所】【診療科目:内科】長野県松本市新村２９２７－１１" }, "geometry": { "type": "Point", "coordinates": [ 137.920862, 36.225545 ] } },
{ "type": "Feature", "properties": { "ID": 2022205959590, "正式名称": "みゆきの坂風上がりクリニック", "機関区分": 2, "都道府県コード": 20, "市区町村コード": 202, "所在地": "長野県松本市寿中１－９－２３", "緯度": 36.184968, "経度": 137.968831, "url": "https://www.iryou.teikyouseido.mhlw.go.jp/znk-web/juminkanja/S2430/initialize?prefCd=20&kikanCd=2205959590&kikanKbn=2", "url2": "https://kazeagari.com/", "内容": "みゆきの坂風上がりクリニック【2:診療所】【診療科目:皮膚科_美容皮膚科】長野県松本市寿中１－９－２３" }, "geometry": { "type": "Point", "coordinates": [ 137.968831, 36.184968 ] } },
{ "type": "Feature", "properties": { "ID": 2022205959620, "正式名称": "柏原クリニック", "機関区分": 2, "都道府県コード": 20, "市区町村コード": 220, "所在地": "長野県安曇野市穂高柏原４５６５番地１", "緯度": 36.310218, "経度": 137.873807, "url": "https://www.iryou.teikyouseido.mhlw.go.jp/znk-web/juminkanja/S2430/initialize?prefCd=20&kikanCd=2205959620&kikanKbn=2", "url2": "https://kongo.or.jp/", "内容": "柏原クリニック【2:診療所】【診療科目:内科】長野県安曇野市穂高柏原４５６５番地１" }, "geometry": { "type": "Point", "coordinates": [ 137.873807, 36.310218 ] } },
{ "type": "Feature", "properties": { "ID": 2022205959750, "正式名称": "谷川整形外科クリニック", "機関区分": 2, "都道府県コード": 20, "市区町村コード": 202, "所在地": "長野県松本市里山辺１２０９０－１", "緯度": 36.231741, "経度": 137.98805, "url": "https://www.iryou.teikyouseido.mhlw.go.jp/znk-web/juminkanja/S2430/initialize?prefCd=20&kikanCd=2205959750&kikanKbn=2", "url2": "http://tanikawaseikei.jp/", "内容": "谷川整形外科クリニック【2:診療所】【診療科目:整形外科_リウマチ科】長野県松本市里山辺１２０９０－１" }, "geometry": { "type": "Point", "coordinates": [ 137.98805, 36.231741 ] } },
{ "type": "Feature", "properties": { "ID": 2022205959880, "正式名称": "紺谷泌尿器科クリニック", "機関区分": 2, "都道府県コード": 20, "市区町村コード": 202, "所在地": "長野県松本市平田西１ー３１ー２", "緯度": 36.195467, "経度": 137.960304, "url": "https://www.iryou.teikyouseido.mhlw.go.jp/znk-web/juminkanja/S2430/initialize?prefCd=20&kikanCd=2205959880&kikanKbn=2", "url2": "https://www.kontani-clinic.net/", "内容": "紺谷泌尿器科クリニック【2:診療所】【診療科目:泌尿器科】長野県松本市平田西１ー３１ー２" }, "geometry": { "type": "Point", "coordinates": [ 137.960304, 36.195467 ] } },
{ "type": "Feature", "properties": { "ID": 2022205959910, "正式名称": "やまぐちクリニック", "機関区分": 2, "都道府県コード": 20, "市区町村コード": 202, "所在地": "長野県松本市岡田松岡", "緯度": 36.261237, "経度": 137.9718, "url": "https://www.iryou.teikyouseido.mhlw.go.jp/znk-web/juminkanja/S2430/initialize?prefCd=20&kikanCd=2205959910&kikanKbn=2", "url2": "https://www.yamaguchi-medical-clinic.com", "内容": "やまぐちクリニック【2:診療所】【診療科目:内科_呼吸器内科_アレルギー科】長野県松本市岡田松岡" }, "geometry": { "type": "Point", "coordinates": [ 137.9718, 36.261237 ] } },
{ "type": "Feature", "properties": { "ID": 2022205960310, "正式名称": "せき整形外科", "機関区分": 2, "都道府県コード": 20, "市区町村コード": 202, "所在地": "長野県松本市岡田松岡１２１－３", "緯度": 36.261237, "経度": 137.9718, "url": "https://www.iryou.teikyouseido.mhlw.go.jp/znk-web/juminkanja/S2430/initialize?prefCd=20&kikanCd=2205960310&kikanKbn=2", "url2": "http://www.seki-seikeigeka.jp", "内容": "せき整形外科【2:診療所】【診療科目:整形外科_リウマチ科】長野県松本市岡田松岡１２１－３" }, "geometry": { "type": "Point", "coordinates": [ 137.9718, 36.261237 ] } },
{ "type": "Feature", "properties": { "ID": 2022205960600, "正式名称": "こやま内科クリニック", "機関区分": 2, "都道府県コード": 20, "市区町村コード": 202, "所在地": "長野県松本市北深志２－３－２９", "緯度": 36.242878, "経度": 137.97269, "url": "https://www.iryou.teikyouseido.mhlw.go.jp/znk-web/juminkanja/S2430/initialize?prefCd=20&kikanCd=2205960600&kikanKbn=2", "url2": null, "内容": "こやま内科クリニック【2:診療所】【診療科目:内科】長野県松本市北深志２－３－２９" }, "geometry": { "type": "Point", "coordinates": [ 137.97269, 36.242878 ] } },
{ "type": "Feature", "properties": { "ID": 2022205960730, "正式名称": "こしはら内科クリニック", "機関区分": 2, "都道府県コード": 20, "市区町村コード": 215, "所在地": "長野県塩尻市広丘吉田　５５１－５", "緯度": 36.163053, "経度": 137.956528, "url": "https://www.iryou.teikyouseido.mhlw.go.jp/znk-web/juminkanja/S2430/initialize?prefCd=20&kikanCd=2205960730&kikanKbn=2", "url2": "http://koshiharaclinic.jp/", "内容": "こしはら内科クリニック【2:診療所】【診療科目:内科_神経内科】長野県塩尻市広丘吉田　５５１－５" }, "geometry": { "type": "Point", "coordinates": [ 137.956528, 36.163053 ] } },
{ "type": "Feature", "properties": { "ID": 2022205961320, "正式名称": "赤羽医院", "機関区分": 2, "都道府県コード": 20, "市区町村コード": 202, "所在地": "長野県松本市深志２ー９ー５", "緯度": 36.229296, "経度": 137.964469, "url": "https://www.iryou.teikyouseido.mhlw.go.jp/znk-web/juminkanja/S2430/initialize?prefCd=20&kikanCd=2205961320&kikanKbn=2", "url2": "akahane-clinic.jp", "内容": "赤羽医院【2:診療所】【診療科目:消化器内科_外科】長野県松本市深志２ー９ー５" }, "geometry": { "type": "Point", "coordinates": [ 137.964469, 36.229296 ] } },
{ "type": "Feature", "properties": { "ID": 2022205961580, "正式名称": "みやいりクリニック", "機関区分": 2, "都道府県コード": 20, "市区町村コード": 202, "所在地": "長野県松本市井川城二丁目１６番１２号", "緯度": 36.222741, "経度": 137.964969, "url": "https://www.iryou.teikyouseido.mhlw.go.jp/znk-web/juminkanja/S2430/initialize?prefCd=20&kikanCd=2205961580&kikanKbn=2", "url2": "http://www.miyairi-clinic.jp", "内容": "みやいりクリニック【2:診療所】【診療科目:外科_消化器外科】長野県松本市井川城二丁目１６番１２号" }, "geometry": { "type": "Point", "coordinates": [ 137.964969, 36.222741 ] } },
{ "type": "Feature", "properties": { "ID": 2022205961610, "正式名称": "ほりうちレディースクリニック", "機関区分": 2, "都道府県コード": 20, "市区町村コード": 202, "所在地": "長野県松本市筑摩１丁目１６―３", "緯度": 36.222714, "経度": 137.978135, "url": "https://www.iryou.teikyouseido.mhlw.go.jp/znk-web/juminkanja/S2430/initialize?prefCd=20&kikanCd=2205961610&kikanKbn=2", "url2": "http://horiuchi.ladies.com", "内容": "ほりうちレディースクリニック【2:診療所】【診療科目:産科_婦人科】長野県松本市筑摩１丁目１６―３" }, "geometry": { "type": "Point", "coordinates": [ 137.978135, 36.222714 ] } },
{ "type": "Feature", "properties": { "ID": 2022205961740, "正式名称": "ももせクリニック", "機関区分": 2, "都道府県コード": 20, "市区町村コード": 220, "所在地": "長野県安曇野市三郷温２６４５－３", "緯度": 36.2484, "経度": 137.891619, "url": "https://www.iryou.teikyouseido.mhlw.go.jp/znk-web/juminkanja/S2430/initialize?prefCd=20&kikanCd=2205961740&kikanKbn=2", "url2": "http://www.momo-kuri.jp", "内容": "ももせクリニック【2:診療所】【診療科目:内科_小児科_リハビリテーション科】長野県安曇野市三郷温２６４５－３" }, "geometry": { "type": "Point", "coordinates": [ 137.891619, 36.2484 ] } },
{ "type": "Feature", "properties": { "ID": 2022205961870, "正式名称": "浅田記念クリニック", "機関区分": 2, "都道府県コード": 20, "市区町村コード": 202, "所在地": "長野県松本市島立３８７９番地４", "緯度": 36.216644, "経度": 137.938615, "url": "https://www.iryou.teikyouseido.mhlw.go.jp/znk-web/juminkanja/S2430/initialize?prefCd=20&kikanCd=2205961870&kikanKbn=2", "url2": "http://asadamc.jp", "内容": "浅田記念クリニック【2:診療所】【診療科目:内科_循環器内科】長野県松本市島立３８７９番地４" }, "geometry": { "type": "Point", "coordinates": [ 137.938615, 36.216644 ] } },
{ "type": "Feature", "properties": { "ID": 2022205961900, "正式名称": "安曇野ななき診療所", "機関区分": 2, "都道府県コード": 20, "市区町村コード": 220, "所在地": "長野県安曇野市明科七貴４５８８－１", "緯度": 36.359779, "経度": 137.901386, "url": "https://www.iryou.teikyouseido.mhlw.go.jp/znk-web/juminkanja/S2430/initialize?prefCd=20&kikanCd=2205961900&kikanKbn=2", "url2": null, "内容": "安曇野ななき診療所【2:診療所】【診療科目:内科_精神科_心療内科】長野県安曇野市明科七貴４５８８－１" }, "geometry": { "type": "Point", "coordinates": [ 137.901386, 36.359779 ] } },
{ "type": "Feature", "properties": { "ID": 2022205962170, "正式名称": "松本市安曇大野川診療所", "機関区分": 2, "都道府県コード": 20, "市区町村コード": 202, "所在地": "長野県松本市安曇３９９２－１", "緯度": 36.238101, "経度": 137.971996, "url": "https://www.iryou.teikyouseido.mhlw.go.jp/znk-web/juminkanja/S2430/initialize?prefCd=20&kikanCd=2205962170&kikanKbn=2", "url2": null, "内容": "松本市安曇大野川診療所【2:診療所】【診療科目:内科_歯科】長野県松本市安曇３９９２－１" }, "geometry": { "type": "Point", "coordinates": [ 137.971996, 36.238101 ] } },
{ "type": "Feature", "properties": { "ID": 2022205962200, "正式名称": "松本市安曇島々診療所", "機関区分": 2, "都道府県コード": 20, "市区町村コード": 202, "所在地": "長野県松本市安曇１０６１－１", "緯度": 36.238101, "経度": 137.971996, "url": "https://www.iryou.teikyouseido.mhlw.go.jp/znk-web/juminkanja/S2430/initialize?prefCd=20&kikanCd=2205962200&kikanKbn=2", "url2": null, "内容": "松本市安曇島々診療所【2:診療所】【診療科目:内科_歯科】長野県松本市安曇１０６１－１" }, "geometry": { "type": "Point", "coordinates": [ 137.971996, 36.238101 ] } },
{ "type": "Feature", "properties": { "ID": 2022205962880, "正式名称": "石田医院", "機関区分": 2, "都道府県コード": 20, "市区町村コード": 220, "所在地": "長野県安曇野市豊科", "緯度": 36.29845, "経度": 137.900923, "url": "https://www.iryou.teikyouseido.mhlw.go.jp/znk-web/juminkanja/S2430/initialize?prefCd=20&kikanCd=2205962880&kikanKbn=2", "url2": "http://starmemory.a.la9.jp/", "内容": "石田医院【2:診療所】【診療科目:内科_消化器内科_外科】長野県安曇野市豊科" }, "geometry": { "type": "Point", "coordinates": [ 137.900923, 36.29845 ] } },
{ "type": "Feature", "properties": { "ID": 2022205963340, "正式名称": "なのはな　みみ・はな・のどクリニック", "機関区分": 2, "都道府県コード": 20, "市区町村コード": 202, "所在地": "長野県松本市中央４丁目９番５１号", "緯度": 36.233047, "経度": 137.978358, "url": "https://www.iryou.teikyouseido.mhlw.go.jp/znk-web/juminkanja/S2430/initialize?prefCd=20&kikanCd=2205963340&kikanKbn=2", "url2": "http://www.nanohana-clinic.com", "内容": "なのはな　みみ・はな・のどクリニック【2:診療所】【診療科目:耳鼻いんこう科_アレルギー科】長野県松本市中央４丁目９番５１号" }, "geometry": { "type": "Point", "coordinates": [ 137.978358, 36.233047 ] } },
{ "type": "Feature", "properties": { "ID": 2022205963630, "正式名称": "松本市四賀の里クリニック", "機関区分": 2, "都道府県コード": 20, "市区町村コード": 202, "所在地": "長野県松本市会田１５３５番地１", "緯度": 36.348228, "経度": 137.993444, "url": "https://www.iryou.teikyouseido.mhlw.go.jp/znk-web/juminkanja/S2430/initialize?prefCd=20&kikanCd=2205963630&kikanKbn=2", "url2": "https://www.city.matsumoto.nagano.jp/shisei/buka/byouin/aida_Hospital.html", "内容": "松本市四賀の里クリニック【2:診療所】【診療科目:内科_外科】長野県松本市会田１５３５番地１" }, "geometry": { "type": "Point", "coordinates": [ 137.993444, 36.348228 ] } },
{ "type": "Feature", "properties": { "ID": 2022205963760, "正式名称": "さくら血管病クリニック", "機関区分": 2, "都道府県コード": 20, "市区町村コード": 202, "所在地": "長野県松本市島立３２８－１", "緯度": 36.231672, "経度": 137.949339, "url": "https://www.iryou.teikyouseido.mhlw.go.jp/znk-web/juminkanja/S2430/initialize?prefCd=20&kikanCd=2205963760&kikanKbn=2", "url2": "http://sakura-vascular.com", "内容": "さくら血管病クリニック【2:診療所】【診療科目:外科_循環器外科】長野県松本市島立３２８－１" }, "geometry": { "type": "Point", "coordinates": [ 137.949339, 36.231672 ] } },
{ "type": "Feature", "properties": { "ID": 2022205963890, "正式名称": "鈴木医院", "機関区分": 2, "都道府県コード": 20, "市区町村コード": 202, "所在地": "長野県松本市深志", "緯度": 36.228625, "経度": 137.975928, "url": "https://www.iryou.teikyouseido.mhlw.go.jp/znk-web/juminkanja/S2430/initialize?prefCd=20&kikanCd=2205963890&kikanKbn=2", "url2": null, "内容": "鈴木医院【2:診療所】【診療科目:内科】長野県松本市深志" }, "geometry": { "type": "Point", "coordinates": [ 137.975928, 36.228625 ] } },
{ "type": "Feature", "properties": { "ID": 2022205963920, "正式名称": "つかはらペインクリニック", "機関区分": 2, "都道府県コード": 20, "市区町村コード": 202, "所在地": "長野県松本市双葉５ー２０イオン南松本店２階", "緯度": 36.208273, "経度": 137.966538, "url": "https://www.iryou.teikyouseido.mhlw.go.jp/znk-web/juminkanja/S2430/initialize?prefCd=20&kikanCd=2205963920&kikanKbn=2", "url2": "https://pain-clinic.jp", "内容": "つかはらペインクリニック【2:診療所】【診療科目:麻酔科】長野県松本市双葉５ー２０イオン南松本店２階" }, "geometry": { "type": "Point", "coordinates": [ 137.966538, 36.208273 ] } },
{ "type": "Feature", "properties": { "ID": 2022205964060, "正式名称": "医療法人　武田内科クリニック", "機関区分": 2, "都道府県コード": 20, "市区町村コード": 220, "所在地": "長野県安曇野市穂高柏原１１２６－１６", "緯度": 36.321333, "経度": 137.884175, "url": "https://www.iryou.teikyouseido.mhlw.go.jp/znk-web/juminkanja/S2430/initialize?prefCd=20&kikanCd=2205964060&kikanKbn=2", "url2": "http://www.takeda-naikaclinic.com", "内容": "医療法人　武田内科クリニック【2:診療所】【診療科目:内科_糖尿病内科_内分泌内科】長野県安曇野市穂高柏原１１２６－１６" }, "geometry": { "type": "Point", "coordinates": [ 137.884175, 36.321333 ] } },
{ "type": "Feature", "properties": { "ID": 2022205964350, "正式名称": "なごみ皮膚科クリニック", "機関区分": 2, "都道府県コード": 20, "市区町村コード": 202, "所在地": "長野県松本市寿中２丁目１５６８－１", "緯度": 36.17943, "経度": 137.969512, "url": "https://www.iryou.teikyouseido.mhlw.go.jp/znk-web/juminkanja/S2430/initialize?prefCd=20&kikanCd=2205964350&kikanKbn=2", "url2": "https://nagomi-iijima.com", "内容": "なごみ皮膚科クリニック【2:診療所】【診療科目:皮膚科】長野県松本市寿中２丁目１５６８－１" }, "geometry": { "type": "Point", "coordinates": [ 137.969512, 36.17943 ] } },
{ "type": "Feature", "properties": { "ID": 2022205964480, "正式名称": "ふじた形成外科・皮膚科クリニック", "機関区分": 2, "都道府県コード": 20, "市区町村コード": 202, "所在地": "長野県松本市中央４丁目９番５１号イオンモール松本晴庭３Ｆ", "緯度": 36.2341348, "経度": 137.9785177, "url": "https://www.iryou.teikyouseido.mhlw.go.jp/znk-web/juminkanja/S2430/initialize?prefCd=20&kikanCd=2205964480&kikanKbn=2", "url2": "https://fujita-keisei.jp/", "内容": "ふじた形成外科・皮膚科クリニック【2:診療所】【診療科目:形成外科_皮膚科】長野県松本市中央４丁目９番５１号イオンモール松本晴庭３Ｆ" }, "geometry": { "type": "Point", "coordinates": [ 137.9785177, 36.2341348 ] } },
{ "type": "Feature", "properties": { "ID": 2022205964510, "正式名称": "しおはら小児科・皮膚科クリニック", "機関区分": 2, "都道府県コード": 20, "市区町村コード": 215, "所在地": "長野県塩尻市広丘郷原", "緯度": 36.120818, "経度": 137.94293, "url": "https://www.iryou.teikyouseido.mhlw.go.jp/znk-web/juminkanja/S2430/initialize?prefCd=20&kikanCd=2205964510&kikanKbn=2", "url2": "https://www.shiohara-clinic.com", "内容": "しおはら小児科・皮膚科クリニック【2:診療所】【診療科目:小児科_児童精神科_皮膚科】長野県塩尻市広丘郷原" }, "geometry": { "type": "Point", "coordinates": [ 137.94293, 36.120818 ] } },
{ "type": "Feature", "properties": { "ID": 2022205964800, "正式名称": "あづみ野平林整形外科", "機関区分": 2, "都道府県コード": 20, "市区町村コード": 220, "所在地": "長野県安曇野市堀金烏川４３４９－１", "緯度": 36.30121, "経度": 137.889027, "url": "https://www.iryou.teikyouseido.mhlw.go.jp/znk-web/juminkanja/S2430/initialize?prefCd=20&kikanCd=2205964800&kikanKbn=2", "url2": "https://azumino-hirabayashi-seikei.com/", "内容": "あづみ野平林整形外科【2:診療所】【診療科目:整形外科_リウマチ科_リハビリテーション科】長野県安曇野市堀金烏川４３４９－１" }, "geometry": { "type": "Point", "coordinates": [ 137.889027, 36.30121 ] } },
{ "type": "Feature", "properties": { "ID": 2022205964930, "正式名称": "ひろおか上條クリニック", "機関区分": 2, "都道府県コード": 20, "市区町村コード": 215, "所在地": "長野県塩尻市広丘原新田１１ー３４", "緯度": 36.14839, "経度": 137.94592, "url": "https://www.iryou.teikyouseido.mhlw.go.jp/znk-web/juminkanja/S2430/initialize?prefCd=20&kikanCd=2205964930&kikanKbn=2", "url2": "http://www.h-kamijoclinic.com", "内容": "ひろおか上條クリニック【2:診療所】【診療科目:内科_血液内科_消化器内科_外科_整形外科】長野県塩尻市広丘原新田１１ー３４" }, "geometry": { "type": "Point", "coordinates": [ 137.94592, 36.14839 ] } },
{ "type": "Feature", "properties": { "ID": 2022205965070, "正式名称": "医療法人民蘇堂　あかしな野中眼科", "機関区分": 2, "都道府県コード": 20, "市区町村コード": 220, "所在地": "長野県安曇野市明科中川手３７４６－９", "緯度": 36.354662, "経度": 137.929545, "url": "https://www.iryou.teikyouseido.mhlw.go.jp/znk-web/juminkanja/S2430/initialize?prefCd=20&kikanCd=2205965070&kikanKbn=2", "url2": "http://nonakaganka.jp/", "内容": "医療法人民蘇堂　あかしな野中眼科【2:診療所】【診療科目:眼科】長野県安曇野市明科中川手３７４６－９" }, "geometry": { "type": "Point", "coordinates": [ 137.929545, 36.354662 ] } },
{ "type": "Feature", "properties": { "ID": 2022205965100, "正式名称": "若林整形外科クリニック", "機関区分": 2, "都道府県コード": 20, "市区町村コード": 202, "所在地": "長野県松本市寿中２－１５６７－１", "緯度": 36.179615, "経度": 137.969813, "url": "https://www.iryou.teikyouseido.mhlw.go.jp/znk-web/juminkanja/S2430/initialize?prefCd=20&kikanCd=2205965100&kikanKbn=2", "url2": "https://wakabayashi-seikei.jp", "内容": "若林整形外科クリニック【2:診療所】【診療科目:整形外科_リハビリテーション科】長野県松本市寿中２－１５６７－１" }, "geometry": { "type": "Point", "coordinates": [ 137.969813, 36.179615 ] } },
{ "type": "Feature", "properties": { "ID": 2022205965230, "正式名称": "ふなくぼ耳鼻咽喉科医院", "機関区分": 2, "都道府県コード": 20, "市区町村コード": 202, "所在地": "長野県松本市大字笹賀５５１２番地１", "緯度": 36.197139, "経度": 137.939436, "url": "https://www.iryou.teikyouseido.mhlw.go.jp/znk-web/juminkanja/S2430/initialize?prefCd=20&kikanCd=2205965230&kikanKbn=2", "url2": null, "内容": "ふなくぼ耳鼻咽喉科医院【2:診療所】【診療科目:耳鼻いんこう科】長野県松本市大字笹賀５５１２番地１" }, "geometry": { "type": "Point", "coordinates": [ 137.939436, 36.197139 ] } },
{ "type": "Feature", "properties": { "ID": 2022205965360, "正式名称": "あるが内科クリニック", "機関区分": 2, "都道府県コード": 20, "市区町村コード": 202, "所在地": "長野県松本市今井１２２２ー１", "緯度": 36.149415, "経度": 137.907803, "url": "https://www.iryou.teikyouseido.mhlw.go.jp/znk-web/juminkanja/S2430/initialize?prefCd=20&kikanCd=2205965360&kikanKbn=2", "url2": null, "内容": "あるが内科クリニック【2:診療所】【診療科目:内科_循環器内科】長野県松本市今井１２２２ー１" }, "geometry": { "type": "Point", "coordinates": [ 137.907803, 36.149415 ] } },
{ "type": "Feature", "properties": { "ID": 2022205965490, "正式名称": "あさひ内科クリニック", "機関区分": 2, "都道府県コード": 20, "市区町村コード": 220, "所在地": "長野県安曇野市豊科８７７番地４", "緯度": 36.278111, "経度": 137.907619, "url": "https://www.iryou.teikyouseido.mhlw.go.jp/znk-web/juminkanja/S2430/initialize?prefCd=20&kikanCd=2205965490&kikanKbn=2", "url2": null, "内容": "あさひ内科クリニック【2:診療所】【診療科目:内科_呼吸器内科_小児科】長野県安曇野市豊科８７７番地４" }, "geometry": { "type": "Point", "coordinates": [ 137.907619, 36.278111 ] } },
{ "type": "Feature", "properties": { "ID": 2022205965650, "正式名称": "いそべ整形外科クリニック", "機関区分": 2, "都道府県コード": 20, "市区町村コード": 202, "所在地": "長野県松本市笹賀５４４１ー２", "緯度": 36.189255, "経度": 137.94919, "url": "https://www.iryou.teikyouseido.mhlw.go.jp/znk-web/juminkanja/S2430/initialize?prefCd=20&kikanCd=2205965650&kikanKbn=2", "url2": "http://isobe-seikei.jp", "内容": "いそべ整形外科クリニック【2:診療所】【診療科目:整形外科_リハビリテーション科】長野県松本市笹賀５４４１ー２" }, "geometry": { "type": "Point", "coordinates": [ 137.94919, 36.189255 ] } },
{ "type": "Feature", "properties": { "ID": 2022205965780, "正式名称": "松本歯科大学　二條皮ふ科クリニック", "機関区分": 2, "都道府県コード": 20, "市区町村コード": 202, "所在地": "長野県松本市村井町南１丁目３６番１３号　ちくま第２ビル４階", "緯度": 36.1753244, "経度": 137.9566644, "url": "https://www.iryou.teikyouseido.mhlw.go.jp/znk-web/juminkanja/S2430/initialize?prefCd=20&kikanCd=2205965780&kikanKbn=2", "url2": null, "内容": "松本歯科大学　二條皮ふ科クリニック【2:診療所】【診療科目:皮膚科】長野県松本市村井町南１丁目３６番１３号　ちくま第２ビル４階" }, "geometry": { "type": "Point", "coordinates": [ 137.9566644, 36.1753244 ] } },
{ "type": "Feature", "properties": { "ID": 2022205965810, "正式名称": "前澤医院", "機関区分": 2, "都道府県コード": 20, "市区町村コード": 202, "所在地": "長野県松本市寿北７－５－６", "緯度": 36.193753, "経度": 137.970789, "url": "https://www.iryou.teikyouseido.mhlw.go.jp/znk-web/juminkanja/S2430/initialize?prefCd=20&kikanCd=2205965810&kikanKbn=2", "url2": null, "内容": "前澤医院【2:診療所】【診療科目:内科_小児科】長野県松本市寿北７－５－６" }, "geometry": { "type": "Point", "coordinates": [ 137.970789, 36.193753 ] } },
{ "type": "Feature", "properties": { "ID": 2022205965940, "正式名称": "みこしば皮膚科医院", "機関区分": 2, "都道府県コード": 20, "市区町村コード": 202, "所在地": "長野県松本市中央１－１７－２２", "緯度": 36.233361, "経度": 137.965181, "url": "https://www.iryou.teikyouseido.mhlw.go.jp/znk-web/juminkanja/S2430/initialize?prefCd=20&kikanCd=2205965940&kikanKbn=2", "url2": "http://www.mikoshiba-hifuka.com", "内容": "みこしば皮膚科医院【2:診療所】【診療科目:小児皮膚科_皮膚科】長野県松本市中央１－１７－２２" }, "geometry": { "type": "Point", "coordinates": [ 137.965181, 36.233361 ] } },
{ "type": "Feature", "properties": { "ID": 2022205966080, "正式名称": "ユーインケアクリニック", "機関区分": 2, "都道府県コード": 20, "市区町村コード": 202, "所在地": "長野県松本市井川城２－５－２", "緯度": 36.220854, "経度": 137.967148, "url": "https://www.iryou.teikyouseido.mhlw.go.jp/znk-web/juminkanja/S2430/initialize?prefCd=20&kikanCd=2205966080&kikanKbn=2", "url2": "https://uin-clinic.com", "内容": "ユーインケアクリニック【2:診療所】【診療科目:内科_人工透析内科_小児科】長野県松本市井川城２－５－２" }, "geometry": { "type": "Point", "coordinates": [ 137.967148, 36.220854 ] } },
{ "type": "Feature", "properties": { "ID": 2022205966110, "正式名称": "整形外科・リハビリテーション科　うすいクリニック", "機関区分": 2, "都道府県コード": 20, "市区町村コード": 202, "所在地": "長野県松本市出川町６番３３号", "緯度": 36.211992, "経度": 137.971847, "url": "https://www.iryou.teikyouseido.mhlw.go.jp/znk-web/juminkanja/S2430/initialize?prefCd=20&kikanCd=2205966110&kikanKbn=2", "url2": "http://usuicl.jp", "内容": "整形外科・リハビリテーション科　うすいクリニック【2:診療所】【診療科目:整形外科_リハビリテーション科】長野県松本市出川町６番３３号" }, "geometry": { "type": "Point", "coordinates": [ 137.971847, 36.211992 ] } },
{ "type": "Feature", "properties": { "ID": 2022205966400, "正式名称": "畠山眼科医院", "機関区分": 2, "都道府県コード": 20, "市区町村コード": 202, "所在地": "長野県松本市深志１－５－９", "緯度": 36.227467, "経度": 137.967272, "url": "https://www.iryou.teikyouseido.mhlw.go.jp/znk-web/juminkanja/S2430/initialize?prefCd=20&kikanCd=2205966400&kikanKbn=2", "url2": "http://hatakeyama-ganka.com", "内容": "畠山眼科医院【2:診療所】【診療科目:眼科】長野県松本市深志１－５－９" }, "geometry": { "type": "Point", "coordinates": [ 137.967272, 36.227467 ] } },
{ "type": "Feature", "properties": { "ID": 2022205966530, "正式名称": "長谷川ペインクリニック", "機関区分": 2, "都道府県コード": 20, "市区町村コード": 202, "所在地": "長野県松本市深志１ー５ー９　深志ビル３階", "緯度": 36.227401, "経度": 137.967306, "url": "https://www.iryou.teikyouseido.mhlw.go.jp/znk-web/juminkanja/S2430/initialize?prefCd=20&kikanCd=2205966530&kikanKbn=2", "url2": "http://www.hasegawapain.com", "内容": "長谷川ペインクリニック【2:診療所】【診療科目:麻酔科】長野県松本市深志１ー５ー９　深志ビル３階" }, "geometry": { "type": "Point", "coordinates": [ 137.967306, 36.227401 ] } },
{ "type": "Feature", "properties": { "ID": 2022205966660, "正式名称": "多田内科医院", "機関区分": 2, "都道府県コード": 20, "市区町村コード": 202, "所在地": "長野県松本市深志", "緯度": 36.227621, "経度": 137.967054, "url": "https://www.iryou.teikyouseido.mhlw.go.jp/znk-web/juminkanja/S2430/initialize?prefCd=20&kikanCd=2205966660&kikanKbn=2", "url2": "http://www.tadanaika.jp/", "内容": "多田内科医院【2:診療所】【診療科目:内科】長野県松本市深志" }, "geometry": { "type": "Point", "coordinates": [ 137.967054, 36.227621 ] } },
{ "type": "Feature", "properties": { "ID": 2022205966790, "正式名称": "小金平皮フ科クリニック", "機関区分": 2, "都道府県コード": 20, "市区町村コード": 202, "所在地": "長野県松本市野溝西１－９－３９", "緯度": 36.20254, "経度": 137.951606, "url": "https://www.iryou.teikyouseido.mhlw.go.jp/znk-web/juminkanja/S2430/initialize?prefCd=20&kikanCd=2205966790&kikanKbn=2", "url2": "https://koganehiraclinic.shopinfo.jp/", "内容": "小金平皮フ科クリニック【2:診療所】【診療科目:皮膚科_美容皮膚科】長野県松本市野溝西１－９－３９" }, "geometry": { "type": "Point", "coordinates": [ 137.951606, 36.20254 ] } },
{ "type": "Feature", "properties": { "ID": 2022205966950, "正式名称": "古川医院", "機関区分": 2, "都道府県コード": 20, "市区町村コード": 220, "所在地": "長野県安曇野市穂高４３４２－２", "緯度": 36.343196, "経度": 137.884341, "url": "https://www.iryou.teikyouseido.mhlw.go.jp/znk-web/juminkanja/S2430/initialize?prefCd=20&kikanCd=2205966950&kikanKbn=2", "url2": null, "内容": "古川医院【2:診療所】【診療科目:内科_循環器内科_小児科】長野県安曇野市穂高４３４２－２" }, "geometry": { "type": "Point", "coordinates": [ 137.884341, 36.343196 ] } },
{ "type": "Feature", "properties": { "ID": 2022205967090, "正式名称": "烏川脳神経科", "機関区分": 2, "都道府県コード": 20, "市区町村コード": 220, "所在地": "長野県安曇野市堀金烏川５０３０", "緯度": 36.300767, "経度": 137.871068, "url": "https://www.iryou.teikyouseido.mhlw.go.jp/znk-web/juminkanja/S2430/initialize?prefCd=20&kikanCd=2205967090&kikanKbn=2", "url2": "https://karasugawa-noushinkeika.com/", "内容": "烏川脳神経科【2:診療所】【診療科目:脳神経外科】長野県安曇野市堀金烏川５０３０" }, "geometry": { "type": "Point", "coordinates": [ 137.871068, 36.300767 ] } },
{ "type": "Feature", "properties": { "ID": 2022205967540, "正式名称": "あづみ野メンタルクリニック", "機関区分": 2, "都道府県コード": 20, "市区町村コード": 220, "所在地": "長野県安曇野市穂高５７７７番地１", "緯度": 36.33874, "経度": 137.869483, "url": "https://www.iryou.teikyouseido.mhlw.go.jp/znk-web/juminkanja/S2430/initialize?prefCd=20&kikanCd=2205967540&kikanKbn=2", "url2": "https://azumino-mental.jp", "内容": "あづみ野メンタルクリニック【2:診療所】【診療科目:精神科_心療内科】長野県安曇野市穂高５７７７番地１" }, "geometry": { "type": "Point", "coordinates": [ 137.869483, 36.33874 ] } },
{ "type": "Feature", "properties": { "ID": 2022205967670, "正式名称": "鳥羽医院", "機関区分": 2, "都道府県コード": 20, "市区町村コード": 452, "所在地": "長野県東筑摩郡筑北村坂北４５２５－１", "緯度": 36.424942, "経度": 138.013179, "url": "https://www.iryou.teikyouseido.mhlw.go.jp/znk-web/juminkanja/S2430/initialize?prefCd=20&kikanCd=2205967670&kikanKbn=2", "url2": null, "内容": "鳥羽医院【2:診療所】【診療科目:内科_外科_小児科_皮膚科】長野県東筑摩郡筑北村坂北４５２５－１" }, "geometry": { "type": "Point", "coordinates": [ 138.013179, 36.424942 ] } },
{ "type": "Feature", "properties": { "ID": 2022205967700, "正式名称": "太田眼科", "機関区分": 2, "都道府県コード": 20, "市区町村コード": 215, "所在地": "長野県塩尻市広丘吉田３０５１番地", "緯度": 36.15938, "経度": 137.946502, "url": "https://www.iryou.teikyouseido.mhlw.go.jp/znk-web/juminkanja/S2430/initialize?prefCd=20&kikanCd=2205967700&kikanKbn=2", "url2": "https://ohta-eyeclinic.jp", "内容": "太田眼科【2:診療所】【診療科目:眼科】長野県塩尻市広丘吉田３０５１番地" }, "geometry": { "type": "Point", "coordinates": [ 137.946502, 36.15938 ] } },
{ "type": "Feature", "properties": { "ID": 2022205968000, "正式名称": "かもいクリニック", "機関区分": 2, "都道府県コード": 20, "市区町村コード": 215, "所在地": "長野県塩尻市広丘高出２１９９−２", "緯度": 36.128711, "経度": 137.953183, "url": "https://www.iryou.teikyouseido.mhlw.go.jp/znk-web/juminkanja/S2430/initialize?prefCd=20&kikanCd=2205968000&kikanKbn=2", "url2": "https://kamoiclinic.org/", "内容": "かもいクリニック【2:診療所】【診療科目:整形外科_リウマチ科_リハビリテーション科】長野県塩尻市広丘高出２１９９−２" }, "geometry": { "type": "Point", "coordinates": [ 137.953183, 36.128711 ] } },
{ "type": "Feature", "properties": { "ID": 2022205968260, "正式名称": "小田切医院", "機関区分": 2, "都道府県コード": 20, "市区町村コード": 220, "所在地": "長野県安曇野市穂高有明１６３９－３", "緯度": 36.362917, "経度": 137.854508, "url": "https://www.iryou.teikyouseido.mhlw.go.jp/znk-web/juminkanja/S2430/initialize?prefCd=20&kikanCd=2205968260&kikanKbn=2", "url2": "https://otagiri-naika-shonika.com/", "内容": "小田切医院【2:診療所】【診療科目:内科_小児科_アレルギー科】長野県安曇野市穂高有明１６３９－３" }, "geometry": { "type": "Point", "coordinates": [ 137.854508, 36.362917 ] } },
{ "type": "Feature", "properties": { "ID": 2022205968390, "正式名称": "ときわクリニック", "機関区分": 2, "都道府県コード": 20, "市区町村コード": 215, "所在地": "長野県塩尻市広丘原新田２１５−３", "緯度": 36.14839, "経度": 137.94592, "url": "https://www.iryou.teikyouseido.mhlw.go.jp/znk-web/juminkanja/S2430/initialize?prefCd=20&kikanCd=2205968390&kikanKbn=2", "url2": "https://tokinoclinic.com/", "内容": "ときわクリニック【2:診療所】【診療科目:内科_消化器内科】長野県塩尻市広丘原新田２１５−３" }, "geometry": { "type": "Point", "coordinates": [ 137.94592, 36.14839 ] } },
{ "type": "Feature", "properties": { "ID": 2022205968550, "正式名称": "医療法人優愛会　おひさまクリニック", "機関区分": 2, "都道府県コード": 20, "市区町村コード": 220, "所在地": "長野県安曇野市穂高５７０５－１", "緯度": 36.341869, "経度": 137.879151, "url": "https://www.iryou.teikyouseido.mhlw.go.jp/znk-web/juminkanja/S2430/initialize?prefCd=20&kikanCd=2205968550&kikanKbn=2", "url2": "ohisama-clinic.info", "内容": "医療法人優愛会　おひさまクリニック【2:診療所】【診療科目:内科_外科_小児科】長野県安曇野市穂高５７０５－１" }, "geometry": { "type": "Point", "coordinates": [ 137.879151, 36.341869 ] } },
{ "type": "Feature", "properties": { "ID": 2022205968680, "正式名称": "はま内科呼吸器クリニック", "機関区分": 2, "都道府県コード": 20, "市区町村コード": 215, "所在地": "長野県塩尻市広丘高出１９４８－２４", "緯度": 36.131, "経度": 137.960033, "url": "https://www.iryou.teikyouseido.mhlw.go.jp/znk-web/juminkanja/S2430/initialize?prefCd=20&kikanCd=2205968680&kikanKbn=2", "url2": "https://hama-clinic.net", "内容": "はま内科呼吸器クリニック【2:診療所】【診療科目:内科_感染症内科_呼吸器内科】長野県塩尻市広丘高出１９４８－２４" }, "geometry": { "type": "Point", "coordinates": [ 137.960033, 36.131 ] } },
{ "type": "Feature", "properties": { "ID": 2022205968710, "正式名称": "いけだ内科・脳神経内科クリニック", "機関区分": 2, "都道府県コード": 20, "市区町村コード": 220, "所在地": "長野県安曇野市豊科５４６２－４", "緯度": 36.309633, "経度": 137.900183, "url": "https://www.iryou.teikyouseido.mhlw.go.jp/znk-web/juminkanja/S2430/initialize?prefCd=20&kikanCd=2205968710&kikanKbn=2", "url2": "https://ikeda-mnc.jp", "内容": "いけだ内科・脳神経内科クリニック【2:診療所】【診療科目:内科_脳神経内科_リウマチ科】長野県安曇野市豊科５４６２－４" }, "geometry": { "type": "Point", "coordinates": [ 137.900183, 36.309633 ] } },
{ "type": "Feature", "properties": { "ID": 2022205968840, "正式名称": "はれのひ耳鼻咽喉科クリニック", "機関区分": 2, "都道府県コード": 20, "市区町村コード": 220, "所在地": "長野県安曇野市豊科４９４６－４", "緯度": 36.306626, "経度": 137.90013, "url": "https://www.iryou.teikyouseido.mhlw.go.jp/znk-web/juminkanja/S2430/initialize?prefCd=20&kikanCd=2205968840&kikanKbn=2", "url2": "https://harenohi-entclinic.jp/", "内容": "はれのひ耳鼻咽喉科クリニック【2:診療所】【診療科目:小児耳鼻いんこう科_頭頸部・耳鼻いんこう科_アレルギー科】長野県安曇野市豊科４９４６－４" }, "geometry": { "type": "Point", "coordinates": [ 137.90013, 36.306626 ] } },
{ "type": "Feature", "properties": { "ID": 2022205968970, "正式名称": "医療法人中萱医院", "機関区分": 2, "都道府県コード": 20, "市区町村コード": 220, "所在地": "長野県安曇野市三郷明盛３００７番地", "緯度": 36.273306, "経度": 137.902439, "url": "https://www.iryou.teikyouseido.mhlw.go.jp/znk-web/juminkanja/S2430/initialize?prefCd=20&kikanCd=2205968970&kikanKbn=2", "url2": null, "内容": "医療法人中萱医院【2:診療所】【診療科目:内科_外科_小児科】長野県安曇野市三郷明盛３００７番地" }, "geometry": { "type": "Point", "coordinates": [ 137.902439, 36.273306 ] } },
{ "type": "Feature", "properties": { "ID": 2022205969010, "正式名称": "とよしな内科クリニック", "機関区分": 2, "都道府県コード": 20, "市区町村コード": 220, "所在地": "長野県安曇野市豊科２６４３－１２", "緯度": 36.288371, "経度": 137.90776, "url": "https://www.iryou.teikyouseido.mhlw.go.jp/znk-web/juminkanja/S2430/initialize?prefCd=20&kikanCd=2205969010&kikanKbn=2", "url2": "https://toyoshina-clinic.com/", "内容": "とよしな内科クリニック【2:診療所】【診療科目:内科_消化器内科_小児科】長野県安曇野市豊科２６４３－１２" }, "geometry": { "type": "Point", "coordinates": [ 137.90776, 36.288371 ] } },
{ "type": "Feature", "properties": { "ID": 2022205969140, "正式名称": "宮澤眼科医院", "機関区分": 2, "都道府県コード": 20, "市区町村コード": 220, "所在地": "長野県安曇野市豊科４７０８", "緯度": 36.299114, "経度": 137.903256, "url": "https://www.iryou.teikyouseido.mhlw.go.jp/znk-web/juminkanja/S2430/initialize?prefCd=20&kikanCd=2205969140&kikanKbn=2", "url2": null, "内容": "宮澤眼科医院【2:診療所】【診療科目:眼科】長野県安曇野市豊科４７０８" }, "geometry": { "type": "Point", "coordinates": [ 137.903256, 36.299114 ] } },
{ "type": "Feature", "properties": { "ID": 2022205969430, "正式名称": "筑北坂井診療所", "機関区分": 2, "都道府県コード": 20, "市区町村コード": 452, "所在地": "長野県東筑摩郡筑北村坂井字杉崎２７４番地", "緯度": 36.449463, "経度": 138.06836, "url": "https://www.iryou.teikyouseido.mhlw.go.jp/znk-web/juminkanja/S2430/initialize?prefCd=20&kikanCd=2205969430&kikanKbn=2", "url2": null, "内容": "筑北坂井診療所【2:診療所】【診療科目:皮膚科_精神科_心療内科】長野県東筑摩郡筑北村坂井字杉崎２７４番地" }, "geometry": { "type": "Point", "coordinates": [ 138.06836, 36.449463 ] } },
{ "type": "Feature", "properties": { "ID": 2022206000200, "正式名称": "山田医院", "機関区分": 2, "都道府県コード": 20, "市区町村コード": 220, "所在地": "長野県安曇野市豊科６２７ー１ー２", "緯度": 36.271512, "経度": 137.910889, "url": "https://www.iryou.teikyouseido.mhlw.go.jp/znk-web/juminkanja/S2430/initialize?prefCd=20&kikanCd=2206000200&kikanKbn=2", "url2": null, "内容": "山田医院【2:診療所】【診療科目:内科_小児科_放射線科】長野県安曇野市豊科６２７ー１ー２" }, "geometry": { "type": "Point", "coordinates": [ 137.910889, 36.271512 ] } },
{ "type": "Feature", "properties": { "ID": 2022206002510, "正式名称": "順天堂大学医学部山岳部高山医学研究付属診療所", "機関区分": 2, "都道府県コード": 20, "市区町村コード": 220, "所在地": "長野県安曇野市穂高有明燕岳山荘内", "緯度": 36.406714, "経度": 137.712789, "url": "https://www.iryou.teikyouseido.mhlw.go.jp/znk-web/juminkanja/S2430/initialize?prefCd=20&kikanCd=2206002510&kikanKbn=2", "url2": null, "内容": "順天堂大学医学部山岳部高山医学研究付属診療所【2:診療所】【診療科目:内科_外科_整形外科_小児科_皮膚科】長野県安曇野市穂高有明燕岳山荘内" }, "geometry": { "type": "Point", "coordinates": [ 137.712789, 36.406714 ] } },
{ "type": "Feature", "properties": { "ID": 2022206002640, "正式名称": "村山医院", "機関区分": 2, "都道府県コード": 20, "市区町村コード": 220, "所在地": "長野県安曇野市穂高４５９９", "緯度": 36.342903, "経度": 137.886408, "url": "https://www.iryou.teikyouseido.mhlw.go.jp/znk-web/juminkanja/S2430/initialize?prefCd=20&kikanCd=2206002640&kikanKbn=2", "url2": "http://i-you-kai.jp/index.php", "内容": "村山医院【2:診療所】【診療科目:内科_内分泌内科_外科_乳腺外科】長野県安曇野市穂高４５９９" }, "geometry": { "type": "Point", "coordinates": [ 137.886408, 36.342903 ] } },
{ "type": "Feature", "properties": { "ID": 2022206003070, "正式名称": "百瀬医院", "機関区分": 2, "都道府県コード": 20, "市区町村コード": 220, "所在地": "長野県安曇野市穂高２５６１ー３", "緯度": 36.337337, "経度": 137.888916, "url": "https://www.iryou.teikyouseido.mhlw.go.jp/znk-web/juminkanja/S2430/initialize?prefCd=20&kikanCd=2206003070&kikanKbn=2", "url2": null, "内容": "百瀬医院【2:診療所】【診療科目:内科_小児科】長野県安曇野市穂高２５６１ー３" }, "geometry": { "type": "Point", "coordinates": [ 137.888916, 36.337337 ] } },
{ "type": "Feature", "properties": { "ID": 2022206003490, "正式名称": "高橋医院", "機関区分": 2, "都道府県コード": 20, "市区町村コード": 220, "所在地": "長野県安曇野市穂高", "緯度": 36.331782, "経度": 137.887333, "url": "https://www.iryou.teikyouseido.mhlw.go.jp/znk-web/juminkanja/S2430/initialize?prefCd=20&kikanCd=2206003490&kikanKbn=2", "url2": "http://takahashi-iin-azumino.webmedipr.jp", "内容": "高橋医院【2:診療所】【診療科目:消化器内科_外科_消化器外科_放射線科】長野県安曇野市穂高" }, "geometry": { "type": "Point", "coordinates": [ 137.887333, 36.331782 ] } },
{ "type": "Feature", "properties": { "ID": 2022206003520, "正式名称": "須澤クリニック", "機関区分": 2, "都道府県コード": 20, "市区町村コード": 220, "所在地": "長野県安曇野市穂高６１７番地", "緯度": 36.323172, "経度": 137.895999, "url": "https://www.iryou.teikyouseido.mhlw.go.jp/znk-web/juminkanja/S2430/initialize?prefCd=20&kikanCd=2206003520&kikanKbn=2", "url2": "http://www.anc-tv.ne.jp/~suzawa-c/", "内容": "須澤クリニック【2:診療所】【診療科目:内科_糖尿病内科_小児科_アレルギー科】長野県安曇野市穂高６１７番地" }, "geometry": { "type": "Point", "coordinates": [ 137.895999, 36.323172 ] } },
{ "type": "Feature", "properties": { "ID": 2022206004370, "正式名称": "東京医科大学上高地診療所", "機関区分": 2, "都道府県コード": 20, "市区町村コード": 202, "所在地": "長野県松本市安曇上高地", "緯度": 36.250063, "経度": 137.638413, "url": "https://www.iryou.teikyouseido.mhlw.go.jp/znk-web/juminkanja/S2430/initialize?prefCd=20&kikanCd=2206004370&kikanKbn=2", "url2": "http://www.tokyo-med.ac.jp/hotaka/", "内容": "東京医科大学上高地診療所【2:診療所】【診療科目:内科_外科】長野県松本市安曇上高地" }, "geometry": { "type": "Point", "coordinates": [ 137.638413, 36.250063 ] } },
{ "type": "Feature", "properties": { "ID": 2022206004820, "正式名称": "医療法人梓誠会　梓川診療所", "機関区分": 2, "都道府県コード": 20, "市区町村コード": 202, "所在地": "長野県松本市梓川梓２３４４－１", "緯度": 36.222267, "経度": 137.86645, "url": "https://www.iryou.teikyouseido.mhlw.go.jp/znk-web/juminkanja/S2430/initialize?prefCd=20&kikanCd=2206004820&kikanKbn=2", "url2": "http://www.azusa-clinic.jp", "内容": "医療法人梓誠会　梓川診療所【2:診療所】【診療科目:内科_呼吸器内科_小児科_心療内科】長野県松本市梓川梓２３４４－１" }, "geometry": { "type": "Point", "coordinates": [ 137.86645, 36.222267 ] } },
{ "type": "Feature", "properties": { "ID": 2022206005090, "正式名称": "小沢内科医院", "機関区分": 2, "都道府県コード": 20, "市区町村コード": 202, "所在地": "長野県松本市梓川梓８５３ー３", "緯度": 36.227155, "経度": 137.87181, "url": "https://www.iryou.teikyouseido.mhlw.go.jp/znk-web/juminkanja/S2430/initialize?prefCd=20&kikanCd=2206005090&kikanKbn=2", "url2": null, "内容": "小沢内科医院【2:診療所】【診療科目:内科_消化器内科】長野県松本市梓川梓８５３ー３" }, "geometry": { "type": "Point", "coordinates": [ 137.87181, 36.227155 ] } },
{ "type": "Feature", "properties": { "ID": 2022206006130, "正式名称": "医療法人岡野医院", "機関区分": 2, "都道府県コード": 20, "市区町村コード": 202, "所在地": "長野県松本市梓川倭５７５－１", "緯度": 36.232711, "経度": 137.89217, "url": "https://www.iryou.teikyouseido.mhlw.go.jp/znk-web/juminkanja/S2430/initialize?prefCd=20&kikanCd=2206006130&kikanKbn=2", "url2": "https://okanoiinn.jp", "内容": "医療法人岡野医院【2:診療所】【診療科目:内科_循環器内科_小児科】長野県松本市梓川倭５７５－１" }, "geometry": { "type": "Point", "coordinates": [ 137.89217, 36.232711 ] } },
{ "type": "Feature", "properties": { "ID": 2022206006260, "正式名称": "松本市安曇沢渡診療所", "機関区分": 2, "都道府県コード": 20, "市区町村コード": 202, "所在地": "長野県松本市安曇４１６２－１", "緯度": 36.16274, "経度": 137.654665, "url": "https://www.iryou.teikyouseido.mhlw.go.jp/znk-web/juminkanja/S2430/initialize?prefCd=20&kikanCd=2206006260&kikanKbn=2", "url2": null, "内容": "松本市安曇沢渡診療所【2:診療所】【診療科目:内科】長野県松本市安曇４１６２－１" }, "geometry": { "type": "Point", "coordinates": [ 137.654665, 36.16274 ] } },
{ "type": "Feature", "properties": { "ID": 2022206007300, "正式名称": "医療法人　内山皮膚科クリニック", "機関区分": 2, "都道府県コード": 20, "市区町村コード": 220, "所在地": "長野県安曇野市穂高柏原９７４－１", "緯度": 36.340115, "経度": 137.882583, "url": "https://www.iryou.teikyouseido.mhlw.go.jp/znk-web/juminkanja/S2430/initialize?prefCd=20&kikanCd=2206007300&kikanKbn=2", "url2": "https://azumino-uchiyama.com", "内容": "医療法人　内山皮膚科クリニック【2:診療所】【診療科目:皮膚科】長野県安曇野市穂高柏原９７４－１" }, "geometry": { "type": "Point", "coordinates": [ 137.882583, 36.340115 ] } },
{ "type": "Feature", "properties": { "ID": 2022206007560, "正式名称": "医療法人山本耳鼻咽喉科", "機関区分": 2, "都道府県コード": 20, "市区町村コード": 220, "所在地": "長野県安曇野市穂高９８４ー２", "緯度": 36.325283, "経度": 137.892833, "url": "https://www.iryou.teikyouseido.mhlw.go.jp/znk-web/juminkanja/S2430/initialize?prefCd=20&kikanCd=2206007560&kikanKbn=2", "url2": "http://www.yamamoto-ent.com", "内容": "医療法人山本耳鼻咽喉科【2:診療所】【診療科目:頭頸部外科_形成外科_小児耳鼻いんこう科_耳鼻いんこう科_気管食道・耳鼻いんこう科_頭頸部・耳鼻いんこう科】長野県安曇野市穂高９８４ー２" }, "geometry": { "type": "Point", "coordinates": [ 137.892833, 36.325283 ] } },
{ "type": "Feature", "properties": { "ID": 2022206007690, "正式名称": "医療法人　追分クリニック", "機関区分": 2, "都道府県コード": 20, "市区町村コード": 220, "所在地": "長野県安曇野市穂高北穂高２９８２ー５", "緯度": 36.372, "経度": 137.874804, "url": "https://www.iryou.teikyouseido.mhlw.go.jp/znk-web/juminkanja/S2430/initialize?prefCd=20&kikanCd=2206007690&kikanKbn=2", "url2": "http://oiwake-clinic.com/", "内容": "医療法人　追分クリニック【2:診療所】【診療科目:内科_循環器内科_小児科】長野県安曇野市穂高北穂高２９８２ー５" }, "geometry": { "type": "Point", "coordinates": [ 137.874804, 36.372 ] } },
{ "type": "Feature", "properties": { "ID": 2022206007720, "正式名称": "医療法人　丸山整形外科医院", "機関区分": 2, "都道府県コード": 20, "市区町村コード": 220, "所在地": "長野県安曇野市豊科南穂高２８３ー１", "緯度": 36.298315, "経度": 137.919526, "url": "https://www.iryou.teikyouseido.mhlw.go.jp/znk-web/juminkanja/S2430/initialize?prefCd=20&kikanCd=2206007720&kikanKbn=2", "url2": "http://nttbj.itp.ne.jp/0263727000/index.html", "内容": "医療法人　丸山整形外科医院【2:診療所】【診療科目:整形外科_矯正歯科】長野県安曇野市豊科南穂高２８３ー１" }, "geometry": { "type": "Point", "coordinates": [ 137.919526, 36.298315 ] } },
{ "type": "Feature", "properties": { "ID": 2022206007850, "正式名称": "根津内科医院", "機関区分": 2, "都道府県コード": 20, "市区町村コード": 220, "所在地": "長野県安曇野市穂高", "緯度": 36.336171, "経度": 137.884722, "url": "https://www.iryou.teikyouseido.mhlw.go.jp/znk-web/juminkanja/S2430/initialize?prefCd=20&kikanCd=2206007850&kikanKbn=2", "url2": "http://nezu-clinic.com", "内容": "根津内科医院【2:診療所】【診療科目:内科_脳神経内科_呼吸器内科_循環器内科_消化器内科】長野県安曇野市穂高" }, "geometry": { "type": "Point", "coordinates": [ 137.884722, 36.336171 ] } },
{ "type": "Feature", "properties": { "ID": 2022206007980, "正式名称": "医療法人荻原内科クリニック", "機関区分": 2, "都道府県コード": 20, "市区町村コード": 220, "所在地": "長野県安曇野市豊科４３０１－６", "緯度": 36.300481, "経度": 137.906277, "url": "https://www.iryou.teikyouseido.mhlw.go.jp/znk-web/juminkanja/S2430/initialize?prefCd=20&kikanCd=2206007980&kikanKbn=2", "url2": "https://ogiwara-cardiovascular.com/", "内容": "医療法人荻原内科クリニック【2:診療所】【診療科目:内科_循環器内科】長野県安曇野市豊科４３０１－６" }, "geometry": { "type": "Point", "coordinates": [ 137.906277, 36.300481 ] } },
{ "type": "Feature", "properties": { "ID": 2022206008440, "正式名称": "古川整形外科医院", "機関区分": 2, "都道府県コード": 20, "市区町村コード": 220, "所在地": "長野県安曇野市穂高４５７２－４", "緯度": 36.343948, "経度": 137.887027, "url": "https://www.iryou.teikyouseido.mhlw.go.jp/znk-web/juminkanja/S2430/initialize?prefCd=20&kikanCd=2206008440&kikanKbn=2", "url2": "https://www.furusei.com/", "内容": "古川整形外科医院【2:診療所】【診療科目:整形外科_麻酔科】長野県安曇野市穂高４５７２－４" }, "geometry": { "type": "Point", "coordinates": [ 137.887027, 36.343948 ] } },
{ "type": "Feature", "properties": { "ID": 2022206008860, "正式名称": "博愛会　中田医院", "機関区分": 2, "都道府県コード": 20, "市区町村コード": 220, "所在地": "長野県安曇野市穂高７８７ー１", "緯度": 36.3237, "経度": 137.893805, "url": "https://www.iryou.teikyouseido.mhlw.go.jp/znk-web/juminkanja/S2430/initialize?prefCd=20&kikanCd=2206008860&kikanKbn=2", "url2": null, "内容": "博愛会　中田医院【2:診療所】【診療科目:内科_小児科】長野県安曇野市穂高７８７ー１" }, "geometry": { "type": "Point", "coordinates": [ 137.893805, 36.3237 ] } },
{ "type": "Feature", "properties": { "ID": 2022206008990, "正式名称": "医療法人　山田眼科医院", "機関区分": 2, "都道府県コード": 20, "市区町村コード": 220, "所在地": "長野県安曇野市豊科６２５－１", "緯度": 36.27154, "経度": 137.910389, "url": "https://www.iryou.teikyouseido.mhlw.go.jp/znk-web/juminkanja/S2430/initialize?prefCd=20&kikanCd=2206008990&kikanKbn=2", "url2": "http://www.yamada-ganka.net", "内容": "医療法人　山田眼科医院【2:診療所】【診療科目:眼科】長野県安曇野市豊科６２５－１" }, "geometry": { "type": "Point", "coordinates": [ 137.910389, 36.27154 ] } },
{ "type": "Feature", "properties": { "ID": 2022206009160, "正式名称": "和田医院", "機関区分": 2, "都道府県コード": 20, "市区町村コード": 220, "所在地": "長野県安曇野市堀金烏川３３３８", "緯度": 36.291834, "経度": 137.886078, "url": "https://www.iryou.teikyouseido.mhlw.go.jp/znk-web/juminkanja/S2430/initialize?prefCd=20&kikanCd=2206009160&kikanKbn=2", "url2": "clinicwada-azumi.sakura.ne.jp", "内容": "和田医院【2:診療所】【診療科目:内科_呼吸器内科_小児科】長野県安曇野市堀金烏川３３３８" }, "geometry": { "type": "Point", "coordinates": [ 137.886078, 36.291834 ] } },
{ "type": "Feature", "properties": { "ID": 2022206009290, "正式名称": "医療法人　たかはしクリニック", "機関区分": 2, "都道府県コード": 20, "市区町村コード": 220, "所在地": "長野県安曇野市三郷温２９８８ー１", "緯度": 36.250486, "経度": 137.892974, "url": "https://www.iryou.teikyouseido.mhlw.go.jp/znk-web/juminkanja/S2430/initialize?prefCd=20&kikanCd=2206009290&kikanKbn=2", "url2": null, "内容": "医療法人　たかはしクリニック【2:診療所】【診療科目:内科_消化器内科】長野県安曇野市三郷温２９８８ー１" }, "geometry": { "type": "Point", "coordinates": [ 137.892974, 36.250486 ] } },
{ "type": "Feature", "properties": { "ID": 2022206009320, "正式名称": "前角整形外科医院", "機関区分": 2, "都道府県コード": 20, "市区町村コード": 220, "所在地": "長野県安曇野市穂高８２６３ー１", "緯度": 36.332893, "経度": 137.866307, "url": "https://www.iryou.teikyouseido.mhlw.go.jp/znk-web/juminkanja/S2430/initialize?prefCd=20&kikanCd=2206009320&kikanKbn=2", "url2": "http://www.maezumiseikeigeka.com", "内容": "前角整形外科医院【2:診療所】【診療科目:整形外科_リウマチ科_リハビリテーション科】長野県安曇野市穂高８２６３ー１" }, "geometry": { "type": "Point", "coordinates": [ 137.866307, 36.332893 ] } },
{ "type": "Feature", "properties": { "ID": 2022206009450, "正式名称": "白木医院", "機関区分": 2, "都道府県コード": 20, "市区町村コード": 220, "所在地": "長野県安曇野市三郷明盛", "緯度": 36.257902, "経度": 137.899751, "url": "https://www.iryou.teikyouseido.mhlw.go.jp/znk-web/juminkanja/S2430/initialize?prefCd=20&kikanCd=2206009450&kikanKbn=2", "url2": null, "内容": "白木医院【2:診療所】【診療科目:内科_産婦人科】長野県安曇野市三郷明盛" }, "geometry": { "type": "Point", "coordinates": [ 137.899751, 36.257902 ] } },
{ "type": "Feature", "properties": { "ID": 2022206100650, "正式名称": "平林医院", "機関区分": 2, "都道府県コード": 20, "市区町村コード": 212, "所在地": "長野県大町市大町４１５１ー２", "緯度": 36.507122, "経度": 137.856606, "url": "https://www.iryou.teikyouseido.mhlw.go.jp/znk-web/juminkanja/S2430/initialize?prefCd=20&kikanCd=2206100650&kikanKbn=2", "url2": null, "内容": "平林医院【2:診療所】【診療科目:内科_小児科】長野県大町市大町４１５１ー２" }, "geometry": { "type": "Point", "coordinates": [ 137.856606, 36.507122 ] } },
{ "type": "Feature", "properties": { "ID": 2022206101080, "正式名称": "中澤医院", "機関区分": 2, "都道府県コード": 20, "市区町村コード": 212, "所在地": "長野県大町市大町１２１２－２", "緯度": 36.509289, "経度": 137.860967, "url": "https://www.iryou.teikyouseido.mhlw.go.jp/znk-web/juminkanja/S2430/initialize?prefCd=20&kikanCd=2206101080&kikanKbn=2", "url2": null, "内容": "中澤医院【2:診療所】【診療科目:精神科】長野県大町市大町１２１２－２" }, "geometry": { "type": "Point", "coordinates": [ 137.860967, 36.509289 ] } },
{ "type": "Feature", "properties": { "ID": 2022206102090, "正式名称": "医療法人狩谷整形外科医院", "機関区分": 2, "都道府県コード": 20, "市区町村コード": 212, "所在地": "長野県大町市大町３８３０ー６", "緯度": 36.50179, "経度": 137.849801, "url": "https://www.iryou.teikyouseido.mhlw.go.jp/znk-web/juminkanja/S2430/initialize?prefCd=20&kikanCd=2206102090&kikanKbn=2", "url2": null, "内容": "医療法人狩谷整形外科医院【2:診療所】【診療科目:整形外科_リウマチ科_リハビリテーション科】長野県大町市大町３８３０ー６" }, "geometry": { "type": "Point", "coordinates": [ 137.849801, 36.50179 ] } },
{ "type": "Feature", "properties": { "ID": 2022206103710, "正式名称": "若林医院", "機関区分": 2, "都道府県コード": 20, "市区町村コード": 482, "所在地": "長野県北安曇郡松川村７０２９", "緯度": 36.426826, "経度": 137.858193, "url": "https://www.iryou.teikyouseido.mhlw.go.jp/znk-web/juminkanja/S2430/initialize?prefCd=20&kikanCd=2206103710&kikanKbn=2", "url2": null, "内容": "若林医院【2:診療所】【診療科目:内科】長野県北安曇郡松川村７０２９" }, "geometry": { "type": "Point", "coordinates": [ 137.858193, 36.426826 ] } },
{ "type": "Feature", "properties": { "ID": 2022206103840, "正式名称": "みどりクリニック", "機関区分": 2, "都道府県コード": 20, "市区町村コード": 482, "所在地": "長野県北安曇郡松川村５７９４ー４３３", "緯度": 36.421438, "経度": 137.859526, "url": "https://www.iryou.teikyouseido.mhlw.go.jp/znk-web/juminkanja/S2430/initialize?prefCd=20&kikanCd=2206103840&kikanKbn=2", "url2": "https://midoricl.com", "内容": "みどりクリニック【2:診療所】【診療科目:内科_消化器内科】長野県北安曇郡松川村５７９４ー４３３" }, "geometry": { "type": "Point", "coordinates": [ 137.859526, 36.421438 ] } },
{ "type": "Feature", "properties": { "ID": 2022206104560, "正式名称": "栗田医院", "機関区分": 2, "都道府県コード": 20, "市区町村コード": 485, "所在地": "長野県北安曇郡白馬村北城５９８６", "緯度": 36.695851, "経度": 137.860348, "url": "https://www.iryou.teikyouseido.mhlw.go.jp/znk-web/juminkanja/S2430/initialize?prefCd=20&kikanCd=2206104560&kikanKbn=2", "url2": null, "内容": "栗田医院【2:診療所】【診療科目:内科_外科_整形外科_小児科】長野県北安曇郡白馬村北城５９８６" }, "geometry": { "type": "Point", "coordinates": [ 137.860348, 36.695851 ] } },
{ "type": "Feature", "properties": { "ID": 2022206105310, "正式名称": "小谷村無医地区出張診療所", "機関区分": 2, "都道府県コード": 20, "市区町村コード": 486, "所在地": "長野県北安曇郡小谷村北小谷９３１３", "緯度": 36.890301, "経度": 137.875756, "url": "https://www.iryou.teikyouseido.mhlw.go.jp/znk-web/juminkanja/S2430/initialize?prefCd=20&kikanCd=2206105310&kikanKbn=2", "url2": null, "内容": "小谷村無医地区出張診療所【2:診療所】【診療科目:内科_外科_整形外科】長野県北安曇郡小谷村北小谷９３１３" }, "geometry": { "type": "Point", "coordinates": [ 137.875756, 36.890301 ] } },
{ "type": "Feature", "properties": { "ID": 2022206105440, "正式名称": "小野医院", "機関区分": 2, "都道府県コード": 20, "市区町村コード": 212, "所在地": "長野県大町市大町", "緯度": 36.506428, "経度": 137.856495, "url": "https://www.iryou.teikyouseido.mhlw.go.jp/znk-web/juminkanja/S2430/initialize?prefCd=20&kikanCd=2206105440&kikanKbn=2", "url2": null, "内容": "小野医院【2:診療所】【診療科目:内科_外科_放射線科】長野県大町市大町" }, "geometry": { "type": "Point", "coordinates": [ 137.856495, 36.506428 ] } },
{ "type": "Feature", "properties": { "ID": 2022206105570, "正式名称": "横沢医院", "機関区分": 2, "都道府県コード": 20, "市区町村コード": 485, "所在地": "長野県北安曇郡白馬村北城９７１５－２", "緯度": 36.706016, "経度": 137.865375, "url": "https://www.iryou.teikyouseido.mhlw.go.jp/znk-web/juminkanja/S2430/initialize?prefCd=20&kikanCd=2206105570&kikanKbn=2", "url2": null, "内容": "横沢医院【2:診療所】【診療科目:内科_外科_小児科】長野県北安曇郡白馬村北城９７１５－２" }, "geometry": { "type": "Point", "coordinates": [ 137.865375, 36.706016 ] } },
{ "type": "Feature", "properties": { "ID": 2022206106160, "正式名称": "長野県厚生農業協同組合連合会　北アルプス医療センター白馬診療所", "機関区分": 2, "都道府県コード": 20, "市区町村コード": 485, "所在地": "長野県北安曇郡白馬村神城２１５５１", "緯度": 36.652355, "経度": 137.845351, "url": "https://www.iryou.teikyouseido.mhlw.go.jp/znk-web/juminkanja/S2430/initialize?prefCd=20&kikanCd=2206106160&kikanKbn=2", "url2": "http://www.azumi-ghp.jp/", "内容": "長野県厚生農業協同組合連合会　北アルプス医療センター白馬診療所【2:診療所】【診療科目:内科_循環器内科_消化器内科_腎臓内科_透析内科_外科_整形外科_精神科_リハビリテーション科_放射線科】長野県北安曇郡白馬村神城２１５５１" }, "geometry": { "type": "Point", "coordinates": [ 137.845351, 36.652355 ] } },
{ "type": "Feature", "properties": { "ID": 2022206106290, "正式名称": "医療法人近藤医院", "機関区分": 2, "都道府県コード": 20, "市区町村コード": 482, "所在地": "長野県北安曇郡松川村５７２８番地６８", "緯度": 36.420188, "経度": 137.861998, "url": "https://www.iryou.teikyouseido.mhlw.go.jp/znk-web/juminkanja/S2430/initialize?prefCd=20&kikanCd=2206106290&kikanKbn=2", "url2": "https://kondoiinmatsukawa.wixsite.com/home", "内容": "医療法人近藤医院【2:診療所】【診療科目:内科_呼吸器内科】長野県北安曇郡松川村５７２８番地６８" }, "geometry": { "type": "Point", "coordinates": [ 137.861998, 36.420188 ] } },
{ "type": "Feature", "properties": { "ID": 2022206106320, "正式名称": "医療法人社団　厚生会　横澤内科医院", "機関区分": 2, "都道府県コード": 20, "市区町村コード": 212, "所在地": "長野県大町市大町４０６０－８", "緯度": 36.504401, "経度": 137.858273, "url": "https://www.iryou.teikyouseido.mhlw.go.jp/znk-web/juminkanja/S2430/initialize?prefCd=20&kikanCd=2206106320&kikanKbn=2", "url2": null, "内容": "医療法人社団　厚生会　横澤内科医院【2:診療所】【診療科目:内科_小児科】長野県大町市大町４０６０－８" }, "geometry": { "type": "Point", "coordinates": [ 137.858273, 36.504401 ] } },
{ "type": "Feature", "properties": { "ID": 2022206107040, "正式名称": "柿下クリニック", "機関区分": 2, "都道府県コード": 20, "市区町村コード": 212, "所在地": "長野県大町市常盤３５４１－１４", "緯度": 36.468876, "経度": 137.842609, "url": "https://www.iryou.teikyouseido.mhlw.go.jp/znk-web/juminkanja/S2430/initialize?prefCd=20&kikanCd=2206107040&kikanKbn=2", "url2": null, "内容": "柿下クリニック【2:診療所】【診療科目:内科_小児科】長野県大町市常盤３５４１－１４" }, "geometry": { "type": "Point", "coordinates": [ 137.842609, 36.468876 ] } },
{ "type": "Feature", "properties": { "ID": 2022206107170, "正式名称": "太田医院", "機関区分": 2, "都道府県コード": 20, "市区町村コード": 481, "所在地": "長野県北安曇郡池田町池田３３３５ー１２", "緯度": 36.417911, "経度": 137.877025, "url": "https://www.iryou.teikyouseido.mhlw.go.jp/znk-web/juminkanja/S2430/initialize?prefCd=20&kikanCd=2206107170&kikanKbn=2", "url2": null, "内容": "太田医院【2:診療所】【診療科目:内科_呼吸器内科_循環器内科_消化器内科_アレルギー科】長野県北安曇郡池田町池田３３３５ー１２" }, "geometry": { "type": "Point", "coordinates": [ 137.877025, 36.417911 ] } },
{ "type": "Feature", "properties": { "ID": 2022206107330, "正式名称": "はーぶの里診療所", "機関区分": 2, "都道府県コード": 20, "市区町村コード": 481, "所在地": "長野県北安曇郡池田町会染", "緯度": 36.398441, "経度": 137.884191, "url": "https://www.iryou.teikyouseido.mhlw.go.jp/znk-web/juminkanja/S2430/initialize?prefCd=20&kikanCd=2206107330&kikanKbn=2", "url2": "http://herbnosato.or.jp/", "内容": "はーぶの里診療所【2:診療所】【診療科目:内科_外科_小児科】長野県北安曇郡池田町会染" }, "geometry": { "type": "Point", "coordinates": [ 137.884191, 36.398441 ] } },
{ "type": "Feature", "properties": { "ID": 2022206107460, "正式名称": "しんたにクリニック", "機関区分": 2, "都道府県コード": 20, "市区町村コード": 485, "所在地": "長野県北安曇郡白馬村神城", "緯度": 36.67587, "経度": 137.851239, "url": "https://www.iryou.teikyouseido.mhlw.go.jp/znk-web/juminkanja/S2430/initialize?prefCd=20&kikanCd=2206107460&kikanKbn=2", "url2": null, "内容": "しんたにクリニック【2:診療所】【診療科目:内科_外科_整形外科_小児科_リハビリテーション科】長野県北安曇郡白馬村神城" }, "geometry": { "type": "Point", "coordinates": [ 137.851239, 36.67587 ] } },
{ "type": "Feature", "properties": { "ID": 2022206107620, "正式名称": "菊地クリニック", "機関区分": 2, "都道府県コード": 20, "市区町村コード": 212, "所在地": "長野県大町市常盤３５１２ー１６", "緯度": 36.471543, "経度": 137.846608, "url": "https://www.iryou.teikyouseido.mhlw.go.jp/znk-web/juminkanja/S2430/initialize?prefCd=20&kikanCd=2206107620&kikanKbn=2", "url2": null, "内容": "菊地クリニック【2:診療所】【診療科目:内科_消化器内科_外科_婦人科_麻酔科】長野県大町市常盤３５１２ー１６" }, "geometry": { "type": "Point", "coordinates": [ 137.846608, 36.471543 ] } },
{ "type": "Feature", "properties": { "ID": 2022206107880, "正式名称": "大町市国民健康保険美麻診療所", "機関区分": 2, "都道府県コード": 20, "市区町村コード": 212, "所在地": "長野県大町市美麻１１８１０番地イ", "緯度": 36.582337, "経度": 137.889823, "url": "https://www.iryou.teikyouseido.mhlw.go.jp/znk-web/juminkanja/S2430/initialize?prefCd=20&kikanCd=2206107880&kikanKbn=2", "url2": null, "内容": "大町市国民健康保険美麻診療所【2:診療所】【診療科目:内科_神経内科】長野県大町市美麻１１８１０番地イ" }, "geometry": { "type": "Point", "coordinates": [ 137.889823, 36.582337 ] } },
{ "type": "Feature", "properties": { "ID": 2022206107910, "正式名称": "医療法人北アルプスの風にしもりクリニック", "機関区分": 2, "都道府県コード": 20, "市区町村コード": 482, "所在地": "長野県北安曇郡松川村松川村一円５７２１－１２５", "緯度": 36.418855, "経度": 137.864137, "url": "https://www.iryou.teikyouseido.mhlw.go.jp/znk-web/juminkanja/S2430/initialize?prefCd=20&kikanCd=2206107910&kikanKbn=2", "url2": "https://nishimori-clinic.kita-alps.org/", "内容": "医療法人北アルプスの風にしもりクリニック【2:診療所】【診療科目:内科_脳神経内科_整形外科_リハビリテーション科】長野県北安曇郡松川村松川村一円５７２１－１２５" }, "geometry": { "type": "Point", "coordinates": [ 137.864137, 36.418855 ] } },
{ "type": "Feature", "properties": { "ID": 2022206108050, "正式名称": "遠藤内科医院", "機関区分": 2, "都道府県コード": 20, "市区町村コード": 212, "所在地": "長野県大町市大町２６６１", "緯度": 36.505178, "経度": 137.862606, "url": "https://www.iryou.teikyouseido.mhlw.go.jp/znk-web/juminkanja/S2430/initialize?prefCd=20&kikanCd=2206108050&kikanKbn=2", "url2": "https://www.endoh-clinic.com", "内容": "遠藤内科医院【2:診療所】【診療科目:内科_循環器内科】長野県大町市大町２６６１" }, "geometry": { "type": "Point", "coordinates": [ 137.862606, 36.505178 ] } },
{ "type": "Feature", "properties": { "ID": 2022206108180, "正式名称": "平林耳鼻咽喉科医院", "機関区分": 2, "都道府県コード": 20, "市区町村コード": 212, "所在地": "長野県大町市常盤５８９７ー２７", "緯度": 36.481042, "経度": 137.850441, "url": "https://www.iryou.teikyouseido.mhlw.go.jp/znk-web/juminkanja/S2430/initialize?prefCd=20&kikanCd=2206108180&kikanKbn=2", "url2": null, "内容": "平林耳鼻咽喉科医院【2:診療所】【診療科目:小児耳鼻いんこう科_耳鼻いんこう科_頭頸部・耳鼻いんこう科】長野県大町市常盤５８９７ー２７" }, "geometry": { "type": "Point", "coordinates": [ 137.850441, 36.481042 ] } },
{ "type": "Feature", "properties": { "ID": 2022206108210, "正式名称": "神城醫院", "機関区分": 2, "都道府県コード": 20, "市区町村コード": 485, "所在地": "長野県北安曇郡白馬村神城２２８４４", "緯度": 36.664271, "経度": 137.845545, "url": "https://www.iryou.teikyouseido.mhlw.go.jp/znk-web/juminkanja/S2430/initialize?prefCd=20&kikanCd=2206108210&kikanKbn=2", "url2": "http://www.shironishi.or.jp", "内容": "神城醫院【2:診療所】【診療科目:内科_精神科_心療内科】長野県北安曇郡白馬村神城２２８４４" }, "geometry": { "type": "Point", "coordinates": [ 137.845545, 36.664271 ] } },
{ "type": "Feature", "properties": { "ID": 2022206108760, "正式名称": "吉村医院", "機関区分": 2, "都道府県コード": 20, "市区町村コード": 482, "所在地": "長野県北安曇郡松川村５７２８－３５３", "緯度": 36.430743, "経度": 137.862553, "url": "https://www.iryou.teikyouseido.mhlw.go.jp/znk-web/juminkanja/S2430/initialize?prefCd=20&kikanCd=2206108760&kikanKbn=2", "url2": null, "内容": "吉村医院【2:診療所】【診療科目:内科_呼吸器内科_消化器内科_小児科】長野県北安曇郡松川村５７２８－３５３" }, "geometry": { "type": "Point", "coordinates": [ 137.862553, 36.430743 ] } },
{ "type": "Feature", "properties": { "ID": 2022206108890, "正式名称": "宮澤眼科医院", "機関区分": 2, "都道府県コード": 20, "市区町村コード": 212, "所在地": "長野県大町市大町３１６３", "緯度": 36.501207, "経度": 137.860301, "url": "https://www.iryou.teikyouseido.mhlw.go.jp/znk-web/juminkanja/S2430/initialize?prefCd=20&kikanCd=2206108890&kikanKbn=2", "url2": null, "内容": "宮澤眼科医院【2:診療所】【診療科目:眼科】長野県大町市大町３１６３" }, "geometry": { "type": "Point", "coordinates": [ 137.860301, 36.501207 ] } },
{ "type": "Feature", "properties": { "ID": 2022206108920, "正式名称": "小谷村国民健康保険小谷村診療所", "機関区分": 2, "都道府県コード": 20, "市区町村コード": 486, "所在地": "長野県北安曇郡小谷村中小谷丙２５２０−１", "緯度": 36.796202, "経度": 137.912256, "url": "https://www.iryou.teikyouseido.mhlw.go.jp/znk-web/juminkanja/S2430/initialize?prefCd=20&kikanCd=2206108920&kikanKbn=2", "url2": "https://www.vill.otari.nagano.jp/www/contents/1001000000043/index.html", "内容": "小谷村国民健康保険小谷村診療所【2:診療所】【診療科目:内科_外科_整形外科】長野県北安曇郡小谷村中小谷丙２５２０−１" }, "geometry": { "type": "Point", "coordinates": [ 137.912256, 36.796202 ] } },
{ "type": "Feature", "properties": { "ID": 2022206109060, "正式名称": "かさぎ皮ふ科", "機関区分": 2, "都道府県コード": 20, "市区町村コード": 212, "所在地": "長野県大町市大町３３０３－１３", "緯度": 36.503012, "経度": 137.859912, "url": "https://www.iryou.teikyouseido.mhlw.go.jp/znk-web/juminkanja/S2430/initialize?prefCd=20&kikanCd=2206109060&kikanKbn=2", "url2": "http://kasagihihuka.omachi.org/", "内容": "かさぎ皮ふ科【2:診療所】【診療科目:皮膚科】長野県大町市大町３３０３－１３" }, "geometry": { "type": "Point", "coordinates": [ 137.859912, 36.503012 ] } },
{ "type": "Feature", "properties": { "ID": 2022206109770, "正式名称": "岡村眼科医院", "機関区分": 2, "都道府県コード": 20, "市区町村コード": 482, "所在地": "長野県北安曇郡松川村５７９４ー４５６", "緯度": 36.423354, "経度": 137.857776, "url": "https://www.iryou.teikyouseido.mhlw.go.jp/znk-web/juminkanja/S2430/initialize?prefCd=20&kikanCd=2206109770&kikanKbn=2", "url2": "https://okamura-eye.com", "内容": "岡村眼科医院【2:診療所】【診療科目:眼科】長野県北安曇郡松川村５７９４ー４５６" }, "geometry": { "type": "Point", "coordinates": [ 137.857776, 36.423354 ] } },
{ "type": "Feature", "properties": { "ID": 2022206109800, "正式名称": "野村クリニック", "機関区分": 2, "都道府県コード": 20, "市区町村コード": 212, "所在地": "長野県大町市大町３５０２－２", "緯度": 36.49954, "経度": 137.853996, "url": "https://www.iryou.teikyouseido.mhlw.go.jp/znk-web/juminkanja/S2430/initialize?prefCd=20&kikanCd=2206109800&kikanKbn=2", "url2": "https://www.threads.com/nomura.clinic", "内容": "野村クリニック【2:診療所】【診療科目:内科_糖尿病内科_呼吸器内科_消化器内科_小児科】長野県大町市大町３５０２－２" }, "geometry": { "type": "Point", "coordinates": [ 137.853996, 36.49954 ] } },
{ "type": "Feature", "properties": { "ID": 2022206110200, "正式名称": "永井眼科医院", "機関区分": 2, "都道府県コード": 20, "市区町村コード": 212, "所在地": "長野県大町市大町３１５２", "緯度": 36.515094, "経度": 137.85019, "url": "https://www.iryou.teikyouseido.mhlw.go.jp/znk-web/juminkanja/S2430/initialize?prefCd=20&kikanCd=2206110200&kikanKbn=2", "url2": null, "内容": "永井眼科医院【2:診療所】【診療科目:眼科】長野県大町市大町３１５２" }, "geometry": { "type": "Point", "coordinates": [ 137.85019, 36.515094 ] } },
{ "type": "Feature", "properties": { "ID": 2022206110590, "正式名称": "松本クリニック", "機関区分": 2, "都道府県コード": 20, "市区町村コード": 482, "所在地": "長野県北安曇郡松川村松川村一円", "緯度": 36.417017, "経度": 137.865559, "url": "https://www.iryou.teikyouseido.mhlw.go.jp/znk-web/juminkanja/S2430/initialize?prefCd=20&kikanCd=2206110590&kikanKbn=2", "url2": null, "内容": "松本クリニック【2:診療所】【診療科目:内科_麻酔科】長野県北安曇郡松川村松川村一円" }, "geometry": { "type": "Point", "coordinates": [ 137.865559, 36.417017 ] } },
{ "type": "Feature", "properties": { "ID": 2022206110620, "正式名称": "すずらん内科クリニック", "機関区分": 2, "都道府県コード": 20, "市区町村コード": 481, "所在地": "長野県北安曇郡池田町池田２５３６－５", "緯度": 36.426299, "経度": 137.878857, "url": "https://www.iryou.teikyouseido.mhlw.go.jp/znk-web/juminkanja/S2430/initialize?prefCd=20&kikanCd=2206110620&kikanKbn=2", "url2": "https://suzuran-clinic.jp", "内容": "すずらん内科クリニック【2:診療所】【診療科目:内科】長野県北安曇郡池田町池田２５３６－５" }, "geometry": { "type": "Point", "coordinates": [ 137.878857, 36.426299 ] } },
{ "type": "Feature", "properties": { "ID": 2022206110880, "正式名称": "千葉眼科", "機関区分": 2, "都道府県コード": 20, "市区町村コード": 212, "所在地": "長野県大町市常盤３５６４", "緯度": 36.467823, "経度": 137.848744, "url": "https://www.iryou.teikyouseido.mhlw.go.jp/znk-web/juminkanja/S2430/initialize?prefCd=20&kikanCd=2206110880&kikanKbn=2", "url2": null, "内容": "千葉眼科【2:診療所】【診療科目:眼科】長野県大町市常盤３５６４" }, "geometry": { "type": "Point", "coordinates": [ 137.848744, 36.467823 ] } },
{ "type": "Feature", "properties": { "ID": 2022206111050, "正式名称": "最上整形外科クリニック", "機関区分": 2, "都道府県コード": 20, "市区町村コード": 212, "所在地": "長野県大町市常盤５８９７ー４８", "緯度": 36.457687, "経度": 137.81046, "url": "https://www.iryou.teikyouseido.mhlw.go.jp/znk-web/juminkanja/S2430/initialize?prefCd=20&kikanCd=2206111050&kikanKbn=2", "url2": null, "内容": "最上整形外科クリニック【2:診療所】【診療科目:整形外科_リハビリテーション科】長野県大町市常盤５８９７ー４８" }, "geometry": { "type": "Point", "coordinates": [ 137.81046, 36.457687 ] } },
{ "type": "Feature", "properties": { "ID": 2022206111180, "正式名称": "せりざわクリニック", "機関区分": 2, "都道府県コード": 20, "市区町村コード": 481, "所在地": "長野県北安曇郡池田町大字池田２９０２ー１７", "緯度": 36.42266, "経度": 137.878766, "url": "https://www.iryou.teikyouseido.mhlw.go.jp/znk-web/juminkanja/S2430/initialize?prefCd=20&kikanCd=2206111180&kikanKbn=2", "url2": "http://serizawa-cl.jp/", "内容": "せりざわクリニック【2:診療所】【診療科目:内科_腎臓内科_小児科】長野県北安曇郡池田町大字池田２９０２ー１７" }, "geometry": { "type": "Point", "coordinates": [ 137.878766, 36.42266 ] } },
{ "type": "Feature", "properties": { "ID": 2022206111340, "正式名称": "いしぞね内科・外科クリニック", "機関区分": 2, "都道府県コード": 20, "市区町村コード": 212, "所在地": "長野県大町市大町３１９０－１", "緯度": 36.500305, "経度": 137.862439, "url": "https://www.iryou.teikyouseido.mhlw.go.jp/znk-web/juminkanja/S2430/initialize?prefCd=20&kikanCd=2206111340&kikanKbn=2", "url2": "https://ishizone-clinic.jp", "内容": "いしぞね内科・外科クリニック【2:診療所】【診療科目:内科_消化器内科_外科_消化器外科_肛門外科_大腸・肛門外科_整形外科】長野県大町市大町３１９０－１" }, "geometry": { "type": "Point", "coordinates": [ 137.862439, 36.500305 ] } },
{ "type": "Feature", "properties": { "ID": 2022206111500, "正式名称": "白馬インターナショナルクリニック", "機関区分": 2, "都道府県コード": 20, "市区町村コード": 485, "所在地": "長野県北安曇郡白馬村北城３０２０番１３９３", "緯度": 36.695394, "経度": 137.847008, "url": "https://www.iryou.teikyouseido.mhlw.go.jp/znk-web/juminkanja/S2430/initialize?prefCd=20&kikanCd=2206111500&kikanKbn=2", "url2": "https://hic-med.com/", "内容": "白馬インターナショナルクリニック【2:診療所】【診療科目:内科_外科_整形外科_小児科_泌尿器科】長野県北安曇郡白馬村北城３０２０番１３９３" }, "geometry": { "type": "Point", "coordinates": [ 137.847008, 36.695394 ] } },
{ "type": "Feature", "properties": { "ID": 2022206200130, "正式名称": "長野市国民健康保険信更診療所", "機関区分": 2, "都道府県コード": 20, "市区町村コード": 201, "所在地": "長野県長野市信更町氷ノ田２９１５番地１", "緯度": 36.571843, "経度": 138.073335, "url": "https://www.iryou.teikyouseido.mhlw.go.jp/znk-web/juminkanja/S2430/initialize?prefCd=20&kikanCd=2206200130&kikanKbn=2", "url2": null, "内容": "長野市国民健康保険信更診療所【2:診療所】【診療科目:内科_小児科_歯科】長野県長野市信更町氷ノ田２９１５番地１" }, "geometry": { "type": "Point", "coordinates": [ 138.073335, 36.571843 ] } },
{ "type": "Feature", "properties": { "ID": 2022206201010, "正式名称": "鈴木医院", "機関区分": 2, "都道府県コード": 20, "市区町村コード": 201, "所在地": "長野県長野市稲里町田牧３９２－３", "緯度": 36.595509, "経度": 138.175019, "url": "https://www.iryou.teikyouseido.mhlw.go.jp/znk-web/juminkanja/S2430/initialize?prefCd=20&kikanCd=2206201010&kikanKbn=2", "url2": null, "内容": "鈴木医院【2:診療所】【診療科目:内科_リウマチ科】長野県長野市稲里町田牧３９２－３" }, "geometry": { "type": "Point", "coordinates": [ 138.175019, 36.595509 ] } },
{ "type": "Feature", "properties": { "ID": 2022206201300, "正式名称": "荻場耳鼻咽喉科医院", "機関区分": 2, "都道府県コード": 20, "市区町村コード": 201, "所在地": "長野県長野市篠ノ井御幣川１１５４", "緯度": 36.574844, "経度": 138.141884, "url": "https://www.iryou.teikyouseido.mhlw.go.jp/znk-web/juminkanja/S2430/initialize?prefCd=20&kikanCd=2206201300&kikanKbn=2", "url2": null, "内容": "荻場耳鼻咽喉科医院【2:診療所】【診療科目:耳鼻いんこう科】長野県長野市篠ノ井御幣川１１５４" }, "geometry": { "type": "Point", "coordinates": [ 138.141884, 36.574844 ] } },
{ "type": "Feature", "properties": { "ID": 2022206201560, "正式名称": "長野市国民健康保険信里診療所", "機関区分": 2, "都道府県コード": 20, "市区町村コード": 201, "所在地": "長野県長野市篠ノ井有旅１１９２番地１", "緯度": 36.591147, "経度": 138.102637, "url": "https://www.iryou.teikyouseido.mhlw.go.jp/znk-web/juminkanja/S2430/initialize?prefCd=20&kikanCd=2206201560&kikanKbn=2", "url2": null, "内容": "長野市国民健康保険信里診療所【2:診療所】【診療科目:内科_小児科_歯科】長野県長野市篠ノ井有旅１１９２番地１" }, "geometry": { "type": "Point", "coordinates": [ 138.102637, 36.591147 ] } },
{ "type": "Feature", "properties": { "ID": 2022206201690, "正式名称": "高須医院", "機関区分": 2, "都道府県コード": 20, "市区町村コード": 201, "所在地": "長野県長野市篠ノ井塩崎６６６７ー２", "緯度": 36.564165, "経度": 138.135935, "url": "https://www.iryou.teikyouseido.mhlw.go.jp/znk-web/juminkanja/S2430/initialize?prefCd=20&kikanCd=2206201690&kikanKbn=2", "url2": "https://www.takasuiin.com/", "内容": "高須医院【2:診療所】【診療科目:内科_消化器内科】長野県長野市篠ノ井塩崎６６６７ー２" }, "geometry": { "type": "Point", "coordinates": [ 138.135935, 36.564165 ] } },
{ "type": "Feature", "properties": { "ID": 2022206201980, "正式名称": "医療法人　松尾医院", "機関区分": 2, "都道府県コード": 20, "市区町村コード": 201, "所在地": "長野県長野市篠ノ井布施高田九七六番地", "緯度": 36.579649, "経度": 138.140301, "url": "https://www.iryou.teikyouseido.mhlw.go.jp/znk-web/juminkanja/S2430/initialize?prefCd=20&kikanCd=2206201980&kikanKbn=2", "url2": null, "内容": "医療法人　松尾医院【2:診療所】【診療科目:内科_循環器内科_外科_皮膚科】長野県長野市篠ノ井布施高田九七六番地" }, "geometry": { "type": "Point", "coordinates": [ 138.140301, 36.579649 ] } },
{ "type": "Feature", "properties": { "ID": 2022206202310, "正式名称": "わたなべクリニック", "機関区分": 2, "都道府県コード": 20, "市区町村コード": 201, "所在地": "長野県長野市丹波島２丁目１８番地１５号", "緯度": 36.617062, "経度": 138.170852, "url": "https://www.iryou.teikyouseido.mhlw.go.jp/znk-web/juminkanja/S2430/initialize?prefCd=20&kikanCd=2206202310&kikanKbn=2", "url2": "https://2853777.mdja.jp/", "内容": "わたなべクリニック【2:診療所】【診療科目:内科_消化器内科】長野県長野市丹波島２丁目１８番地１５号" }, "geometry": { "type": "Point", "coordinates": [ 138.170852, 36.617062 ] } },
{ "type": "Feature", "properties": { "ID": 2022206202440, "正式名称": "甘利内科・呼吸器科クリニック", "機関区分": 2, "都道府県コード": 20, "市区町村コード": 201, "所在地": "長野県長野市篠ノ井会１２－２", "緯度": 36.57515, "経度": 138.145467, "url": "https://www.iryou.teikyouseido.mhlw.go.jp/znk-web/juminkanja/S2430/initialize?prefCd=20&kikanCd=2206202440&kikanKbn=2", "url2": "http://amari-clinic.jp/", "内容": "甘利内科・呼吸器科クリニック【2:診療所】【診療科目:内科_呼吸器内科_アレルギー科】長野県長野市篠ノ井会１２－２" }, "geometry": { "type": "Point", "coordinates": [ 138.145467, 36.57515 ] } },
{ "type": "Feature", "properties": { "ID": 2022206202570, "正式名称": "医療法人　廣岡脳神経外科", "機関区分": 2, "都道府県コード": 20, "市区町村コード": 201, "所在地": "長野県長野市下氷鉋１丁目１４５７", "緯度": 36.613202, "経度": 138.175435, "url": "https://www.iryou.teikyouseido.mhlw.go.jp/znk-web/juminkanja/S2430/initialize?prefCd=20&kikanCd=2206202570&kikanKbn=2", "url2": "http://hirooka-noushinkeigeka.com/", "内容": "医療法人　廣岡脳神経外科【2:診療所】【診療科目:脳神経外科_脳外科】長野県長野市下氷鉋１丁目１４５７" }, "geometry": { "type": "Point", "coordinates": [ 138.175435, 36.613202 ] } },
{ "type": "Feature", "properties": { "ID": 2022206202730, "正式名称": "医療法人酒井診療所", "機関区分": 2, "都道府県コード": 20, "市区町村コード": 201, "所在地": "長野県長野市青木島町大塚７２ー１", "緯度": 36.602815, "経度": 138.190712, "url": "https://www.iryou.teikyouseido.mhlw.go.jp/znk-web/juminkanja/S2430/initialize?prefCd=20&kikanCd=2206202730&kikanKbn=2", "url2": "http://www.cocokarada.jp/hospital/detail/058394/", "内容": "医療法人酒井診療所【2:診療所】【診療科目:内科】長野県長野市青木島町大塚７２ー１" }, "geometry": { "type": "Point", "coordinates": [ 138.190712, 36.602815 ] } },
{ "type": "Feature", "properties": { "ID": 2022206202990, "正式名称": "医療法人三博会　酒井医院", "機関区分": 2, "都道府県コード": 20, "市区町村コード": 201, "所在地": "長野県長野市篠ノ井布施高田８６３", "緯度": 36.577483, "経度": 138.139106, "url": "https://www.iryou.teikyouseido.mhlw.go.jp/znk-web/juminkanja/S2430/initialize?prefCd=20&kikanCd=2206202990&kikanKbn=2", "url2": null, "内容": "医療法人三博会　酒井医院【2:診療所】【診療科目:内科_呼吸器内科_外科】長野県長野市篠ノ井布施高田８６３" }, "geometry": { "type": "Point", "coordinates": [ 138.139106, 36.577483 ] } },
{ "type": "Feature", "properties": { "ID": 2022206203580, "正式名称": "医療法人　笠間整形外科医院", "機関区分": 2, "都道府県コード": 20, "市区町村コード": 201, "所在地": "長野県長野市稲里町中氷鉋９７３ー１", "緯度": 36.610341, "経度": 138.173463, "url": "https://www.iryou.teikyouseido.mhlw.go.jp/znk-web/juminkanja/S2430/initialize?prefCd=20&kikanCd=2206203580&kikanKbn=2", "url2": "http://itp.ne.jp/aa/0262831033/index.html", "内容": "医療法人　笠間整形外科医院【2:診療所】【診療科目:整形外科_リハビリテーション科】長野県長野市稲里町中氷鉋９７３ー１" }, "geometry": { "type": "Point", "coordinates": [ 138.173463, 36.610341 ] } },
{ "type": "Feature", "properties": { "ID": 2022206203870, "正式名称": "長野内科消化器内視鏡クリニック神林医院", "機関区分": 2, "都道府県コード": 20, "市区町村コード": 201, "所在地": "長野県長野市稲里町下氷鉋１２５９", "緯度": 36.610647, "経度": 138.182712, "url": "https://www.iryou.teikyouseido.mhlw.go.jp/znk-web/juminkanja/S2430/initialize?prefCd=20&kikanCd=2206203870&kikanKbn=2", "url2": null, "内容": "長野内科消化器内視鏡クリニック神林医院【2:診療所】【診療科目:内科_消化器内科_老年内科_女性内科_内視鏡内科_肛門内科_麻酔科】長野県長野市稲里町下氷鉋１２５９" }, "geometry": { "type": "Point", "coordinates": [ 138.182712, 36.610647 ] } },
{ "type": "Feature", "properties": { "ID": 2022206203900, "正式名称": "イイジマ眼科", "機関区分": 2, "都道府県コード": 20, "市区町村コード": 201, "所在地": "長野県長野市青木島１ー２２ー９", "緯度": 36.617285, "経度": 138.179351, "url": "https://www.iryou.teikyouseido.mhlw.go.jp/znk-web/juminkanja/S2430/initialize?prefCd=20&kikanCd=2206203900&kikanKbn=2", "url2": null, "内容": "イイジマ眼科【2:診療所】【診療科目:眼科】長野県長野市青木島１ー２２ー９" }, "geometry": { "type": "Point", "coordinates": [ 138.179351, 36.617285 ] } },
{ "type": "Feature", "properties": { "ID": 2022206204330, "正式名称": "小林小児科", "機関区分": 2, "都道府県コード": 20, "市区町村コード": 201, "所在地": "長野県長野市稲里町中氷鉋４３６ー１", "緯度": 36.608035, "経度": 138.163936, "url": "https://www.iryou.teikyouseido.mhlw.go.jp/znk-web/juminkanja/S2430/initialize?prefCd=20&kikanCd=2206204330&kikanKbn=2", "url2": "https://cms.aiakos.co.jp>kbyst", "内容": "小林小児科【2:診療所】【診療科目:小児科_アレルギー科】長野県長野市稲里町中氷鉋４３６ー１" }, "geometry": { "type": "Point", "coordinates": [ 138.163936, 36.608035 ] } },
{ "type": "Feature", "properties": { "ID": 2022206204590, "正式名称": "河合医院", "機関区分": 2, "都道府県コード": 20, "市区町村コード": 201, "所在地": "長野県長野市青木島町綱島４４０", "緯度": 36.613813, "経度": 138.194295, "url": "https://www.iryou.teikyouseido.mhlw.go.jp/znk-web/juminkanja/S2430/initialize?prefCd=20&kikanCd=2206204590&kikanKbn=2", "url2": null, "内容": "河合医院【2:診療所】【診療科目:内科_小児科】長野県長野市青木島町綱島４４０" }, "geometry": { "type": "Point", "coordinates": [ 138.194295, 36.613813 ] } },
{ "type": "Feature", "properties": { "ID": 2022206205050, "正式名称": "医療法人川中島クリニック", "機関区分": 2, "都道府県コード": 20, "市区町村コード": 201, "所在地": "長野県長野市川中島町御厨１９４２ー２５", "緯度": 36.590232, "経度": 138.157688, "url": "https://www.iryou.teikyouseido.mhlw.go.jp/znk-web/juminkanja/S2430/initialize?prefCd=20&kikanCd=2206205050&kikanKbn=2", "url2": null, "内容": "医療法人川中島クリニック【2:診療所】【診療科目:内科_消化器内科_外科_消化器外科_肛門外科_放射線科】長野県長野市川中島町御厨１９４２ー２５" }, "geometry": { "type": "Point", "coordinates": [ 138.157688, 36.590232 ] } },
{ "type": "Feature", "properties": { "ID": 2022206205500, "正式名称": "医療法人　しののい眼科クリニック", "機関区分": 2, "都道府県コード": 20, "市区町村コード": 201, "所在地": "長野県長野市金井田５４ー１", "緯度": 36.582538, "経度": 138.159577, "url": "https://www.iryou.teikyouseido.mhlw.go.jp/znk-web/juminkanja/S2430/initialize?prefCd=20&kikanCd=2206205500&kikanKbn=2", "url2": "http://www.sinonoi-ganka-clinic.com", "内容": "医療法人　しののい眼科クリニック【2:診療所】【診療科目:眼科】長野県長野市金井田５４ー１" }, "geometry": { "type": "Point", "coordinates": [ 138.159577, 36.582538 ] } },
{ "type": "Feature", "properties": { "ID": 2022206205630, "正式名称": "泌尿器科高見沢クリニック", "機関区分": 2, "都道府県コード": 20, "市区町村コード": 201, "所在地": "長野県長野市川中島町原１３９５－６", "緯度": 36.59262, "経度": 138.155132, "url": "https://www.iryou.teikyouseido.mhlw.go.jp/znk-web/juminkanja/S2430/initialize?prefCd=20&kikanCd=2206205630&kikanKbn=2", "url2": null, "内容": "泌尿器科高見沢クリニック【2:診療所】【診療科目:泌尿器科】長野県長野市川中島町原１３９５－６" }, "geometry": { "type": "Point", "coordinates": [ 138.155132, 36.59262 ] } },
{ "type": "Feature", "properties": { "ID": 2022206205890, "正式名称": "滝沢医院", "機関区分": 2, "都道府県コード": 20, "市区町村コード": 201, "所在地": "長野県長野市篠ノ井布施高田６７７", "緯度": 36.580121, "経度": 138.142689, "url": "https://www.iryou.teikyouseido.mhlw.go.jp/znk-web/juminkanja/S2430/initialize?prefCd=20&kikanCd=2206205890&kikanKbn=2", "url2": null, "内容": "滝沢医院【2:診療所】【診療科目:内科_小児科_リウマチ科】長野県長野市篠ノ井布施高田６７７" }, "geometry": { "type": "Point", "coordinates": [ 138.142689, 36.580121 ] } },
{ "type": "Feature", "properties": { "ID": 2022206205920, "正式名称": "医療法人　松井皮膚科クリニック", "機関区分": 2, "都道府県コード": 20, "市区町村コード": 201, "所在地": "長野県長野市川中島町御厨５８－１", "緯度": 36.601758, "経度": 138.160437, "url": "https://www.iryou.teikyouseido.mhlw.go.jp/znk-web/juminkanja/S2430/initialize?prefCd=20&kikanCd=2206205920&kikanKbn=2", "url2": null, "内容": "医療法人　松井皮膚科クリニック【2:診療所】【診療科目:皮膚科】長野県長野市川中島町御厨５８－１" }, "geometry": { "type": "Point", "coordinates": [ 138.160437, 36.601758 ] } },
{ "type": "Feature", "properties": { "ID": 2022206206060, "正式名称": "医療法人今井クリニック丸山内科", "機関区分": 2, "都道府県コード": 20, "市区町村コード": 201, "所在地": "長野県長野市川中島町今井３９１番地", "緯度": 36.596425, "経度": 138.140106, "url": "https://www.iryou.teikyouseido.mhlw.go.jp/znk-web/juminkanja/S2430/initialize?prefCd=20&kikanCd=2206206060&kikanKbn=2", "url2": "https://imai.or.jp", "内容": "医療法人今井クリニック丸山内科【2:診療所】【診療科目:内科_呼吸器内科_消化器内科】長野県長野市川中島町今井３９１番地" }, "geometry": { "type": "Point", "coordinates": [ 138.140106, 36.596425 ] } },
{ "type": "Feature", "properties": { "ID": 2022206300610, "正式名称": "医療法人中沢医院", "機関区分": 2, "都道府県コード": 20, "市区町村コード": 218, "所在地": "長野県千曲市小島２８０６－１", "緯度": 36.52971, "経度": 138.126498, "url": "https://www.iryou.teikyouseido.mhlw.go.jp/znk-web/juminkanja/S2430/initialize?prefCd=20&kikanCd=2206300610&kikanKbn=2", "url2": "http://www.nakazawaclinic.com/", "内容": "医療法人中沢医院【2:診療所】【診療科目:内科_呼吸器内科_消化器内科】長野県千曲市小島２８０６－１" }, "geometry": { "type": "Point", "coordinates": [ 138.126498, 36.52971 ] } },
{ "type": "Feature", "properties": { "ID": 2022206301880, "正式名称": "医療法人鴇沢眼科", "機関区分": 2, "都道府県コード": 20, "市区町村コード": 218, "所在地": "長野県千曲市小島３１６０－１", "緯度": 36.533045, "経度": 138.126245, "url": "https://www.iryou.teikyouseido.mhlw.go.jp/znk-web/juminkanja/S2430/initialize?prefCd=20&kikanCd=2206301880&kikanKbn=2", "url2": "https://www.tokizawaganka.com/", "内容": "医療法人鴇沢眼科【2:診療所】【診療科目:眼科】長野県千曲市小島３１６０－１" }, "geometry": { "type": "Point", "coordinates": [ 138.126245, 36.533045 ] } },
{ "type": "Feature", "properties": { "ID": 2022206301910, "正式名称": "中島産婦人科小児科", "機関区分": 2, "都道府県コード": 20, "市区町村コード": 218, "所在地": "長野県千曲市上山田温泉１ー１ー２", "緯度": 36.483521, "経度": 138.141443, "url": "https://www.iryou.teikyouseido.mhlw.go.jp/znk-web/juminkanja/S2430/initialize?prefCd=20&kikanCd=2206301910&kikanKbn=2", "url2": null, "内容": "中島産婦人科小児科【2:診療所】【診療科目:小児科_産婦人科_婦人科】長野県千曲市上山田温泉１ー１ー２" }, "geometry": { "type": "Point", "coordinates": [ 138.141443, 36.483521 ] } },
{ "type": "Feature", "properties": { "ID": 2022206302890, "正式名称": "武市医院", "機関区分": 2, "都道府県コード": 20, "市区町村コード": 521, "所在地": "長野県埴科郡坂城町中之条２５２５", "緯度": 36.451804, "経度": 138.188941, "url": "https://www.iryou.teikyouseido.mhlw.go.jp/znk-web/juminkanja/S2430/initialize?prefCd=20&kikanCd=2206302890&kikanKbn=2", "url2": "https://www.takeichi-iin.jp/", "内容": "武市医院【2:診療所】【診療科目:内科_循環器内科_消化器内科_外科_皮膚科】長野県埴科郡坂城町中之条２５２５" }, "geometry": { "type": "Point", "coordinates": [ 138.188941, 36.451804 ] } },
{ "type": "Feature", "properties": { "ID": 2022206303220, "正式名称": "医療法人　社団　豊栄会　とよき内科", "機関区分": 2, "都道府県コード": 20, "市区町村コード": 218, "所在地": "長野県千曲市磯部７６７ー４", "緯度": 36.483744, "経度": 138.15472, "url": "https://www.iryou.teikyouseido.mhlw.go.jp/znk-web/juminkanja/S2430/initialize?prefCd=20&kikanCd=2206303220&kikanKbn=2", "url2": "http://www.toyoki-naika.com", "内容": "医療法人　社団　豊栄会　とよき内科【2:診療所】【診療科目:内科_循環器内科_消化器内科_腎臓内科】長野県千曲市磯部７６７ー４" }, "geometry": { "type": "Point", "coordinates": [ 138.15472, 36.483744 ] } },
{ "type": "Feature", "properties": { "ID": 2022206303930, "正式名称": "菅谷東クリニック", "機関区分": 2, "都道府県コード": 20, "市区町村コード": 218, "所在地": "長野県千曲市粟佐", "緯度": 36.536376, "経度": 138.122193, "url": "https://www.iryou.teikyouseido.mhlw.go.jp/znk-web/juminkanja/S2430/initialize?prefCd=20&kikanCd=2206303930&kikanKbn=2", "url2": null, "内容": "菅谷東クリニック【2:診療所】【診療科目:内科_腎臓内科_漢方内科】長野県千曲市粟佐" }, "geometry": { "type": "Point", "coordinates": [ 138.122193, 36.536376 ] } },
{ "type": "Feature", "properties": { "ID": 2022206304100, "正式名称": "鴇沢内科クリニック", "機関区分": 2, "都道府県コード": 20, "市区町村コード": 218, "所在地": "長野県千曲市屋代１０４１ー３", "緯度": 36.543736, "経度": 138.132553, "url": "https://www.iryou.teikyouseido.mhlw.go.jp/znk-web/juminkanja/S2430/initialize?prefCd=20&kikanCd=2206304100&kikanKbn=2", "url2": null, "内容": "鴇沢内科クリニック【2:診療所】【診療科目:内科】長野県千曲市屋代１０４１ー３" }, "geometry": { "type": "Point", "coordinates": [ 138.132553, 36.543736 ] } },
{ "type": "Feature", "properties": { "ID": 2022206304650, "正式名称": "二階堂医院", "機関区分": 2, "都道府県コード": 20, "市区町村コード": 218, "所在地": "長野県千曲市磯部１１９４－１", "緯度": 36.478467, "経度": 138.15572, "url": "https://www.iryou.teikyouseido.mhlw.go.jp/znk-web/juminkanja/S2430/initialize?prefCd=20&kikanCd=2206304650&kikanKbn=2", "url2": null, "内容": "二階堂医院【2:診療所】【診療科目:整形外科】長野県千曲市磯部１１９４－１" }, "geometry": { "type": "Point", "coordinates": [ 138.15572, 36.478467 ] } },
{ "type": "Feature", "properties": { "ID": 2022206400350, "正式名称": "医療法人聖和会旭町医院", "機関区分": 2, "都道府県コード": 20, "市区町村コード": 207, "所在地": "長野県須坂市上中町１８３", "緯度": 36.65459, "経度": 138.314227, "url": "https://www.iryou.teikyouseido.mhlw.go.jp/znk-web/juminkanja/S2430/initialize?prefCd=20&kikanCd=2206400350&kikanKbn=2", "url2": null, "内容": "医療法人聖和会旭町医院【2:診療所】【診療科目:内科】長野県須坂市上中町１８３" }, "geometry": { "type": "Point", "coordinates": [ 138.314227, 36.65459 ] } },
{ "type": "Feature", "properties": { "ID": 2022206401070, "正式名称": "おおくぼ眼科　須坂クリニック", "機関区分": 2, "都道府県コード": 20, "市区町村コード": 207, "所在地": "長野県須坂市大字須坂１２３７番地２", "緯度": 36.656555, "経度": 138.307858, "url": "https://www.iryou.teikyouseido.mhlw.go.jp/znk-web/juminkanja/S2430/initialize?prefCd=20&kikanCd=2206401070&kikanKbn=2", "url2": "http://okuboganka.com", "内容": "おおくぼ眼科　須坂クリニック【2:診療所】【診療科目:眼科】長野県須坂市大字須坂１２３７番地２" }, "geometry": { "type": "Point", "coordinates": [ 138.307858, 36.656555 ] } },
{ "type": "Feature", "properties": { "ID": 2022206401650, "正式名称": "大島医院", "機関区分": 2, "都道府県コード": 20, "市区町村コード": 207, "所在地": "長野県須坂市東横町１２７９ー１", "緯度": 36.654006, "経度": 138.308061, "url": "https://www.iryou.teikyouseido.mhlw.go.jp/znk-web/juminkanja/S2430/initialize?prefCd=20&kikanCd=2206401650&kikanKbn=2", "url2": null, "内容": "大島医院【2:診療所】【診療科目:内科_小児科】長野県須坂市東横町１２７９ー１" }, "geometry": { "type": "Point", "coordinates": [ 138.308061, 36.654006 ] } },
{ "type": "Feature", "properties": { "ID": 2022206402820, "正式名称": "市川眼科医院", "機関区分": 2, "都道府県コード": 20, "市区町村コード": 207, "所在地": "長野県須坂市大字須坂１７８－７", "緯度": 36.65434, "経度": 138.31406, "url": "https://www.iryou.teikyouseido.mhlw.go.jp/znk-web/juminkanja/S2430/initialize?prefCd=20&kikanCd=2206402820&kikanKbn=2", "url2": "https://ichikawa-eye.jp", "内容": "市川眼科医院【2:診療所】【診療科目:眼科】長野県須坂市大字須坂１７８－７" }, "geometry": { "type": "Point", "coordinates": [ 138.31406, 36.65434 ] } },
{ "type": "Feature", "properties": { "ID": 2022206403670, "正式名称": "岡野医院", "機関区分": 2, "都道府県コード": 20, "市区町村コード": 541, "所在地": "長野県上高井郡小布施町都住六川１４", "緯度": 36.707362, "経度": 138.323363, "url": "https://www.iryou.teikyouseido.mhlw.go.jp/znk-web/juminkanja/S2430/initialize?prefCd=20&kikanCd=2206403670&kikanKbn=2", "url2": null, "内容": "岡野医院【2:診療所】【診療科目:内科_小児科_リハビリテーション科】長野県上高井郡小布施町都住六川１４" }, "geometry": { "type": "Point", "coordinates": [ 138.323363, 36.707362 ] } },
{ "type": "Feature", "properties": { "ID": 2022206404710, "正式名称": "永田医院", "機関区分": 2, "都道府県コード": 20, "市区町村コード": 207, "所在地": "長野県須坂市墨坂南２ー５ー３", "緯度": 36.647784, "経度": 138.297534, "url": "https://www.iryou.teikyouseido.mhlw.go.jp/znk-web/juminkanja/S2430/initialize?prefCd=20&kikanCd=2206404710&kikanKbn=2", "url2": null, "内容": "永田医院【2:診療所】【診療科目:消化器内科_外科_皮膚科】長野県須坂市墨坂南２ー５ー３" }, "geometry": { "type": "Point", "coordinates": [ 138.297534, 36.647784 ] } },
{ "type": "Feature", "properties": { "ID": 2022206405270, "正式名称": "医療法人　明徳会　細川医院", "機関区分": 2, "都道府県コード": 20, "市区町村コード": 207, "所在地": "長野県須坂市南横町１６３２", "緯度": 36.653312, "経度": 138.306839, "url": "https://www.iryou.teikyouseido.mhlw.go.jp/znk-web/juminkanja/S2430/initialize?prefCd=20&kikanCd=2206405270&kikanKbn=2", "url2": "https://www.hosokawa-iin.com", "内容": "医療法人　明徳会　細川医院【2:診療所】【診療科目:内科_循環器内科】長野県須坂市南横町１６３２" }, "geometry": { "type": "Point", "coordinates": [ 138.306839, 36.653312 ] } },
{ "type": "Feature", "properties": { "ID": 2022206405690, "正式名称": "スザカ皮膚科クリニック", "機関区分": 2, "都道府県コード": 20, "市区町村コード": 207, "所在地": "長野県須坂市北横町１２８８－２須坂駅２階", "緯度": 36.656395, "経度": 138.304256, "url": "https://www.iryou.teikyouseido.mhlw.go.jp/znk-web/juminkanja/S2430/initialize?prefCd=20&kikanCd=2206405690&kikanKbn=2", "url2": "http://www.susaka.com/", "内容": "スザカ皮膚科クリニック【2:診療所】【診療科目:皮膚科】長野県須坂市北横町１２８８－２須坂駅２階" }, "geometry": { "type": "Point", "coordinates": [ 138.304256, 36.656395 ] } },
{ "type": "Feature", "properties": { "ID": 2022206406310, "正式名称": "医療法人ミヤシタ宮下医院", "機関区分": 2, "都道府県コード": 20, "市区町村コード": 207, "所在地": "長野県須坂市高梨町２６０－５", "緯度": 36.656422, "経度": 138.283146, "url": "https://www.iryou.teikyouseido.mhlw.go.jp/znk-web/juminkanja/S2430/initialize?prefCd=20&kikanCd=2206406310&kikanKbn=2", "url2": null, "内容": "医療法人ミヤシタ宮下医院【2:診療所】【診療科目:内科_泌尿器科_精神科_心療内科】長野県須坂市高梨町２６０－５" }, "geometry": { "type": "Point", "coordinates": [ 138.283146, 36.656422 ] } },
{ "type": "Feature", "properties": { "ID": 2022206500120, "正式名称": "西原医院", "機関区分": 2, "都道府県コード": 20, "市区町村コード": 211, "所在地": "長野県中野市西２ー３ー１６", "緯度": 36.748469, "経度": 138.369302, "url": "https://www.iryou.teikyouseido.mhlw.go.jp/znk-web/juminkanja/S2430/initialize?prefCd=20&kikanCd=2206500120&kikanKbn=2", "url2": null, "内容": "西原医院【2:診療所】【診療科目:内科_血液内科_消化器内科_小児科】長野県中野市西２ー３ー１６" }, "geometry": { "type": "Point", "coordinates": [ 138.369302, 36.748469 ] } },
{ "type": "Feature", "properties": { "ID": 2022206501000, "正式名称": "渡辺耳鼻咽喉科医院", "機関区分": 2, "都道府県コード": 20, "市区町村コード": 211, "所在地": "長野県中野市一本木１４０ー１", "緯度": 36.753774, "経度": 138.372718, "url": "https://www.iryou.teikyouseido.mhlw.go.jp/znk-web/juminkanja/S2430/initialize?prefCd=20&kikanCd=2206501000&kikanKbn=2", "url2": null, "内容": "渡辺耳鼻咽喉科医院【2:診療所】【診療科目:耳鼻いんこう科】長野県中野市一本木１４０ー１" }, "geometry": { "type": "Point", "coordinates": [ 138.372718, 36.753774 ] } },
{ "type": "Feature", "properties": { "ID": 2022206501260, "正式名称": "医療法人保倉産婦人科医院", "機関区分": 2, "都道府県コード": 20, "市区町村コード": 211, "所在地": "長野県中野市小田中２１０－２", "緯度": 36.739998, "経度": 138.373302, "url": "https://www.iryou.teikyouseido.mhlw.go.jp/znk-web/juminkanja/S2430/initialize?prefCd=20&kikanCd=2206501260&kikanKbn=2", "url2": "http://hokuraiin.com/", "内容": "医療法人保倉産婦人科医院【2:診療所】【診療科目:産婦人科】長野県中野市小田中２１０－２" }, "geometry": { "type": "Point", "coordinates": [ 138.373302, 36.739998 ] } },
{ "type": "Feature", "properties": { "ID": 2022206501550, "正式名称": "医療法人　高橋医院", "機関区分": 2, "都道府県コード": 20, "市区町村コード": 211, "所在地": "長野県中野市中野１９３２ー２", "緯度": 36.754524, "経度": 138.378412, "url": "https://www.iryou.teikyouseido.mhlw.go.jp/znk-web/juminkanja/S2430/initialize?prefCd=20&kikanCd=2206501550&kikanKbn=2", "url2": null, "内容": "医療法人　高橋医院【2:診療所】【診療科目:整形外科】長野県中野市中野１９３２ー２" }, "geometry": { "type": "Point", "coordinates": [ 138.378412, 36.754524 ] } },
{ "type": "Feature", "properties": { "ID": 2022206501680, "正式名称": "医療法人藤峯会　飯田医院", "機関区分": 2, "都道府県コード": 20, "市区町村コード": 211, "所在地": "長野県中野市大字中野１６５０－３", "緯度": 36.748108, "経度": 138.372163, "url": "https://www.iryou.teikyouseido.mhlw.go.jp/znk-web/juminkanja/S2430/initialize?prefCd=20&kikanCd=2206501680&kikanKbn=2", "url2": null, "内容": "医療法人藤峯会　飯田医院【2:診療所】【診療科目:内科_小児科_眼科】長野県中野市大字中野１６５０－３" }, "geometry": { "type": "Point", "coordinates": [ 138.372163, 36.748108 ] } },
{ "type": "Feature", "properties": { "ID": 2022206501710, "正式名称": "広田医院", "機関区分": 2, "都道府県コード": 20, "市区町村コード": 211, "所在地": "長野県中野市中央１ー２ー１０", "緯度": 36.745219, "経度": 138.368802, "url": "https://www.iryou.teikyouseido.mhlw.go.jp/znk-web/juminkanja/S2430/initialize?prefCd=20&kikanCd=2206501710&kikanKbn=2", "url2": null, "内容": "広田医院【2:診療所】【診療科目:内科_皮膚科_泌尿器科】長野県中野市中央１ー２ー１０" }, "geometry": { "type": "Point", "coordinates": [ 138.368802, 36.745219 ] } },
{ "type": "Feature", "properties": { "ID": 2022206502140, "正式名称": "横手山診療所", "機関区分": 2, "都道府県コード": 20, "市区町村コード": 561, "所在地": "長野県下高井郡山ノ内町平穏７１４８", "緯度": 36.667649, "経度": 138.534096, "url": "https://www.iryou.teikyouseido.mhlw.go.jp/znk-web/juminkanja/S2430/initialize?prefCd=20&kikanCd=2206502140&kikanKbn=2", "url2": null, "内容": "横手山診療所【2:診療所】【診療科目:外科】長野県下高井郡山ノ内町平穏７１４８" }, "geometry": { "type": "Point", "coordinates": [ 138.534096, 36.667649 ] } },
{ "type": "Feature", "properties": { "ID": 2022206503150, "正式名称": "木島平村診療所", "機関区分": 2, "都道府県コード": 20, "市区町村コード": 562, "所在地": "長野県下高井郡木島平村上木島１９４７", "緯度": 36.838626, "経度": 138.408461, "url": "https://www.iryou.teikyouseido.mhlw.go.jp/znk-web/juminkanja/S2430/initialize?prefCd=20&kikanCd=2206503150&kikanKbn=2", "url2": null, "内容": "木島平村診療所【2:診療所】【診療科目:内科_外科_整形外科_小児科_リハビリテーション科】長野県下高井郡木島平村上木島１９４７" }, "geometry": { "type": "Point", "coordinates": [ 138.408461, 36.838626 ] } },
{ "type": "Feature", "properties": { "ID": 2022206503990, "正式名称": "市川内科医院", "機関区分": 2, "都道府県コード": 20, "市区町村コード": 211, "所在地": "長野県中野市三好町１ー２ー１０", "緯度": 36.743747, "経度": 138.369635, "url": "https://www.iryou.teikyouseido.mhlw.go.jp/znk-web/juminkanja/S2430/initialize?prefCd=20&kikanCd=2206503990&kikanKbn=2", "url2": "http://ichikawanaika.jp", "内容": "市川内科医院【2:診療所】【診療科目:内科_循環器内科_胃腸内科】長野県中野市三好町１ー２ー１０" }, "geometry": { "type": "Point", "coordinates": [ 138.369635, 36.743747 ] } },
{ "type": "Feature", "properties": { "ID": 2022206504580, "正式名称": "医療法人南谷整形外科", "機関区分": 2, "都道府県コード": 20, "市区町村コード": 211, "所在地": "長野県中野市小田中４６２－１", "緯度": 36.738443, "経度": 138.372635, "url": "https://www.iryou.teikyouseido.mhlw.go.jp/znk-web/juminkanja/S2430/initialize?prefCd=20&kikanCd=2206504580&kikanKbn=2", "url2": "https://www.minatani.jp", "内容": "医療法人南谷整形外科【2:診療所】【診療科目:整形外科_リウマチ科_リハビリテーション科】長野県中野市小田中４６２－１" }, "geometry": { "type": "Point", "coordinates": [ 138.372635, 36.738443 ] } },
{ "type": "Feature", "properties": { "ID": 2022206504740, "正式名称": "医療法人城下クリニック", "機関区分": 2, "都道府県コード": 20, "市区町村コード": 561, "所在地": "長野県下高井郡山ノ内町平穏３０９４－３", "緯度": 36.738472, "経度": 138.420881, "url": "https://www.iryou.teikyouseido.mhlw.go.jp/znk-web/juminkanja/S2430/initialize?prefCd=20&kikanCd=2206504740&kikanKbn=2", "url2": null, "内容": "医療法人城下クリニック【2:診療所】【診療科目:内科】長野県下高井郡山ノ内町平穏３０９４－３" }, "geometry": { "type": "Point", "coordinates": [ 138.420881, 36.738472 ] } },
{ "type": "Feature", "properties": { "ID": 2022206600150, "正式名称": "頤神堂神林医院", "機関区分": 2, "都道府県コード": 20, "市区町村コード": 201, "所在地": "長野県長野市松代町松代６０９－３", "緯度": 36.564347, "経度": 138.201518, "url": "https://www.iryou.teikyouseido.mhlw.go.jp/znk-web/juminkanja/S2430/initialize?prefCd=20&kikanCd=2206600150&kikanKbn=2", "url2": null, "内容": "頤神堂神林医院【2:診療所】【診療科目:内科_小児科】長野県長野市松代町松代６０９－３" }, "geometry": { "type": "Point", "coordinates": [ 138.201518, 36.564347 ] } },
{ "type": "Feature", "properties": { "ID": 2022206600280, "正式名称": "加古医院", "機関区分": 2, "都道府県コード": 20, "市区町村コード": 201, "所在地": "長野県長野市松代町松代１５１", "緯度": 36.566013, "経度": 138.199768, "url": "https://www.iryou.teikyouseido.mhlw.go.jp/znk-web/juminkanja/S2430/initialize?prefCd=20&kikanCd=2206600280&kikanKbn=2", "url2": null, "内容": "加古医院【2:診療所】【診療科目:内科_小児科】長野県長野市松代町松代１５１" }, "geometry": { "type": "Point", "coordinates": [ 138.199768, 36.566013 ] } },
{ "type": "Feature", "properties": { "ID": 2022206600310, "正式名称": "轟医院", "機関区分": 2, "都道府県コード": 20, "市区町村コード": 201, "所在地": "長野県長野市松代町松代６２９", "緯度": 36.562403, "経度": 138.202129, "url": "https://www.iryou.teikyouseido.mhlw.go.jp/znk-web/juminkanja/S2430/initialize?prefCd=20&kikanCd=2206600310&kikanKbn=2", "url2": null, "内容": "轟医院【2:診療所】【診療科目:内科_循環器内科】長野県長野市松代町松代６２９" }, "geometry": { "type": "Point", "coordinates": [ 138.202129, 36.562403 ] } },
{ "type": "Feature", "properties": { "ID": 2022206602620, "正式名称": "厚生連長野松代総合病院急病センター", "機関区分": 2, "都道府県コード": 20, "市区町村コード": 201, "所在地": "長野県長野市松代町松代１８３", "緯度": 36.56368, "経度": 138.199546, "url": "https://www.iryou.teikyouseido.mhlw.go.jp/znk-web/juminkanja/S2430/initialize?prefCd=20&kikanCd=2206602620&kikanKbn=2", "url2": null, "内容": "厚生連長野松代総合病院急病センター【2:診療所】【診療科目:内科_小児科】長野県長野市松代町松代１８３" }, "geometry": { "type": "Point", "coordinates": [ 138.199546, 36.56368 ] } },
{ "type": "Feature", "properties": { "ID": 2022206603470, "正式名称": "増田医院", "機関区分": 2, "都道府県コード": 20, "市区町村コード": 201, "所在地": "長野県長野市早苗町３４番地", "緯度": 36.650754, "経度": 138.197321, "url": "https://www.iryou.teikyouseido.mhlw.go.jp/znk-web/juminkanja/S2430/initialize?prefCd=20&kikanCd=2206603470&kikanKbn=2", "url2": null, "内容": "増田医院【2:診療所】【診療科目:小児科_皮膚科】長野県長野市早苗町３４番地" }, "geometry": { "type": "Point", "coordinates": [ 138.197321, 36.650754 ] } },
{ "type": "Feature", "properties": { "ID": 2022206603890, "正式名称": "医療法人裕生会　丸山産婦人科医院", "機関区分": 2, "都道府県コード": 20, "市区町村コード": 201, "所在地": "長野県長野市鶴賀南千歳町９８２番地", "緯度": 36.647782, "経度": 138.189933, "url": "https://www.iryou.teikyouseido.mhlw.go.jp/znk-web/juminkanja/S2430/initialize?prefCd=20&kikanCd=2206603890&kikanKbn=2", "url2": "http://maruyamasanfujinka.com/", "内容": "医療法人裕生会　丸山産婦人科医院【2:診療所】【診療科目:産婦人科】長野県長野市鶴賀南千歳町９８２番地" }, "geometry": { "type": "Point", "coordinates": [ 138.189933, 36.647782 ] } },
{ "type": "Feature", "properties": { "ID": 2022206604770, "正式名称": "岡田内科", "機関区分": 2, "都道府県コード": 20, "市区町村コード": 201, "所在地": "長野県長野市西鶴賀町１５２８番地", "緯度": 36.653781, "経度": 138.195765, "url": "https://www.iryou.teikyouseido.mhlw.go.jp/znk-web/juminkanja/S2430/initialize?prefCd=20&kikanCd=2206604770&kikanKbn=2", "url2": "http://www.kmhg.jp/list/okadanaika/", "内容": "岡田内科【2:診療所】【診療科目:内科_糖尿病内科_循環器内科】長野県長野市西鶴賀町１５２８番地" }, "geometry": { "type": "Point", "coordinates": [ 138.195765, 36.653781 ] } },
{ "type": "Feature", "properties": { "ID": 2022206604930, "正式名称": "島田医院", "機関区分": 2, "都道府県コード": 20, "市区町村コード": 201, "所在地": "長野県長野市箱清水１ー１２ー１４", "緯度": 36.66528, "経度": 138.190487, "url": "https://www.iryou.teikyouseido.mhlw.go.jp/znk-web/juminkanja/S2430/initialize?prefCd=20&kikanCd=2206604930&kikanKbn=2", "url2": "http://s-joyama.or.jp", "内容": "島田医院【2:診療所】【診療科目:内科_小児科】長野県長野市箱清水１ー１２ー１４" }, "geometry": { "type": "Point", "coordinates": [ 138.190487, 36.66528 ] } },
{ "type": "Feature", "properties": { "ID": 2022206605780, "正式名称": "小谷医院", "機関区分": 2, "都道府県コード": 20, "市区町村コード": 201, "所在地": "長野県長野市上松２－２２－１８", "緯度": 36.670224, "経度": 138.197459, "url": "https://www.iryou.teikyouseido.mhlw.go.jp/znk-web/juminkanja/S2430/initialize?prefCd=20&kikanCd=2206605780&kikanKbn=2", "url2": "http://www.kotani-clinic.net", "内容": "小谷医院【2:診療所】【診療科目:内科_循環器内科】長野県長野市上松２－２２－１８" }, "geometry": { "type": "Point", "coordinates": [ 138.197459, 36.670224 ] } },
{ "type": "Feature", "properties": { "ID": 2022206605810, "正式名称": "武田医院", "機関区分": 2, "都道府県コード": 20, "市区町村コード": 201, "所在地": "長野県長野市若里１丁目３５番２３号", "緯度": 36.634839, "経度": 138.190933, "url": "https://www.iryou.teikyouseido.mhlw.go.jp/znk-web/juminkanja/S2430/initialize?prefCd=20&kikanCd=2206605810&kikanKbn=2", "url2": null, "内容": "武田医院【2:診療所】【診療科目:内科_小児科】長野県長野市若里１丁目３５番２３号" }, "geometry": { "type": "Point", "coordinates": [ 138.190933, 36.634839 ] } },
{ "type": "Feature", "properties": { "ID": 2022206606370, "正式名称": "彦坂医院", "機関区分": 2, "都道府県コード": 20, "市区町村コード": 201, "所在地": "長野県長野市七瀬中町１７６", "緯度": 36.646949, "経度": 138.198515, "url": "https://www.iryou.teikyouseido.mhlw.go.jp/znk-web/juminkanja/S2430/initialize?prefCd=20&kikanCd=2206606370&kikanKbn=2", "url2": "http://www.hikosakaiin.jp", "内容": "彦坂医院【2:診療所】【診療科目:消化器内科_外科_肛門外科_麻酔科】長野県長野市七瀬中町１７６" }, "geometry": { "type": "Point", "coordinates": [ 138.198515, 36.646949 ] } },
{ "type": "Feature", "properties": { "ID": 2022206608680, "正式名称": "小林医院", "機関区分": 2, "都道府県コード": 20, "市区町村コード": 201, "所在地": "長野県長野市長野桜枝町１１６５", "緯度": 36.658947, "経度": 138.181738, "url": "https://www.iryou.teikyouseido.mhlw.go.jp/znk-web/juminkanja/S2430/initialize?prefCd=20&kikanCd=2206608680&kikanKbn=2", "url2": null, "内容": "小林医院【2:診療所】【診療科目:内科_胃腸内科_小児科】長野県長野市長野桜枝町１１６５" }, "geometry": { "type": "Point", "coordinates": [ 138.181738, 36.658947 ] } },
{ "type": "Feature", "properties": { "ID": 2022206608970, "正式名称": "医療法人　繁田医院", "機関区分": 2, "都道府県コード": 20, "市区町村コード": 201, "所在地": "長野県長野市西長野４０９番１", "緯度": 36.658752, "経度": 138.180405, "url": "https://www.iryou.teikyouseido.mhlw.go.jp/znk-web/juminkanja/S2430/initialize?prefCd=20&kikanCd=2206608970&kikanKbn=2", "url2": null, "内容": "医療法人　繁田医院【2:診療所】【診療科目:皮膚科】長野県長野市西長野４０９番１" }, "geometry": { "type": "Point", "coordinates": [ 138.180405, 36.658752 ] } },
{ "type": "Feature", "properties": { "ID": 2022206609010, "正式名称": "金木内科クリニック", "機関区分": 2, "都道府県コード": 20, "市区町村コード": 201, "所在地": "長野県長野市安茂里", "緯度": 36.637449, "経度": 138.173046, "url": "https://www.iryou.teikyouseido.mhlw.go.jp/znk-web/juminkanja/S2430/initialize?prefCd=20&kikanCd=2206609010&kikanKbn=2", "url2": "http://kanekinaika.sakura.ne.jp", "内容": "金木内科クリニック【2:診療所】【診療科目:内科_呼吸器内科_消化器内科_肝臓内科_内視鏡内科】長野県長野市安茂里" }, "geometry": { "type": "Point", "coordinates": [ 138.173046, 36.637449 ] } },
{ "type": "Feature", "properties": { "ID": 2022206609270, "正式名称": "耳鼻咽喉科　宮下医院", "機関区分": 2, "都道府県コード": 20, "市区町村コード": 201, "所在地": "長野県長野市三輪３ー２０ー５", "緯度": 36.662975, "経度": 138.205458, "url": "https://www.iryou.teikyouseido.mhlw.go.jp/znk-web/juminkanja/S2430/initialize?prefCd=20&kikanCd=2206609270&kikanKbn=2", "url2": null, "内容": "耳鼻咽喉科　宮下医院【2:診療所】【診療科目:耳鼻いんこう科_アレルギー科】長野県長野市三輪３ー２０ー５" }, "geometry": { "type": "Point", "coordinates": [ 138.205458, 36.662975 ] } },
{ "type": "Feature", "properties": { "ID": 2022206609560, "正式名称": "吉澤産婦人科医院", "機関区分": 2, "都道府県コード": 20, "市区町村コード": 201, "所在地": "長野県長野市七瀬中町９６", "緯度": 36.646171, "経度": 138.20182, "url": "https://www.iryou.teikyouseido.mhlw.go.jp/znk-web/juminkanja/S2430/initialize?prefCd=20&kikanCd=2206609560&kikanKbn=2", "url2": "http://www.yszw.com/", "内容": "吉澤産婦人科医院【2:診療所】【診療科目:産婦人科】長野県長野市七瀬中町９６" }, "geometry": { "type": "Point", "coordinates": [ 138.20182, 36.646171 ] } },
{ "type": "Feature", "properties": { "ID": 2022206609850, "正式名称": "滝澤医院", "機関区分": 2, "都道府県コード": 20, "市区町村コード": 201, "所在地": "長野県長野市若穂綿内８８１８", "緯度": 36.628869, "経度": 138.260094, "url": "https://www.iryou.teikyouseido.mhlw.go.jp/znk-web/juminkanja/S2430/initialize?prefCd=20&kikanCd=2206609850&kikanKbn=2", "url2": null, "内容": "滝澤医院【2:診療所】【診療科目:内科_産婦人科】長野県長野市若穂綿内８８１８" }, "geometry": { "type": "Point", "coordinates": [ 138.260094, 36.628869 ] } },
{ "type": "Feature", "properties": { "ID": 2022206610700, "正式名称": "医療法人　石黒内科医院", "機関区分": 2, "都道府県コード": 20, "市区町村コード": 201, "所在地": "長野県長野市桜新町６５５ー７", "緯度": 36.654115, "経度": 138.230818, "url": "https://www.iryou.teikyouseido.mhlw.go.jp/znk-web/juminkanja/S2430/initialize?prefCd=20&kikanCd=2206610700&kikanKbn=2", "url2": null, "内容": "医療法人　石黒内科医院【2:診療所】【診療科目:内科_循環器内科_消化器内科_小児科】長野県長野市桜新町６５５ー７" }, "geometry": { "type": "Point", "coordinates": [ 138.230818, 36.654115 ] } },
{ "type": "Feature", "properties": { "ID": 2022206610960, "正式名称": "堀内医院", "機関区分": 2, "都道府県コード": 20, "市区町村コード": 201, "所在地": "長野県長野市吉田５ー１０ー３２", "緯度": 36.663059, "経度": 138.229845, "url": "https://www.iryou.teikyouseido.mhlw.go.jp/znk-web/juminkanja/S2430/initialize?prefCd=20&kikanCd=2206610960&kikanKbn=2", "url2": null, "内容": "堀内医院【2:診療所】【診療科目:整形外科】長野県長野市吉田５ー１０ー３２" }, "geometry": { "type": "Point", "coordinates": [ 138.229845, 36.663059 ] } },
{ "type": "Feature", "properties": { "ID": 2022206611130, "正式名称": "小口内科小児科医院", "機関区分": 2, "都道府県コード": 20, "市区町村コード": 201, "所在地": "長野県長野市若槻団地１‐１８９", "緯度": 36.678779, "経度": 138.215207, "url": "https://www.iryou.teikyouseido.mhlw.go.jp/znk-web/juminkanja/S2430/initialize?prefCd=20&kikanCd=2206611130&kikanKbn=2", "url2": "oguchi-naika.com", "内容": "小口内科小児科医院【2:診療所】【診療科目:内科_循環器内科_小児科】長野県長野市若槻団地１‐１８９" }, "geometry": { "type": "Point", "coordinates": [ 138.215207, 36.678779 ] } },
{ "type": "Feature", "properties": { "ID": 2022206611260, "正式名称": "平野内科小児科医院", "機関区分": 2, "都道府県コード": 20, "市区町村コード": 201, "所在地": "長野県長野市三輪１２４７", "緯度": 36.654781, "経度": 138.20082, "url": "https://www.iryou.teikyouseido.mhlw.go.jp/znk-web/juminkanja/S2430/initialize?prefCd=20&kikanCd=2206611260&kikanKbn=2", "url2": "https://www.hiranoiin.com/", "内容": "平野内科小児科医院【2:診療所】【診療科目:内科_消化器内科_小児科】長野県長野市三輪１２４７" }, "geometry": { "type": "Point", "coordinates": [ 138.20082, 36.654781 ] } },
{ "type": "Feature", "properties": { "ID": 2022206612980, "正式名称": "中澤医院", "機関区分": 2, "都道府県コード": 20, "市区町村コード": 201, "所在地": "長野県長野市西鶴賀町１４７１", "緯度": 36.651726, "経度": 138.193626, "url": "https://www.iryou.teikyouseido.mhlw.go.jp/znk-web/juminkanja/S2430/initialize?prefCd=20&kikanCd=2206612980&kikanKbn=2", "url2": "http://www.nakazawa-mc.com/index.html", "内容": "中澤医院【2:診療所】【診療科目:精神科_心療内科】長野県長野市西鶴賀町１４７１" }, "geometry": { "type": "Point", "coordinates": [ 138.193626, 36.651726 ] } },
{ "type": "Feature", "properties": { "ID": 2022206613020, "正式名称": "医療法人博翠会　塚田整形外科", "機関区分": 2, "都道府県コード": 20, "市区町村コード": 201, "所在地": "長野県長野市稲葉上千田沖２６０", "緯度": 36.630062, "経度": 138.198821, "url": "https://www.iryou.teikyouseido.mhlw.go.jp/znk-web/juminkanja/S2430/initialize?prefCd=20&kikanCd=2206613020&kikanKbn=2", "url2": null, "内容": "医療法人博翠会　塚田整形外科【2:診療所】【診療科目:整形外科_リハビリテーション科】長野県長野市稲葉上千田沖２６０" }, "geometry": { "type": "Point", "coordinates": [ 138.198821, 36.630062 ] } },
{ "type": "Feature", "properties": { "ID": 2022206613150, "正式名称": "ふなざき整形外科", "機関区分": 2, "都道府県コード": 20, "市区町村コード": 201, "所在地": "長野県長野市中御所四丁目１６号８番", "緯度": 36.632811, "経度": 138.180573, "url": "https://www.iryou.teikyouseido.mhlw.go.jp/znk-web/juminkanja/S2430/initialize?prefCd=20&kikanCd=2206613150&kikanKbn=2", "url2": "https://www.funazaki-seikei.com/", "内容": "ふなざき整形外科【2:診療所】【診療科目:整形外科_リハビリテーション科】長野県長野市中御所四丁目１６号８番" }, "geometry": { "type": "Point", "coordinates": [ 138.180573, 36.632811 ] } },
{ "type": "Feature", "properties": { "ID": 2022206613280, "正式名称": "長野市民病院・医師会　急病センター", "機関区分": 2, "都道府県コード": 20, "市区町村コード": 201, "所在地": "長野県長野市富竹１３３３ー１", "緯度": 36.66967, "経度": 138.254259, "url": "https://www.iryou.teikyouseido.mhlw.go.jp/znk-web/juminkanja/S2430/initialize?prefCd=20&kikanCd=2206613280&kikanKbn=2", "url2": "https://www.hospital.nagano.nagano.jp/outpatient/emergency.html", "内容": "長野市民病院・医師会　急病センター【2:診療所】【診療科目:内科_外科_小児科】長野県長野市富竹１３３３ー１" }, "geometry": { "type": "Point", "coordinates": [ 138.254259, 36.66967 ] } },
{ "type": "Feature", "properties": { "ID": 2022206613440, "正式名称": "長田眼科医院", "機関区分": 2, "都道府県コード": 20, "市区町村コード": 201, "所在地": "長野県長野市吉田３ー２５ー１８", "緯度": 36.666752, "経度": 138.219596, "url": "https://www.iryou.teikyouseido.mhlw.go.jp/znk-web/juminkanja/S2430/initialize?prefCd=20&kikanCd=2206613440&kikanKbn=2", "url2": "osada-ganka.com", "内容": "長田眼科医院【2:診療所】【診療科目:眼科】長野県長野市吉田３ー２５ー１８" }, "geometry": { "type": "Point", "coordinates": [ 138.219596, 36.666752 ] } },
{ "type": "Feature", "properties": { "ID": 2022206613730, "正式名称": "金井内科医院", "機関区分": 2, "都道府県コード": 20, "市区町村コード": 201, "所在地": "長野県長野市北堀６４９ー１", "緯度": 36.668142, "経度": 138.241038, "url": "https://www.iryou.teikyouseido.mhlw.go.jp/znk-web/juminkanja/S2430/initialize?prefCd=20&kikanCd=2206613730&kikanKbn=2", "url2": null, "内容": "金井内科医院【2:診療所】【診療科目:内科_消化器内科】長野県長野市北堀６４９ー１" }, "geometry": { "type": "Point", "coordinates": [ 138.241038, 36.668142 ] } },
{ "type": "Feature", "properties": { "ID": 2022206613860, "正式名称": "藤森小児科医院", "機関区分": 2, "都道府県コード": 20, "市区町村コード": 201, "所在地": "長野県長野市西三才１９２ー８", "緯度": 36.68464, "経度": 138.239621, "url": "https://www.iryou.teikyouseido.mhlw.go.jp/znk-web/juminkanja/S2430/initialize?prefCd=20&kikanCd=2206613860&kikanKbn=2", "url2": null, "内容": "藤森小児科医院【2:診療所】【診療科目:小児科】長野県長野市西三才１９２ー８" }, "geometry": { "type": "Point", "coordinates": [ 138.239621, 36.68464 ] } },
{ "type": "Feature", "properties": { "ID": 2022206613990, "正式名称": "武居医院", "機関区分": 2, "都道府県コード": 20, "市区町村コード": 201, "所在地": "長野県長野市問御所町１３３７番地イの４", "緯度": 36.65067, "経度": 138.188627, "url": "https://www.iryou.teikyouseido.mhlw.go.jp/znk-web/juminkanja/S2430/initialize?prefCd=20&kikanCd=2206613990&kikanKbn=2", "url2": null, "内容": "武居医院【2:診療所】【診療科目:皮膚科】長野県長野市問御所町１３３７番地イの４" }, "geometry": { "type": "Point", "coordinates": [ 138.188627, 36.65067 ] } },
{ "type": "Feature", "properties": { "ID": 2022206614450, "正式名称": "佐藤医院", "機関区分": 2, "都道府県コード": 20, "市区町村コード": 201, "所在地": "長野県長野市妻科４１０", "緯度": 36.653364, "経度": 138.180405, "url": "https://www.iryou.teikyouseido.mhlw.go.jp/znk-web/juminkanja/S2430/initialize?prefCd=20&kikanCd=2206614450&kikanKbn=2", "url2": "https://sato-iin.net", "内容": "佐藤医院【2:診療所】【診療科目:内科_脳神経内科】長野県長野市妻科４１０" }, "geometry": { "type": "Point", "coordinates": [ 138.180405, 36.653364 ] } },
{ "type": "Feature", "properties": { "ID": 2022206615460, "正式名称": "花岡内科医院", "機関区分": 2, "都道府県コード": 20, "市区町村コード": 201, "所在地": "長野県長野市吉田５ー３１ー４２", "緯度": 36.663614, "経度": 138.226401, "url": "https://www.iryou.teikyouseido.mhlw.go.jp/znk-web/juminkanja/S2430/initialize?prefCd=20&kikanCd=2206615460&kikanKbn=2", "url2": "https://hanaokanaikaiin.com/", "内容": "花岡内科医院【2:診療所】【診療科目:内科_循環器内科】長野県長野市吉田５ー３１ー４２" }, "geometry": { "type": "Point", "coordinates": [ 138.226401, 36.663614 ] } },
{ "type": "Feature", "properties": { "ID": 2022206615590, "正式名称": "春日内科・糖尿病医院", "機関区分": 2, "都道府県コード": 20, "市区町村コード": 201, "所在地": "長野県長野市横沢町６８７", "緯度": 36.660947, "経度": 138.185655, "url": "https://www.iryou.teikyouseido.mhlw.go.jp/znk-web/juminkanja/S2430/initialize?prefCd=20&kikanCd=2206615590&kikanKbn=2", "url2": "https://kasuga-iin.jp/", "内容": "春日内科・糖尿病医院【2:診療所】【診療科目:内科_糖尿病内科】長野県長野市横沢町６８７" }, "geometry": { "type": "Point", "coordinates": [ 138.185655, 36.660947 ] } },
{ "type": "Feature", "properties": { "ID": 2022206616340, "正式名称": "柳町安藤整形外科", "機関区分": 2, "都道府県コード": 20, "市区町村コード": 201, "所在地": "長野県長野市三輪１２３４－２", "緯度": 36.654503, "経度": 138.202237, "url": "https://www.iryou.teikyouseido.mhlw.go.jp/znk-web/juminkanja/S2430/initialize?prefCd=20&kikanCd=2206616340&kikanKbn=2", "url2": "http://www.andou-seikei.net", "内容": "柳町安藤整形外科【2:診療所】【診療科目:整形外科】長野県長野市三輪１２３４－２" }, "geometry": { "type": "Point", "coordinates": [ 138.202237, 36.654503 ] } },
{ "type": "Feature", "properties": { "ID": 2022206616470, "正式名称": "伊藤耳鼻咽喉科医院", "機関区分": 2, "都道府県コード": 20, "市区町村コード": 201, "所在地": "長野県長野市高田川端３４８ー１２", "緯度": 36.646338, "経度": 138.209236, "url": "https://www.iryou.teikyouseido.mhlw.go.jp/znk-web/juminkanja/S2430/initialize?prefCd=20&kikanCd=2206616470&kikanKbn=2", "url2": null, "内容": "伊藤耳鼻咽喉科医院【2:診療所】【診療科目:耳鼻いんこう科】長野県長野市高田川端３４８ー１２" }, "geometry": { "type": "Point", "coordinates": [ 138.209236, 36.646338 ] } },
{ "type": "Feature", "properties": { "ID": 2022206616500, "正式名称": "医療法人　立岩医院", "機関区分": 2, "都道府県コード": 20, "市区町村コード": 201, "所在地": "長野県長野市若穂綿内８７４９－３", "緯度": 36.627008, "経度": 138.258122, "url": "https://www.iryou.teikyouseido.mhlw.go.jp/znk-web/juminkanja/S2430/initialize?prefCd=20&kikanCd=2206616500&kikanKbn=2", "url2": "http://www.tateiwa-clinic.com/index.html", "内容": "医療法人　立岩医院【2:診療所】【診療科目:内科_消化器内科_小児科】長野県長野市若穂綿内８７４９－３" }, "geometry": { "type": "Point", "coordinates": [ 138.258122, 36.627008 ] } },
{ "type": "Feature", "properties": { "ID": 2022206616760, "正式名称": "浅井泌尿器科", "機関区分": 2, "都道府県コード": 20, "市区町村コード": 201, "所在地": "長野県長野市三才２０５７ー６", "緯度": 36.687528, "経度": 138.243815, "url": "https://www.iryou.teikyouseido.mhlw.go.jp/znk-web/juminkanja/S2430/initialize?prefCd=20&kikanCd=2206616760&kikanKbn=2", "url2": null, "内容": "浅井泌尿器科【2:診療所】【診療科目:泌尿器科】長野県長野市三才２０５７ー６" }, "geometry": { "type": "Point", "coordinates": [ 138.243815, 36.687528 ] } },
{ "type": "Feature", "properties": { "ID": 2022206616920, "正式名称": "竹中内科医院", "機関区分": 2, "都道府県コード": 20, "市区町村コード": 201, "所在地": "長野県長野市上野１ー２０ー１６", "緯度": 36.685889, "経度": 138.228428, "url": "https://www.iryou.teikyouseido.mhlw.go.jp/znk-web/juminkanja/S2430/initialize?prefCd=20&kikanCd=2206616920&kikanKbn=2", "url2": null, "内容": "竹中内科医院【2:診療所】【診療科目:内科_糖尿病内科_呼吸器内科_循環器内科_胃腸内科_神経内科_アレルギー科】長野県長野市上野１ー２０ー１６" }, "geometry": { "type": "Point", "coordinates": [ 138.228428, 36.685889 ] } },
{ "type": "Feature", "properties": { "ID": 2022206617190, "正式名称": "医療法人桂山会　赤川医院", "機関区分": 2, "都道府県コード": 20, "市区町村コード": 201, "所在地": "長野県長野市大字南長池１９０ー２", "緯度": 36.642033, "経度": 138.234762, "url": "https://www.iryou.teikyouseido.mhlw.go.jp/znk-web/juminkanja/S2430/initialize?prefCd=20&kikanCd=2206617190&kikanKbn=2", "url2": "https://itp.ne.jp/info/200984302106661000/", "内容": "医療法人桂山会　赤川医院【2:診療所】【診療科目:精神科_心療内科】長野県長野市大字南長池１９０ー２" }, "geometry": { "type": "Point", "coordinates": [ 138.234762, 36.642033 ] } },
{ "type": "Feature", "properties": { "ID": 2022206618100, "正式名称": "更水医院", "機関区分": 2, "都道府県コード": 20, "市区町村コード": 201, "所在地": "長野県長野市信州新町新町６０６", "緯度": 36.57148, "経度": 138.012146, "url": "https://www.iryou.teikyouseido.mhlw.go.jp/znk-web/juminkanja/S2430/initialize?prefCd=20&kikanCd=2206618100&kikanKbn=2", "url2": "https://kousui-clinic.com/", "内容": "更水医院【2:診療所】【診療科目:内科】長野県長野市信州新町新町６０６" }, "geometry": { "type": "Point", "coordinates": [ 138.012146, 36.57148 ] } },
{ "type": "Feature", "properties": { "ID": 2022206618490, "正式名称": "古海診療所", "機関区分": 2, "都道府県コード": 20, "市区町村コード": 583, "所在地": "長野県上水内郡信濃町古海２０８７−３", "緯度": 36.851259, "経度": 138.241447, "url": "https://www.iryou.teikyouseido.mhlw.go.jp/znk-web/juminkanja/S2430/initialize?prefCd=20&kikanCd=2206618490&kikanKbn=2", "url2": null, "内容": "古海診療所【2:診療所】【診療科目:内科_外科_整形外科】長野県上水内郡信濃町古海２０８７−３" }, "geometry": { "type": "Point", "coordinates": [ 138.241447, 36.851259 ] } },
{ "type": "Feature", "properties": { "ID": 2022206618940, "正式名称": "今井医院", "機関区分": 2, "都道府県コード": 20, "市区町村コード": 201, "所在地": "長野県長野市戸隠栃原４７７６ー２", "緯度": 36.677219, "経度": 138.068942, "url": "https://www.iryou.teikyouseido.mhlw.go.jp/znk-web/juminkanja/S2430/initialize?prefCd=20&kikanCd=2206618940&kikanKbn=2", "url2": null, "内容": "今井医院【2:診療所】【診療科目:内科】長野県長野市戸隠栃原４７７６ー２" }, "geometry": { "type": "Point", "coordinates": [ 138.068942, 36.677219 ] } },
{ "type": "Feature", "properties": { "ID": 2022206619400, "正式名称": "小川村国民健康保険直営診療所", "機関区分": 2, "都道府県コード": 20, "市区町村コード": 588, "所在地": "長野県上水内郡小川村高府１３４５０番地１", "緯度": 36.61689, "経度": 137.965148, "url": "https://www.iryou.teikyouseido.mhlw.go.jp/znk-web/juminkanja/S2430/initialize?prefCd=20&kikanCd=2206619400&kikanKbn=2", "url2": null, "内容": "小川村国民健康保険直営診療所【2:診療所】【診療科目:内科_整形外科】長野県上水内郡小川村高府１３４５０番地１" }, "geometry": { "type": "Point", "coordinates": [ 137.965148, 36.61689 ] } },
{ "type": "Feature", "properties": { "ID": 2022206619530, "正式名称": "医療法人　宮沢医院", "機関区分": 2, "都道府県コード": 20, "市区町村コード": 201, "所在地": "長野県長野市吉田２－１－２９", "緯度": 36.669724, "経度": 138.218068, "url": "https://www.iryou.teikyouseido.mhlw.go.jp/znk-web/juminkanja/S2430/initialize?prefCd=20&kikanCd=2206619530&kikanKbn=2", "url2": "http://www.miyazawaiin.com", "内容": "医療法人　宮沢医院【2:診療所】【診療科目:内科_小児科_リウマチ科】長野県長野市吉田２－１－２９" }, "geometry": { "type": "Point", "coordinates": [ 138.218068, 36.669724 ] } },
{ "type": "Feature", "properties": { "ID": 2022206620060, "正式名称": "中屋診療所", "機関区分": 2, "都道府県コード": 20, "市区町村コード": 201, "所在地": "長野県長野市豊野町豊野８９４", "緯度": 36.711832, "経度": 138.278506, "url": "https://www.iryou.teikyouseido.mhlw.go.jp/znk-web/juminkanja/S2430/initialize?prefCd=20&kikanCd=2206620060&kikanKbn=2", "url2": "https://nakayashinryoujo.wixsite.com/nakaya-shinryoujyo", "内容": "中屋診療所【2:診療所】【診療科目:内科_小児科_放射線科】長野県長野市豊野町豊野８９４" }, "geometry": { "type": "Point", "coordinates": [ 138.278506, 36.711832 ] } },
{ "type": "Feature", "properties": { "ID": 2022206620510, "正式名称": "医療法人樹会　小林医院", "機関区分": 2, "都道府県コード": 20, "市区町村コード": 201, "所在地": "長野県長野市中御所４ー７ー２３", "緯度": 36.633255, "経度": 138.182823, "url": "https://www.iryou.teikyouseido.mhlw.go.jp/znk-web/juminkanja/S2430/initialize?prefCd=20&kikanCd=2206620510&kikanKbn=2", "url2": "http://www1.bbweb-arena.com/mri/", "内容": "医療法人樹会　小林医院【2:診療所】【診療科目:内科_循環器内科_小児科】長野県長野市中御所４ー７ー２３" }, "geometry": { "type": "Point", "coordinates": [ 138.182823, 36.633255 ] } },
{ "type": "Feature", "properties": { "ID": 2022206621100, "正式名称": "長野市国民健康保険中条診療所", "機関区分": 2, "都道府県コード": 20, "市区町村コード": 201, "所在地": "長野県長野市中条２６２６番地", "緯度": 36.611643, "経度": 138.036114, "url": "https://www.iryou.teikyouseido.mhlw.go.jp/znk-web/juminkanja/S2430/initialize?prefCd=20&kikanCd=2206621100&kikanKbn=2", "url2": null, "内容": "長野市国民健康保険中条診療所【2:診療所】【診療科目:内科】長野県長野市中条２６２６番地" }, "geometry": { "type": "Point", "coordinates": [ 138.036114, 36.611643 ] } },
{ "type": "Feature", "properties": { "ID": 2022206621810, "正式名称": "医療法人　小清水医院", "機関区分": 2, "都道府県コード": 20, "市区町村コード": 201, "所在地": "長野県長野市中御所４ー４ー１５", "緯度": 36.635255, "経度": 138.182267, "url": "https://www.iryou.teikyouseido.mhlw.go.jp/znk-web/juminkanja/S2430/initialize?prefCd=20&kikanCd=2206621810&kikanKbn=2", "url2": null, "内容": "医療法人　小清水医院【2:診療所】【診療科目:皮膚科】長野県長野市中御所４ー４ー１５" }, "geometry": { "type": "Point", "coordinates": [ 138.182267, 36.635255 ] } },
{ "type": "Feature", "properties": { "ID": 2022206622370, "正式名称": "宮下整形外科", "機関区分": 2, "都道府県コード": 20, "市区町村コード": 201, "所在地": "長野県長野市三輪５ー４３ー１６", "緯度": 36.658669, "経度": 138.201348, "url": "https://www.iryou.teikyouseido.mhlw.go.jp/znk-web/juminkanja/S2430/initialize?prefCd=20&kikanCd=2206622370&kikanKbn=2", "url2": "http://www.miyashitaseikei.com/", "内容": "宮下整形外科【2:診療所】【診療科目:整形外科_リハビリテーション科】長野県長野市三輪５ー４３ー１６" }, "geometry": { "type": "Point", "coordinates": [ 138.201348, 36.658669 ] } },
{ "type": "Feature", "properties": { "ID": 2022206622530, "正式名称": "医療法人光連会　安茂里柳原整形外科", "機関区分": 2, "都道府県コード": 20, "市区町村コード": 201, "所在地": "長野県長野市安茂里大門１１１７－６", "緯度": 36.637646, "経度": 138.172159, "url": "https://www.iryou.teikyouseido.mhlw.go.jp/znk-web/juminkanja/S2430/initialize?prefCd=20&kikanCd=2206622530&kikanKbn=2", "url2": "http://www10.plala.or.jp/iseikai/index.html", "内容": "医療法人光連会　安茂里柳原整形外科【2:診療所】【診療科目:整形外科_リウマチ科_リハビリテーション科】長野県長野市安茂里大門１１１７－６" }, "geometry": { "type": "Point", "coordinates": [ 138.172159, 36.637646 ] } },
{ "type": "Feature", "properties": { "ID": 2022206622660, "正式名称": "鈴木医院", "機関区分": 2, "都道府県コード": 20, "市区町村コード": 201, "所在地": "長野県長野市豊野町豊野１２２０", "緯度": 36.710499, "経度": 138.271034, "url": "https://www.iryou.teikyouseido.mhlw.go.jp/znk-web/juminkanja/S2430/initialize?prefCd=20&kikanCd=2206622660&kikanKbn=2", "url2": null, "内容": "鈴木医院【2:診療所】【診療科目:内科_小児科_リハビリテーション科】長野県長野市豊野町豊野１２２０" }, "geometry": { "type": "Point", "coordinates": [ 138.271034, 36.710499 ] } },
{ "type": "Feature", "properties": { "ID": 2022206623090, "正式名称": "伊勢宮腎臓内科クリニック", "機関区分": 2, "都道府県コード": 20, "市区町村コード": 201, "所在地": "長野県長野市伊勢宮１ー２３ー１", "緯度": 36.631616, "経度": 138.171824, "url": "https://www.iryou.teikyouseido.mhlw.go.jp/znk-web/juminkanja/S2430/initialize?prefCd=20&kikanCd=2206623090&kikanKbn=2", "url2": "http://park10.wakwak.com/~isemiyaichougeka/", "内容": "伊勢宮腎臓内科クリニック【2:診療所】【診療科目:内科_糖尿病内科_消化器内科_腎臓内科_外科_消化器外科】長野県長野市伊勢宮１ー２３ー１" }, "geometry": { "type": "Point", "coordinates": [ 138.171824, 36.631616 ] } },
{ "type": "Feature", "properties": { "ID": 2022206623380, "正式名称": "ながの県庁前クリニック", "機関区分": 2, "都道府県コード": 20, "市区町村コード": 201, "所在地": "長野県長野市南県町６５８", "緯度": 36.651118, "経度": 138.183859, "url": "https://www.iryou.teikyouseido.mhlw.go.jp/znk-web/juminkanja/S2430/initialize?prefCd=20&kikanCd=2206623380&kikanKbn=2", "url2": "https://www.cosmoslife.or.jp/", "内容": "ながの県庁前クリニック【2:診療所】【診療科目:内科_循環器内科_外科_心臓血管外科_リハビリテーション科】長野県長野市南県町６５８" }, "geometry": { "type": "Point", "coordinates": [ 138.183859, 36.651118 ] } },
{ "type": "Feature", "properties": { "ID": 2022206623410, "正式名称": "三輪眼科", "機関区分": 2, "都道府県コード": 20, "市区町村コード": 201, "所在地": "長野県長野市三輪３丁目１９－１７", "緯度": 36.663641, "経度": 138.207097, "url": "https://www.iryou.teikyouseido.mhlw.go.jp/znk-web/juminkanja/S2430/initialize?prefCd=20&kikanCd=2206623410&kikanKbn=2", "url2": null, "内容": "三輪眼科【2:診療所】【診療科目:眼科】長野県長野市三輪３丁目１９－１７" }, "geometry": { "type": "Point", "coordinates": [ 138.207097, 36.663641 ] } },
{ "type": "Feature", "properties": { "ID": 2022206623960, "正式名称": "笹井医院", "機関区分": 2, "都道府県コード": 20, "市区町村コード": 201, "所在地": "長野県長野市津野８４１", "緯度": 36.687613, "経度": 138.275062, "url": "https://www.iryou.teikyouseido.mhlw.go.jp/znk-web/juminkanja/S2430/initialize?prefCd=20&kikanCd=2206623960&kikanKbn=2", "url2": "https://sstkks004.wixsite.com/sasai-clinic", "内容": "笹井医院【2:診療所】【診療科目:内科_循環器内科】長野県長野市津野８４１" }, "geometry": { "type": "Point", "coordinates": [ 138.275062, 36.687613 ] } },
{ "type": "Feature", "properties": { "ID": 2022206624130, "正式名称": "竹内こども医院", "機関区分": 2, "都道府県コード": 20, "市区町村コード": 201, "所在地": "長野県長野市栗田", "緯度": 36.640505, "経度": 138.191655, "url": "https://www.iryou.teikyouseido.mhlw.go.jp/znk-web/juminkanja/S2430/initialize?prefCd=20&kikanCd=2206624130&kikanKbn=2", "url2": "http://takeuchikodomo-iin.com/", "内容": "竹内こども医院【2:診療所】【診療科目:小児科】長野県長野市栗田" }, "geometry": { "type": "Point", "coordinates": [ 138.191655, 36.640505 ] } },
{ "type": "Feature", "properties": { "ID": 2022206624550, "正式名称": "野田医院神経内科クリニック", "機関区分": 2, "都道府県コード": 20, "市区町村コード": 201, "所在地": "長野県長野市三輪５の４３の１８　ドラティ三輪１０１", "緯度": 36.658808, "経度": 138.201681, "url": "https://www.iryou.teikyouseido.mhlw.go.jp/znk-web/juminkanja/S2430/initialize?prefCd=20&kikanCd=2206624550&kikanKbn=2", "url2": null, "内容": "野田医院神経内科クリニック【2:診療所】【診療科目:神経内科_精神科】長野県長野市三輪５の４３の１８　ドラティ三輪１０１" }, "geometry": { "type": "Point", "coordinates": [ 138.201681, 36.658808 ] } },
{ "type": "Feature", "properties": { "ID": 2022206624680, "正式名称": "医療法人　あけぼの会　鳥山眼科医院", "機関区分": 2, "都道府県コード": 20, "市区町村コード": 201, "所在地": "長野県長野市栗田１７３３番地", "緯度": 36.637255, "経度": 138.1886, "url": "https://www.iryou.teikyouseido.mhlw.go.jp/znk-web/juminkanja/S2430/initialize?prefCd=20&kikanCd=2206624680&kikanKbn=2", "url2": null, "内容": "医療法人　あけぼの会　鳥山眼科医院【2:診療所】【診療科目:眼科】長野県長野市栗田１７３３番地" }, "geometry": { "type": "Point", "coordinates": [ 138.1886, 36.637255 ] } },
{ "type": "Feature", "properties": { "ID": 2022206624970, "正式名称": "まつした胃腸内科外科クリニック", "機関区分": 2, "都道府県コード": 20, "市区町村コード": 201, "所在地": "長野県長野市大豆島５４２−１", "緯度": 36.629673, "経度": 138.222014, "url": "https://www.iryou.teikyouseido.mhlw.go.jp/znk-web/juminkanja/S2430/initialize?prefCd=20&kikanCd=2206624970&kikanKbn=2", "url2": null, "内容": "まつした胃腸内科外科クリニック【2:診療所】【診療科目:消化器内科_内視鏡内科_肛門内科_外科】長野県長野市大豆島５４２−１" }, "geometry": { "type": "Point", "coordinates": [ 138.222014, 36.629673 ] } },
{ "type": "Feature", "properties": { "ID": 2022206625010, "正式名称": "医療法人原山クリニック", "機関区分": 2, "都道府県コード": 20, "市区町村コード": 201, "所在地": "長野県長野市小島", "緯度": 36.660643, "経度": 138.251927, "url": "https://www.iryou.teikyouseido.mhlw.go.jp/znk-web/juminkanja/S2430/initialize?prefCd=20&kikanCd=2206625010&kikanKbn=2", "url2": "https://harayama-cl.com/", "内容": "医療法人原山クリニック【2:診療所】【診療科目:内科_アレルギー科_放射線科】長野県長野市小島" }, "geometry": { "type": "Point", "coordinates": [ 138.251927, 36.660643 ] } },
{ "type": "Feature", "properties": { "ID": 2022206625140, "正式名称": "峯村医院", "機関区分": 2, "都道府県コード": 20, "市区町村コード": 201, "所在地": "長野県長野市若穂川田１６８４ー１", "緯度": 36.608232, "経度": 138.245207, "url": "https://www.iryou.teikyouseido.mhlw.go.jp/znk-web/juminkanja/S2430/initialize?prefCd=20&kikanCd=2206625140&kikanKbn=2", "url2": null, "内容": "峯村医院【2:診療所】【診療科目:循環器内科_消化器内科_外科】長野県長野市若穂川田１６８４ー１" }, "geometry": { "type": "Point", "coordinates": [ 138.245207, 36.608232 ] } },
{ "type": "Feature", "properties": { "ID": 2022206625430, "正式名称": "児玉医院", "機関区分": 2, "都道府県コード": 20, "市区町村コード": 201, "所在地": "長野県長野市稲葉母袋７６２ー１", "緯度": 36.630451, "経度": 138.204515, "url": "https://www.iryou.teikyouseido.mhlw.go.jp/znk-web/juminkanja/S2430/initialize?prefCd=20&kikanCd=2206625430&kikanKbn=2", "url2": null, "内容": "児玉医院【2:診療所】【診療科目:小児科_アレルギー科】長野県長野市稲葉母袋７６２ー１" }, "geometry": { "type": "Point", "coordinates": [ 138.204515, 36.630451 ] } },
{ "type": "Feature", "properties": { "ID": 2022206625690, "正式名称": "上野医院", "機関区分": 2, "都道府県コード": 20, "市区町村コード": 201, "所在地": "長野県長野市三輪４－６－２", "緯度": 36.659031, "経度": 138.199098, "url": "https://www.iryou.teikyouseido.mhlw.go.jp/znk-web/juminkanja/S2430/initialize?prefCd=20&kikanCd=2206625690&kikanKbn=2", "url2": "http://uenoiin.lolipop.jp/", "内容": "上野医院【2:診療所】【診療科目:外科_美容外科】長野県長野市三輪４－６－２" }, "geometry": { "type": "Point", "coordinates": [ 138.199098, 36.659031 ] } },
{ "type": "Feature", "properties": { "ID": 2022206625980, "正式名称": "富竹クリニック", "機関区分": 2, "都道府県コード": 20, "市区町村コード": 201, "所在地": "長野県長野市大字富竹字堰下１６２８番地２", "緯度": 36.668919, "経度": 138.235289, "url": "https://www.iryou.teikyouseido.mhlw.go.jp/znk-web/juminkanja/S2430/initialize?prefCd=20&kikanCd=2206625980&kikanKbn=2", "url2": "http://tomitake1628.wixsite.com/clinic", "内容": "富竹クリニック【2:診療所】【診療科目:内科】長野県長野市大字富竹字堰下１６２８番地２" }, "geometry": { "type": "Point", "coordinates": [ 138.235289, 36.668919 ] } },
{ "type": "Feature", "properties": { "ID": 2022206626020, "正式名称": "長野医療生活協同組合南長池診療所", "機関区分": 2, "都道府県コード": 20, "市区町村コード": 201, "所在地": "長野県長野市南長池８３０", "緯度": 36.645394, "経度": 138.231207, "url": "https://www.iryou.teikyouseido.mhlw.go.jp/znk-web/juminkanja/S2430/initialize?prefCd=20&kikanCd=2206626020&kikanKbn=2", "url2": "http://www.minaminagaike-clinic.jp/", "内容": "長野医療生活協同組合南長池診療所【2:診療所】【診療科目:内科_消化器外科_乳腺外科】長野県長野市南長池８３０" }, "geometry": { "type": "Point", "coordinates": [ 138.231207, 36.645394 ] } },
{ "type": "Feature", "properties": { "ID": 2022206626310, "正式名称": "大門東クリニック", "機関区分": 2, "都道府県コード": 20, "市区町村コード": 201, "所在地": "長野県長野市鶴賀田町２４４７", "緯度": 36.655892, "経度": 138.189877, "url": "https://www.iryou.teikyouseido.mhlw.go.jp/znk-web/juminkanja/S2430/initialize?prefCd=20&kikanCd=2206626310&kikanKbn=2", "url2": null, "内容": "大門東クリニック【2:診療所】【診療科目:消化器内科_外科_肛門外科】長野県長野市鶴賀田町２４４７" }, "geometry": { "type": "Point", "coordinates": [ 138.189877, 36.655892 ] } },
{ "type": "Feature", "properties": { "ID": 2022206626570, "正式名称": "医療法人中島医院", "機関区分": 2, "都道府県コード": 20, "市区町村コード": 201, "所在地": "長野県長野市柳原２２２２ー６", "緯度": 36.664529, "経度": 138.258866, "url": "https://www.iryou.teikyouseido.mhlw.go.jp/znk-web/juminkanja/S2430/initialize?prefCd=20&kikanCd=2206626570&kikanKbn=2", "url2": "http://www.nakajima-sukoyaka.com/", "内容": "医療法人中島医院【2:診療所】【診療科目:内科_呼吸器内科_アレルギー科】長野県長野市柳原２２２２ー６" }, "geometry": { "type": "Point", "coordinates": [ 138.258866, 36.664529 ] } },
{ "type": "Feature", "properties": { "ID": 2022206626990, "正式名称": "釜田内科胃腸科小児科医院", "機関区分": 2, "都道府県コード": 20, "市区町村コード": 201, "所在地": "長野県長野市西長野町２９８番地７", "緯度": 36.658863, "経度": 138.176294, "url": "https://www.iryou.teikyouseido.mhlw.go.jp/znk-web/juminkanja/S2430/initialize?prefCd=20&kikanCd=2206626990&kikanKbn=2", "url2": null, "内容": "釜田内科胃腸科小児科医院【2:診療所】【診療科目:内科_小児科】長野県長野市西長野町２９８番地７" }, "geometry": { "type": "Point", "coordinates": [ 138.176294, 36.658863 ] } },
{ "type": "Feature", "properties": { "ID": 2022206627030, "正式名称": "斎藤脳神経クリニック", "機関区分": 2, "都道府県コード": 20, "市区町村コード": 201, "所在地": "長野県長野市吉田２－２５－１１", "緯度": 36.671224, "経度": 138.208847, "url": "https://www.iryou.teikyouseido.mhlw.go.jp/znk-web/juminkanja/S2430/initialize?prefCd=20&kikanCd=2206627030&kikanKbn=2", "url2": "http://saito-nc.com/", "内容": "斎藤脳神経クリニック【2:診療所】【診療科目:脳神経内科_神経内科_脳神経外科_リハビリテーション科】長野県長野市吉田２－２５－１１" }, "geometry": { "type": "Point", "coordinates": [ 138.208847, 36.671224 ] } },
{ "type": "Feature", "properties": { "ID": 2022206627290, "正式名称": "大森整形外科", "機関区分": 2, "都道府県コード": 20, "市区町村コード": 201, "所在地": "長野県長野市徳間３２１６", "緯度": 36.67814, "経度": 138.231344, "url": "https://www.iryou.teikyouseido.mhlw.go.jp/znk-web/juminkanja/S2430/initialize?prefCd=20&kikanCd=2206627290&kikanKbn=2", "url2": "https://www.odaijini.or.jp/clinics/2595767/", "内容": "大森整形外科【2:診療所】【診療科目:整形外科】長野県長野市徳間３２１６" }, "geometry": { "type": "Point", "coordinates": [ 138.231344, 36.67814 ] } },
{ "type": "Feature", "properties": { "ID": 2022206627740, "正式名称": "池田眼科", "機関区分": 2, "都道府県コード": 20, "市区町村コード": 201, "所在地": "長野県長野市松岡二丁目９番１７号", "緯度": 36.625202, "経度": 138.21657, "url": "https://www.iryou.teikyouseido.mhlw.go.jp/znk-web/juminkanja/S2430/initialize?prefCd=20&kikanCd=2206627740&kikanKbn=2", "url2": "http://www.ikedaganka.info", "内容": "池田眼科【2:診療所】【診療科目:形成外科_眼科】長野県長野市松岡二丁目９番１７号" }, "geometry": { "type": "Point", "coordinates": [ 138.21657, 36.625202 ] } },
{ "type": "Feature", "properties": { "ID": 2022206627900, "正式名称": "医療法人桂俊会　神楽橋医院", "機関区分": 2, "都道府県コード": 20, "市区町村コード": 201, "所在地": "長野県長野市神楽橋１０番地１１３", "緯度": 36.681056, "経度": 138.210568, "url": "https://www.iryou.teikyouseido.mhlw.go.jp/znk-web/juminkanja/S2430/initialize?prefCd=20&kikanCd=2206627900&kikanKbn=2", "url2": "https://www.kagurabashi.com", "内容": "医療法人桂俊会　神楽橋医院【2:診療所】【診療科目:内科_消化器内科_外科_乳腺外科_肛門外科】長野県長野市神楽橋１０番地１１３" }, "geometry": { "type": "Point", "coordinates": [ 138.210568, 36.681056 ] } },
{ "type": "Feature", "properties": { "ID": 2022206628590, "正式名称": "長野上田クリニック", "機関区分": 2, "都道府県コード": 20, "市区町村コード": 201, "所在地": "長野県長野市北長池２６３", "緯度": 36.643034, "経度": 138.245039, "url": "https://www.iryou.teikyouseido.mhlw.go.jp/znk-web/juminkanja/S2430/initialize?prefCd=20&kikanCd=2206628590&kikanKbn=2", "url2": null, "内容": "長野上田クリニック【2:診療所】【診療科目:内科_腎臓内科_人工透析内科】長野県長野市北長池２６３" }, "geometry": { "type": "Point", "coordinates": [ 138.245039, 36.643034 ] } },
{ "type": "Feature", "properties": { "ID": 2022206628620, "正式名称": "長野市国民健康保険大岡診療所", "機関区分": 2, "都道府県コード": 20, "市区町村コード": 201, "所在地": "長野県長野市大岡乙２８７", "緯度": 36.506126, "経度": 137.9879, "url": "https://www.iryou.teikyouseido.mhlw.go.jp/znk-web/juminkanja/S2430/initialize?prefCd=20&kikanCd=2206628620&kikanKbn=2", "url2": null, "内容": "長野市国民健康保険大岡診療所【2:診療所】【診療科目:内科_外科_小児科_麻酔科】長野県長野市大岡乙２８７" }, "geometry": { "type": "Point", "coordinates": [ 137.9879, 36.506126 ] } },
{ "type": "Feature", "properties": { "ID": 2022206628750, "正式名称": "厚生連南長野医療センター篠ノ井総合病院・医師会急病センター", "機関区分": 2, "都道府県コード": 20, "市区町村コード": 201, "所在地": "長野県長野市篠ノ井会６６６ー１", "緯度": 36.575428, "経度": 138.149328, "url": "https://www.iryou.teikyouseido.mhlw.go.jp/znk-web/juminkanja/S2430/initialize?prefCd=20&kikanCd=2206628750&kikanKbn=2", "url2": "http://www.shinonoi-ghp.jp/", "内容": "厚生連南長野医療センター篠ノ井総合病院・医師会急病センター【2:診療所】【診療科目:内科_小児科】長野県長野市篠ノ井会６６６ー１" }, "geometry": { "type": "Point", "coordinates": [ 138.149328, 36.575428 ] } },
{ "type": "Feature", "properties": { "ID": 2022206628910, "正式名称": "医療法人　清水内科クリニック", "機関区分": 2, "都道府県コード": 20, "市区町村コード": 201, "所在地": "長野県長野市若槻東条蔵ノ町１１５５－２", "緯度": 36.685084, "経度": 138.220789, "url": "https://www.iryou.teikyouseido.mhlw.go.jp/znk-web/juminkanja/S2430/initialize?prefCd=20&kikanCd=2206628910&kikanKbn=2", "url2": null, "内容": "医療法人　清水内科クリニック【2:診療所】【診療科目:内科_呼吸器内科_アレルギー疾患内科_アレルギー科】長野県長野市若槻東条蔵ノ町１１５５－２" }, "geometry": { "type": "Point", "coordinates": [ 138.220789, 36.685084 ] } },
{ "type": "Feature", "properties": { "ID": 2022206629210, "正式名称": "石田眼科長野クリニック", "機関区分": 2, "都道府県コード": 20, "市区町村コード": 201, "所在地": "長野県長野市大字鶴賀緑町１１０２", "緯度": 36.648254, "経度": 138.192793, "url": "https://www.iryou.teikyouseido.mhlw.go.jp/znk-web/juminkanja/S2430/initialize?prefCd=20&kikanCd=2206629210&kikanKbn=2", "url2": "https://ishida-naganoeye.jp/", "内容": "石田眼科長野クリニック【2:診療所】【診療科目:眼科】長野県長野市大字鶴賀緑町１１０２" }, "geometry": { "type": "Point", "coordinates": [ 138.192793, 36.648254 ] } },
{ "type": "Feature", "properties": { "ID": 2022206629340, "正式名称": "すずき小児科医院", "機関区分": 2, "都道府県コード": 20, "市区町村コード": 201, "所在地": "長野県長野市川中島町今井１６７４−１８", "緯度": 36.594592, "経度": 138.152355, "url": "https://www.iryou.teikyouseido.mhlw.go.jp/znk-web/juminkanja/S2430/initialize?prefCd=20&kikanCd=2206629340&kikanKbn=2", "url2": null, "内容": "すずき小児科医院【2:診療所】【診療科目:小児科】長野県長野市川中島町今井１６７４−１８" }, "geometry": { "type": "Point", "coordinates": [ 138.152355, 36.594592 ] } },
{ "type": "Feature", "properties": { "ID": 2022206629630, "正式名称": "川上内科医院", "機関区分": 2, "都道府県コード": 20, "市区町村コード": 201, "所在地": "長野県長野市上松４丁目６番２号", "緯度": 36.671057, "経度": 138.200819, "url": "https://www.iryou.teikyouseido.mhlw.go.jp/znk-web/juminkanja/S2430/initialize?prefCd=20&kikanCd=2206629630&kikanKbn=2", "url2": null, "内容": "川上内科医院【2:診療所】【診療科目:内科】長野県長野市上松４丁目６番２号" }, "geometry": { "type": "Point", "coordinates": [ 138.200819, 36.671057 ] } },
{ "type": "Feature", "properties": { "ID": 2022206629920, "正式名称": "矢島内科医院", "機関区分": 2, "都道府県コード": 20, "市区町村コード": 201, "所在地": "長野県長野市三輪田町１３００", "緯度": 36.656281, "経度": 138.191988, "url": "https://www.iryou.teikyouseido.mhlw.go.jp/znk-web/juminkanja/S2430/initialize?prefCd=20&kikanCd=2206629920&kikanKbn=2", "url2": null, "内容": "矢島内科医院【2:診療所】【診療科目:内科_循環器内科_消化器内科】長野県長野市三輪田町１３００" }, "geometry": { "type": "Point", "coordinates": [ 138.191988, 36.656281 ] } },
{ "type": "Feature", "properties": { "ID": 2022206630160, "正式名称": "篠ノ井鈴木医院", "機関区分": 2, "都道府県コード": 20, "市区町村コード": 201, "所在地": "長野県長野市里島８８", "緯度": 36.582066, "経度": 138.154577, "url": "https://www.iryou.teikyouseido.mhlw.go.jp/znk-web/juminkanja/S2430/initialize?prefCd=20&kikanCd=2206630160&kikanKbn=2", "url2": null, "内容": "篠ノ井鈴木医院【2:診療所】【診療科目:内科_消化器内科】長野県長野市里島８８" }, "geometry": { "type": "Point", "coordinates": [ 138.154577, 36.582066 ] } },
{ "type": "Feature", "properties": { "ID": 2022206630870, "正式名称": "塚田内科歯科医院", "機関区分": 2, "都道府県コード": 20, "市区町村コード": 201, "所在地": "長野県長野市篠ノ井東福寺１００８ー４", "緯度": 36.582539, "経度": 138.17002, "url": "https://www.iryou.teikyouseido.mhlw.go.jp/znk-web/juminkanja/S2430/initialize?prefCd=20&kikanCd=2206630870&kikanKbn=2", "url2": null, "内容": "塚田内科歯科医院【2:診療所】【診療科目:内科_歯科_歯科口腔外科_小児歯科】長野県長野市篠ノ井東福寺１００８ー４" }, "geometry": { "type": "Point", "coordinates": [ 138.17002, 36.582539 ] } },
{ "type": "Feature", "properties": { "ID": 2022206631170, "正式名称": "医療法人社団東信会東信よしだ内科", "機関区分": 2, "都道府県コード": 20, "市区町村コード": 521, "所在地": "長野県埴科郡坂城町上五明６４３－２", "緯度": 36.449554, "経度": 138.169998, "url": "https://www.iryou.teikyouseido.mhlw.go.jp/znk-web/juminkanja/S2430/initialize?prefCd=20&kikanCd=2206631170&kikanKbn=2", "url2": "http://www.nagano-riumachi.com", "内容": "医療法人社団東信会東信よしだ内科【2:診療所】【診療科目:内科_リウマチ科】長野県埴科郡坂城町上五明６４３－２" }, "geometry": { "type": "Point", "coordinates": [ 138.169998, 36.449554 ] } },
{ "type": "Feature", "properties": { "ID": 2022206631590, "正式名称": "徳武クリニック", "機関区分": 2, "都道府県コード": 20, "市区町村コード": 201, "所在地": "長野県長野市西尾張部１０２２ー１", "緯度": 36.649727, "経度": 138.228262, "url": "https://www.iryou.teikyouseido.mhlw.go.jp/znk-web/juminkanja/S2430/initialize?prefCd=20&kikanCd=2206631590&kikanKbn=2", "url2": null, "内容": "徳武クリニック【2:診療所】【診療科目:胃腸内科_外科】長野県長野市西尾張部１０２２ー１" }, "geometry": { "type": "Point", "coordinates": [ 138.228262, 36.649727 ] } },
{ "type": "Feature", "properties": { "ID": 2022206632050, "正式名称": "おぶせの里クリニック", "機関区分": 2, "都道府県コード": 20, "市区町村コード": 541, "所在地": "長野県上高井郡小布施町中松３２５", "緯度": 36.695863, "経度": 138.324724, "url": "https://www.iryou.teikyouseido.mhlw.go.jp/znk-web/juminkanja/S2430/initialize?prefCd=20&kikanCd=2206632050&kikanKbn=2", "url2": "http://obusenosato.html.xdomain.jp", "内容": "おぶせの里クリニック【2:診療所】【診療科目:内科_循環器内科_外科_肛門外科_リハビリテーション科】長野県上高井郡小布施町中松３２５" }, "geometry": { "type": "Point", "coordinates": [ 138.324724, 36.695863 ] } },
{ "type": "Feature", "properties": { "ID": 2022206632210, "正式名称": "島田クリニック", "機関区分": 2, "都道府県コード": 20, "市区町村コード": 218, "所在地": "長野県千曲市小島３１４６－１コア・モチヅキ２階", "緯度": 36.531682, "経度": 138.126887, "url": "https://www.iryou.teikyouseido.mhlw.go.jp/znk-web/juminkanja/S2430/initialize?prefCd=20&kikanCd=2206632210&kikanKbn=2", "url2": null, "内容": "島田クリニック【2:診療所】【診療科目:内科】長野県千曲市小島３１４６－１コア・モチヅキ２階" }, "geometry": { "type": "Point", "coordinates": [ 138.126887, 36.531682 ] } },
{ "type": "Feature", "properties": { "ID": 2022206632340, "正式名称": "クリニックニレイ", "機関区分": 2, "都道府県コード": 20, "市区町村コード": 207, "所在地": "長野県須坂市仁礼町７番地１０", "緯度": 36.613789, "経度": 138.338615, "url": "https://www.iryou.teikyouseido.mhlw.go.jp/znk-web/juminkanja/S2430/initialize?prefCd=20&kikanCd=2206632340&kikanKbn=2", "url2": null, "内容": "クリニックニレイ【2:診療所】【診療科目:内科_外科_泌尿器科】長野県須坂市仁礼町７番地１０" }, "geometry": { "type": "Point", "coordinates": [ 138.338615, 36.613789 ] } },
{ "type": "Feature", "properties": { "ID": 2022206632470, "正式名称": "東信医療生活協同組合　さかき生協診療所", "機関区分": 2, "都道府県コード": 20, "市区町村コード": 521, "所在地": "長野県埴科郡坂城町中之条１０３２ー１", "緯度": 36.449443, "経度": 138.194662, "url": "https://www.iryou.teikyouseido.mhlw.go.jp/znk-web/juminkanja/S2430/initialize?prefCd=20&kikanCd=2206632470&kikanKbn=2", "url2": "https://www.toshin-iryou.com/", "内容": "東信医療生活協同組合　さかき生協診療所【2:診療所】【診療科目:内科_循環器内科_小児科】長野県埴科郡坂城町中之条１０３２ー１" }, "geometry": { "type": "Point", "coordinates": [ 138.194662, 36.449443 ] } },
{ "type": "Feature", "properties": { "ID": 2022206632500, "正式名称": "石原皮フ科医院", "機関区分": 2, "都道府県コード": 20, "市区町村コード": 207, "所在地": "長野県須坂市東横町１４４０－１", "緯度": 36.652491, "経度": 138.308131, "url": "https://www.iryou.teikyouseido.mhlw.go.jp/znk-web/juminkanja/S2430/initialize?prefCd=20&kikanCd=2206632500&kikanKbn=2", "url2": null, "内容": "石原皮フ科医院【2:診療所】【診療科目:皮膚科_アレルギー科】長野県須坂市東横町１４４０－１" }, "geometry": { "type": "Point", "coordinates": [ 138.308131, 36.652491 ] } },
{ "type": "Feature", "properties": { "ID": 2022206632630, "正式名称": "しぶさわ耳鼻医院", "機関区分": 2, "都道府県コード": 20, "市区町村コード": 207, "所在地": "長野県須坂市大字日滝４３００ー３", "緯度": 36.675504, "経度": 138.317198, "url": "https://www.iryou.teikyouseido.mhlw.go.jp/znk-web/juminkanja/S2430/initialize?prefCd=20&kikanCd=2206632630&kikanKbn=2", "url2": "http://www.shibusawa3387.net", "内容": "しぶさわ耳鼻医院【2:診療所】【診療科目:耳鼻いんこう科】長野県須坂市大字日滝４３００ー３" }, "geometry": { "type": "Point", "coordinates": [ 138.317198, 36.675504 ] } },
{ "type": "Feature", "properties": { "ID": 2022206632760, "正式名称": "小池医院", "機関区分": 2, "都道府県コード": 20, "市区町村コード": 207, "所在地": "長野県須坂市小河原１８８５―１０", "緯度": 36.676643, "経度": 138.317004, "url": "https://www.iryou.teikyouseido.mhlw.go.jp/znk-web/juminkanja/S2430/initialize?prefCd=20&kikanCd=2206632760&kikanKbn=2", "url2": "http://www.sukou-med.jp/sukou.html", "内容": "小池医院【2:診療所】【診療科目:内科_呼吸器内科_循環器内科】長野県須坂市小河原１８８５―１０" }, "geometry": { "type": "Point", "coordinates": [ 138.317004, 36.676643 ] } },
{ "type": "Feature", "properties": { "ID": 2022206633220, "正式名称": "医療法人花と実栗の木診療所", "機関区分": 2, "都道府県コード": 20, "市区町村コード": 541, "所在地": "長野県上高井郡小布施町小布施字烏林２２５８番地１９", "緯度": 36.699445, "経度": 138.305809, "url": "https://www.iryou.teikyouseido.mhlw.go.jp/znk-web/juminkanja/S2430/initialize?prefCd=20&kikanCd=2206633220&kikanKbn=2", "url2": null, "内容": "医療法人花と実栗の木診療所【2:診療所】【診療科目:内科_消化器内科_小児科】長野県上高井郡小布施町小布施字烏林２２５８番地１９" }, "geometry": { "type": "Point", "coordinates": [ 138.305809, 36.699445 ] } },
{ "type": "Feature", "properties": { "ID": 2022206633350, "正式名称": "安川整形外科クリニック", "機関区分": 2, "都道府県コード": 20, "市区町村コード": 218, "所在地": "長野県千曲市屋代", "緯度": 36.543459, "経度": 138.133803, "url": "https://www.iryou.teikyouseido.mhlw.go.jp/znk-web/juminkanja/S2430/initialize?prefCd=20&kikanCd=2206633350&kikanKbn=2", "url2": "https://yasukawa-orthopedic.com/", "内容": "安川整形外科クリニック【2:診療所】【診療科目:整形外科_リハビリテーション科】長野県千曲市屋代" }, "geometry": { "type": "Point", "coordinates": [ 138.133803, 36.543459 ] } },
{ "type": "Feature", "properties": { "ID": 2022206633480, "正式名称": "下鳥内科クリニック", "機関区分": 2, "都道府県コード": 20, "市区町村コード": 207, "所在地": "長野県須坂市大字幸高字苅屋２７８番地", "緯度": 36.639479, "経度": 138.285869, "url": "https://www.iryou.teikyouseido.mhlw.go.jp/znk-web/juminkanja/S2430/initialize?prefCd=20&kikanCd=2206633480&kikanKbn=2", "url2": null, "内容": "下鳥内科クリニック【2:診療所】【診療科目:内科_循環器内科】長野県須坂市大字幸高字苅屋２７８番地" }, "geometry": { "type": "Point", "coordinates": [ 138.285869, 36.639479 ] } },
{ "type": "Feature", "properties": { "ID": 2022206633510, "正式名称": "医療法人　　いろかわ医院", "機関区分": 2, "都道府県コード": 20, "市区町村コード": 521, "所在地": "長野県埴科郡坂城町坂城１００９６ー６", "緯度": 36.46233, "経度": 138.179385, "url": "https://www.iryou.teikyouseido.mhlw.go.jp/znk-web/juminkanja/S2430/initialize?prefCd=20&kikanCd=2206633510&kikanKbn=2", "url2": "https://irokawa-clinic.com/", "内容": "医療法人　　いろかわ医院【2:診療所】【診療科目:内科_循環器内科_内視鏡内科_肛門内科】長野県埴科郡坂城町坂城１００９６ー６" }, "geometry": { "type": "Point", "coordinates": [ 138.179385, 36.46233 ] } },
{ "type": "Feature", "properties": { "ID": 2022206633640, "正式名称": "長野市国民健康保険鬼無里診療所", "機関区分": 2, "都道府県コード": 20, "市区町村コード": 201, "所在地": "長野県長野市鬼無里日影２７５０ー１", "緯度": 36.680523, "経度": 138.001559, "url": "https://www.iryou.teikyouseido.mhlw.go.jp/znk-web/juminkanja/S2430/initialize?prefCd=20&kikanCd=2206633640&kikanKbn=2", "url2": null, "内容": "長野市国民健康保険鬼無里診療所【2:診療所】【診療科目:内科_小児科】長野県長野市鬼無里日影２７５０ー１" }, "geometry": { "type": "Point", "coordinates": [ 138.001559, 36.680523 ] } },
{ "type": "Feature", "properties": { "ID": 2022206634070, "正式名称": "高山村国民健康保険高山診療所", "機関区分": 2, "都道府県コード": 20, "市区町村コード": 543, "所在地": "長野県上高井郡高山村牧１３０ー１", "緯度": 36.678311, "経度": 138.377137, "url": "https://www.iryou.teikyouseido.mhlw.go.jp/znk-web/juminkanja/S2430/initialize?prefCd=20&kikanCd=2206634070&kikanKbn=2", "url2": null, "内容": "高山村国民健康保険高山診療所【2:診療所】【診療科目:内科】長野県上高井郡高山村牧１３０ー１" }, "geometry": { "type": "Point", "coordinates": [ 138.377137, 36.678311 ] } },
{ "type": "Feature", "properties": { "ID": 2022206634490, "正式名称": "滝澤内科医院", "機関区分": 2, "都道府県コード": 20, "市区町村コード": 207, "所在地": "長野県須坂市臥竜６丁目１２ー２０", "緯度": 36.642119, "経度": 138.317949, "url": "https://www.iryou.teikyouseido.mhlw.go.jp/znk-web/juminkanja/S2430/initialize?prefCd=20&kikanCd=2206634490&kikanKbn=2", "url2": null, "内容": "滝澤内科医院【2:診療所】【診療科目:内科】長野県須坂市臥竜６丁目１２ー２０" }, "geometry": { "type": "Point", "coordinates": [ 138.317949, 36.642119 ] } },
{ "type": "Feature", "properties": { "ID": 2022206634520, "正式名称": "かつの耳鼻咽喉科", "機関区分": 2, "都道府県コード": 20, "市区町村コード": 218, "所在地": "長野県千曲市粟佐１２１４－４", "緯度": 36.540265, "経度": 138.1218, "url": "https://www.iryou.teikyouseido.mhlw.go.jp/znk-web/juminkanja/S2430/initialize?prefCd=20&kikanCd=2206634520&kikanKbn=2", "url2": null, "内容": "かつの耳鼻咽喉科【2:診療所】【診療科目:耳鼻いんこう科】長野県千曲市粟佐１２１４－４" }, "geometry": { "type": "Point", "coordinates": [ 138.1218, 36.540265 ] } },
{ "type": "Feature", "properties": { "ID": 2022206634650, "正式名称": "医療法人みやもと眼科", "機関区分": 2, "都道府県コード": 20, "市区町村コード": 207, "所在地": "長野県須坂市小河原六川道東沖３６１３番地１", "緯度": 36.680448, "経度": 138.31742, "url": "https://www.iryou.teikyouseido.mhlw.go.jp/znk-web/juminkanja/S2430/initialize?prefCd=20&kikanCd=2206634650&kikanKbn=2", "url2": "suzaka-miyamotoganka.jp", "内容": "医療法人みやもと眼科【2:診療所】【診療科目:眼科】長野県須坂市小河原六川道東沖３６１３番地１" }, "geometry": { "type": "Point", "coordinates": [ 138.31742, 36.680448 ] } },
{ "type": "Feature", "properties": { "ID": 2022206634780, "正式名称": "医療法人あさと　安里医院", "機関区分": 2, "都道府県コード": 20, "市区町村コード": 218, "所在地": "長野県千曲市内川８２２番地２", "緯度": 36.507296, "経度": 138.134499, "url": "https://www.iryou.teikyouseido.mhlw.go.jp/znk-web/juminkanja/S2430/initialize?prefCd=20&kikanCd=2206634780&kikanKbn=2", "url2": null, "内容": "医療法人あさと　安里医院【2:診療所】【診療科目:内科_胃腸内科_外科】長野県千曲市内川８２２番地２" }, "geometry": { "type": "Point", "coordinates": [ 138.134499, 36.507296 ] } },
{ "type": "Feature", "properties": { "ID": 2022206634810, "正式名称": "坂口整形外科", "機関区分": 2, "都道府県コード": 20, "市区町村コード": 218, "所在地": "長野県千曲市屋代２１１４番地６", "緯度": 36.535265, "経度": 138.125859, "url": "https://www.iryou.teikyouseido.mhlw.go.jp/znk-web/juminkanja/S2430/initialize?prefCd=20&kikanCd=2206634810&kikanKbn=2", "url2": null, "内容": "坂口整形外科【2:診療所】【診療科目:整形外科】長野県千曲市屋代２１１４番地６" }, "geometry": { "type": "Point", "coordinates": [ 138.125859, 36.535265 ] } },
{ "type": "Feature", "properties": { "ID": 2022206634940, "正式名称": "山本整形外科クリニック", "機関区分": 2, "都道府県コード": 20, "市区町村コード": 207, "所在地": "長野県須坂市大字日滝２１９１－１４", "緯度": 36.669366, "経度": 138.316032, "url": "https://www.iryou.teikyouseido.mhlw.go.jp/znk-web/juminkanja/S2430/initialize?prefCd=20&kikanCd=2206634940&kikanKbn=2", "url2": "http://www.yamamotoseikei.jp", "内容": "山本整形外科クリニック【2:診療所】【診療科目:整形外科_リウマチ科_リハビリテーション科】長野県須坂市大字日滝２１９１－１４" }, "geometry": { "type": "Point", "coordinates": [ 138.316032, 36.669366 ] } },
{ "type": "Feature", "properties": { "ID": 2022206635080, "正式名称": "ごみょう整形外科クリニック", "機関区分": 2, "都道府県コード": 20, "市区町村コード": 207, "所在地": "長野県須坂市井上１７００－１４", "緯度": 36.638174, "経度": 138.276731, "url": "https://www.iryou.teikyouseido.mhlw.go.jp/znk-web/juminkanja/S2430/initialize?prefCd=20&kikanCd=2206635080&kikanKbn=2", "url2": "http://www.gomyo-seikeigeka.com/", "内容": "ごみょう整形外科クリニック【2:診療所】【診療科目:外科_整形外科_リウマチ科_リハビリテーション科】長野県須坂市井上１７００－１４" }, "geometry": { "type": "Point", "coordinates": [ 138.276731, 36.638174 ] } },
{ "type": "Feature", "properties": { "ID": 2022206635110, "正式名称": "田崎内科クリニック", "機関区分": 2, "都道府県コード": 20, "市区町村コード": 207, "所在地": "長野県須坂市上町", "緯度": 36.652895, "経度": 138.313783, "url": "https://www.iryou.teikyouseido.mhlw.go.jp/znk-web/juminkanja/S2430/initialize?prefCd=20&kikanCd=2206635110&kikanKbn=2", "url2": "http://www.tazaki-cl.jp/", "内容": "田崎内科クリニック【2:診療所】【診療科目:内科_消化器内科】長野県須坂市上町" }, "geometry": { "type": "Point", "coordinates": [ 138.313783, 36.652895 ] } },
{ "type": "Feature", "properties": { "ID": 2022206635240, "正式名称": "とぐらクリニック", "機関区分": 2, "都道府県コード": 20, "市区町村コード": 218, "所在地": "長野県千曲市大字戸倉１６７２ー２", "緯度": 36.483688, "経度": 138.150415, "url": "https://www.iryou.teikyouseido.mhlw.go.jp/znk-web/juminkanja/S2430/initialize?prefCd=20&kikanCd=2206635240&kikanKbn=2", "url2": "https://www.togura-clinic.com", "内容": "とぐらクリニック【2:診療所】【診療科目:内科_外科_脳神経外科】長野県千曲市大字戸倉１６７２ー２" }, "geometry": { "type": "Point", "coordinates": [ 138.150415, 36.483688 ] } },
{ "type": "Feature", "properties": { "ID": 2022206635370, "正式名称": "島谷医院", "機関区分": 2, "都道府県コード": 20, "市区町村コード": 218, "所在地": "長野県千曲市杭瀬下５－２１－２", "緯度": 36.533765, "経度": 138.116194, "url": "https://www.iryou.teikyouseido.mhlw.go.jp/znk-web/juminkanja/S2430/initialize?prefCd=20&kikanCd=2206635370&kikanKbn=2", "url2": "http://www.shimaya-clinic.jp/", "内容": "島谷医院【2:診療所】【診療科目:内科_消化器内科】長野県千曲市杭瀬下５－２１－２" }, "geometry": { "type": "Point", "coordinates": [ 138.116194, 36.533765 ] } },
{ "type": "Feature", "properties": { "ID": 2022206635530, "正式名称": "市川内科医院", "機関区分": 2, "都道府県コード": 20, "市区町村コード": 218, "所在地": "長野県千曲市上山田温泉四丁目１１番地２", "緯度": 36.472023, "経度": 138.148054, "url": "https://www.iryou.teikyouseido.mhlw.go.jp/znk-web/juminkanja/S2430/initialize?prefCd=20&kikanCd=2206635530&kikanKbn=2", "url2": "https://ichikawa-naika.net/clinic/", "内容": "市川内科医院【2:診療所】【診療科目:内科_糖尿病内科_代謝内科_糖尿病・代謝内科_循環器内科】長野県千曲市上山田温泉四丁目１１番地２" }, "geometry": { "type": "Point", "coordinates": [ 138.148054, 36.472023 ] } },
{ "type": "Feature", "properties": { "ID": 2022206635660, "正式名称": "長野松代総合病院附属ちくま診療所", "機関区分": 2, "都道府県コード": 20, "市区町村コード": 218, "所在地": "長野県千曲市森１４０１ー７", "緯度": 36.522628, "経度": 138.155663, "url": "https://www.iryou.teikyouseido.mhlw.go.jp/znk-web/juminkanja/S2430/initialize?prefCd=20&kikanCd=2206635660&kikanKbn=2", "url2": null, "内容": "長野松代総合病院附属ちくま診療所【2:診療所】【診療科目:内科_外科_整形外科】長野県千曲市森１４０１ー７" }, "geometry": { "type": "Point", "coordinates": [ 138.155663, 36.522628 ] } },
{ "type": "Feature", "properties": { "ID": 2022206636090, "正式名称": "スザカ心療内科クリニック", "機関区分": 2, "都道府県コード": 20, "市区町村コード": 207, "所在地": "長野県須坂市北横町１２９４ー１", "緯度": 36.656061, "経度": 138.304506, "url": "https://www.iryou.teikyouseido.mhlw.go.jp/znk-web/juminkanja/S2430/initialize?prefCd=20&kikanCd=2206636090&kikanKbn=2", "url2": "http://www.suzaka-sinnai.com/", "内容": "スザカ心療内科クリニック【2:診療所】【診療科目:内科_漢方内科_精神科_心療内科_老年精神科_老年心療内科】長野県須坂市北横町１２９４ー１" }, "geometry": { "type": "Point", "coordinates": [ 138.304506, 36.656061 ] } },
{ "type": "Feature", "properties": { "ID": 2022206636540, "正式名称": "たむらこどもクリニック", "機関区分": 2, "都道府県コード": 20, "市区町村コード": 207, "所在地": "長野県須坂市塩川町１２－２", "緯度": 36.657033, "経度": 138.298089, "url": "https://www.iryou.teikyouseido.mhlw.go.jp/znk-web/juminkanja/S2430/initialize?prefCd=20&kikanCd=2206636540&kikanKbn=2", "url2": "https://www.tamura-kodomo.jp", "内容": "たむらこどもクリニック【2:診療所】【診療科目:小児科_アレルギー科】長野県須坂市塩川町１２－２" }, "geometry": { "type": "Point", "coordinates": [ 138.298089, 36.657033 ] } },
{ "type": "Feature", "properties": { "ID": 2022206636700, "正式名称": "森本眼科クリニック", "機関区分": 2, "都道府県コード": 20, "市区町村コード": 218, "所在地": "長野県千曲市内川７７５－１", "緯度": 36.508741, "経度": 138.137109, "url": "https://www.iryou.teikyouseido.mhlw.go.jp/znk-web/juminkanja/S2430/initialize?prefCd=20&kikanCd=2206636700&kikanKbn=2", "url2": "http://www.morimotogankacl.com", "内容": "森本眼科クリニック【2:診療所】【診療科目:眼科】長野県千曲市内川７７５－１" }, "geometry": { "type": "Point", "coordinates": [ 138.137109, 36.508741 ] } },
{ "type": "Feature", "properties": { "ID": 2022206636830, "正式名称": "村上堂大井クリニック", "機関区分": 2, "都道府県コード": 20, "市区町村コード": 521, "所在地": "長野県埴科郡坂城町網掛１５４５ー１", "緯度": 36.442305, "経度": 138.174109, "url": "https://www.iryou.teikyouseido.mhlw.go.jp/znk-web/juminkanja/S2430/initialize?prefCd=20&kikanCd=2206636830&kikanKbn=2", "url2": null, "内容": "村上堂大井クリニック【2:診療所】【診療科目:内科_消化器内科_外科_肛門外科】長野県埴科郡坂城町網掛１５４５ー１" }, "geometry": { "type": "Point", "coordinates": [ 138.174109, 36.442305 ] } },
{ "type": "Feature", "properties": { "ID": 2022206637000, "正式名称": "つるた泌尿器科", "機関区分": 2, "都道府県コード": 20, "市区町村コード": 207, "所在地": "長野県須坂市大字塩川７０３－１", "緯度": 36.652728, "経度": 138.295618, "url": "https://www.iryou.teikyouseido.mhlw.go.jp/znk-web/juminkanja/S2430/initialize?prefCd=20&kikanCd=2206637000&kikanKbn=2", "url2": "https://www.tsurutahinyokika.com", "内容": "つるた泌尿器科【2:診療所】【診療科目:泌尿器科】長野県須坂市大字塩川７０３－１" }, "geometry": { "type": "Point", "coordinates": [ 138.295618, 36.652728 ] } },
{ "type": "Feature", "properties": { "ID": 2022206637710, "正式名称": "松澤内科クリニック", "機関区分": 2, "都道府県コード": 20, "市区町村コード": 207, "所在地": "長野県須坂市上八町１７５４－２", "緯度": 36.627009, "経度": 138.310562, "url": "https://www.iryou.teikyouseido.mhlw.go.jp/znk-web/juminkanja/S2430/initialize?prefCd=20&kikanCd=2206637710&kikanKbn=2", "url2": "http://www.matsuzawanaika.com", "内容": "松澤内科クリニック【2:診療所】【診療科目:内科_消化器内科】長野県須坂市上八町１７５４－２" }, "geometry": { "type": "Point", "coordinates": [ 138.310562, 36.627009 ] } },
{ "type": "Feature", "properties": { "ID": 2022206637970, "正式名称": "須坂　腎・透析クリニック", "機関区分": 2, "都道府県コード": 20, "市区町村コード": 207, "所在地": "長野県須坂市墨坂四丁目６番１号", "緯度": 36.647062, "経度": 138.304534, "url": "https://www.iryou.teikyouseido.mhlw.go.jp/znk-web/juminkanja/S2430/initialize?prefCd=20&kikanCd=2206637970&kikanKbn=2", "url2": "http://www.kidney-suzaka.com", "内容": "須坂　腎・透析クリニック【2:診療所】【診療科目:内科_腎臓内科_人工透析内科】長野県須坂市墨坂四丁目６番１号" }, "geometry": { "type": "Point", "coordinates": [ 138.304534, 36.647062 ] } },
{ "type": "Feature", "properties": { "ID": 2022206638140, "正式名称": "いなりやまクリニック", "機関区分": 2, "都道府県コード": 20, "市区町村コード": 218, "所在地": "長野県千曲市稲荷山１２６６ー１", "緯度": 36.532459, "経度": 138.101362, "url": "https://www.iryou.teikyouseido.mhlw.go.jp/znk-web/juminkanja/S2430/initialize?prefCd=20&kikanCd=2206638140&kikanKbn=2", "url2": "http://inariyama-clinic.com/", "内容": "いなりやまクリニック【2:診療所】【診療科目:内科_脳神経内科】長野県千曲市稲荷山１２６６ー１" }, "geometry": { "type": "Point", "coordinates": [ 138.101362, 36.532459 ] } },
{ "type": "Feature", "properties": { "ID": 2022206638720, "正式名称": "やすらぎクリニック須坂", "機関区分": 2, "都道府県コード": 20, "市区町村コード": 207, "所在地": "長野県須坂市本郷町２８８１－１", "緯度": 36.670543, "経度": 138.328883, "url": "https://www.iryou.teikyouseido.mhlw.go.jp/znk-web/juminkanja/S2430/initialize?prefCd=20&kikanCd=2206638720&kikanKbn=2", "url2": "https://suzaka-yasuraginosno.com/index/", "内容": "やすらぎクリニック須坂【2:診療所】【診療科目:内科_小児科_リハビリテーション科】長野県須坂市本郷町２８８１－１" }, "geometry": { "type": "Point", "coordinates": [ 138.328883, 36.670543 ] } },
{ "type": "Feature", "properties": { "ID": 2022206638850, "正式名称": "もみのき内科クリニック", "機関区分": 2, "都道府県コード": 20, "市区町村コード": 218, "所在地": "長野県千曲市寂蒔９１３", "緯度": 36.516436, "経度": 138.132644, "url": "https://www.iryou.teikyouseido.mhlw.go.jp/znk-web/juminkanja/S2430/initialize?prefCd=20&kikanCd=2206638850&kikanKbn=2", "url2": "http://mominoki-naika.com", "内容": "もみのき内科クリニック【2:診療所】【診療科目:内科】長野県千曲市寂蒔９１３" }, "geometry": { "type": "Point", "coordinates": [ 138.132644, 36.516436 ] } },
{ "type": "Feature", "properties": { "ID": 2022206639440, "正式名称": "たけまえ医院", "機関区分": 2, "都道府県コード": 20, "市区町村コード": 207, "所在地": "長野県須坂市墨坂５－２６－３３", "緯度": 36.644149, "経度": 138.308736, "url": "https://www.iryou.teikyouseido.mhlw.go.jp/znk-web/juminkanja/S2430/initialize?prefCd=20&kikanCd=2206639440&kikanKbn=2", "url2": "https://www.takemaeiin.com/", "内容": "たけまえ医院【2:診療所】【診療科目:内科_循環器内科】長野県須坂市墨坂５－２６－３３" }, "geometry": { "type": "Point", "coordinates": [ 138.308736, 36.644149 ] } },
{ "type": "Feature", "properties": { "ID": 2022206639570, "正式名称": "西沢内科胃腸科医院", "機関区分": 2, "都道府県コード": 20, "市区町村コード": 207, "所在地": "長野県須坂市墨坂１－４－１", "緯度": 36.652167, "経度": 138.300236, "url": "https://www.iryou.teikyouseido.mhlw.go.jp/znk-web/juminkanja/S2430/initialize?prefCd=20&kikanCd=2206639570&kikanKbn=2", "url2": null, "内容": "西沢内科胃腸科医院【2:診療所】【診療科目:内科_消化器内科_婦人科】長野県須坂市墨坂１－４－１" }, "geometry": { "type": "Point", "coordinates": [ 138.300236, 36.652167 ] } },
{ "type": "Feature", "properties": { "ID": 2022206639600, "正式名称": "かねこ医院", "機関区分": 2, "都道府県コード": 20, "市区町村コード": 207, "所在地": "長野県須坂市須坂１７５５－８", "緯度": 36.662812, "経度": 138.298364, "url": "https://www.iryou.teikyouseido.mhlw.go.jp/znk-web/juminkanja/S2430/initialize?prefCd=20&kikanCd=2206639600&kikanKbn=2", "url2": "https://www.kanekoclinicsuzaka.com", "内容": "かねこ医院【2:診療所】【診療科目:内科_糖尿病内科_消化器内科】長野県須坂市須坂１７５５－８" }, "geometry": { "type": "Point", "coordinates": [ 138.298364, 36.662812 ] } },
{ "type": "Feature", "properties": { "ID": 2022206639730, "正式名称": "福嶋メンタルクリニック戸倉", "機関区分": 2, "都道府県コード": 20, "市区町村コード": 218, "所在地": "長野県千曲市戸倉芝宮２１２１番地１", "緯度": 36.48853, "経度": 138.14896, "url": "https://www.iryou.teikyouseido.mhlw.go.jp/znk-web/juminkanja/S2430/initialize?prefCd=20&kikanCd=2206639730&kikanKbn=2", "url2": "https://fukushima-mc.com/", "内容": "福嶋メンタルクリニック戸倉【2:診療所】【診療科目:内科_精神科_心療内科】長野県千曲市戸倉芝宮２１２１番地１" }, "geometry": { "type": "Point", "coordinates": [ 138.14896, 36.48853 ] } },
{ "type": "Feature", "properties": { "ID": 2022206639990, "正式名称": "きたむらファミリークリニック", "機関区分": 2, "都道府県コード": 20, "市区町村コード": 541, "所在地": "長野県上高井郡小布施町福原２１６－１０", "緯度": 36.689514, "経度": 138.31465, "url": "https://www.iryou.teikyouseido.mhlw.go.jp/znk-web/juminkanja/S2430/initialize?prefCd=20&kikanCd=2206639990&kikanKbn=2", "url2": "https://www/kitamurafclinic.com", "内容": "きたむらファミリークリニック【2:診療所】【診療科目:内科_消化器内科_小児科】長野県上高井郡小布施町福原２１６－１０" }, "geometry": { "type": "Point", "coordinates": [ 138.31465, 36.689514 ] } },
{ "type": "Feature", "properties": { "ID": 2022206640130, "正式名称": "オレンジこころクリニック", "機関区分": 2, "都道府県コード": 20, "市区町村コード": 541, "所在地": "長野県上高井郡小布施町小布施２２５２ー１", "緯度": 36.696294, "経度": 138.315628, "url": "https://www.iryou.teikyouseido.mhlw.go.jp/znk-web/juminkanja/S2430/initialize?prefCd=20&kikanCd=2206640130&kikanKbn=2", "url2": "http://orange-kokoro.jp", "内容": "オレンジこころクリニック【2:診療所】【診療科目:精神科_心療内科】長野県上高井郡小布施町小布施２２５２ー１" }, "geometry": { "type": "Point", "coordinates": [ 138.315628, 36.696294 ] } },
{ "type": "Feature", "properties": { "ID": 2022206640390, "正式名称": "ちくまこころのクリニック", "機関区分": 2, "都道府県コード": 20, "市区町村コード": 218, "所在地": "長野県千曲市杭瀬下４３－１", "緯度": 36.531654, "経度": 138.122493, "url": "https://www.iryou.teikyouseido.mhlw.go.jp/znk-web/juminkanja/S2430/initialize?prefCd=20&kikanCd=2206640390&kikanKbn=2", "url2": "https://chikumakokoro-cl.com", "内容": "ちくまこころのクリニック【2:診療所】【診療科目:精神科_心療内科】長野県千曲市杭瀬下４３－１" }, "geometry": { "type": "Point", "coordinates": [ 138.122493, 36.531654 ] } },
{ "type": "Feature", "properties": { "ID": 2022206640710, "正式名称": "やしろあきたクリニック", "機関区分": 2, "都道府県コード": 20, "市区町村コード": 218, "所在地": "長野県千曲市屋代９５―１", "緯度": 36.536673, "経度": 138.134484, "url": "https://www.iryou.teikyouseido.mhlw.go.jp/znk-web/juminkanja/S2430/initialize?prefCd=20&kikanCd=2206640710&kikanKbn=2", "url2": "https://yashiroakita-clinic.com", "内容": "やしろあきたクリニック【2:診療所】【診療科目:内科_消化器内科_外科_皮膚科】長野県千曲市屋代９５―１" }, "geometry": { "type": "Point", "coordinates": [ 138.134484, 36.536673 ] } },
{ "type": "Feature", "properties": { "ID": 2022206641010, "正式名称": "さわらび内科クリニック", "機関区分": 2, "都道府県コード": 20, "市区町村コード": 218, "所在地": "長野県千曲市稲荷山２７４－１", "緯度": 36.530909, "経度": 138.103855, "url": "https://www.iryou.teikyouseido.mhlw.go.jp/znk-web/juminkanja/S2430/initialize?prefCd=20&kikanCd=2206641010&kikanKbn=2", "url2": "https://sawarabi-clinic.com/", "内容": "さわらび内科クリニック【2:診療所】【診療科目:内科_小児科】長野県千曲市稲荷山２７４－１" }, "geometry": { "type": "Point", "coordinates": [ 138.103855, 36.530909 ] } },
{ "type": "Feature", "properties": { "ID": 2022206641690, "正式名称": "医療法人おかだクリニック", "機関区分": 2, "都道府県コード": 20, "市区町村コード": 218, "所在地": "長野県千曲市稲荷山５８０", "緯度": 36.537361, "経度": 138.106509, "url": "https://www.iryou.teikyouseido.mhlw.go.jp/znk-web/juminkanja/S2430/initialize?prefCd=20&kikanCd=2206641690&kikanKbn=2", "url2": "https://www.okadagekaiin.com", "内容": "医療法人おかだクリニック【2:診療所】【診療科目:内科_外科_大腸・肛門外科】長野県千曲市稲荷山５８０" }, "geometry": { "type": "Point", "coordinates": [ 138.106509, 36.537361 ] } },
{ "type": "Feature", "properties": { "ID": 2022206641720, "正式名称": "佐藤医院", "機関区分": 2, "都道府県コード": 20, "市区町村コード": 207, "所在地": "長野県須坂市須坂１２２４番地２０", "緯度": 36.657855, "経度": 138.306301, "url": "https://www.iryou.teikyouseido.mhlw.go.jp/znk-web/juminkanja/S2430/initialize?prefCd=20&kikanCd=2206641720&kikanKbn=2", "url2": null, "内容": "佐藤医院【2:診療所】【診療科目:内科_消化器内科】長野県須坂市須坂１２２４番地２０" }, "geometry": { "type": "Point", "coordinates": [ 138.306301, 36.657855 ] } },
{ "type": "Feature", "properties": { "ID": 2022206641850, "正式名称": "医療法人蒼あおぞら整形外科クリニック", "機関区分": 2, "都道府県コード": 20, "市区町村コード": 218, "所在地": "長野県千曲市内川７８５－１", "緯度": 36.510721, "経度": 138.131241, "url": "https://www.iryou.teikyouseido.mhlw.go.jp/znk-web/juminkanja/S2430/initialize?prefCd=20&kikanCd=2206641850&kikanKbn=2", "url2": "https//:aozora-orthp.com", "内容": "医療法人蒼あおぞら整形外科クリニック【2:診療所】【診療科目:ペインクリニック外科_整形外科_リハビリテーション科】長野県千曲市内川７８５－１" }, "geometry": { "type": "Point", "coordinates": [ 138.131241, 36.510721 ] } },
{ "type": "Feature", "properties": { "ID": 2022206642990, "正式名称": "けんたろう脳神経外科", "機関区分": 2, "都道府県コード": 20, "市区町村コード": 218, "所在地": "長野県千曲市鋳物師屋４０３ー２", "緯度": 36.516837, "経度": 138.126533, "url": "https://www.iryou.teikyouseido.mhlw.go.jp/znk-web/juminkanja/S2430/initialize?prefCd=20&kikanCd=2206642990&kikanKbn=2", "url2": "https://kentaro-clinic.com/", "内容": "けんたろう脳神経外科【2:診療所】【診療科目:内科_脳神経外科_皮膚科_リハビリテーション科】長野県千曲市鋳物師屋４０３ー２" }, "geometry": { "type": "Point", "coordinates": [ 138.126533, 36.516837 ] } },
{ "type": "Feature", "properties": { "ID": 2022206701350, "正式名称": "医療法人社団弘生会　小田切医院", "機関区分": 2, "都道府県コード": 20, "市区町村コード": 213, "所在地": "長野県飯山市飯山２９４０", "緯度": 36.856651, "経度": 138.362909, "url": "https://www.iryou.teikyouseido.mhlw.go.jp/znk-web/juminkanja/S2430/initialize?prefCd=20&kikanCd=2206701350&kikanKbn=2", "url2": "http://www5c.biglobe.ne.jp/~otagiri/", "内容": "医療法人社団弘生会　小田切医院【2:診療所】【診療科目:内科_心臓血管内科_消化器内科_外科_肛門外科_小児科】長野県飯山市飯山２９４０" }, "geometry": { "type": "Point", "coordinates": [ 138.362909, 36.856651 ] } },
{ "type": "Feature", "properties": { "ID": 2022206701480, "正式名称": "医療法人　片塩医院", "機関区分": 2, "都道府県コード": 20, "市区町村コード": 213, "所在地": "長野県飯山市南町２２－１０", "緯度": 36.849235, "経度": 138.362298, "url": "https://www.iryou.teikyouseido.mhlw.go.jp/znk-web/juminkanja/S2430/initialize?prefCd=20&kikanCd=2206701480&kikanKbn=2", "url2": "http://www.katashio-iin.com/", "内容": "医療法人　片塩医院【2:診療所】【診療科目:内科_麻酔科】長野県飯山市南町２２－１０" }, "geometry": { "type": "Point", "coordinates": [ 138.362298, 36.849235 ] } },
{ "type": "Feature", "properties": { "ID": 2022206702360, "正式名称": "畑山医院", "機関区分": 2, "都道府県コード": 20, "市区町村コード": 213, "所在地": "長野県飯山市飯山９４９", "緯度": 36.850152, "経度": 138.36402, "url": "https://www.iryou.teikyouseido.mhlw.go.jp/znk-web/juminkanja/S2430/initialize?prefCd=20&kikanCd=2206702360&kikanKbn=2", "url2": null, "内容": "畑山医院【2:診療所】【診療科目:内科_循環器内科_小児科】長野県飯山市飯山９４９" }, "geometry": { "type": "Point", "coordinates": [ 138.36402, 36.850152 ] } },
{ "type": "Feature", "properties": { "ID": 2022206702490, "正式名称": "栄村国民健康保険栄村診療所", "機関区分": 2, "都道府県コード": 20, "市区町村コード": 602, "所在地": "長野県下水内郡栄村北信３６０２ー１", "緯度": 36.988808, "経度": 138.576246, "url": "https://www.iryou.teikyouseido.mhlw.go.jp/znk-web/juminkanja/S2430/initialize?prefCd=20&kikanCd=2206702490&kikanKbn=2", "url2": "http://www.vill.sakae.nagano.jp/", "内容": "栄村国民健康保険栄村診療所【2:診療所】【診療科目:内科_外科】長野県下水内郡栄村北信３６０２ー１" }, "geometry": { "type": "Point", "coordinates": [ 138.576246, 36.988808 ] } },
{ "type": "Feature", "properties": { "ID": 2022206702650, "正式名称": "栄村秋山診療所", "機関区分": 2, "都道府県コード": 20, "市区町村コード": 602, "所在地": "長野県下水内郡栄村堺１８２８１", "緯度": 36.865352, "経度": 138.634829, "url": "https://www.iryou.teikyouseido.mhlw.go.jp/znk-web/juminkanja/S2430/initialize?prefCd=20&kikanCd=2206702650&kikanKbn=2", "url2": null, "内容": "栄村秋山診療所【2:診療所】【診療科目:内科_外科】長野県下水内郡栄村堺１８２８１" }, "geometry": { "type": "Point", "coordinates": [ 138.634829, 36.865352 ] } },
{ "type": "Feature", "properties": { "ID": 2022206702780, "正式名称": "医療法人　正司会　戸狩診療所", "機関区分": 2, "都道府県コード": 20, "市区町村コード": 213, "所在地": "長野県飯山市常郷", "緯度": 36.93867, "経度": 138.402208, "url": "https://www.iryou.teikyouseido.mhlw.go.jp/znk-web/juminkanja/S2430/initialize?prefCd=20&kikanCd=2206702780&kikanKbn=2", "url2": "www.iiyama-catv.ne.jp", "内容": "医療法人　正司会　戸狩診療所【2:診療所】【診療科目:外科_整形外科_形成外科_美容外科_リハビリテーション科】長野県飯山市常郷" }, "geometry": { "type": "Point", "coordinates": [ 138.402208, 36.93867 ] } },
{ "type": "Feature", "properties": { "ID": 2022206800110, "正式名称": "さかえクリニック", "機関区分": 2, "都道府県コード": 20, "市区町村コード": 211, "所在地": "長野県中野市小田中２１３－１", "緯度": 36.739554, "経度": 138.373024, "url": "https://www.iryou.teikyouseido.mhlw.go.jp/znk-web/juminkanja/S2430/initialize?prefCd=20&kikanCd=2206800110&kikanKbn=2", "url2": null, "内容": "さかえクリニック【2:診療所】【診療科目:内科_精神科_心療内科】長野県中野市小田中２１３－１" }, "geometry": { "type": "Point", "coordinates": [ 138.373024, 36.739554 ] } },
{ "type": "Feature", "properties": { "ID": 2022206800400, "正式名称": "医療法人じせい会　小田切医院", "機関区分": 2, "都道府県コード": 20, "市区町村コード": 211, "所在地": "長野県中野市中央３丁目４番１６号", "緯度": 36.747303, "経度": 138.371468, "url": "https://www.iryou.teikyouseido.mhlw.go.jp/znk-web/juminkanja/S2430/initialize?prefCd=20&kikanCd=2206800400&kikanKbn=2", "url2": null, "内容": "医療法人じせい会　小田切医院【2:診療所】【診療科目:内科_胃腸内科_精神科】長野県中野市中央３丁目４番１６号" }, "geometry": { "type": "Point", "coordinates": [ 138.371468, 36.747303 ] } },
{ "type": "Feature", "properties": { "ID": 2022206800660, "正式名称": "徳竹医院", "機関区分": 2, "都道府県コード": 20, "市区町村コード": 211, "所在地": "長野県中野市中央１丁目７－３", "緯度": 36.745442, "経度": 138.37119, "url": "https://www.iryou.teikyouseido.mhlw.go.jp/znk-web/juminkanja/S2430/initialize?prefCd=20&kikanCd=2206800660&kikanKbn=2", "url2": null, "内容": "徳竹医院【2:診療所】【診療科目:内科_小児科_皮膚科】長野県中野市中央１丁目７－３" }, "geometry": { "type": "Point", "coordinates": [ 138.37119, 36.745442 ] } },
{ "type": "Feature", "properties": { "ID": 2022206800820, "正式名称": "医療法人木島平クリニック", "機関区分": 2, "都道府県コード": 20, "市区町村コード": 562, "所在地": "長野県下高井郡木島平村穂高３１０４－１", "緯度": 36.86279, "経度": 138.404794, "url": "https://www.iryou.teikyouseido.mhlw.go.jp/znk-web/juminkanja/S2430/initialize?prefCd=20&kikanCd=2206800820&kikanKbn=2", "url2": null, "内容": "医療法人木島平クリニック【2:診療所】【診療科目:内科】長野県下高井郡木島平村穂高３１０４－１" }, "geometry": { "type": "Point", "coordinates": [ 138.404794, 36.86279 ] } },
{ "type": "Feature", "properties": { "ID": 2022206801120, "正式名称": "医療法人丸谷医院", "機関区分": 2, "都道府県コード": 20, "市区町村コード": 211, "所在地": "長野県中野市大字片塩４６５番地１", "緯度": 36.741303, "経度": 138.342027, "url": "https://www.iryou.teikyouseido.mhlw.go.jp/znk-web/juminkanja/S2430/initialize?prefCd=20&kikanCd=2206801120&kikanKbn=2", "url2": null, "内容": "医療法人丸谷医院【2:診療所】【診療科目:内科_消化器内科_小児科】長野県中野市大字片塩４６５番地１" }, "geometry": { "type": "Point", "coordinates": [ 138.342027, 36.741303 ] } },
{ "type": "Feature", "properties": { "ID": 2022206801410, "正式名称": "野沢温泉村市川診療所", "機関区分": 2, "都道府県コード": 20, "市区町村コード": 563, "所在地": "長野県下高井郡野沢温泉村虫生１０９１", "緯度": 36.954225, "経度": 138.446953, "url": "https://www.iryou.teikyouseido.mhlw.go.jp/znk-web/juminkanja/S2430/initialize?prefCd=20&kikanCd=2206801410&kikanKbn=2", "url2": null, "内容": "野沢温泉村市川診療所【2:診療所】【診療科目:内科_外科】長野県下高井郡野沢温泉村虫生１０９１" }, "geometry": { "type": "Point", "coordinates": [ 138.446953, 36.954225 ] } },
{ "type": "Feature", "properties": { "ID": 2022206801670, "正式名称": "須藤医院", "機関区分": 2, "都道府県コード": 20, "市区町村コード": 211, "所在地": "長野県中野市中野１８６８ー７", "緯度": 36.751663, "経度": 138.37594, "url": "https://www.iryou.teikyouseido.mhlw.go.jp/znk-web/juminkanja/S2430/initialize?prefCd=20&kikanCd=2206801670&kikanKbn=2", "url2": null, "内容": "須藤医院【2:診療所】【診療科目:内科_消化器内科】長野県中野市中野１８６８ー７" }, "geometry": { "type": "Point", "coordinates": [ 138.37594, 36.751663 ] } },
{ "type": "Feature", "properties": { "ID": 2022206801830, "正式名称": "服部医院", "機関区分": 2, "都道府県コード": 20, "市区町村コード": 213, "所在地": "長野県飯山市大字飯山１２２３番地２", "緯度": 36.850596, "経度": 138.364048, "url": "https://www.iryou.teikyouseido.mhlw.go.jp/znk-web/juminkanja/S2430/initialize?prefCd=20&kikanCd=2206801830&kikanKbn=2", "url2": null, "内容": "服部医院【2:診療所】【診療科目:内科_循環器内科_小児科】長野県飯山市大字飯山１２２３番地２" }, "geometry": { "type": "Point", "coordinates": [ 138.364048, 36.850596 ] } },
{ "type": "Feature", "properties": { "ID": 2022206801960, "正式名称": "長谷川クリニック", "機関区分": 2, "都道府県コード": 20, "市区町村コード": 211, "所在地": "長野県中野市大字吉田７７０番地１", "緯度": 36.753968, "経度": 138.364413, "url": "https://www.iryou.teikyouseido.mhlw.go.jp/znk-web/juminkanja/S2430/initialize?prefCd=20&kikanCd=2206801960&kikanKbn=2", "url2": "http://hasegawaclinic.jp", "内容": "長谷川クリニック【2:診療所】【診療科目:内科_循環器内科_外科】長野県中野市大字吉田７７０番地１" }, "geometry": { "type": "Point", "coordinates": [ 138.364413, 36.753968 ] } },
{ "type": "Feature", "properties": { "ID": 2022206802000, "正式名称": "みゆき会クリニック", "機関区分": 2, "都道府県コード": 20, "市区町村コード": 213, "所在地": "長野県飯山市下木島９番地", "緯度": 36.855679, "経度": 138.387407, "url": "https://www.iryou.teikyouseido.mhlw.go.jp/znk-web/juminkanja/S2430/initialize?prefCd=20&kikanCd=2206802000&kikanKbn=2", "url2": "http://miyuki-g.or.jp", "内容": "みゆき会クリニック【2:診療所】【診療科目:内科_内視鏡内科】長野県飯山市下木島９番地" }, "geometry": { "type": "Point", "coordinates": [ 138.387407, 36.855679 ] } },
{ "type": "Feature", "properties": { "ID": 2022206802130, "正式名称": "石原眼科", "機関区分": 2, "都道府県コード": 20, "市区町村コード": 211, "所在地": "長野県中野市岩船３７４－２", "緯度": 36.743303, "経度": 138.360053, "url": "https://www.iryou.teikyouseido.mhlw.go.jp/znk-web/juminkanja/S2430/initialize?prefCd=20&kikanCd=2206802130&kikanKbn=2", "url2": null, "内容": "石原眼科【2:診療所】【診療科目:眼科】長野県中野市岩船３７４－２" }, "geometry": { "type": "Point", "coordinates": [ 138.360053, 36.743303 ] } },
{ "type": "Feature", "properties": { "ID": 2022206802260, "正式名称": "今井こども医院", "機関区分": 2, "都道府県コード": 20, "市区町村コード": 211, "所在地": "長野県中野市岩船１６１−１３", "緯度": 36.742803, "経度": 138.355581, "url": "https://www.iryou.teikyouseido.mhlw.go.jp/znk-web/juminkanja/S2430/initialize?prefCd=20&kikanCd=2206802260&kikanKbn=2", "url2": null, "内容": "今井こども医院【2:診療所】【診療科目:小児科_アレルギー科】長野県中野市岩船１６１−１３" }, "geometry": { "type": "Point", "coordinates": [ 138.355581, 36.742803 ] } },
{ "type": "Feature", "properties": { "ID": 2022206802390, "正式名称": "鳥羽整形外科医院", "機関区分": 2, "都道府県コード": 20, "市区町村コード": 213, "所在地": "長野県飯山市野坂田４４９番地１", "緯度": 36.853318, "経度": 138.378213, "url": "https://www.iryou.teikyouseido.mhlw.go.jp/znk-web/juminkanja/S2430/initialize?prefCd=20&kikanCd=2206802390&kikanKbn=2", "url2": null, "内容": "鳥羽整形外科医院【2:診療所】【診療科目:整形外科_リウマチ科_リハビリテーション科_麻酔科】長野県飯山市野坂田４４９番地１" }, "geometry": { "type": "Point", "coordinates": [ 138.378213, 36.853318 ] } },
{ "type": "Feature", "properties": { "ID": 2022206802420, "正式名称": "すずきレディスクリニック", "機関区分": 2, "都道府県コード": 20, "市区町村コード": 211, "所在地": "長野県中野市岩船３５２番地１", "緯度": 36.743692, "経度": 138.360358, "url": "https://www.iryou.teikyouseido.mhlw.go.jp/znk-web/juminkanja/S2430/initialize?prefCd=20&kikanCd=2206802420&kikanKbn=2", "url2": null, "内容": "すずきレディスクリニック【2:診療所】【診療科目:産婦人科】長野県中野市岩船３５２番地１" }, "geometry": { "type": "Point", "coordinates": [ 138.360358, 36.743692 ] } },
{ "type": "Feature", "properties": { "ID": 2022206802680, "正式名称": "厚生連北信総合病院附属北信州診療所", "機関区分": 2, "都道府県コード": 20, "市区町村コード": 213, "所在地": "長野県飯山市常郷１２－５", "緯度": 36.918895, "経度": 138.393876, "url": "https://www.iryou.teikyouseido.mhlw.go.jp/znk-web/juminkanja/S2430/initialize?prefCd=20&kikanCd=2206802680&kikanKbn=2", "url2": "http://www.hokushin-hosp.jp./", "内容": "厚生連北信総合病院附属北信州診療所【2:診療所】【診療科目:内科】長野県飯山市常郷１２－５" }, "geometry": { "type": "Point", "coordinates": [ 138.393876, 36.918895 ] } },
{ "type": "Feature", "properties": { "ID": 2022206802710, "正式名称": "アライクリニック", "機関区分": 2, "都道府県コード": 20, "市区町村コード": 211, "所在地": "長野県中野市岩船４４４－１", "緯度": 36.744025, "経度": 138.364108, "url": "https://www.iryou.teikyouseido.mhlw.go.jp/znk-web/juminkanja/S2430/initialize?prefCd=20&kikanCd=2206802710&kikanKbn=2", "url2": "https://araiclinic.net", "内容": "アライクリニック【2:診療所】【診療科目:内科_消化器内科_放射線科】長野県中野市岩船４４４－１" }, "geometry": { "type": "Point", "coordinates": [ 138.364108, 36.744025 ] } },
{ "type": "Feature", "properties": { "ID": 2022206802850, "正式名称": "中高医師会休日診療所", "機関区分": 2, "都道府県コード": 20, "市区町村コード": 211, "所在地": "長野県中野市西１丁目１番７号", "緯度": 36.743788, "経度": 138.365987, "url": "https://www.iryou.teikyouseido.mhlw.go.jp/znk-web/juminkanja/S2430/initialize?prefCd=20&kikanCd=2206802850&kikanKbn=2", "url2": null, "内容": "中高医師会休日診療所【2:診療所】【診療科目:内科】長野県中野市西１丁目１番７号" }, "geometry": { "type": "Point", "coordinates": [ 138.365987, 36.743788 ] } },
{ "type": "Feature", "properties": { "ID": 2022206802970, "正式名称": "三沢クリニック", "機関区分": 2, "都道府県コード": 20, "市区町村コード": 211, "所在地": "長野県中野市吉田大塚７８１番地７", "緯度": 36.752163, "経度": 138.364941, "url": "https://www.iryou.teikyouseido.mhlw.go.jp/znk-web/juminkanja/S2430/initialize?prefCd=20&kikanCd=2206802970&kikanKbn=2", "url2": null, "内容": "三沢クリニック【2:診療所】【診療科目:皮膚科_泌尿器科】長野県中野市吉田大塚７８１番地７" }, "geometry": { "type": "Point", "coordinates": [ 138.364941, 36.752163 ] } },
{ "type": "Feature", "properties": { "ID": 2022206803010, "正式名称": "高野医院", "機関区分": 2, "都道府県コード": 20, "市区町村コード": 211, "所在地": "長野県中野市中央２－６－２２", "緯度": 36.743636, "経度": 138.374663, "url": "https://www.iryou.teikyouseido.mhlw.go.jp/znk-web/juminkanja/S2430/initialize?prefCd=20&kikanCd=2206803010&kikanKbn=2", "url2": null, "内容": "高野医院【2:診療所】【診療科目:内科】長野県中野市中央２－６－２２" }, "geometry": { "type": "Point", "coordinates": [ 138.374663, 36.743636 ] } },
{ "type": "Feature", "properties": { "ID": 2022206803270, "正式名称": "くまき整形外科・リウマチ科クリニック", "機関区分": 2, "都道府県コード": 20, "市区町村コード": 211, "所在地": "長野県中野市大字一本木２８２ー１", "緯度": 36.759079, "経度": 138.378467, "url": "https://www.iryou.teikyouseido.mhlw.go.jp/znk-web/juminkanja/S2430/initialize?prefCd=20&kikanCd=2206803270&kikanKbn=2", "url2": "https://kumaki-clinic.com/", "内容": "くまき整形外科・リウマチ科クリニック【2:診療所】【診療科目:内科_整形外科_リウマチ科_リハビリテーション科】長野県中野市大字一本木２８２ー１" }, "geometry": { "type": "Point", "coordinates": [ 138.378467, 36.759079 ] } },
{ "type": "Feature", "properties": { "ID": 2022206803300, "正式名称": "油井内科医院", "機関区分": 2, "都道府県コード": 20, "市区町村コード": 211, "所在地": "長野県中野市金井８９３－２", "緯度": 36.773272, "経度": 138.364384, "url": "https://www.iryou.teikyouseido.mhlw.go.jp/znk-web/juminkanja/S2430/initialize?prefCd=20&kikanCd=2206803300&kikanKbn=2", "url2": "http://www.yui-iin.com/", "内容": "油井内科医院【2:診療所】【診療科目:内科_消化器内科】長野県中野市金井８９３－２" }, "geometry": { "type": "Point", "coordinates": [ 138.364384, 36.773272 ] } },
{ "type": "Feature", "properties": { "ID": 2022206803430, "正式名称": "こだま眼科クリニック", "機関区分": 2, "都道府県コード": 20, "市区町村コード": 213, "所在地": "長野県飯山市飯山２６５－１３", "緯度": 36.844526, "経度": 138.358968, "url": "https://www.iryou.teikyouseido.mhlw.go.jp/znk-web/juminkanja/S2430/initialize?prefCd=20&kikanCd=2206803430&kikanKbn=2", "url2": "http://www.kodama-clinic.jp", "内容": "こだま眼科クリニック【2:診療所】【診療科目:眼科】長野県飯山市飯山２６５－１３" }, "geometry": { "type": "Point", "coordinates": [ 138.358968, 36.844526 ] } },
{ "type": "Feature", "properties": { "ID": 2022206803690, "正式名称": "いいやま診療所", "機関区分": 2, "都道府県コード": 20, "市区町村コード": 213, "所在地": "長野県飯山市南町１３－１３", "緯度": 36.847124, "経度": 138.360604, "url": "https://www.iryou.teikyouseido.mhlw.go.jp/znk-web/juminkanja/S2430/initialize?prefCd=20&kikanCd=2206803690&kikanKbn=2", "url2": null, "内容": "いいやま診療所【2:診療所】【診療科目:腎臓内科_泌尿器科】長野県飯山市南町１３－１３" }, "geometry": { "type": "Point", "coordinates": [ 138.360604, 36.847124 ] } },
{ "type": "Feature", "properties": { "ID": 2022206804020, "正式名称": "医療法人　たかはしクリニック", "機関区分": 2, "都道府県コード": 20, "市区町村コード": 211, "所在地": "長野県中野市吉田８９０ー１", "緯度": 36.752302, "経度": 138.359413, "url": "https://www.iryou.teikyouseido.mhlw.go.jp/znk-web/juminkanja/S2430/initialize?prefCd=20&kikanCd=2206804020&kikanKbn=2", "url2": "https://www.takahashi-clinic.net", "内容": "医療法人　たかはしクリニック【2:診療所】【診療科目:整形外科_形成外科_美容外科_皮膚科】長野県中野市吉田８９０ー１" }, "geometry": { "type": "Point", "coordinates": [ 138.359413, 36.752302 ] } },
{ "type": "Feature", "properties": { "ID": 2022206804310, "正式名称": "城下医院", "機関区分": 2, "都道府県コード": 20, "市区町村コード": 561, "所在地": "長野県下高井郡山ノ内町平穏２８６１ー３　城下医院", "緯度": 36.742527, "経度": 138.422047, "url": "https://www.iryou.teikyouseido.mhlw.go.jp/znk-web/juminkanja/S2430/initialize?prefCd=20&kikanCd=2206804310&kikanKbn=2", "url2": "https://joshita-clinic.jimdofree.com", "内容": "城下医院【2:診療所】【診療科目:内科_脳神経外科_眼科】長野県下高井郡山ノ内町平穏２８６１ー３　城下医院" }, "geometry": { "type": "Point", "coordinates": [ 138.422047, 36.742527 ] } },
{ "type": "Feature", "properties": { "ID": 2022206804440, "正式名称": "安部医院", "機関区分": 2, "都道府県コード": 20, "市区町村コード": 563, "所在地": "長野県下高井郡野沢温泉村豊郷９７８０ー４", "緯度": 36.922607, "経度": 138.44603, "url": "https://www.iryou.teikyouseido.mhlw.go.jp/znk-web/juminkanja/S2430/initialize?prefCd=20&kikanCd=2206804440&kikanKbn=2", "url2": null, "内容": "安部医院【2:診療所】【診療科目:内科_消化器内科_外科】長野県下高井郡野沢温泉村豊郷９７８０ー４" }, "geometry": { "type": "Point", "coordinates": [ 138.44603, 36.922607 ] } },
{ "type": "Feature", "properties": { "ID": 2022206805900, "正式名称": "はんだクリニック", "機関区分": 2, "都道府県コード": 20, "市区町村コード": 211, "所在地": "長野県中野市吉田８９４ー１", "緯度": 36.753471, "経度": 138.358883, "url": "https://www.iryou.teikyouseido.mhlw.go.jp/znk-web/juminkanja/S2430/initialize?prefCd=20&kikanCd=2206805900&kikanKbn=2", "url2": "https://ssc5.doctorqube.com/handa/", "内容": "はんだクリニック【2:診療所】【診療科目:内科_小児科】長野県中野市吉田８９４ー１" }, "geometry": { "type": "Point", "coordinates": [ 138.358883, 36.753471 ] } },
{ "type": "Feature", "properties": { "ID": 2022206807210, "正式名称": "いいやまファミリークリニック", "機関区分": 2, "都道府県コード": 20, "市区町村コード": 213, "所在地": "長野県飯山市大字静間２０９１ー２", "緯度": 36.83465, "経度": 138.35721, "url": "https://www.iryou.teikyouseido.mhlw.go.jp/znk-web/juminkanja/S2430/initialize?prefCd=20&kikanCd=2206807210&kikanKbn=2", "url2": "https://iiyama-fc.com", "内容": "いいやまファミリークリニック【2:診療所】【診療科目:内科_外科_脳神経外科_整形外科_小児科_リハビリテーション科_麻酔科】長野県飯山市大字静間２０９１ー２" }, "geometry": { "type": "Point", "coordinates": [ 138.35721, 36.83465 ] } }
]
}
