{
"type": "FeatureCollection",
"name": "geo_20_3",
"crs": { "type": "name", "properties": { "name": "urn:ogc:def:crs:OGC:1.3:CRS84" } },
"features": [
{ "type": "Feature", "properties": { "ID": "2033200509000", "正式名称": "ＪＡ木曽歯科診療所", "機関区分": 3, "都道府県コード": 20, "市区町村コード": 432, "所在地": "長野県木曽郡木曽町新開５２４６", "緯度": 35.860443, "経度": 137.720921, "url": "https://www.iryou.teikyouseido.mhlw.go.jp/znk-web/juminkanja/S2430/initialize?prefCd=20&kikanCd=3200509000&kikanKbn=3", "url2": null, "内容": "ＪＡ木曽歯科診療所【3:歯科】長野県木曽郡木曽町新開５２４６" }, "geometry": { "type": "Point", "coordinates": [ 137.720921, 35.860443 ] } },
{ "type": "Feature", "properties": { "ID": "2033200540918", "正式名称": "やまびこ歯科診療所", "機関区分": 3, "都道府県コード": 20, "市区町村コード": 206, "所在地": "長野県諏訪市沖田町３ー２２－２", "緯度": 36.005854, "経度": 138.133074, "url": "https://www.iryou.teikyouseido.mhlw.go.jp/znk-web/juminkanja/S2430/initialize?prefCd=20&kikanCd=3200540918&kikanKbn=3", "url2": "https://plus.dentamap.jp/hpplus/user/yamabiko757/", "内容": "やまびこ歯科診療所【3:歯科】長野県諏訪市沖田町３ー２２－２" }, "geometry": { "type": "Point", "coordinates": [ 138.133074, 36.005854 ] } },
{ "type": "Feature", "properties": { "ID": "2033200540921", "正式名称": "諏訪クリスタル歯科医院", "機関区分": 3, "都道府県コード": 20, "市区町村コード": 361, "所在地": "長野県諏訪郡下諏訪町西赤砂４３６０－１２", "緯度": 36.067873, "経度": 138.075077, "url": "https://www.iryou.teikyouseido.mhlw.go.jp/znk-web/juminkanja/S2430/initialize?prefCd=20&kikanCd=3200540921&kikanKbn=3", "url2": "http://suwacrystal.com/", "内容": "諏訪クリスタル歯科医院【3:歯科】長野県諏訪郡下諏訪町西赤砂４３６０－１２" }, "geometry": { "type": "Point", "coordinates": [ 138.075077, 36.067873 ] } },
{ "type": "Feature", "properties": { "ID": "2033200540950", "正式名称": "エコーライン　デンタルオフィス", "機関区分": 3, "都道府県コード": 20, "市区町村コード": 363, "所在地": "長野県諏訪郡原村上里　１７９８２−１", "緯度": 35.972277, "経度": 138.241316, "url": "https://www.iryou.teikyouseido.mhlw.go.jp/znk-web/juminkanja/S2430/initialize?prefCd=20&kikanCd=3200540950&kikanKbn=3", "url2": null, "内容": "エコーライン　デンタルオフィス【3:歯科】長野県諏訪郡原村上里　１７９８２−１" }, "geometry": { "type": "Point", "coordinates": [ 138.241316, 35.972277 ] } },
{ "type": "Feature", "properties": { "ID": "2033202033227", "正式名称": "竹内歯科医院", "機関区分": 3, "都道府県コード": 20, "市区町村コード": 218, "所在地": "長野県千曲市稲荷山", "緯度": 36.536653, "経度": 138.102611, "url": "https://www.iryou.teikyouseido.mhlw.go.jp/znk-web/juminkanja/S2430/initialize?prefCd=20&kikanCd=3202033227&kikanKbn=3", "url2": null, "内容": "竹内歯科医院【3:歯科】長野県千曲市稲荷山" }, "geometry": { "type": "Point", "coordinates": [ 138.102611, 36.536653 ] } },
{ "type": "Feature", "properties": { "ID": "2033202053209", "正式名称": "なごみ歯科", "機関区分": 3, "都道府県コード": 20, "市区町村コード": 203, "所在地": "長野県上田市保野１３２４－５", "緯度": 36.379785, "経度": 138.200859, "url": "https://www.iryou.teikyouseido.mhlw.go.jp/znk-web/juminkanja/S2430/initialize?prefCd=20&kikanCd=3202053209&kikanKbn=3", "url2": "http://www.nagomi-dental.jp", "内容": "なごみ歯科【3:歯科】長野県上田市保野１３２４－５" }, "geometry": { "type": "Point", "coordinates": [ 138.200859, 36.379785 ] } },
{ "type": "Feature", "properties": { "ID": "2033202057134", "正式名称": "武井歯科医院", "機関区分": 3, "都道府県コード": 20, "市区町村コード": 205, "所在地": "長野県飯田市白山町２－６１９９－１", "緯度": 35.518401, "経度": 137.816204, "url": "https://www.iryou.teikyouseido.mhlw.go.jp/znk-web/juminkanja/S2430/initialize?prefCd=20&kikanCd=3202057134&kikanKbn=3", "url2": "http://www.takeidental.com/", "内容": "武井歯科医院【3:歯科】長野県飯田市白山町２－６１９９－１" }, "geometry": { "type": "Point", "coordinates": [ 137.816204, 35.518401 ] } },
{ "type": "Feature", "properties": { "ID": "2033202057136", "正式名称": "たけむらファミリー歯科", "機関区分": 3, "都道府県コード": 20, "市区町村コード": 205, "所在地": "長野県飯田市丸山町１－２－２", "緯度": 35.521541, "経度": 137.814961, "url": "https://www.iryou.teikyouseido.mhlw.go.jp/znk-web/juminkanja/S2430/initialize?prefCd=20&kikanCd=3202057136&kikanKbn=3", "url2": "http://www.takemurafamily.com", "内容": "たけむらファミリー歯科【3:歯科】長野県飯田市丸山町１－２－２" }, "geometry": { "type": "Point", "coordinates": [ 137.814961, 35.521541 ] } },
{ "type": "Feature", "properties": { "ID": "2033202059289", "正式名称": "えんぱーく歯科クリニック", "機関区分": 3, "都道府県コード": 20, "市区町村コード": 215, "所在地": "長野県塩尻市大門一番町", "緯度": 36.11192, "経度": 137.953002, "url": "https://www.iryou.teikyouseido.mhlw.go.jp/znk-web/juminkanja/S2430/initialize?prefCd=20&kikanCd=3202059289&kikanKbn=3", "url2": "http://enparkdc.com/", "内容": "えんぱーく歯科クリニック【3:歯科】長野県塩尻市大門一番町" }, "geometry": { "type": "Point", "coordinates": [ 137.953002, 36.11192 ] } },
{ "type": "Feature", "properties": { "ID": "2033202066225", "正式名称": "なかむら歯科クリニック", "機関区分": 3, "都道府県コード": 20, "市区町村コード": 543, "所在地": "長野県上高井郡高山村高井６４１６－２", "緯度": 36.663395, "経度": 138.340224, "url": "https://www.iryou.teikyouseido.mhlw.go.jp/znk-web/juminkanja/S2430/initialize?prefCd=20&kikanCd=3202066225&kikanKbn=3", "url2": null, "内容": "なかむら歯科クリニック【3:歯科】長野県上高井郡高山村高井６４１６－２" }, "geometry": { "type": "Point", "coordinates": [ 138.340224, 36.663395 ] } },
{ "type": "Feature", "properties": { "ID": "2033202066226", "正式名称": "あんず歯科クリニック", "機関区分": 3, "都道府県コード": 20, "市区町村コード": 218, "所在地": "長野県千曲市大字須坂５０３－１", "緯度": 36.505622, "経度": 138.113453, "url": "https://www.iryou.teikyouseido.mhlw.go.jp/znk-web/juminkanja/S2430/initialize?prefCd=20&kikanCd=3202066226&kikanKbn=3", "url2": null, "内容": "あんず歯科クリニック【3:歯科】長野県千曲市大字須坂５０３－１" }, "geometry": { "type": "Point", "coordinates": [ 138.113453, 36.505622 ] } },
{ "type": "Feature", "properties": { "ID": "2033203100180", "正式名称": "おぎの歯科医院", "機関区分": 3, "都道府県コード": 20, "市区町村コード": 201, "所在地": "長野県長野市新田町１１２１　荻野ビル　４Ｆ", "緯度": 36.649809, "経度": 138.185933, "url": "https://www.iryou.teikyouseido.mhlw.go.jp/znk-web/juminkanja/S2430/initialize?prefCd=20&kikanCd=3203100180&kikanKbn=3", "url2": "https://www.ogino-shika.net/", "内容": "おぎの歯科医院【3:歯科】長野県長野市新田町１１２１　荻野ビル　４Ｆ" }, "geometry": { "type": "Point", "coordinates": [ 138.185933, 36.649809 ] } },
{ "type": "Feature", "properties": { "ID": "2033203100210", "正式名称": "まつやま歯科医院", "機関区分": 3, "都道府県コード": 20, "市区町村コード": 201, "所在地": "長野県長野市南堀２４－１４", "緯度": 36.660893, "経度": 138.245316, "url": "https://www.iryou.teikyouseido.mhlw.go.jp/znk-web/juminkanja/S2430/initialize?prefCd=20&kikanCd=3203100210&kikanKbn=3", "url2": null, "内容": "まつやま歯科医院【3:歯科】長野県長野市南堀２４－１４" }, "geometry": { "type": "Point", "coordinates": [ 138.245316, 36.660893 ] } },
{ "type": "Feature", "properties": { "ID": "2033203100340", "正式名称": "おおた歯科医院", "機関区分": 3, "都道府県コード": 20, "市区町村コード": 201, "所在地": "長野県長野市上駒沢寺浦９１９－１", "緯度": 36.679337, "経度": 138.23729, "url": "https://www.iryou.teikyouseido.mhlw.go.jp/znk-web/juminkanja/S2430/initialize?prefCd=20&kikanCd=3203100340&kikanKbn=3", "url2": null, "内容": "おおた歯科医院【3:歯科】長野県長野市上駒沢寺浦９１９－１" }, "geometry": { "type": "Point", "coordinates": [ 138.23729, 36.679337 ] } },
{ "type": "Feature", "properties": { "ID": "2033203100470", "正式名称": "三井歯科医院", "機関区分": 3, "都道府県コード": 20, "市区町村コード": 201, "所在地": "長野県長野市鶴賀１７３５－４", "緯度": 36.647948, "経度": 138.199209, "url": "https://www.iryou.teikyouseido.mhlw.go.jp/znk-web/juminkanja/S2430/initialize?prefCd=20&kikanCd=3203100470&kikanKbn=3", "url2": null, "内容": "三井歯科医院【3:歯科】長野県長野市鶴賀１７３５－４" }, "geometry": { "type": "Point", "coordinates": [ 138.199209, 36.647948 ] } },
{ "type": "Feature", "properties": { "ID": "2033203100500", "正式名称": "アキ歯科医院", "機関区分": 3, "都道府県コード": 20, "市区町村コード": 201, "所在地": "長野県長野市川中島町今井７２０－５", "緯度": 36.597119, "経度": 138.141328, "url": "https://www.iryou.teikyouseido.mhlw.go.jp/znk-web/juminkanja/S2430/initialize?prefCd=20&kikanCd=3203100500&kikanKbn=3", "url2": null, "内容": "アキ歯科医院【3:歯科】長野県長野市川中島町今井７２０－５" }, "geometry": { "type": "Point", "coordinates": [ 138.141328, 36.597119 ] } },
{ "type": "Feature", "properties": { "ID": "2033203100630", "正式名称": "なりみや歯科クリニック", "機関区分": 3, "都道府県コード": 20, "市区町村コード": 201, "所在地": "長野県長野市若里４－１１－２３", "緯度": 36.630117, "経度": 138.18335, "url": "https://www.iryou.teikyouseido.mhlw.go.jp/znk-web/juminkanja/S2430/initialize?prefCd=20&kikanCd=3203100630&kikanKbn=3", "url2": null, "内容": "なりみや歯科クリニック【3:歯科】長野県長野市若里４－１１－２３" }, "geometry": { "type": "Point", "coordinates": [ 138.18335, 36.630117 ] } },
{ "type": "Feature", "properties": { "ID": "2033203100760", "正式名称": "北川原歯科医院", "機関区分": 3, "都道府県コード": 20, "市区町村コード": 201, "所在地": "長野県長野市小島２３９－２", "緯度": 36.659643, "経度": 138.25101, "url": "https://www.iryou.teikyouseido.mhlw.go.jp/znk-web/juminkanja/S2430/initialize?prefCd=20&kikanCd=3203100760&kikanKbn=3", "url2": "http://www.kitagawarasika.com/index.html", "内容": "北川原歯科医院【3:歯科】長野県長野市小島２３９－２" }, "geometry": { "type": "Point", "coordinates": [ 138.25101, 36.659643 ] } },
{ "type": "Feature", "properties": { "ID": "2033203100890", "正式名称": "よしや歯科クリニック", "機関区分": 3, "都道府県コード": 20, "市区町村コード": 201, "所在地": "長野県長野市稲里町中央４－５－１", "緯度": 36.604842, "経度": 138.169797, "url": "https://www.iryou.teikyouseido.mhlw.go.jp/znk-web/juminkanja/S2430/initialize?prefCd=20&kikanCd=3203100890&kikanKbn=3", "url2": null, "内容": "よしや歯科クリニック【3:歯科】長野県長野市稲里町中央４－５－１" }, "geometry": { "type": "Point", "coordinates": [ 138.169797, 36.604842 ] } },
{ "type": "Feature", "properties": { "ID": "2033203100920", "正式名称": "宮澤歯科クリニック", "機関区分": 3, "都道府県コード": 20, "市区町村コード": 201, "所在地": "長野県長野市南長池４６－３", "緯度": 36.639922, "経度": 138.229457, "url": "https://www.iryou.teikyouseido.mhlw.go.jp/znk-web/juminkanja/S2430/initialize?prefCd=20&kikanCd=3203100920&kikanKbn=3", "url2": null, "内容": "宮澤歯科クリニック【3:歯科】長野県長野市南長池４６－３" }, "geometry": { "type": "Point", "coordinates": [ 138.229457, 36.639922 ] } },
{ "type": "Feature", "properties": { "ID": "2033203101220", "正式名称": "小西歯科医院", "機関区分": 3, "都道府県コード": 20, "市区町村コード": 201, "所在地": "長野県長野市三輪６－９－１９", "緯度": 36.658336, "経度": 138.195154, "url": "https://www.iryou.teikyouseido.mhlw.go.jp/znk-web/juminkanja/S2430/initialize?prefCd=20&kikanCd=3203101220&kikanKbn=3", "url2": null, "内容": "小西歯科医院【3:歯科】長野県長野市三輪６－９－１９" }, "geometry": { "type": "Point", "coordinates": [ 138.195154, 36.658336 ] } },
{ "type": "Feature", "properties": { "ID": "2033203101350", "正式名称": "あぜがみ歯科医院", "機関区分": 3, "都道府県コード": 20, "市区町村コード": 201, "所在地": "長野県長野市小島７３８－１２", "緯度": 36.668059, "経度": 138.257509, "url": "https://www.iryou.teikyouseido.mhlw.go.jp/znk-web/juminkanja/S2430/initialize?prefCd=20&kikanCd=3203101350&kikanKbn=3", "url2": null, "内容": "あぜがみ歯科医院【3:歯科】長野県長野市小島７３８－１２" }, "geometry": { "type": "Point", "coordinates": [ 138.257509, 36.668059 ] } },
{ "type": "Feature", "properties": { "ID": "2033203101510", "正式名称": "こばやし歯科クリニック", "機関区分": 3, "都道府県コード": 20, "市区町村コード": 201, "所在地": "長野県長野市稲田３－１－９", "緯度": 36.669863, "経度": 138.227095, "url": "https://www.iryou.teikyouseido.mhlw.go.jp/znk-web/juminkanja/S2430/initialize?prefCd=20&kikanCd=3203101510&kikanKbn=3", "url2": null, "内容": "こばやし歯科クリニック【3:歯科】長野県長野市稲田３－１－９" }, "geometry": { "type": "Point", "coordinates": [ 138.227095, 36.669863 ] } },
{ "type": "Feature", "properties": { "ID": "2033203101640", "正式名称": "橋本容子歯科医院", "機関区分": 3, "都道府県コード": 20, "市区町村コード": 201, "所在地": "長野県長野市上千歳町１４１３", "緯度": 36.650642, "経度": 138.191405, "url": "https://www.iryou.teikyouseido.mhlw.go.jp/znk-web/juminkanja/S2430/initialize?prefCd=20&kikanCd=3203101640&kikanKbn=3", "url2": null, "内容": "橋本容子歯科医院【3:歯科】長野県長野市上千歳町１４１３" }, "geometry": { "type": "Point", "coordinates": [ 138.191405, 36.650642 ] } },
{ "type": "Feature", "properties": { "ID": "2033203101930", "正式名称": "栗田歯科医院", "機関区分": 3, "都道府県コード": 20, "市区町村コード": 201, "所在地": "長野県長野市三輪４‐２‐１", "緯度": 36.659037, "経度": 138.202099, "url": "https://www.iryou.teikyouseido.mhlw.go.jp/znk-web/juminkanja/S2430/initialize?prefCd=20&kikanCd=3203101930&kikanKbn=3", "url2": "http://www.dental-kurita.com", "内容": "栗田歯科医院【3:歯科】長野県長野市三輪４‐２‐１" }, "geometry": { "type": "Point", "coordinates": [ 138.202099, 36.659037 ] } },
{ "type": "Feature", "properties": { "ID": "2033203102100", "正式名称": "青木歯科医院", "機関区分": 3, "都道府県コード": 20, "市区町村コード": 201, "所在地": "長野県長野市吉田１－１５－１６", "緯度": 36.669557, "経度": 138.213568, "url": "https://www.iryou.teikyouseido.mhlw.go.jp/znk-web/juminkanja/S2430/initialize?prefCd=20&kikanCd=3203102100&kikanKbn=3", "url2": null, "内容": "青木歯科医院【3:歯科】長野県長野市吉田１－１５－１６" }, "geometry": { "type": "Point", "coordinates": [ 138.213568, 36.669557 ] } },
{ "type": "Feature", "properties": { "ID": "2033203102230", "正式名称": "もみの木歯科医院", "機関区分": 3, "都道府県コード": 20, "市区町村コード": 201, "所在地": "長野県長野市三輪１０－４－３６", "緯度": 36.670724, "経度": 138.205597, "url": "https://www.iryou.teikyouseido.mhlw.go.jp/znk-web/juminkanja/S2430/initialize?prefCd=20&kikanCd=3203102230&kikanKbn=3", "url2": null, "内容": "もみの木歯科医院【3:歯科】長野県長野市三輪１０－４－３６" }, "geometry": { "type": "Point", "coordinates": [ 138.205597, 36.670724 ] } },
{ "type": "Feature", "properties": { "ID": "2033203102360", "正式名称": "さかた歯科医院", "機関区分": 3, "都道府県コード": 20, "市区町村コード": 201, "所在地": "長野県長野市篠ノ井岡田１９９−３", "緯度": 36.585343, "経度": 138.137578, "url": "https://www.iryou.teikyouseido.mhlw.go.jp/znk-web/juminkanja/S2430/initialize?prefCd=20&kikanCd=3203102360&kikanKbn=3", "url2": null, "内容": "さかた歯科医院【3:歯科】長野県長野市篠ノ井岡田１９９−３" }, "geometry": { "type": "Point", "coordinates": [ 138.137578, 36.585343 ] } },
{ "type": "Feature", "properties": { "ID": "2033203102650", "正式名称": "まさむら歯科", "機関区分": 3, "都道府県コード": 20, "市区町村コード": 201, "所在地": "長野県長野市高田１７５８　ＭＥＧＡドン・キホーテ長野店２Ｆ", "緯度": 36.642366, "経度": 138.215903, "url": "https://www.iryou.teikyouseido.mhlw.go.jp/znk-web/juminkanja/S2430/initialize?prefCd=20&kikanCd=3203102650&kikanKbn=3", "url2": null, "内容": "まさむら歯科【3:歯科】長野県長野市高田１７５８　ＭＥＧＡドン・キホーテ長野店２Ｆ" }, "geometry": { "type": "Point", "coordinates": [ 138.215903, 36.642366 ] } },
{ "type": "Feature", "properties": { "ID": "2033203102810", "正式名称": "日硝歯科", "機関区分": 3, "都道府県コード": 20, "市区町村コード": 201, "所在地": "長野県長野市稲里町中央１丁目２０－１", "緯度": 36.604425, "経度": 138.171741, "url": "https://www.iryou.teikyouseido.mhlw.go.jp/znk-web/juminkanja/S2430/initialize?prefCd=20&kikanCd=3203102810&kikanKbn=3", "url2": null, "内容": "日硝歯科【3:歯科】長野県長野市稲里町中央１丁目２０－１" }, "geometry": { "type": "Point", "coordinates": [ 138.171741, 36.604425 ] } },
{ "type": "Feature", "properties": { "ID": "2033203102940", "正式名称": "南長野歯科医院", "機関区分": 3, "都道府県コード": 20, "市区町村コード": 201, "所在地": "長野県長野市川中島町上氷鉋６７－３", "緯度": 36.607035, "経度": 138.155493, "url": "https://www.iryou.teikyouseido.mhlw.go.jp/znk-web/juminkanja/S2430/initialize?prefCd=20&kikanCd=3203102940&kikanKbn=3", "url2": "http://www.minaminagano-dc.jp", "内容": "南長野歯科医院【3:歯科】長野県長野市川中島町上氷鉋６７－３" }, "geometry": { "type": "Point", "coordinates": [ 138.155493, 36.607035 ] } },
{ "type": "Feature", "properties": { "ID": "2033203103080", "正式名称": "神津歯科クリニック", "機関区分": 3, "都道府県コード": 20, "市区町村コード": 201, "所在地": "長野県長野市県町５９７－３", "緯度": 36.652448, "経度": 138.183655, "url": "https://www.iryou.teikyouseido.mhlw.go.jp/znk-web/juminkanja/S2430/initialize?prefCd=20&kikanCd=3203103080&kikanKbn=3", "url2": "http://koudusika.web.fc2.com/", "内容": "神津歯科クリニック【3:歯科】長野県長野市県町５９７－３" }, "geometry": { "type": "Point", "coordinates": [ 138.183655, 36.652448 ] } },
{ "type": "Feature", "properties": { "ID": "2033203103110", "正式名称": "濱田歯科医院", "機関区分": 3, "都道府県コード": 20, "市区町村コード": 201, "所在地": "長野県長野市篠ノ井布施五明３１５４番地", "緯度": 36.583399, "経度": 138.129302, "url": "https://www.iryou.teikyouseido.mhlw.go.jp/znk-web/juminkanja/S2430/initialize?prefCd=20&kikanCd=3203103110&kikanKbn=3", "url2": null, "内容": "濱田歯科医院【3:歯科】長野県長野市篠ノ井布施五明３１５４番地" }, "geometry": { "type": "Point", "coordinates": [ 138.129302, 36.583399 ] } },
{ "type": "Feature", "properties": { "ID": "2033203103240", "正式名称": "神津歯科", "機関区分": 3, "都道府県コード": 20, "市区町村コード": 201, "所在地": "長野県長野市南千歳１丁目１－１ながの東急百貨店別館シェルシェ３階", "緯度": 36.645476, "経度": 138.189349, "url": "https://www.iryou.teikyouseido.mhlw.go.jp/znk-web/juminkanja/S2430/initialize?prefCd=20&kikanCd=3203103240&kikanKbn=3", "url2": "https://www.kohzudental.com", "内容": "神津歯科【3:歯科】長野県長野市南千歳１丁目１－１ながの東急百貨店別館シェルシェ３階" }, "geometry": { "type": "Point", "coordinates": [ 138.189349, 36.645476 ] } },
{ "type": "Feature", "properties": { "ID": "2033203103400", "正式名称": "ほんま歯科医院", "機関区分": 3, "都道府県コード": 20, "市区町村コード": 201, "所在地": "長野県長野市桐原１－１１－１１", "緯度": 36.663558, "経度": 138.213013, "url": "https://www.iryou.teikyouseido.mhlw.go.jp/znk-web/juminkanja/S2430/initialize?prefCd=20&kikanCd=3203103400&kikanKbn=3", "url2": null, "内容": "ほんま歯科医院【3:歯科】長野県長野市桐原１－１１－１１" }, "geometry": { "type": "Point", "coordinates": [ 138.213013, 36.663558 ] } },
{ "type": "Feature", "properties": { "ID": "2033203103530", "正式名称": "スマイルシャイン矯正歯科", "機関区分": 3, "都道府県コード": 20, "市区町村コード": 201, "所在地": "長野県長野市篠ノ井東福寺字北小森北２－１", "緯度": 36.575706, "経度": 138.173798, "url": "https://www.iryou.teikyouseido.mhlw.go.jp/znk-web/juminkanja/S2430/initialize?prefCd=20&kikanCd=3203103530&kikanKbn=3", "url2": null, "内容": "スマイルシャイン矯正歯科【3:歯科】長野県長野市篠ノ井東福寺字北小森北２－１" }, "geometry": { "type": "Point", "coordinates": [ 138.173798, 36.575706 ] } },
{ "type": "Feature", "properties": { "ID": "2033203103660", "正式名称": "小野歯科医院", "機関区分": 3, "都道府県コード": 20, "市区町村コード": 201, "所在地": "長野県長野市稲田３－３７－３", "緯度": 36.673085, "経度": 138.2309, "url": "https://www.iryou.teikyouseido.mhlw.go.jp/znk-web/juminkanja/S2430/initialize?prefCd=20&kikanCd=3203103660&kikanKbn=3", "url2": null, "内容": "小野歯科医院【3:歯科】長野県長野市稲田３－３７－３" }, "geometry": { "type": "Point", "coordinates": [ 138.2309, 36.673085 ] } },
{ "type": "Feature", "properties": { "ID": "2033203103790", "正式名称": "内藤歯科クリニック", "機関区分": 3, "都道府県コード": 20, "市区町村コード": 201, "所在地": "長野県長野市三輪６丁目１７ー８", "緯度": 36.659003, "経度": 138.197376, "url": "https://www.iryou.teikyouseido.mhlw.go.jp/znk-web/juminkanja/S2430/initialize?prefCd=20&kikanCd=3203103790&kikanKbn=3", "url2": null, "内容": "内藤歯科クリニック【3:歯科】長野県長野市三輪６丁目１７ー８" }, "geometry": { "type": "Point", "coordinates": [ 138.197376, 36.659003 ] } },
{ "type": "Feature", "properties": { "ID": "2033203103820", "正式名称": "Ｍ＆Ｃデンタルクリニック", "機関区分": 3, "都道府県コード": 20, "市区町村コード": 201, "所在地": "長野県長野市伊勢宮１丁目２２－９", "緯度": 36.632172, "経度": 138.172157, "url": "https://www.iryou.teikyouseido.mhlw.go.jp/znk-web/juminkanja/S2430/initialize?prefCd=20&kikanCd=3203103820&kikanKbn=3", "url2": null, "内容": "Ｍ＆Ｃデンタルクリニック【3:歯科】長野県長野市伊勢宮１丁目２２－９" }, "geometry": { "type": "Point", "coordinates": [ 138.172157, 36.632172 ] } },
{ "type": "Feature", "properties": { "ID": "2033203103950", "正式名称": "武内歯科医院", "機関区分": 3, "都道府県コード": 20, "市区町村コード": 201, "所在地": "長野県長野市青木島町大塚", "緯度": 36.618257, "経度": 138.184073, "url": "https://www.iryou.teikyouseido.mhlw.go.jp/znk-web/juminkanja/S2430/initialize?prefCd=20&kikanCd=3203103950&kikanKbn=3", "url2": null, "内容": "武内歯科医院【3:歯科】長野県長野市青木島町大塚" }, "geometry": { "type": "Point", "coordinates": [ 138.184073, 36.618257 ] } },
{ "type": "Feature", "properties": { "ID": "2033203104090", "正式名称": "神田歯科医院", "機関区分": 3, "都道府県コード": 20, "市区町村コード": 201, "所在地": "長野県長野市篠ノ井御幣川３３５－２", "緯度": 36.57165, "経度": 138.140079, "url": "https://www.iryou.teikyouseido.mhlw.go.jp/znk-web/juminkanja/S2430/initialize?prefCd=20&kikanCd=3203104090&kikanKbn=3", "url2": null, "内容": "神田歯科医院【3:歯科】長野県長野市篠ノ井御幣川３３５－２" }, "geometry": { "type": "Point", "coordinates": [ 138.140079, 36.57165 ] } },
{ "type": "Feature", "properties": { "ID": "2033203104120", "正式名称": "西長野歯科・こども歯科医院", "機関区分": 3, "都道府県コード": 20, "市区町村コード": 201, "所在地": "長野県長野市西長野２９８−５", "緯度": 36.65878, "経度": 138.176517, "url": "https://www.iryou.teikyouseido.mhlw.go.jp/znk-web/juminkanja/S2430/initialize?prefCd=20&kikanCd=3203104120&kikanKbn=3", "url2": "http://nishinagano-shika.dent-hp.com/", "内容": "西長野歯科・こども歯科医院【3:歯科】長野県長野市西長野２９８−５" }, "geometry": { "type": "Point", "coordinates": [ 138.176517, 36.65878 ] } },
{ "type": "Feature", "properties": { "ID": "2033203104250", "正式名称": "宮原歯科医院", "機関区分": 3, "都道府県コード": 20, "市区町村コード": 201, "所在地": "長野県長野市高田１０２６－４", "緯度": 36.642283, "経度": 138.202765, "url": "https://www.iryou.teikyouseido.mhlw.go.jp/znk-web/juminkanja/S2430/initialize?prefCd=20&kikanCd=3203104250&kikanKbn=3", "url2": "https://miyabaradentaloffice.com/", "内容": "宮原歯科医院【3:歯科】長野県長野市高田１０２６－４" }, "geometry": { "type": "Point", "coordinates": [ 138.202765, 36.642283 ] } },
{ "type": "Feature", "properties": { "ID": "2033203104410", "正式名称": "小林歯科医院", "機関区分": 3, "都道府県コード": 20, "市区町村コード": 201, "所在地": "長野県長野市吉田３丁目１２番６号", "緯度": 36.669225, "経度": 138.223097, "url": "https://www.iryou.teikyouseido.mhlw.go.jp/znk-web/juminkanja/S2430/initialize?prefCd=20&kikanCd=3203104410&kikanKbn=3", "url2": null, "内容": "小林歯科医院【3:歯科】長野県長野市吉田３丁目１２番６号" }, "geometry": { "type": "Point", "coordinates": [ 138.223097, 36.669225 ] } },
{ "type": "Feature", "properties": { "ID": "2033203104540", "正式名称": "ユー歯科", "機関区分": 3, "都道府県コード": 20, "市区町村コード": 201, "所在地": "長野県長野市川中島町御厨２７５－１", "緯度": 36.596537, "経度": 138.165076, "url": "https://www.iryou.teikyouseido.mhlw.go.jp/znk-web/juminkanja/S2430/initialize?prefCd=20&kikanCd=3203104540&kikanKbn=3", "url2": "https://www.youdentalclinic.net/", "内容": "ユー歯科【3:歯科】長野県長野市川中島町御厨２７５－１" }, "geometry": { "type": "Point", "coordinates": [ 138.165076, 36.596537 ] } },
{ "type": "Feature", "properties": { "ID": "2033203104700", "正式名称": "桐原歯科医院", "機関区分": 3, "都道府県コード": 20, "市区町村コード": 201, "所在地": "長野県長野市柳町３１番地１", "緯度": 36.653115, "経度": 138.200043, "url": "https://www.iryou.teikyouseido.mhlw.go.jp/znk-web/juminkanja/S2430/initialize?prefCd=20&kikanCd=3203104700&kikanKbn=3", "url2": null, "内容": "桐原歯科医院【3:歯科】長野県長野市柳町３１番地１" }, "geometry": { "type": "Point", "coordinates": [ 138.200043, 36.653115 ] } },
{ "type": "Feature", "properties": { "ID": "2033203104830", "正式名称": "スマイル歯科クリニック", "機関区分": 3, "都道府県コード": 20, "市区町村コード": 201, "所在地": "長野県長野市石渡１６９－１", "緯度": 36.659838, "経度": 138.235963, "url": "https://www.iryou.teikyouseido.mhlw.go.jp/znk-web/juminkanja/S2430/initialize?prefCd=20&kikanCd=3203104830&kikanKbn=3", "url2": null, "内容": "スマイル歯科クリニック【3:歯科】長野県長野市石渡１６９－１" }, "geometry": { "type": "Point", "coordinates": [ 138.235963, 36.659838 ] } },
{ "type": "Feature", "properties": { "ID": "2033203104960", "正式名称": "くすのき歯科", "機関区分": 3, "都道府県コード": 20, "市区町村コード": 201, "所在地": "長野県長野市中越１－１０ー５０", "緯度": 36.65942, "経度": 138.219679, "url": "https://www.iryou.teikyouseido.mhlw.go.jp/znk-web/juminkanja/S2430/initialize?prefCd=20&kikanCd=3203104960&kikanKbn=3", "url2": null, "内容": "くすのき歯科【3:歯科】長野県長野市中越１－１０ー５０" }, "geometry": { "type": "Point", "coordinates": [ 138.219679, 36.65942 ] } },
{ "type": "Feature", "properties": { "ID": "2033203105000", "正式名称": "なかじま歯科医院", "機関区分": 3, "都道府県コード": 20, "市区町村コード": 201, "所在地": "長野県長野市真島町真島２２２９−１", "緯度": 36.606287, "経度": 138.20771, "url": "https://www.iryou.teikyouseido.mhlw.go.jp/znk-web/juminkanja/S2430/initialize?prefCd=20&kikanCd=3203105000&kikanKbn=3", "url2": null, "内容": "なかじま歯科医院【3:歯科】長野県長野市真島町真島２２２９−１" }, "geometry": { "type": "Point", "coordinates": [ 138.20771, 36.606287 ] } },
{ "type": "Feature", "properties": { "ID": "2033203105260", "正式名称": "平井歯科医院", "機関区分": 3, "都道府県コード": 20, "市区町村コード": 201, "所在地": "長野県長野市柳原２２５４－１", "緯度": 36.66442, "経度": 138.258315, "url": "https://www.iryou.teikyouseido.mhlw.go.jp/znk-web/juminkanja/S2430/initialize?prefCd=20&kikanCd=3203105260&kikanKbn=3", "url2": null, "内容": "平井歯科医院【3:歯科】長野県長野市柳原２２５４－１" }, "geometry": { "type": "Point", "coordinates": [ 138.258315, 36.66442 ] } },
{ "type": "Feature", "properties": { "ID": "2033203105390", "正式名称": "志門歯科クリニック", "機関区分": 3, "都道府県コード": 20, "市区町村コード": 201, "所在地": "長野県長野市青木島町大塚１９２－１１", "緯度": 36.601176, "経度": 138.194212, "url": "https://www.iryou.teikyouseido.mhlw.go.jp/znk-web/juminkanja/S2430/initialize?prefCd=20&kikanCd=3203105390&kikanKbn=3", "url2": "http://shimonshika.p-kit.com/", "内容": "志門歯科クリニック【3:歯科】長野県長野市青木島町大塚１９２－１１" }, "geometry": { "type": "Point", "coordinates": [ 138.194212, 36.601176 ] } },
{ "type": "Feature", "properties": { "ID": "2033203105420", "正式名称": "小早川歯科クリニック", "機関区分": 3, "都道府県コード": 20, "市区町村コード": 201, "所在地": "長野県長野市東和田７５３−１", "緯度": 36.652588, "経度": 138.229151, "url": "https://www.iryou.teikyouseido.mhlw.go.jp/znk-web/juminkanja/S2430/initialize?prefCd=20&kikanCd=3203105420&kikanKbn=3", "url2": null, "内容": "小早川歯科クリニック【3:歯科】長野県長野市東和田７５３−１" }, "geometry": { "type": "Point", "coordinates": [ 138.229151, 36.652588 ] } },
{ "type": "Feature", "properties": { "ID": "2033203105550", "正式名称": "医療法人フォレスト　長野フォレスト歯科", "機関区分": 3, "都道府県コード": 20, "市区町村コード": 201, "所在地": "長野県長野市南千歳１丁目２２番９市川ビル２階", "緯度": 36.644032, "経度": 138.188683, "url": "https://www.iryou.teikyouseido.mhlw.go.jp/znk-web/juminkanja/S2430/initialize?prefCd=20&kikanCd=3203105550&kikanKbn=3", "url2": null, "内容": "医療法人フォレスト　長野フォレスト歯科【3:歯科】長野県長野市南千歳１丁目２２番９市川ビル２階" }, "geometry": { "type": "Point", "coordinates": [ 138.188683, 36.644032 ] } },
{ "type": "Feature", "properties": { "ID": "2033203105680", "正式名称": "西村歯科クリニック", "機関区分": 3, "都道府県コード": 20, "市区町村コード": 201, "所在地": "長野県長野市川中島町上氷鉋１５７３－５", "緯度": 36.616562, "経度": 138.160298, "url": "https://www.iryou.teikyouseido.mhlw.go.jp/znk-web/juminkanja/S2430/initialize?prefCd=20&kikanCd=3203105680&kikanKbn=3", "url2": null, "内容": "西村歯科クリニック【3:歯科】長野県長野市川中島町上氷鉋１５７３－５" }, "geometry": { "type": "Point", "coordinates": [ 138.160298, 36.616562 ] } },
{ "type": "Feature", "properties": { "ID": "2033203105710", "正式名称": "クローバー歯科・矯正歯科", "機関区分": 3, "都道府県コード": 20, "市区町村コード": 201, "所在地": "長野県長野市稲田１－３２－１３", "緯度": 36.675835, "経度": 138.220068, "url": "https://www.iryou.teikyouseido.mhlw.go.jp/znk-web/juminkanja/S2430/initialize?prefCd=20&kikanCd=3203105710&kikanKbn=3", "url2": null, "内容": "クローバー歯科・矯正歯科【3:歯科】長野県長野市稲田１－３２－１３" }, "geometry": { "type": "Point", "coordinates": [ 138.220068, 36.675835 ] } },
{ "type": "Feature", "properties": { "ID": "2033203105840", "正式名称": "こいけ矯正歯科", "機関区分": 3, "都道府県コード": 20, "市区町村コード": 201, "所在地": "長野県長野市栗田６５３−５６", "緯度": 36.64181, "経度": 138.197099, "url": "https://www.iryou.teikyouseido.mhlw.go.jp/znk-web/juminkanja/S2430/initialize?prefCd=20&kikanCd=3203105840&kikanKbn=3", "url2": null, "内容": "こいけ矯正歯科【3:歯科】長野県長野市栗田６５３−５６" }, "geometry": { "type": "Point", "coordinates": [ 138.197099, 36.64181 ] } },
{ "type": "Feature", "properties": { "ID": "2033203105970", "正式名称": "久保歯科医院", "機関区分": 3, "都道府県コード": 20, "市区町村コード": 201, "所在地": "長野県長野市北長池１２３－１", "緯度": 36.642145, "経度": 138.245539, "url": "https://www.iryou.teikyouseido.mhlw.go.jp/znk-web/juminkanja/S2430/initialize?prefCd=20&kikanCd=3203105970&kikanKbn=3", "url2": null, "内容": "久保歯科医院【3:歯科】長野県長野市北長池１２３－１" }, "geometry": { "type": "Point", "coordinates": [ 138.245539, 36.642145 ] } },
{ "type": "Feature", "properties": { "ID": "2033203106010", "正式名称": "医療法人こばやし矯正歯科", "機関区分": 3, "都道府県コード": 20, "市区町村コード": 201, "所在地": "長野県長野市川中島町御厨９４１－１", "緯度": 36.598759, "経度": 138.158965, "url": "https://www.iryou.teikyouseido.mhlw.go.jp/znk-web/juminkanja/S2430/initialize?prefCd=20&kikanCd=3203106010&kikanKbn=3", "url2": null, "内容": "医療法人こばやし矯正歯科【3:歯科】長野県長野市川中島町御厨９４１－１" }, "geometry": { "type": "Point", "coordinates": [ 138.158965, 36.598759 ] } },
{ "type": "Feature", "properties": { "ID": "2033203106270", "正式名称": "セントラル歯科　矯正歯科クリニック", "機関区分": 3, "都道府県コード": 20, "市区町村コード": 201, "所在地": "長野県長野市南千歳１－７－１　第２荒井ビル３Ｆ", "緯度": 36.646476, "経度": 138.188766, "url": "https://www.iryou.teikyouseido.mhlw.go.jp/znk-web/juminkanja/S2430/initialize?prefCd=20&kikanCd=3203106270&kikanKbn=3", "url2": "https://www.centraldc.jp/", "内容": "セントラル歯科　矯正歯科クリニック【3:歯科】長野県長野市南千歳１－７－１　第２荒井ビル３Ｆ" }, "geometry": { "type": "Point", "coordinates": [ 138.188766, 36.646476 ] } },
{ "type": "Feature", "properties": { "ID": "2033203106300", "正式名称": "アース歯科", "機関区分": 3, "都道府県コード": 20, "市区町村コード": 201, "所在地": "長野県長野市青木島町大塚字北島９２９番地１", "緯度": 36.610147, "経度": 138.188879, "url": "https://www.iryou.teikyouseido.mhlw.go.jp/znk-web/juminkanja/S2430/initialize?prefCd=20&kikanCd=3203106300&kikanKbn=3", "url2": null, "内容": "アース歯科【3:歯科】長野県長野市青木島町大塚字北島９２９番地１" }, "geometry": { "type": "Point", "coordinates": [ 138.188879, 36.610147 ] } },
{ "type": "Feature", "properties": { "ID": "2033203106430", "正式名称": "小出歯科医院", "機関区分": 3, "都道府県コード": 20, "市区町村コード": 201, "所在地": "長野県長野市七瀬２番地９　ＡＫビル１Ｆ", "緯度": 36.644171, "経度": 138.194349, "url": "https://www.iryou.teikyouseido.mhlw.go.jp/znk-web/juminkanja/S2430/initialize?prefCd=20&kikanCd=3203106430&kikanKbn=3", "url2": null, "内容": "小出歯科医院【3:歯科】長野県長野市七瀬２番地９　ＡＫビル１Ｆ" }, "geometry": { "type": "Point", "coordinates": [ 138.194349, 36.644171 ] } },
{ "type": "Feature", "properties": { "ID": "2033203106560", "正式名称": "デンタルクリニックオアシス", "機関区分": 3, "都道府県コード": 20, "市区町村コード": 201, "所在地": "長野県長野市篠ノ井杵淵１４０８番地", "緯度": 36.581011, "経度": 138.18063, "url": "https://www.iryou.teikyouseido.mhlw.go.jp/znk-web/juminkanja/S2430/initialize?prefCd=20&kikanCd=3203106560&kikanKbn=3", "url2": null, "内容": "デンタルクリニックオアシス【3:歯科】長野県長野市篠ノ井杵淵１４０８番地" }, "geometry": { "type": "Point", "coordinates": [ 138.18063, 36.581011 ] } },
{ "type": "Feature", "properties": { "ID": "2033203106690", "正式名称": "メディケア歯科クリニック", "機関区分": 3, "都道府県コード": 20, "市区町村コード": 201, "所在地": "長野県長野市三輪９－４３－２４　イオンタウン長野三輪２階", "緯度": 36.669224, "経度": 138.207513, "url": "https://www.iryou.teikyouseido.mhlw.go.jp/znk-web/juminkanja/S2430/initialize?prefCd=20&kikanCd=3203106690&kikanKbn=3", "url2": "http://www.nagano-miwa.com", "内容": "メディケア歯科クリニック【3:歯科】長野県長野市三輪９－４３－２４　イオンタウン長野三輪２階" }, "geometry": { "type": "Point", "coordinates": [ 138.207513, 36.669224 ] } },
{ "type": "Feature", "properties": { "ID": "2033203107020", "正式名称": "えんどう歯科クリニック", "機関区分": 3, "都道府県コード": 20, "市区町村コード": 201, "所在地": "長野県長野市篠ノ井東福寺１３１０－５", "緯度": 36.584205, "経度": 138.175242, "url": "https://www.iryou.teikyouseido.mhlw.go.jp/znk-web/juminkanja/S2430/initialize?prefCd=20&kikanCd=3203107020&kikanKbn=3", "url2": null, "内容": "えんどう歯科クリニック【3:歯科】長野県長野市篠ノ井東福寺１３１０－５" }, "geometry": { "type": "Point", "coordinates": [ 138.175242, 36.584205 ] } },
{ "type": "Feature", "properties": { "ID": "http://sendai-aoba.com", "正式名称": "なしもと歯科医院", "機関区分": 3, "都道府県コード": 20, "市区町村コード": 201, "所在地": "長野県長野市北長池１５９７－１４", "緯度": 36.652032, "経度": 138.241539, "url": "https://www.iryou.teikyouseido.mhlw.go.jp/znk-web/juminkanja/S2430/initialize?prefCd=20&kikanCd=p://sendai-aoba.com&kikanKbn=3", "url2": "http://www.nashimoto-dental.com", "内容": "なしもと歯科医院【3:歯科】長野県長野市北長池１５９７－１４" }, "geometry": { "type": "Point", "coordinates": [ 138.241539, 36.652032 ] } },
{ "type": "Feature", "properties": { "ID": "2033203107310", "正式名称": "よこい歯科クリニック", "機関区分": 3, "都道府県コード": 20, "市区町村コード": 201, "所在地": "長野県長野市若穂綿内７９８２－１　よこい歯科クリニック", "緯度": 36.617731, "経度": 138.253234, "url": "https://www.iryou.teikyouseido.mhlw.go.jp/znk-web/juminkanja/S2430/initialize?prefCd=20&kikanCd=3203107310&kikanKbn=3", "url2": null, "内容": "よこい歯科クリニック【3:歯科】長野県長野市若穂綿内７９８２－１　よこい歯科クリニック" }, "geometry": { "type": "Point", "coordinates": [ 138.253234, 36.617731 ] } },
{ "type": "Feature", "properties": { "ID": "2033203107440", "正式名称": "みくりや歯科診療院", "機関区分": 3, "都道府県コード": 20, "市区町村コード": 201, "所在地": "長野県長野市川中島町御厨６８２－１", "緯度": 36.596613, "経度": 138.16155, "url": "https://www.iryou.teikyouseido.mhlw.go.jp/znk-web/juminkanja/S2430/initialize?prefCd=20&kikanCd=3203107440&kikanKbn=3", "url2": "http://www.mikuriyashika.com", "内容": "みくりや歯科診療院【3:歯科】長野県長野市川中島町御厨６８２－１" }, "geometry": { "type": "Point", "coordinates": [ 138.16155, 36.596613 ] } },
{ "type": "Feature", "properties": { "ID": "2033203107570", "正式名称": "長野東口歯科クリニック", "機関区分": 3, "都道府県コード": 20, "市区町村コード": 201, "所在地": "長野県長野市七瀬１２番地１１", "緯度": 36.64231, "経度": 138.194044, "url": "https://www.iryou.teikyouseido.mhlw.go.jp/znk-web/juminkanja/S2430/initialize?prefCd=20&kikanCd=3203107570&kikanKbn=3", "url2": "http://www.nagano-higashiguchi-shika.com/", "内容": "長野東口歯科クリニック【3:歯科】長野県長野市七瀬１２番地１１" }, "geometry": { "type": "Point", "coordinates": [ 138.194044, 36.64231 ] } },
{ "type": "Feature", "properties": { "ID": "2033203107600", "正式名称": "医療法人　ハート歯科", "機関区分": 3, "都道府県コード": 20, "市区町村コード": 201, "所在地": "長野県長野市上松４丁目３３番１１号", "緯度": 36.676438, "経度": 138.202762, "url": "https://www.iryou.teikyouseido.mhlw.go.jp/znk-web/juminkanja/S2430/initialize?prefCd=20&kikanCd=3203107600&kikanKbn=3", "url2": null, "内容": "医療法人　ハート歯科【3:歯科】長野県長野市上松４丁目３３番１１号" }, "geometry": { "type": "Point", "coordinates": [ 138.202762, 36.676438 ] } },
{ "type": "Feature", "properties": { "ID": "2033203107730", "正式名称": "のぐち歯科・口腔外科医院", "機関区分": 3, "都道府県コード": 20, "市区町村コード": 201, "所在地": "長野県長野市檀田２－１６－１１", "緯度": 36.677044, "経度": 138.209501, "url": "https://www.iryou.teikyouseido.mhlw.go.jp/znk-web/juminkanja/S2430/initialize?prefCd=20&kikanCd=3203107730&kikanKbn=3", "url2": "http://www.noguchi-dc.info/", "内容": "のぐち歯科・口腔外科医院【3:歯科】長野県長野市檀田２－１６－１１" }, "geometry": { "type": "Point", "coordinates": [ 138.209501, 36.677044 ] } },
{ "type": "Feature", "properties": { "ID": "2033203107860", "正式名称": "あいの木歯科クリニック", "機関区分": 3, "都道府県コード": 20, "市区町村コード": 201, "所在地": "長野県長野市三輪九丁目８－１３", "緯度": 36.663736, "経度": 138.203697, "url": "https://www.iryou.teikyouseido.mhlw.go.jp/znk-web/juminkanja/S2430/initialize?prefCd=20&kikanCd=3203107860&kikanKbn=3", "url2": "http://ainokishika.com/", "内容": "あいの木歯科クリニック【3:歯科】長野県長野市三輪九丁目８－１３" }, "geometry": { "type": "Point", "coordinates": [ 138.203697, 36.663736 ] } },
{ "type": "Feature", "properties": { "ID": "2033203107990", "正式名称": "なかざわ歯科クリニック", "機関区分": 3, "都道府県コード": 20, "市区町村コード": 201, "所在地": "長野県長野市西和田１丁目３−２９", "緯度": 36.650592, "経度": 138.214637, "url": "https://www.iryou.teikyouseido.mhlw.go.jp/znk-web/juminkanja/S2430/initialize?prefCd=20&kikanCd=3203107990&kikanKbn=3", "url2": null, "内容": "なかざわ歯科クリニック【3:歯科】長野県長野市西和田１丁目３−２９" }, "geometry": { "type": "Point", "coordinates": [ 138.214637, 36.650592 ] } },
{ "type": "Feature", "properties": { "ID": "2033203108030", "正式名称": "若槻よぼう歯科医院", "機関区分": 3, "都道府県コード": 20, "市区町村コード": 201, "所在地": "長野県長野市吉田２丁目３６番２３－２号", "緯度": 36.676281, "経度": 138.207053, "url": "https://www.iryou.teikyouseido.mhlw.go.jp/znk-web/juminkanja/S2430/initialize?prefCd=20&kikanCd=3203108030&kikanKbn=3", "url2": null, "内容": "若槻よぼう歯科医院【3:歯科】長野県長野市吉田２丁目３６番２３－２号" }, "geometry": { "type": "Point", "coordinates": [ 138.207053, 36.676281 ] } },
{ "type": "Feature", "properties": { "ID": "2033203108160", "正式名称": "長野ひだまり歯科", "機関区分": 3, "都道府県コード": 20, "市区町村コード": 201, "所在地": "長野県長野市稲葉８５２－１", "緯度": 36.629634, "経度": 138.20893, "url": "https://www.iryou.teikyouseido.mhlw.go.jp/znk-web/juminkanja/S2430/initialize?prefCd=20&kikanCd=3203108160&kikanKbn=3", "url2": "http://www.nagano-hidamari.com/", "内容": "長野ひだまり歯科【3:歯科】長野県長野市稲葉８５２－１" }, "geometry": { "type": "Point", "coordinates": [ 138.20893, 36.629634 ] } },
{ "type": "Feature", "properties": { "ID": "2033203108290", "正式名称": "しののい歯科矯正歯科医院", "機関区分": 3, "都道府県コード": 20, "市区町村コード": 201, "所在地": "長野県長野市篠ノ井御幣川６２５－２", "緯度": 36.5673, "経度": 138.141213, "url": "https://www.iryou.teikyouseido.mhlw.go.jp/znk-web/juminkanja/S2430/initialize?prefCd=20&kikanCd=3203108290&kikanKbn=3", "url2": "http://shinonoi-dental.cihp2.jp", "内容": "しののい歯科矯正歯科医院【3:歯科】長野県長野市篠ノ井御幣川６２５－２" }, "geometry": { "type": "Point", "coordinates": [ 138.141213, 36.5673 ] } },
{ "type": "Feature", "properties": { "ID": "2033203108320", "正式名称": "うえまつ歯科", "機関区分": 3, "都道府県コード": 20, "市区町村コード": 201, "所在地": "長野県長野市上松１ー５ー１８", "緯度": 36.668632, "経度": 138.198172, "url": "https://www.iryou.teikyouseido.mhlw.go.jp/znk-web/juminkanja/S2430/initialize?prefCd=20&kikanCd=3203108320&kikanKbn=3", "url2": "https://uematsu-shika.com", "内容": "うえまつ歯科【3:歯科】長野県長野市上松１ー５ー１８" }, "geometry": { "type": "Point", "coordinates": [ 138.198172, 36.668632 ] } },
{ "type": "Feature", "properties": { "ID": "2033203108580", "正式名称": "タカミ歯科クリニック", "機関区分": 3, "都道府県コード": 20, "市区町村コード": 201, "所在地": "長野県長野市豊野町豊野５１９−１", "緯度": 36.708112, "経度": 138.277664, "url": "https://www.iryou.teikyouseido.mhlw.go.jp/znk-web/juminkanja/S2430/initialize?prefCd=20&kikanCd=3203108580&kikanKbn=3", "url2": null, "内容": "タカミ歯科クリニック【3:歯科】長野県長野市豊野町豊野５１９−１" }, "geometry": { "type": "Point", "coordinates": [ 138.277664, 36.708112 ] } },
{ "type": "Feature", "properties": { "ID": "2033203108740", "正式名称": "長野駅前おとなこども矯正歯科", "機関区分": 3, "都道府県コード": 20, "市区町村コード": 201, "所在地": "長野県長野市末広町１３５６Ｎａｃｓ末広２階", "緯度": 36.644011, "経度": 138.186668, "url": "https://www.iryou.teikyouseido.mhlw.go.jp/znk-web/juminkanja/S2430/initialize?prefCd=20&kikanCd=3203108740&kikanKbn=3", "url2": null, "内容": "長野駅前おとなこども矯正歯科【3:歯科】長野県長野市末広町１３５６Ｎａｃｓ末広２階" }, "geometry": { "type": "Point", "coordinates": [ 138.186668, 36.644011 ] } },
{ "type": "Feature", "properties": { "ID": "2033203109040", "正式名称": "つみき歯科", "機関区分": 3, "都道府県コード": 20, "市区町村コード": 201, "所在地": "長野県長野市大豆島舟渡島５３１３", "緯度": 36.629234, "経度": 138.23784, "url": "https://www.iryou.teikyouseido.mhlw.go.jp/znk-web/juminkanja/S2430/initialize?prefCd=20&kikanCd=3203109040&kikanKbn=3", "url2": null, "内容": "つみき歯科【3:歯科】長野県長野市大豆島舟渡島５３１３" }, "geometry": { "type": "Point", "coordinates": [ 138.23784, 36.629234 ] } },
{ "type": "Feature", "properties": { "ID": "2033203109170", "正式名称": "水橋歯科医院", "機関区分": 3, "都道府県コード": 20, "市区町村コード": 201, "所在地": "長野県長野市栗田１８４－７", "緯度": 36.635794, "経度": 138.190913, "url": "https://www.iryou.teikyouseido.mhlw.go.jp/znk-web/juminkanja/S2430/initialize?prefCd=20&kikanCd=3203109170&kikanKbn=3", "url2": "https://www.mizuhashi-dental.com", "内容": "水橋歯科医院【3:歯科】長野県長野市栗田１８４－７" }, "geometry": { "type": "Point", "coordinates": [ 138.190913, 36.635794 ] } },
{ "type": "Feature", "properties": { "ID": "2033203109200", "正式名称": "ながのこどものはいしゃさん", "機関区分": 3, "都道府県コード": 20, "市区町村コード": 201, "所在地": "長野県長野市栗田１９０８番地２", "緯度": 36.637566, "経度": 138.194452, "url": "https://www.iryou.teikyouseido.mhlw.go.jp/znk-web/juminkanja/S2430/initialize?prefCd=20&kikanCd=3203109200&kikanKbn=3", "url2": "https://nagano-kodomo-no-haishasan.jp/", "内容": "ながのこどものはいしゃさん【3:歯科】長野県長野市栗田１９０８番地２" }, "geometry": { "type": "Point", "coordinates": [ 138.194452, 36.637566 ] } },
{ "type": "Feature", "properties": { "ID": "2033203109750", "正式名称": "さやか歯科クリニック", "機関区分": 3, "都道府県コード": 20, "市区町村コード": 201, "所在地": "長野県長野市風間２５０－１", "緯度": 36.636337, "経度": 138.228157, "url": "https://www.iryou.teikyouseido.mhlw.go.jp/znk-web/juminkanja/S2430/initialize?prefCd=20&kikanCd=3203109750&kikanKbn=3", "url2": null, "内容": "さやか歯科クリニック【3:歯科】長野県長野市風間２５０－１" }, "geometry": { "type": "Point", "coordinates": [ 138.228157, 36.636337 ] } },
{ "type": "Feature", "properties": { "ID": "2033203109880", "正式名称": "たかはし歯科医院", "機関区分": 3, "都道府県コード": 20, "市区町村コード": 201, "所在地": "長野県長野市篠ノ井布施五明３６５５", "緯度": 36.579439, "経度": 138.129924, "url": "https://www.iryou.teikyouseido.mhlw.go.jp/znk-web/juminkanja/S2430/initialize?prefCd=20&kikanCd=3203109880&kikanKbn=3", "url2": null, "内容": "たかはし歯科医院【3:歯科】長野県長野市篠ノ井布施五明３６５５" }, "geometry": { "type": "Point", "coordinates": [ 138.129924, 36.579439 ] } },
{ "type": "Feature", "properties": { "ID": "2033203109910", "正式名称": "のだ歯科医院", "機関区分": 3, "都道府県コード": 20, "市区町村コード": 201, "所在地": "長野県長野市吉田１－１７－２０", "緯度": 36.669707, "経度": 138.210799, "url": "https://www.iryou.teikyouseido.mhlw.go.jp/znk-web/juminkanja/S2430/initialize?prefCd=20&kikanCd=3203109910&kikanKbn=3", "url2": null, "内容": "のだ歯科医院【3:歯科】長野県長野市吉田１－１７－２０" }, "geometry": { "type": "Point", "coordinates": [ 138.210799, 36.669707 ] } },
{ "type": "Feature", "properties": { "ID": "2033203200110", "正式名称": "三の丸歯科医院", "機関区分": 3, "都道府県コード": 20, "市区町村コード": 202, "所在地": "長野県松本市大手３−６−１０　槙石ビル１０１、２０１、２０２", "緯度": 36.236509, "経度": 137.968639, "url": "https://www.iryou.teikyouseido.mhlw.go.jp/znk-web/juminkanja/S2430/initialize?prefCd=20&kikanCd=3203200110&kikanKbn=3", "url2": "https://www.3nomaru.dental", "内容": "三の丸歯科医院【3:歯科】長野県松本市大手３−６−１０　槙石ビル１０１、２０１、２０２" }, "geometry": { "type": "Point", "coordinates": [ 137.968639, 36.236509 ] } },
{ "type": "Feature", "properties": { "ID": "2033203200240", "正式名称": "なぎさ歯科医院", "機関区分": 3, "都道府県コード": 20, "市区町村コード": 202, "所在地": "長野県松本市渚２－９－５４", "緯度": 36.227594, "経度": 137.960706, "url": "https://www.iryou.teikyouseido.mhlw.go.jp/znk-web/juminkanja/S2430/initialize?prefCd=20&kikanCd=3203200240&kikanKbn=3", "url2": null, "内容": "なぎさ歯科医院【3:歯科】長野県松本市渚２－９－５４" }, "geometry": { "type": "Point", "coordinates": [ 137.960706, 36.227594 ] } },
{ "type": "Feature", "properties": { "ID": "2033203200400", "正式名称": "みずた歯科医院", "機関区分": 3, "都道府県コード": 20, "市区町村コード": 202, "所在地": "長野県松本市梓川倭７６６番地６", "緯度": 36.232066, "経度": 137.883076, "url": "https://www.iryou.teikyouseido.mhlw.go.jp/znk-web/juminkanja/S2430/initialize?prefCd=20&kikanCd=3203200400&kikanKbn=3", "url2": null, "内容": "みずた歯科医院【3:歯科】長野県松本市梓川倭７６６番地６" }, "geometry": { "type": "Point", "coordinates": [ 137.883076, 36.232066 ] } },
{ "type": "Feature", "properties": { "ID": "2033203200660", "正式名称": "さくら歯科クリニック", "機関区分": 3, "都道府県コード": 20, "市区町村コード": 202, "所在地": "長野県松本市村井町南", "緯度": 36.174496, "経度": 137.96094, "url": "https://www.iryou.teikyouseido.mhlw.go.jp/znk-web/juminkanja/S2430/initialize?prefCd=20&kikanCd=3203200660&kikanKbn=3", "url2": null, "内容": "さくら歯科クリニック【3:歯科】長野県松本市村井町南" }, "geometry": { "type": "Point", "coordinates": [ 137.96094, 36.174496 ] } },
{ "type": "Feature", "properties": { "ID": "2033203206622", "正式名称": "須坂ひろファミリー歯科", "機関区分": 3, "都道府県コード": 20, "市区町村コード": 207, "所在地": "長野県須坂市屋部町１３３８－４", "緯度": 36.651062, "経度": 138.307339, "url": "https://www.iryou.teikyouseido.mhlw.go.jp/znk-web/juminkanja/S2430/initialize?prefCd=20&kikanCd=3203206622&kikanKbn=3", "url2": "http://www.suzaka-hiro-dc.com/", "内容": "須坂ひろファミリー歯科【3:歯科】長野県須坂市屋部町１３３８－４" }, "geometry": { "type": "Point", "coordinates": [ 138.307339, 36.651062 ] } },
{ "type": "Feature", "properties": { "ID": "2033205100100", "正式名称": "臼田歯科医院", "機関区分": 3, "都道府県コード": 20, "市区町村コード": 217, "所在地": "長野県佐久市原", "緯度": 36.223699, "経度": 138.473703, "url": "https://www.iryou.teikyouseido.mhlw.go.jp/znk-web/juminkanja/S2430/initialize?prefCd=20&kikanCd=3205100100&kikanKbn=3", "url2": null, "内容": "臼田歯科医院【3:歯科】長野県佐久市原" }, "geometry": { "type": "Point", "coordinates": [ 138.473703, 36.223699 ] } },
{ "type": "Feature", "properties": { "ID": "2033205100780", "正式名称": "宮島歯科医院", "機関区分": 3, "都道府県コード": 20, "市区町村コード": 217, "所在地": "長野県佐久市野沢１２７－４", "緯度": 36.222449, "経度": 138.470286, "url": "https://www.iryou.teikyouseido.mhlw.go.jp/znk-web/juminkanja/S2430/initialize?prefCd=20&kikanCd=3205100780&kikanKbn=3", "url2": null, "内容": "宮島歯科医院【3:歯科】長野県佐久市野沢１２７－４" }, "geometry": { "type": "Point", "coordinates": [ 138.470286, 36.222449 ] } },
{ "type": "Feature", "properties": { "ID": "2033205101110", "正式名称": "塩川歯科医院", "機関区分": 3, "都道府県コード": 20, "市区町村コード": 217, "所在地": "長野県佐久市岩村田１２０６", "緯度": 36.274199, "経度": 138.47636, "url": "https://www.iryou.teikyouseido.mhlw.go.jp/znk-web/juminkanja/S2430/initialize?prefCd=20&kikanCd=3205101110&kikanKbn=3", "url2": null, "内容": "塩川歯科医院【3:歯科】長野県佐久市岩村田１２０６" }, "geometry": { "type": "Point", "coordinates": [ 138.47636, 36.274199 ] } },
{ "type": "Feature", "properties": { "ID": "2033205101370", "正式名称": "医療法人社団正誠会　新海歯科医院", "機関区分": 3, "都道府県コード": 20, "市区町村コード": 217, "所在地": "長野県佐久市野沢３１４－１", "緯度": 36.228087, "経度": 138.464925, "url": "https://www.iryou.teikyouseido.mhlw.go.jp/znk-web/juminkanja/S2430/initialize?prefCd=20&kikanCd=3205101370&kikanKbn=3", "url2": null, "内容": "医療法人社団正誠会　新海歯科医院【3:歯科】長野県佐久市野沢３１４－１" }, "geometry": { "type": "Point", "coordinates": [ 138.464925, 36.228087 ] } },
{ "type": "Feature", "properties": { "ID": "2033205101400", "正式名称": "土屋歯科医院", "機関区分": 3, "都道府県コード": 20, "市区町村コード": 217, "所在地": "長野県佐久市岩村田３１６２－３０", "緯度": 36.270166, "経度": 138.480839, "url": "https://www.iryou.teikyouseido.mhlw.go.jp/znk-web/juminkanja/S2430/initialize?prefCd=20&kikanCd=3205101400&kikanKbn=3", "url2": "http://www4.plala.or.jp/tsuchiyashikaiin/", "内容": "土屋歯科医院【3:歯科】長野県佐久市岩村田３１６２－３０" }, "geometry": { "type": "Point", "coordinates": [ 138.480839, 36.270166 ] } },
{ "type": "Feature", "properties": { "ID": "2033205101790", "正式名称": "中央歯科医院", "機関区分": 3, "都道府県コード": 20, "市区町村コード": 217, "所在地": "長野県佐久市中込", "緯度": 36.250835, "経度": 138.478701, "url": "https://www.iryou.teikyouseido.mhlw.go.jp/znk-web/juminkanja/S2430/initialize?prefCd=20&kikanCd=3205101790&kikanKbn=3", "url2": null, "内容": "中央歯科医院【3:歯科】長野県佐久市中込" }, "geometry": { "type": "Point", "coordinates": [ 138.478701, 36.250835 ] } },
{ "type": "Feature", "properties": { "ID": "2033205101820", "正式名称": "宮島医院歯科", "機関区分": 3, "都道府県コード": 20, "市区町村コード": 217, "所在地": "長野県佐久市野沢２５０－３", "緯度": 36.226143, "経度": 138.466703, "url": "https://www.iryou.teikyouseido.mhlw.go.jp/znk-web/juminkanja/S2430/initialize?prefCd=20&kikanCd=3205101820&kikanKbn=3", "url2": null, "内容": "宮島医院歯科【3:歯科】長野県佐久市野沢２５０－３" }, "geometry": { "type": "Point", "coordinates": [ 138.466703, 36.226143 ] } },
{ "type": "Feature", "properties": { "ID": "2033205102120", "正式名称": "雫田歯科医院", "機関区分": 3, "都道府県コード": 20, "市区町村コード": 217, "所在地": "長野県佐久市岩村田１１７４番地２", "緯度": 36.275758, "経度": 138.477178, "url": "https://www.iryou.teikyouseido.mhlw.go.jp/znk-web/juminkanja/S2430/initialize?prefCd=20&kikanCd=3205102120&kikanKbn=3", "url2": null, "内容": "雫田歯科医院【3:歯科】長野県佐久市岩村田１１７４番地２" }, "geometry": { "type": "Point", "coordinates": [ 138.477178, 36.275758 ] } },
{ "type": "Feature", "properties": { "ID": "2033205102410", "正式名称": "御影歯科医院", "機関区分": 3, "都道府県コード": 20, "市区町村コード": 217, "所在地": "長野県佐久市中込３０３０の４", "緯度": 36.247391, "経度": 138.475729, "url": "https://www.iryou.teikyouseido.mhlw.go.jp/znk-web/juminkanja/S2430/initialize?prefCd=20&kikanCd=3205102410&kikanKbn=3", "url2": null, "内容": "御影歯科医院【3:歯科】長野県佐久市中込３０３０の４" }, "geometry": { "type": "Point", "coordinates": [ 138.475729, 36.247391 ] } },
{ "type": "Feature", "properties": { "ID": "2033205103000", "正式名称": "医療法人　緑友会　佐久黒岩歯科医院", "機関区分": 3, "都道府県コード": 20, "市区町村コード": 217, "所在地": "長野県佐久市臼田１１９１－５", "緯度": 36.209478, "経度": 138.470176, "url": "https://www.iryou.teikyouseido.mhlw.go.jp/znk-web/juminkanja/S2430/initialize?prefCd=20&kikanCd=3205103000&kikanKbn=3", "url2": "https://www.kuroiwa-dental.info/", "内容": "医療法人　緑友会　佐久黒岩歯科医院【3:歯科】長野県佐久市臼田１１９１－５" }, "geometry": { "type": "Point", "coordinates": [ 138.470176, 36.209478 ] } },
{ "type": "Feature", "properties": { "ID": "2033205103260", "正式名称": "新海歯科医院", "機関区分": 3, "都道府県コード": 20, "市区町村コード": 309, "所在地": "長野県南佐久郡佐久穂町高野町２９４４－２３", "緯度": 36.163762, "経度": 138.487093, "url": "https://www.iryou.teikyouseido.mhlw.go.jp/znk-web/juminkanja/S2430/initialize?prefCd=20&kikanCd=3205103260&kikanKbn=3", "url2": null, "内容": "新海歯科医院【3:歯科】長野県南佐久郡佐久穂町高野町２９４４－２３" }, "geometry": { "type": "Point", "coordinates": [ 138.487093, 36.163762 ] } },
{ "type": "Feature", "properties": { "ID": "2033205103680", "正式名称": "医療法人秀紀会渡辺歯科医院", "機関区分": 3, "都道府県コード": 20, "市区町村コード": 303, "所在地": "長野県南佐久郡小海町小海４２４４－５", "緯度": 36.087909, "経度": 138.482568, "url": "https://www.iryou.teikyouseido.mhlw.go.jp/znk-web/juminkanja/S2430/initialize?prefCd=20&kikanCd=3205103680&kikanKbn=3", "url2": null, "内容": "医療法人秀紀会渡辺歯科医院【3:歯科】長野県南佐久郡小海町小海４２４４－５" }, "geometry": { "type": "Point", "coordinates": [ 138.482568, 36.087909 ] } },
{ "type": "Feature", "properties": { "ID": "2033205103840", "正式名称": "にいつ歯科医院", "機関区分": 3, "都道府県コード": 20, "市区町村コード": 303, "所在地": "長野県南佐久郡小海町小海４２５４－１", "緯度": 36.093298, "経度": 138.510177, "url": "https://www.iryou.teikyouseido.mhlw.go.jp/znk-web/juminkanja/S2430/initialize?prefCd=20&kikanCd=3205103840&kikanKbn=3", "url2": null, "内容": "にいつ歯科医院【3:歯科】長野県南佐久郡小海町小海４２５４－１" }, "geometry": { "type": "Point", "coordinates": [ 138.510177, 36.093298 ] } },
{ "type": "Feature", "properties": { "ID": "2033205104010", "正式名称": "小宮山歯科医院", "機関区分": 3, "都道府県コード": 20, "市区町村コード": 217, "所在地": "長野県佐久市中込１－２９－３", "緯度": 36.228393, "経度": 138.47848, "url": "https://www.iryou.teikyouseido.mhlw.go.jp/znk-web/juminkanja/S2430/initialize?prefCd=20&kikanCd=3205104010&kikanKbn=3", "url2": null, "内容": "小宮山歯科医院【3:歯科】長野県佐久市中込１－２９－３" }, "geometry": { "type": "Point", "coordinates": [ 138.47848, 36.228393 ] } },
{ "type": "Feature", "properties": { "ID": "2033205104430", "正式名称": "関口歯科医院", "機関区分": 3, "都道府県コード": 20, "市区町村コード": 217, "所在地": "長野県佐久市中込１−２５−２", "緯度": 36.229254, "経度": 138.478785, "url": "https://www.iryou.teikyouseido.mhlw.go.jp/znk-web/juminkanja/S2430/initialize?prefCd=20&kikanCd=3205104430&kikanKbn=3", "url2": null, "内容": "関口歯科医院【3:歯科】長野県佐久市中込１−２５−２" }, "geometry": { "type": "Point", "coordinates": [ 138.478785, 36.229254 ] } },
{ "type": "Feature", "properties": { "ID": "2033205104690", "正式名称": "八ヶ岳歯科", "機関区分": 3, "都道府県コード": 20, "市区町村コード": 305, "所在地": "長野県南佐久郡南牧村野辺山３０６ー２９", "緯度": 35.955202, "経度": 138.474269, "url": "https://www.iryou.teikyouseido.mhlw.go.jp/znk-web/juminkanja/S2430/initialize?prefCd=20&kikanCd=3205104690&kikanKbn=3", "url2": "http://www.denternet.jp/link.htm?prf=20&gun=20", "内容": "八ヶ岳歯科【3:歯科】長野県南佐久郡南牧村野辺山３０６ー２９" }, "geometry": { "type": "Point", "coordinates": [ 138.474269, 35.955202 ] } },
{ "type": "Feature", "properties": { "ID": "2033205104980", "正式名称": "甘利歯科医院", "機関区分": 3, "都道府県コード": 20, "市区町村コード": 217, "所在地": "長野県佐久市平塚", "緯度": 36.267527, "経度": 138.451508, "url": "https://www.iryou.teikyouseido.mhlw.go.jp/znk-web/juminkanja/S2430/initialize?prefCd=20&kikanCd=3205104980&kikanKbn=3", "url2": null, "内容": "甘利歯科医院【3:歯科】長野県佐久市平塚" }, "geometry": { "type": "Point", "coordinates": [ 138.451508, 36.267527 ] } },
{ "type": "Feature", "properties": { "ID": "2033205105020", "正式名称": "なかむら歯科", "機関区分": 3, "都道府県コード": 20, "市区町村コード": 217, "所在地": "長野県佐久市岩村田１９２９−１", "緯度": 36.271888, "経度": 138.475228, "url": "https://www.iryou.teikyouseido.mhlw.go.jp/znk-web/juminkanja/S2430/initialize?prefCd=20&kikanCd=3205105020&kikanKbn=3", "url2": null, "内容": "なかむら歯科【3:歯科】長野県佐久市岩村田１９２９−１" }, "geometry": { "type": "Point", "coordinates": [ 138.475228, 36.271888 ] } },
{ "type": "Feature", "properties": { "ID": "2033205105150", "正式名称": "高見澤歯科医院", "機関区分": 3, "都道府県コード": 20, "市区町村コード": 217, "所在地": "長野県佐久市下越２４４ー４", "緯度": 36.197063, "経度": 138.485286, "url": "https://www.iryou.teikyouseido.mhlw.go.jp/znk-web/juminkanja/S2430/initialize?prefCd=20&kikanCd=3205105150&kikanKbn=3", "url2": null, "内容": "高見澤歯科医院【3:歯科】長野県佐久市下越２４４ー４" }, "geometry": { "type": "Point", "coordinates": [ 138.485286, 36.197063 ] } },
{ "type": "Feature", "properties": { "ID": "2033205105280", "正式名称": "樫山歯科医院", "機関区分": 3, "都道府県コード": 20, "市区町村コード": 217, "所在地": "長野県佐久市長土呂４２３－６", "緯度": 36.28165, "経度": 138.467947, "url": "https://www.iryou.teikyouseido.mhlw.go.jp/znk-web/juminkanja/S2430/initialize?prefCd=20&kikanCd=3205105280&kikanKbn=3", "url2": "http://kashiyama-dc.kwes.co.jp/", "内容": "樫山歯科医院【3:歯科】長野県佐久市長土呂４２３－６" }, "geometry": { "type": "Point", "coordinates": [ 138.467947, 36.28165 ] } },
{ "type": "Feature", "properties": { "ID": "2033205105310", "正式名称": "八千穂青森歯科医院", "機関区分": 3, "都道府県コード": 20, "市区町村コード": 309, "所在地": "長野県南佐久郡佐久穂町穂積１３３５", "緯度": 36.133654, "経度": 138.477234, "url": "https://www.iryou.teikyouseido.mhlw.go.jp/znk-web/juminkanja/S2430/initialize?prefCd=20&kikanCd=3205105310&kikanKbn=3", "url2": "https://www.aomorishika.com", "内容": "八千穂青森歯科医院【3:歯科】長野県南佐久郡佐久穂町穂積１３３５" }, "geometry": { "type": "Point", "coordinates": [ 138.477234, 36.133654 ] } },
{ "type": "Feature", "properties": { "ID": "2033205105440", "正式名称": "塩谷歯科医院", "機関区分": 3, "都道府県コード": 20, "市区町村コード": 217, "所在地": "長野県佐久市田口４４７１－１", "緯度": 36.208757, "経度": 138.493646, "url": "https://www.iryou.teikyouseido.mhlw.go.jp/znk-web/juminkanja/S2430/initialize?prefCd=20&kikanCd=3205105440&kikanKbn=3", "url2": null, "内容": "塩谷歯科医院【3:歯科】長野県佐久市田口４４７１－１" }, "geometry": { "type": "Point", "coordinates": [ 138.493646, 36.208757 ] } },
{ "type": "Feature", "properties": { "ID": "2033205105570", "正式名称": "小須田歯科医院", "機関区分": 3, "都道府県コード": 20, "市区町村コード": 309, "所在地": "長野県南佐久郡佐久穂町高野町３２６－１", "緯度": 36.161262, "経度": 138.477788, "url": "https://www.iryou.teikyouseido.mhlw.go.jp/znk-web/juminkanja/S2430/initialize?prefCd=20&kikanCd=3205105570&kikanKbn=3", "url2": null, "内容": "小須田歯科医院【3:歯科】長野県南佐久郡佐久穂町高野町３２６－１" }, "geometry": { "type": "Point", "coordinates": [ 138.477788, 36.161262 ] } },
{ "type": "Feature", "properties": { "ID": "2033205105600", "正式名称": "医療法人伸成会　高見澤歯科医院", "機関区分": 3, "都道府県コード": 20, "市区町村コード": 217, "所在地": "長野県佐久市猿久保２３２－２０", "緯度": 36.257501, "経度": 138.485478, "url": "https://www.iryou.teikyouseido.mhlw.go.jp/znk-web/juminkanja/S2430/initialize?prefCd=20&kikanCd=3205105600&kikanKbn=3", "url2": null, "内容": "医療法人伸成会　高見澤歯科医院【3:歯科】長野県佐久市猿久保２３２－２０" }, "geometry": { "type": "Point", "coordinates": [ 138.485478, 36.257501 ] } },
{ "type": "Feature", "properties": { "ID": "2033205105860", "正式名称": "山口歯科医院西小諸診療所", "機関区分": 3, "都道府県コード": 20, "市区町村コード": 208, "所在地": "長野県小諸市滋野甲９１５－４", "緯度": 36.342905, "経度": 138.385539, "url": "https://www.iryou.teikyouseido.mhlw.go.jp/znk-web/juminkanja/S2430/initialize?prefCd=20&kikanCd=3205105860&kikanKbn=3", "url2": null, "内容": "山口歯科医院西小諸診療所【3:歯科】長野県小諸市滋野甲９１５－４" }, "geometry": { "type": "Point", "coordinates": [ 138.385539, 36.342905 ] } },
{ "type": "Feature", "properties": { "ID": "2033205105990", "正式名称": "おぎはら歯科医院", "機関区分": 3, "都道府県コード": 20, "市区町村コード": 217, "所在地": "長野県佐久市取出町１２６−５", "緯度": 36.218671, "経度": 138.466787, "url": "https://www.iryou.teikyouseido.mhlw.go.jp/znk-web/juminkanja/S2430/initialize?prefCd=20&kikanCd=3205105990&kikanKbn=3", "url2": "https://www.dental-iiha.com/d0017959.html", "内容": "おぎはら歯科医院【3:歯科】長野県佐久市取出町１２６−５" }, "geometry": { "type": "Point", "coordinates": [ 138.466787, 36.218671 ] } },
{ "type": "Feature", "properties": { "ID": "2033205106030", "正式名称": "ゆみ歯科医院", "機関区分": 3, "都道府県コード": 20, "市区町村コード": 208, "所在地": "長野県小諸市御影新田２１３１－１５", "緯度": 36.302106, "経度": 138.466089, "url": "https://www.iryou.teikyouseido.mhlw.go.jp/znk-web/juminkanja/S2430/initialize?prefCd=20&kikanCd=3205106030&kikanKbn=3", "url2": null, "内容": "ゆみ歯科医院【3:歯科】長野県小諸市御影新田２１３１－１５" }, "geometry": { "type": "Point", "coordinates": [ 138.466089, 36.302106 ] } },
{ "type": "Feature", "properties": { "ID": "2033205106320", "正式名称": "竹内歯科医院", "機関区分": 3, "都道府県コード": 20, "市区町村コード": 217, "所在地": "長野県佐久市岩村田５７４", "緯度": 36.272443, "経度": 138.479756, "url": "https://www.iryou.teikyouseido.mhlw.go.jp/znk-web/juminkanja/S2430/initialize?prefCd=20&kikanCd=3205106320&kikanKbn=3", "url2": "https://takeuchi4618.com", "内容": "竹内歯科医院【3:歯科】長野県佐久市岩村田５７４" }, "geometry": { "type": "Point", "coordinates": [ 138.479756, 36.272443 ] } },
{ "type": "Feature", "properties": { "ID": "2033205106450", "正式名称": "きつぎ矯正小児歯科", "機関区分": 3, "都道府県コード": 20, "市区町村コード": 217, "所在地": "長野県佐久市佐久平駅南", "緯度": 36.274165, "経度": 138.464451, "url": "https://www.iryou.teikyouseido.mhlw.go.jp/znk-web/juminkanja/S2430/initialize?prefCd=20&kikanCd=3205106450&kikanKbn=3", "url2": null, "内容": "きつぎ矯正小児歯科【3:歯科】長野県佐久市佐久平駅南" }, "geometry": { "type": "Point", "coordinates": [ 138.464451, 36.274165 ] } },
{ "type": "Feature", "properties": { "ID": "2033205106610", "正式名称": "木次大介歯科医院", "機関区分": 3, "都道府県コード": 20, "市区町村コード": 217, "所在地": "長野県佐久市中込１８２６ー３", "緯度": 36.238531, "経度": 138.474507, "url": "https://www.iryou.teikyouseido.mhlw.go.jp/znk-web/juminkanja/S2430/initialize?prefCd=20&kikanCd=3205106610&kikanKbn=3", "url2": "https://www.kitsugi-dental.com/", "内容": "木次大介歯科医院【3:歯科】長野県佐久市中込１８２６ー３" }, "geometry": { "type": "Point", "coordinates": [ 138.474507, 36.238531 ] } },
{ "type": "Feature", "properties": { "ID": "2033205106870", "正式名称": "ぱーる歯科", "機関区分": 3, "都道府県コード": 20, "市区町村コード": 217, "所在地": "長野県佐久市岩村田５０３３－１９", "緯度": 36.274193, "経度": 138.474645, "url": "https://www.iryou.teikyouseido.mhlw.go.jp/znk-web/juminkanja/S2430/initialize?prefCd=20&kikanCd=3205106870&kikanKbn=3", "url2": null, "内容": "ぱーる歯科【3:歯科】長野県佐久市岩村田５０３３－１９" }, "geometry": { "type": "Point", "coordinates": [ 138.474645, 36.274193 ] } },
{ "type": "Feature", "properties": { "ID": "2033205106900", "正式名称": "かるいざわ歯科クリニック", "機関区分": 3, "都道府県コード": 20, "市区町村コード": 321, "所在地": "長野県北佐久郡軽井沢町長倉", "緯度": 36.329857, "経度": 138.630685, "url": "https://www.iryou.teikyouseido.mhlw.go.jp/znk-web/juminkanja/S2430/initialize?prefCd=20&kikanCd=3205106900&kikanKbn=3", "url2": "http://www.karuizawadentalclinic.com", "内容": "かるいざわ歯科クリニック【3:歯科】長野県北佐久郡軽井沢町長倉" }, "geometry": { "type": "Point", "coordinates": [ 138.630685, 36.329857 ] } },
{ "type": "Feature", "properties": { "ID": "2033205107170", "正式名称": "依田歯科医院", "機関区分": 3, "都道府県コード": 20, "市区町村コード": 217, "所在地": "長野県佐久市平賀　１１０６－１", "緯度": 36.227282, "経度": 138.492256, "url": "https://www.iryou.teikyouseido.mhlw.go.jp/znk-web/juminkanja/S2430/initialize?prefCd=20&kikanCd=3205107170&kikanKbn=3", "url2": null, "内容": "依田歯科医院【3:歯科】長野県佐久市平賀　１１０６－１" }, "geometry": { "type": "Point", "coordinates": [ 138.492256, 36.227282 ] } },
{ "type": "Feature", "properties": { "ID": "2033205107330", "正式名称": "中山歯科クリニック", "機関区分": 3, "都道府県コード": 20, "市区町村コード": 323, "所在地": "長野県北佐久郡御代田町馬瀬口", "緯度": 36.324105, "経度": 138.509057, "url": "https://www.iryou.teikyouseido.mhlw.go.jp/znk-web/juminkanja/S2430/initialize?prefCd=20&kikanCd=3205107330&kikanKbn=3", "url2": null, "内容": "中山歯科クリニック【3:歯科】長野県北佐久郡御代田町馬瀬口" }, "geometry": { "type": "Point", "coordinates": [ 138.509057, 36.324105 ] } },
{ "type": "Feature", "properties": { "ID": "2033205107460", "正式名称": "鈴木歯科医院", "機関区分": 3, "都道府県コード": 20, "市区町村コード": 304, "所在地": "長野県南佐久郡川上村原２８９－１", "緯度": 35.969174, "経度": 138.546706, "url": "https://www.iryou.teikyouseido.mhlw.go.jp/znk-web/juminkanja/S2430/initialize?prefCd=20&kikanCd=3205107460&kikanKbn=3", "url2": null, "内容": "鈴木歯科医院【3:歯科】長野県南佐久郡川上村原２８９－１" }, "geometry": { "type": "Point", "coordinates": [ 138.546706, 35.969174 ] } },
{ "type": "Feature", "properties": { "ID": "2033205107590", "正式名称": "のむら歯科医院", "機関区分": 3, "都道府県コード": 20, "市区町村コード": 217, "所在地": "長野県佐久市三塚", "緯度": 36.227392, "経度": 138.454954, "url": "https://www.iryou.teikyouseido.mhlw.go.jp/znk-web/juminkanja/S2430/initialize?prefCd=20&kikanCd=3205107590&kikanKbn=3", "url2": null, "内容": "のむら歯科医院【3:歯科】長野県佐久市三塚" }, "geometry": { "type": "Point", "coordinates": [ 138.454954, 36.227392 ] } },
{ "type": "Feature", "properties": { "ID": "2033205107620", "正式名称": "木本歯科", "機関区分": 3, "都道府県コード": 20, "市区町村コード": 217, "所在地": "長野県佐久市臼田１４０−３", "緯度": 36.196258, "経度": 138.481314, "url": "https://www.iryou.teikyouseido.mhlw.go.jp/znk-web/juminkanja/S2430/initialize?prefCd=20&kikanCd=3205107620&kikanKbn=3", "url2": null, "内容": "木本歯科【3:歯科】長野県佐久市臼田１４０−３" }, "geometry": { "type": "Point", "coordinates": [ 138.481314, 36.196258 ] } },
{ "type": "Feature", "properties": { "ID": "2033205107750", "正式名称": "軽井沢中央歯科医院", "機関区分": 3, "都道府県コード": 20, "市区町村コード": 321, "所在地": "長野県北佐久郡軽井沢町長倉２６９９－６", "緯度": 36.33855, "経度": 138.59166, "url": "https://www.iryou.teikyouseido.mhlw.go.jp/znk-web/juminkanja/S2430/initialize?prefCd=20&kikanCd=3205107750&kikanKbn=3", "url2": null, "内容": "軽井沢中央歯科医院【3:歯科】長野県北佐久郡軽井沢町長倉２６９９－６" }, "geometry": { "type": "Point", "coordinates": [ 138.59166, 36.33855 ] } },
{ "type": "Feature", "properties": { "ID": "2033205107880", "正式名称": "たじま歯科医院", "機関区分": 3, "都道府県コード": 20, "市区町村コード": 217, "所在地": "長野県佐久市岩村田１７７３－２", "緯度": 36.266444, "経度": 138.463841, "url": "https://www.iryou.teikyouseido.mhlw.go.jp/znk-web/juminkanja/S2430/initialize?prefCd=20&kikanCd=3205107880&kikanKbn=3", "url2": null, "内容": "たじま歯科医院【3:歯科】長野県佐久市岩村田１７７３－２" }, "geometry": { "type": "Point", "coordinates": [ 138.463841, 36.266444 ] } },
{ "type": "Feature", "properties": { "ID": "2033205107910", "正式名称": "浅間口歯科クリニック", "機関区分": 3, "都道府県コード": 20, "市区町村コード": 217, "所在地": "長野県佐久市佐久平駅北２０－５", "緯度": 36.278958, "経度": 138.460758, "url": "https://www.iryou.teikyouseido.mhlw.go.jp/znk-web/juminkanja/S2430/initialize?prefCd=20&kikanCd=3205107910&kikanKbn=3", "url2": null, "内容": "浅間口歯科クリニック【3:歯科】長野県佐久市佐久平駅北２０－５" }, "geometry": { "type": "Point", "coordinates": [ 138.460758, 36.278958 ] } },
{ "type": "Feature", "properties": { "ID": "2033205108050", "正式名称": "デンタルクリニック夏帆", "機関区分": 3, "都道府県コード": 20, "市区町村コード": 217, "所在地": "長野県佐久市岩村田３１６２−１３", "緯度": 36.270527, "経度": 138.480589, "url": "https://www.iryou.teikyouseido.mhlw.go.jp/znk-web/juminkanja/S2430/initialize?prefCd=20&kikanCd=3205108050&kikanKbn=3", "url2": "https://dc-kaho.com/", "内容": "デンタルクリニック夏帆【3:歯科】長野県佐久市岩村田３１６２−１３" }, "geometry": { "type": "Point", "coordinates": [ 138.480589, 36.270527 ] } },
{ "type": "Feature", "properties": { "ID": "2033205108210", "正式名称": "医療法人土屋歯科クリニック", "機関区分": 3, "都道府県コード": 20, "市区町村コード": 217, "所在地": "長野県佐久市布施８０８－１", "緯度": 36.257359, "経度": 138.37446, "url": "https://www.iryou.teikyouseido.mhlw.go.jp/znk-web/juminkanja/S2430/initialize?prefCd=20&kikanCd=3205108210&kikanKbn=3", "url2": "http://tuchiya-dc.com/", "内容": "医療法人土屋歯科クリニック【3:歯科】長野県佐久市布施８０８－１" }, "geometry": { "type": "Point", "coordinates": [ 138.37446, 36.257359 ] } },
{ "type": "Feature", "properties": { "ID": "2033205108340", "正式名称": "いわま歯科クリニック", "機関区分": 3, "都道府県コード": 20, "市区町村コード": 217, "所在地": "長野県佐久市岩村田３５４−３", "緯度": 36.280253, "経度": 138.479344, "url": "https://www.iryou.teikyouseido.mhlw.go.jp/znk-web/juminkanja/S2430/initialize?prefCd=20&kikanCd=3205108340&kikanKbn=3", "url2": "http://iwama-dental.com/", "内容": "いわま歯科クリニック【3:歯科】長野県佐久市岩村田３５４−３" }, "geometry": { "type": "Point", "coordinates": [ 138.479344, 36.280253 ] } },
{ "type": "Feature", "properties": { "ID": "2033205108470", "正式名称": "医療法人社団　英誠会　コスモ歯科矯正クリニック", "機関区分": 3, "都道府県コード": 20, "市区町村コード": 217, "所在地": "長野県佐久市臼田６２２－１８", "緯度": 36.201951, "経度": 138.47812, "url": "https://www.iryou.teikyouseido.mhlw.go.jp/znk-web/juminkanja/S2430/initialize?prefCd=20&kikanCd=3205108470&kikanKbn=3", "url2": null, "内容": "医療法人社団　英誠会　コスモ歯科矯正クリニック【3:歯科】長野県佐久市臼田６２２－１８" }, "geometry": { "type": "Point", "coordinates": [ 138.47812, 36.201951 ] } },
{ "type": "Feature", "properties": { "ID": "2033205108500", "正式名称": "山口歯科医院", "機関区分": 3, "都道府県コード": 20, "市区町村コード": 208, "所在地": "長野県小諸市赤坂１−６−２８", "緯度": 36.32588, "経度": 138.424342, "url": "https://www.iryou.teikyouseido.mhlw.go.jp/znk-web/juminkanja/S2430/initialize?prefCd=20&kikanCd=3205108500&kikanKbn=3", "url2": null, "内容": "山口歯科医院【3:歯科】長野県小諸市赤坂１−６−２８" }, "geometry": { "type": "Point", "coordinates": [ 138.424342, 36.32588 ] } },
{ "type": "Feature", "properties": { "ID": "2033205108630", "正式名称": "もみの木歯科クリニック", "機関区分": 3, "都道府県コード": 20, "市区町村コード": 324, "所在地": "長野県北佐久郡立科町芦田２９８０－１", "緯度": 36.272272, "経度": 138.310743, "url": "https://www.iryou.teikyouseido.mhlw.go.jp/znk-web/juminkanja/S2430/initialize?prefCd=20&kikanCd=3205108630&kikanKbn=3", "url2": null, "内容": "もみの木歯科クリニック【3:歯科】長野県北佐久郡立科町芦田２９８０－１" }, "geometry": { "type": "Point", "coordinates": [ 138.310743, 36.272272 ] } },
{ "type": "Feature", "properties": { "ID": "2033205108920", "正式名称": "きくち歯科医院", "機関区分": 3, "都道府県コード": 20, "市区町村コード": 217, "所在地": "長野県佐久市臼田２２９１－２", "緯度": 36.202951, "経度": 138.476953, "url": "https://www.iryou.teikyouseido.mhlw.go.jp/znk-web/juminkanja/S2430/initialize?prefCd=20&kikanCd=3205108920&kikanKbn=3", "url2": null, "内容": "きくち歯科医院【3:歯科】長野県佐久市臼田２２９１－２" }, "geometry": { "type": "Point", "coordinates": [ 138.476953, 36.202951 ] } },
{ "type": "Feature", "properties": { "ID": "2033205109060", "正式名称": "医療法人社団一英会佐久平センター歯科", "機関区分": 3, "都道府県コード": 20, "市区町村コード": 217, "所在地": "長野県佐久市岩村田１３４９－２５", "緯度": 36.273082, "経度": 138.483089, "url": "https://www.iryou.teikyouseido.mhlw.go.jp/znk-web/juminkanja/S2430/initialize?prefCd=20&kikanCd=3205109060&kikanKbn=3", "url2": "https://sakudairacentersika.com/", "内容": "医療法人社団一英会佐久平センター歯科【3:歯科】長野県佐久市岩村田１３４９－２５" }, "geometry": { "type": "Point", "coordinates": [ 138.483089, 36.273082 ] } },
{ "type": "Feature", "properties": { "ID": "2033205109190", "正式名称": "佐久平デンタルクリニック", "機関区分": 3, "都道府県コード": 20, "市区町村コード": 217, "所在地": "長野県佐久市佐久平駅南", "緯度": 36.275554, "経度": 138.464035, "url": "https://www.iryou.teikyouseido.mhlw.go.jp/znk-web/juminkanja/S2430/initialize?prefCd=20&kikanCd=3205109190&kikanKbn=3", "url2": "www.sakudaira-dental.com/", "内容": "佐久平デンタルクリニック【3:歯科】長野県佐久市佐久平駅南" }, "geometry": { "type": "Point", "coordinates": [ 138.464035, 36.275554 ] } },
{ "type": "Feature", "properties": { "ID": "2033205109220", "正式名称": "土屋歯科医院", "機関区分": 3, "都道府県コード": 20, "市区町村コード": 321, "所在地": "長野県北佐久郡軽井沢町長倉２９９４－１", "緯度": 36.347382, "経度": 138.58941, "url": "https://www.iryou.teikyouseido.mhlw.go.jp/znk-web/juminkanja/S2430/initialize?prefCd=20&kikanCd=3205109220&kikanKbn=3", "url2": null, "内容": "土屋歯科医院【3:歯科】長野県北佐久郡軽井沢町長倉２９９４－１" }, "geometry": { "type": "Point", "coordinates": [ 138.58941, 36.347382 ] } },
{ "type": "Feature", "properties": { "ID": "2033205109480", "正式名称": "佐久歯科医師会休日救急歯科診療所", "機関区分": 3, "都道府県コード": 20, "市区町村コード": 217, "所在地": "長野県佐久市中込１―１９―２", "緯度": 36.229893, "経度": 138.477202, "url": "https://www.iryou.teikyouseido.mhlw.go.jp/znk-web/juminkanja/S2430/initialize?prefCd=20&kikanCd=3205109480&kikanKbn=3", "url2": null, "内容": "佐久歯科医師会休日救急歯科診療所【3:歯科】長野県佐久市中込１―１９―２" }, "geometry": { "type": "Point", "coordinates": [ 138.477202, 36.229893 ] } },
{ "type": "Feature", "properties": { "ID": "2033205109510", "正式名称": "おぎむら歯科・矯正歯科医院", "機関区分": 3, "都道府県コード": 20, "市区町村コード": 217, "所在地": "長野県佐久市佐久平駅東１３－６", "緯度": 36.277248, "経度": 138.468895, "url": "https://www.iryou.teikyouseido.mhlw.go.jp/znk-web/juminkanja/S2430/initialize?prefCd=20&kikanCd=3205109510&kikanKbn=3", "url2": "https://www.ogimura-dc.com/", "内容": "おぎむら歯科・矯正歯科医院【3:歯科】長野県佐久市佐久平駅東１３－６" }, "geometry": { "type": "Point", "coordinates": [ 138.468895, 36.277248 ] } },
{ "type": "Feature", "properties": { "ID": "2033205109640", "正式名称": "つちや歯科クリニック", "機関区分": 3, "都道府県コード": 20, "市区町村コード": 217, "所在地": "長野県佐久市中小田切", "緯度": 36.180204, "経度": 138.467066, "url": "https://www.iryou.teikyouseido.mhlw.go.jp/znk-web/juminkanja/S2430/initialize?prefCd=20&kikanCd=3205109640&kikanKbn=3", "url2": null, "内容": "つちや歯科クリニック【3:歯科】長野県佐久市中小田切" }, "geometry": { "type": "Point", "coordinates": [ 138.467066, 36.180204 ] } },
{ "type": "Feature", "properties": { "ID": "2033205109800", "正式名称": "大塚歯科クリニック", "機関区分": 3, "都道府県コード": 20, "市区町村コード": 217, "所在地": "長野県佐久市原５５−４３", "緯度": 36.223588, "経度": 138.472203, "url": "https://www.iryou.teikyouseido.mhlw.go.jp/znk-web/juminkanja/S2430/initialize?prefCd=20&kikanCd=3205109800&kikanKbn=3", "url2": "https://www.otsuka-dental.jp/", "内容": "大塚歯科クリニック【3:歯科】長野県佐久市原５５−４３" }, "geometry": { "type": "Point", "coordinates": [ 138.472203, 36.223588 ] } },
{ "type": "Feature", "properties": { "ID": "2033205110040", "正式名称": "医療法人社団かえで会あべ歯科医院", "機関区分": 3, "都道府県コード": 20, "市区町村コード": 217, "所在地": "長野県佐久市岩村田６３６−６", "緯度": 36.271388, "経度": 138.478061, "url": "https://www.iryou.teikyouseido.mhlw.go.jp/znk-web/juminkanja/S2430/initialize?prefCd=20&kikanCd=3205110040&kikanKbn=3", "url2": null, "内容": "医療法人社団かえで会あべ歯科医院【3:歯科】長野県佐久市岩村田６３６−６" }, "geometry": { "type": "Point", "coordinates": [ 138.478061, 36.271388 ] } },
{ "type": "Feature", "properties": { "ID": "2033205110170", "正式名称": "松井歯科医院", "機関区分": 3, "都道府県コード": 20, "市区町村コード": 217, "所在地": "長野県佐久市望月１８６", "緯度": 36.265183, "経度": 138.363331, "url": "https://www.iryou.teikyouseido.mhlw.go.jp/znk-web/juminkanja/S2430/initialize?prefCd=20&kikanCd=3205110170&kikanKbn=3", "url2": "https://www.matsui-dental-clinic.jp/", "内容": "松井歯科医院【3:歯科】長野県佐久市望月１８６" }, "geometry": { "type": "Point", "coordinates": [ 138.363331, 36.265183 ] } },
{ "type": "Feature", "properties": { "ID": "2033205110330", "正式名称": "藤野歯科医院", "機関区分": 3, "都道府県コード": 20, "市区町村コード": 217, "所在地": "長野県佐久市岩村田１８２２－１", "緯度": 36.266808, "経度": 138.469864, "url": "https://www.iryou.teikyouseido.mhlw.go.jp/znk-web/juminkanja/S2430/initialize?prefCd=20&kikanCd=3205110330&kikanKbn=3", "url2": null, "内容": "藤野歯科医院【3:歯科】長野県佐久市岩村田１８２２－１" }, "geometry": { "type": "Point", "coordinates": [ 138.469864, 36.266808 ] } },
{ "type": "Feature", "properties": { "ID": "2033205110620", "正式名称": "しずくだ歯科クリニック", "機関区分": 3, "都道府県コード": 20, "市区町村コード": 217, "所在地": "長野県佐久市長土呂９００－２０", "緯度": 36.291691, "経度": 138.46995, "url": "https://www.iryou.teikyouseido.mhlw.go.jp/znk-web/juminkanja/S2430/initialize?prefCd=20&kikanCd=3205110620&kikanKbn=3", "url2": "https://www.shizukuda-dental.com", "内容": "しずくだ歯科クリニック【3:歯科】長野県佐久市長土呂９００－２０" }, "geometry": { "type": "Point", "coordinates": [ 138.46995, 36.291691 ] } },
{ "type": "Feature", "properties": { "ID": "2033205110750", "正式名称": "ももい歯科クリニック", "機関区分": 3, "都道府県コード": 20, "市区町村コード": 217, "所在地": "長野県佐久市安原", "緯度": 36.26374, "経度": 138.50586, "url": "https://www.iryou.teikyouseido.mhlw.go.jp/znk-web/juminkanja/S2430/initialize?prefCd=20&kikanCd=3205110750&kikanKbn=3", "url2": "http://www.momoi-dc.com/", "内容": "ももい歯科クリニック【3:歯科】長野県佐久市安原" }, "geometry": { "type": "Point", "coordinates": [ 138.50586, 36.26374 ] } },
{ "type": "Feature", "properties": { "ID": "2033205110910", "正式名称": "みらい歯科クリニック", "機関区分": 3, "都道府県コード": 20, "市区町村コード": 217, "所在地": "長野県佐久市長土呂１２３６－６", "緯度": 36.282389, "経度": 138.461075, "url": "https://www.iryou.teikyouseido.mhlw.go.jp/znk-web/juminkanja/S2430/initialize?prefCd=20&kikanCd=3205110910&kikanKbn=3", "url2": "https://sakumirai-shika.com", "内容": "みらい歯科クリニック【3:歯科】長野県佐久市長土呂１２３６－６" }, "geometry": { "type": "Point", "coordinates": [ 138.461075, 36.282389 ] } },
{ "type": "Feature", "properties": { "ID": "2033205111050", "正式名称": "きくち歯科クリニック", "機関区分": 3, "都道府県コード": 20, "市区町村コード": 217, "所在地": "長野県佐久市中込３６３９－５２", "緯度": 36.251636, "経度": 138.468581, "url": "https://www.iryou.teikyouseido.mhlw.go.jp/znk-web/juminkanja/S2430/initialize?prefCd=20&kikanCd=3205111050&kikanKbn=3", "url2": null, "内容": "きくち歯科クリニック【3:歯科】長野県佐久市中込３６３９－５２" }, "geometry": { "type": "Point", "coordinates": [ 138.468581, 36.251636 ] } },
{ "type": "Feature", "properties": { "ID": "2033205111180", "正式名称": "よこみぞ歯科クリニック", "機関区分": 3, "都道府県コード": 20, "市区町村コード": 323, "所在地": "長野県北佐久郡御代田町御代田３９１１－７", "緯度": 36.316139, "経度": 138.514364, "url": "https://www.iryou.teikyouseido.mhlw.go.jp/znk-web/juminkanja/S2430/initialize?prefCd=20&kikanCd=3205111180&kikanKbn=3", "url2": null, "内容": "よこみぞ歯科クリニック【3:歯科】長野県北佐久郡御代田町御代田３９１１－７" }, "geometry": { "type": "Point", "coordinates": [ 138.514364, 36.316139 ] } },
{ "type": "Feature", "properties": { "ID": "2033205111210", "正式名称": "りんどう歯科", "機関区分": 3, "都道府県コード": 20, "市区町村コード": 217, "所在地": "長野県佐久市岩村田３６３４－６", "緯度": 36.283898, "経度": 138.483684, "url": "https://www.iryou.teikyouseido.mhlw.go.jp/znk-web/juminkanja/S2430/initialize?prefCd=20&kikanCd=3205111210&kikanKbn=3", "url2": "https://rindou-dental.com/", "内容": "りんどう歯科【3:歯科】長野県佐久市岩村田３６３４－６" }, "geometry": { "type": "Point", "coordinates": [ 138.483684, 36.283898 ] } },
{ "type": "Feature", "properties": { "ID": "2033205111340", "正式名称": "雪入歯科", "機関区分": 3, "都道府県コード": 20, "市区町村コード": 217, "所在地": "長野県佐久市岩村田５５０２番２１の２　フォレストモール佐久平Ｃ２", "緯度": 36.271894, "経度": 138.461025, "url": "https://www.iryou.teikyouseido.mhlw.go.jp/znk-web/juminkanja/S2430/initialize?prefCd=20&kikanCd=3205111340&kikanKbn=3", "url2": "yukiiri-shika.com", "内容": "雪入歯科【3:歯科】長野県佐久市岩村田５５０２番２１の２　フォレストモール佐久平Ｃ２" }, "geometry": { "type": "Point", "coordinates": [ 138.461025, 36.271894 ] } },
{ "type": "Feature", "properties": { "ID": "2033205111470", "正式名称": "ＴＡＫＡＭＩＺＡＷＡ　Ｄｅｎｔａｌ　Ｏｆｆｉｃｅ", "機関区分": 3, "都道府県コード": 20, "市区町村コード": 217, "所在地": "長野県佐久市岩村田字松ノ木５５０７番地", "緯度": 36.270954, "経度": 138.4782, "url": "https://www.iryou.teikyouseido.mhlw.go.jp/znk-web/juminkanja/S2430/initialize?prefCd=20&kikanCd=3205111470&kikanKbn=3", "url2": null, "内容": "ＴＡＫＡＭＩＺＡＷＡ　Ｄｅｎｔａｌ　Ｏｆｆｉｃｅ【3:歯科】長野県佐久市岩村田字松ノ木５５０７番地" }, "geometry": { "type": "Point", "coordinates": [ 138.4782, 36.270954 ] } },
{ "type": "Feature", "properties": { "ID": "2033205201010", "正式名称": "堀篭歯科医院", "機関区分": 3, "都道府県コード": 20, "市区町村コード": 208, "所在地": "長野県小諸市御幸町", "緯度": 36.31827, "経度": 138.434702, "url": "https://www.iryou.teikyouseido.mhlw.go.jp/znk-web/juminkanja/S2430/initialize?prefCd=20&kikanCd=3205201010&kikanKbn=3", "url2": "http://www.horigome-shika.com", "内容": "堀篭歯科医院【3:歯科】長野県小諸市御幸町" }, "geometry": { "type": "Point", "coordinates": [ 138.434702, 36.31827 ] } },
{ "type": "Feature", "properties": { "ID": "2033205201560", "正式名称": "植木歯科医院", "機関区分": 3, "都道府県コード": 20, "市区町村コード": 321, "所在地": "長野県北佐久郡軽井沢町中軽井沢１４－３", "緯度": 36.349792, "経度": 138.594022, "url": "https://www.iryou.teikyouseido.mhlw.go.jp/znk-web/juminkanja/S2430/initialize?prefCd=20&kikanCd=3205201560&kikanKbn=3", "url2": null, "内容": "植木歯科医院【3:歯科】長野県北佐久郡軽井沢町中軽井沢１４－３" }, "geometry": { "type": "Point", "coordinates": [ 138.594022, 36.349792 ] } },
{ "type": "Feature", "properties": { "ID": "2033205202150", "正式名称": "田中歯科医院", "機関区分": 3, "都道府県コード": 20, "市区町村コード": 217, "所在地": "長野県佐久市望月３５６－１", "緯度": 36.266358, "経度": 138.359655, "url": "https://www.iryou.teikyouseido.mhlw.go.jp/znk-web/juminkanja/S2430/initialize?prefCd=20&kikanCd=3205202150&kikanKbn=3", "url2": null, "内容": "田中歯科医院【3:歯科】長野県佐久市望月３５６－１" }, "geometry": { "type": "Point", "coordinates": [ 138.359655, 36.266358 ] } },
{ "type": "Feature", "properties": { "ID": "2033205202280", "正式名称": "武重歯科医院", "機関区分": 3, "都道府県コード": 20, "市区町村コード": 217, "所在地": "長野県佐久市望月９００－１", "緯度": 36.272107, "経度": 138.347239, "url": "https://www.iryou.teikyouseido.mhlw.go.jp/znk-web/juminkanja/S2430/initialize?prefCd=20&kikanCd=3205202280&kikanKbn=3", "url2": null, "内容": "武重歯科医院【3:歯科】長野県佐久市望月９００－１" }, "geometry": { "type": "Point", "coordinates": [ 138.347239, 36.272107 ] } },
{ "type": "Feature", "properties": { "ID": "2033205202570", "正式名称": "ながい歯科医院", "機関区分": 3, "都道府県コード": 20, "市区町村コード": 324, "所在地": "長野県北佐久郡立科町芦田２００６", "緯度": 36.271482, "経度": 138.316172, "url": "https://www.iryou.teikyouseido.mhlw.go.jp/znk-web/juminkanja/S2430/initialize?prefCd=20&kikanCd=3205202570&kikanKbn=3", "url2": null, "内容": "ながい歯科医院【3:歯科】長野県北佐久郡立科町芦田２００６" }, "geometry": { "type": "Point", "coordinates": [ 138.316172, 36.271482 ] } },
{ "type": "Feature", "properties": { "ID": "2033205202600", "正式名称": "山浦歯科医院", "機関区分": 3, "都道府県コード": 20, "市区町村コード": 324, "所在地": "長野県北佐久郡立科町芦田", "緯度": 36.272772, "経度": 138.316409, "url": "https://www.iryou.teikyouseido.mhlw.go.jp/znk-web/juminkanja/S2430/initialize?prefCd=20&kikanCd=3205202600&kikanKbn=3", "url2": "http://www.office-ydc.com", "内容": "山浦歯科医院【3:歯科】長野県北佐久郡立科町芦田" }, "geometry": { "type": "Point", "coordinates": [ 138.316409, 36.272772 ] } },
{ "type": "Feature", "properties": { "ID": "2033205202990", "正式名称": "林歯科医院", "機関区分": 3, "都道府県コード": 20, "市区町村コード": 208, "所在地": "長野県小諸市相生町", "緯度": 36.328158, "経度": 138.426147, "url": "https://www.iryou.teikyouseido.mhlw.go.jp/znk-web/juminkanja/S2430/initialize?prefCd=20&kikanCd=3205202990&kikanKbn=3", "url2": null, "内容": "林歯科医院【3:歯科】長野県小諸市相生町" }, "geometry": { "type": "Point", "coordinates": [ 138.426147, 36.328158 ] } },
{ "type": "Feature", "properties": { "ID": "2033205203450", "正式名称": "小池歯科医院", "機関区分": 3, "都道府県コード": 20, "市区町村コード": 208, "所在地": "長野県小諸市紺屋町１－１－１１", "緯度": 36.32713, "経度": 138.42898, "url": "https://www.iryou.teikyouseido.mhlw.go.jp/znk-web/juminkanja/S2430/initialize?prefCd=20&kikanCd=3205203450&kikanKbn=3", "url2": "http://koikedental.jp/", "内容": "小池歯科医院【3:歯科】長野県小諸市紺屋町１－１－１１" }, "geometry": { "type": "Point", "coordinates": [ 138.42898, 36.32713 ] } },
{ "type": "Feature", "properties": { "ID": "2033205203740", "正式名称": "医療法人聖清会林歯科診療所", "機関区分": 3, "都道府県コード": 20, "市区町村コード": 323, "所在地": "長野県北佐久郡御代田町御代田２４２２－７９", "緯度": 36.319606, "経度": 138.513084, "url": "https://www.iryou.teikyouseido.mhlw.go.jp/znk-web/juminkanja/S2430/initialize?prefCd=20&kikanCd=3205203740&kikanKbn=3", "url2": null, "内容": "医療法人聖清会林歯科診療所【3:歯科】長野県北佐久郡御代田町御代田２４２２－７９" }, "geometry": { "type": "Point", "coordinates": [ 138.513084, 36.319606 ] } },
{ "type": "Feature", "properties": { "ID": "2033205204040", "正式名称": "松永歯科医院", "機関区分": 3, "都道府県コード": 20, "市区町村コード": 208, "所在地": "長野県小諸市八幡町２－２－１０", "緯度": 36.326186, "経度": 138.43323, "url": "https://www.iryou.teikyouseido.mhlw.go.jp/znk-web/juminkanja/S2430/initialize?prefCd=20&kikanCd=3205204040&kikanKbn=3", "url2": null, "内容": "松永歯科医院【3:歯科】長野県小諸市八幡町２－２－１０" }, "geometry": { "type": "Point", "coordinates": [ 138.43323, 36.326186 ] } },
{ "type": "Feature", "properties": { "ID": "2033205204460", "正式名称": "宮澤歯科医院", "機関区分": 3, "都道府県コード": 20, "市区町村コード": 217, "所在地": "長野県佐久市協和２５４１－２", "緯度": 36.260081, "経度": 138.357572, "url": "https://www.iryou.teikyouseido.mhlw.go.jp/znk-web/juminkanja/S2430/initialize?prefCd=20&kikanCd=3205204460&kikanKbn=3", "url2": null, "内容": "宮澤歯科医院【3:歯科】長野県佐久市協和２５４１－２" }, "geometry": { "type": "Point", "coordinates": [ 138.357572, 36.260081 ] } },
{ "type": "Feature", "properties": { "ID": "2033205204620", "正式名称": "てらお歯科医院", "機関区分": 3, "都道府県コード": 20, "市区町村コード": 321, "所在地": "長野県北佐久郡軽井沢町軽井沢１１７８－５４２", "緯度": 36.346772, "経度": 138.638711, "url": "https://www.iryou.teikyouseido.mhlw.go.jp/znk-web/juminkanja/S2430/initialize?prefCd=20&kikanCd=3205204620&kikanKbn=3", "url2": null, "内容": "てらお歯科医院【3:歯科】長野県北佐久郡軽井沢町軽井沢１１７８－５４２" }, "geometry": { "type": "Point", "coordinates": [ 138.638711, 36.346772 ] } },
{ "type": "Feature", "properties": { "ID": "2033205204750", "正式名称": "木村歯科", "機関区分": 3, "都道府県コード": 20, "市区町村コード": 208, "所在地": "長野県小諸市市町５−２−２７", "緯度": 36.335324, "経度": 138.418897, "url": "https://www.iryou.teikyouseido.mhlw.go.jp/znk-web/juminkanja/S2430/initialize?prefCd=20&kikanCd=3205204750&kikanKbn=3", "url2": "http://www.kimura-shika.info", "内容": "木村歯科【3:歯科】長野県小諸市市町５−２−２７" }, "geometry": { "type": "Point", "coordinates": [ 138.418897, 36.335324 ] } },
{ "type": "Feature", "properties": { "ID": "2033205204880", "正式名称": "浅川歯科医院", "機関区分": 3, "都道府県コード": 20, "市区町村コード": 208, "所在地": "長野県小諸市耳取１０１３－７", "緯度": 36.290829, "経度": 138.441703, "url": "https://www.iryou.teikyouseido.mhlw.go.jp/znk-web/juminkanja/S2430/initialize?prefCd=20&kikanCd=3205204880&kikanKbn=3", "url2": null, "内容": "浅川歯科医院【3:歯科】長野県小諸市耳取１０１３－７" }, "geometry": { "type": "Point", "coordinates": [ 138.441703, 36.290829 ] } },
{ "type": "Feature", "properties": { "ID": "2033205205180", "正式名称": "関歯科クリニック", "機関区分": 3, "都道府県コード": 20, "市区町村コード": 208, "所在地": "長野県小諸市柏木５０１－１５", "緯度": 36.318687, "経度": 138.453451, "url": "https://www.iryou.teikyouseido.mhlw.go.jp/znk-web/juminkanja/S2430/initialize?prefCd=20&kikanCd=3205205180&kikanKbn=3", "url2": null, "内容": "関歯科クリニック【3:歯科】長野県小諸市柏木５０１－１５" }, "geometry": { "type": "Point", "coordinates": [ 138.453451, 36.318687 ] } },
{ "type": "Feature", "properties": { "ID": "2033205205210", "正式名称": "小林歯科医院", "機関区分": 3, "都道府県コード": 20, "市区町村コード": 208, "所在地": "長野県小諸市与良町", "緯度": 36.321603, "経度": 138.431036, "url": "https://www.iryou.teikyouseido.mhlw.go.jp/znk-web/juminkanja/S2430/initialize?prefCd=20&kikanCd=3205205210&kikanKbn=3", "url2": null, "内容": "小林歯科医院【3:歯科】長野県小諸市与良町" }, "geometry": { "type": "Point", "coordinates": [ 138.431036, 36.321603 ] } },
{ "type": "Feature", "properties": { "ID": "2033205205340", "正式名称": "岡田歯科医院", "機関区分": 3, "都道府県コード": 20, "市区町村コード": 208, "所在地": "長野県小諸市和田", "緯度": 36.295551, "経度": 138.46109, "url": "https://www.iryou.teikyouseido.mhlw.go.jp/znk-web/juminkanja/S2430/initialize?prefCd=20&kikanCd=3205205340&kikanKbn=3", "url2": null, "内容": "岡田歯科医院【3:歯科】長野県小諸市和田" }, "geometry": { "type": "Point", "coordinates": [ 138.46109, 36.295551 ] } },
{ "type": "Feature", "properties": { "ID": "2033205205630", "正式名称": "ノブデンタルオフィス軽井沢", "機関区分": 3, "都道府県コード": 20, "市区町村コード": 321, "所在地": "長野県北佐久郡軽井沢町長倉", "緯度": 36.348267, "経度": 138.58963, "url": "https://www.iryou.teikyouseido.mhlw.go.jp/znk-web/juminkanja/S2430/initialize?prefCd=20&kikanCd=3205205630&kikanKbn=3", "url2": null, "内容": "ノブデンタルオフィス軽井沢【3:歯科】長野県北佐久郡軽井沢町長倉" }, "geometry": { "type": "Point", "coordinates": [ 138.58963, 36.348267 ] } },
{ "type": "Feature", "properties": { "ID": "2033205205890", "正式名称": "軽井沢矯正歯科", "機関区分": 3, "都道府県コード": 20, "市区町村コード": 321, "所在地": "長野県北佐久郡軽井沢町軽井沢東１９－４５", "緯度": 36.346522, "経度": 138.6356, "url": "https://www.iryou.teikyouseido.mhlw.go.jp/znk-web/juminkanja/S2430/initialize?prefCd=20&kikanCd=3205205890&kikanKbn=3", "url2": null, "内容": "軽井沢矯正歯科【3:歯科】長野県北佐久郡軽井沢町軽井沢東１９－４５" }, "geometry": { "type": "Point", "coordinates": [ 138.6356, 36.346522 ] } },
{ "type": "Feature", "properties": { "ID": "2033205205920", "正式名称": "軽井沢あらい歯科", "機関区分": 3, "都道府県コード": 20, "市区町村コード": 321, "所在地": "長野県北佐久郡軽井沢町軽井沢東１０－１３", "緯度": 36.344831, "経度": 138.634269, "url": "https://www.iryou.teikyouseido.mhlw.go.jp/znk-web/juminkanja/S2430/initialize?prefCd=20&kikanCd=3205205920&kikanKbn=3", "url2": "https://karuizawa-arai-shika.jp/", "内容": "軽井沢あらい歯科【3:歯科】長野県北佐久郡軽井沢町軽井沢東１０－１３" }, "geometry": { "type": "Point", "coordinates": [ 138.634269, 36.344831 ] } },
{ "type": "Feature", "properties": { "ID": "2033205206190", "正式名称": "わたなべ歯科医院", "機関区分": 3, "都道府県コード": 20, "市区町村コード": 208, "所在地": "長野県小諸市和田８７９－５", "緯度": 36.293133, "経度": 138.460375, "url": "https://www.iryou.teikyouseido.mhlw.go.jp/znk-web/juminkanja/S2430/initialize?prefCd=20&kikanCd=3205206190&kikanKbn=3", "url2": null, "内容": "わたなべ歯科医院【3:歯科】長野県小諸市和田８７９－５" }, "geometry": { "type": "Point", "coordinates": [ 138.460375, 36.293133 ] } },
{ "type": "Feature", "properties": { "ID": "2033205300450", "正式名称": "滝沢歯科医院", "機関区分": 3, "都道府県コード": 20, "市区町村コード": 203, "所在地": "長野県上田市新町１６６－３", "緯度": 36.350233, "経度": 138.190917, "url": "https://www.iryou.teikyouseido.mhlw.go.jp/znk-web/juminkanja/S2430/initialize?prefCd=20&kikanCd=3205300450&kikanKbn=3", "url2": null, "内容": "滝沢歯科医院【3:歯科】長野県上田市新町１６６－３" }, "geometry": { "type": "Point", "coordinates": [ 138.190917, 36.350233 ] } },
{ "type": "Feature", "properties": { "ID": "2033205301200", "正式名称": "峯村歯科医院", "機関区分": 3, "都道府県コード": 20, "市区町村コード": 203, "所在地": "長野県上田市中央２－６－９", "緯度": 36.399923, "経度": 138.252215, "url": "https://www.iryou.teikyouseido.mhlw.go.jp/znk-web/juminkanja/S2430/initialize?prefCd=20&kikanCd=3205301200&kikanKbn=3", "url2": null, "内容": "峯村歯科医院【3:歯科】長野県上田市中央２－６－９" }, "geometry": { "type": "Point", "coordinates": [ 138.252215, 36.399923 ] } },
{ "type": "Feature", "properties": { "ID": "2033205302470", "正式名称": "医療法人仁治会関歯科医院", "機関区分": 3, "都道府県コード": 20, "市区町村コード": 203, "所在地": "長野県上田市上田原８９４", "緯度": 36.392588, "経度": 138.229035, "url": "https://www.iryou.teikyouseido.mhlw.go.jp/znk-web/juminkanja/S2430/initialize?prefCd=20&kikanCd=3205302470&kikanKbn=3", "url2": null, "内容": "医療法人仁治会関歯科医院【3:歯科】長野県上田市上田原８９４" }, "geometry": { "type": "Point", "coordinates": [ 138.229035, 36.392588 ] } },
{ "type": "Feature", "properties": { "ID": "2033205304230", "正式名称": "関歯科医院", "機関区分": 3, "都道府県コード": 20, "市区町村コード": 203, "所在地": "長野県上田市常田", "緯度": 36.390702, "経度": 138.259076, "url": "https://www.iryou.teikyouseido.mhlw.go.jp/znk-web/juminkanja/S2430/initialize?prefCd=20&kikanCd=3205304230&kikanKbn=3", "url2": null, "内容": "関歯科医院【3:歯科】長野県上田市常田" }, "geometry": { "type": "Point", "coordinates": [ 138.259076, 36.390702 ] } },
{ "type": "Feature", "properties": { "ID": "2033205304490", "正式名称": "小田中歯科医院", "機関区分": 3, "都道府県コード": 20, "市区町村コード": 203, "所在地": "長野県上田市天神", "緯度": 36.397617, "経度": 138.24716, "url": "https://www.iryou.teikyouseido.mhlw.go.jp/znk-web/juminkanja/S2430/initialize?prefCd=20&kikanCd=3205304490&kikanKbn=3", "url2": null, "内容": "小田中歯科医院【3:歯科】長野県上田市天神" }, "geometry": { "type": "Point", "coordinates": [ 138.24716, 36.397617 ] } },
{ "type": "Feature", "properties": { "ID": "2033205304940", "正式名称": "中村歯科医院", "機関区分": 3, "都道府県コード": 20, "市区町村コード": 203, "所在地": "長野県上田市生田５４１１", "緯度": 36.355067, "経度": 138.273742, "url": "https://www.iryou.teikyouseido.mhlw.go.jp/znk-web/juminkanja/S2430/initialize?prefCd=20&kikanCd=3205304940&kikanKbn=3", "url2": null, "内容": "中村歯科医院【3:歯科】長野県上田市生田５４１１" }, "geometry": { "type": "Point", "coordinates": [ 138.273742, 36.355067 ] } },
{ "type": "Feature", "properties": { "ID": "2033205305790", "正式名称": "大塚歯科医院", "機関区分": 3, "都道府県コード": 20, "市区町村コード": 219, "所在地": "長野県東御市田中９２", "緯度": 36.356526, "経度": 138.33192, "url": "https://www.iryou.teikyouseido.mhlw.go.jp/znk-web/juminkanja/S2430/initialize?prefCd=20&kikanCd=3205305790&kikanKbn=3", "url2": "https://dental-otsuka.com/", "内容": "大塚歯科医院【3:歯科】長野県東御市田中９２" }, "geometry": { "type": "Point", "coordinates": [ 138.33192, 36.356526 ] } },
{ "type": "Feature", "properties": { "ID": "2033205306410", "正式名称": "東部歯科", "機関区分": 3, "都道府県コード": 20, "市区町村コード": 219, "所在地": "長野県東御市滋野乙２３０９－１", "緯度": 36.349709, "経度": 138.365846, "url": "https://www.iryou.teikyouseido.mhlw.go.jp/znk-web/juminkanja/S2430/initialize?prefCd=20&kikanCd=3205306410&kikanKbn=3", "url2": null, "内容": "東部歯科【3:歯科】長野県東御市滋野乙２３０９－１" }, "geometry": { "type": "Point", "coordinates": [ 138.365846, 36.349709 ] } },
{ "type": "Feature", "properties": { "ID": "2033205306540", "正式名称": "大井歯科医院", "機関区分": 3, "都道府県コード": 20, "市区町村コード": 203, "所在地": "長野県上田市真田町本原７３１", "緯度": 36.424699, "経度": 138.297849, "url": "https://www.iryou.teikyouseido.mhlw.go.jp/znk-web/juminkanja/S2430/initialize?prefCd=20&kikanCd=3205306540&kikanKbn=3", "url2": null, "内容": "大井歯科医院【3:歯科】長野県上田市真田町本原７３１" }, "geometry": { "type": "Point", "coordinates": [ 138.297849, 36.424699 ] } },
{ "type": "Feature", "properties": { "ID": "2033205306700", "正式名称": "下村歯科医院", "機関区分": 3, "都道府県コード": 20, "市区町村コード": 203, "所在地": "長野県上田市武石沖", "緯度": 36.298323, "経度": 138.250247, "url": "https://www.iryou.teikyouseido.mhlw.go.jp/znk-web/juminkanja/S2430/initialize?prefCd=20&kikanCd=3205306700&kikanKbn=3", "url2": null, "内容": "下村歯科医院【3:歯科】長野県上田市武石沖" }, "geometry": { "type": "Point", "coordinates": [ 138.250247, 36.298323 ] } },
{ "type": "Feature", "properties": { "ID": "2033205307000", "正式名称": "岩倉歯科医院", "機関区分": 3, "都道府県コード": 20, "市区町村コード": 203, "所在地": "長野県上田市中央西１－９－２９", "緯度": 36.407033, "経度": 138.249465, "url": "https://www.iryou.teikyouseido.mhlw.go.jp/znk-web/juminkanja/S2430/initialize?prefCd=20&kikanCd=3205307000&kikanKbn=3", "url2": "https://itp.ne.jp/info/207449598000000899/", "内容": "岩倉歯科医院【3:歯科】長野県上田市中央西１－９－２９" }, "geometry": { "type": "Point", "coordinates": [ 138.249465, 36.407033 ] } },
{ "type": "Feature", "properties": { "ID": "2033205307390", "正式名称": "医療法人竹内歯科医院", "機関区分": 3, "都道府県コード": 20, "市区町村コード": 203, "所在地": "長野県上田市上田原", "緯度": 36.38759, "経度": 138.216302, "url": "https://www.iryou.teikyouseido.mhlw.go.jp/znk-web/juminkanja/S2430/initialize?prefCd=20&kikanCd=3205307390&kikanKbn=3", "url2": null, "内容": "医療法人竹内歯科医院【3:歯科】長野県上田市上田原" }, "geometry": { "type": "Point", "coordinates": [ 138.216302, 36.38759 ] } },
{ "type": "Feature", "properties": { "ID": "2033205307680", "正式名称": "滝沢歯科クリニック", "機関区分": 3, "都道府県コード": 20, "市区町村コード": 203, "所在地": "長野県上田市国分７４２－８", "緯度": 36.383397, "経度": 138.272741, "url": "https://www.iryou.teikyouseido.mhlw.go.jp/znk-web/juminkanja/S2430/initialize?prefCd=20&kikanCd=3205307680&kikanKbn=3", "url2": null, "内容": "滝沢歯科クリニック【3:歯科】長野県上田市国分７４２－８" }, "geometry": { "type": "Point", "coordinates": [ 138.272741, 36.383397 ] } },
{ "type": "Feature", "properties": { "ID": "2033205307710", "正式名称": "三井歯科医院", "機関区分": 3, "都道府県コード": 20, "市区町村コード": 203, "所在地": "長野県上田市住吉", "緯度": 36.405867, "経度": 138.278268, "url": "https://www.iryou.teikyouseido.mhlw.go.jp/znk-web/juminkanja/S2430/initialize?prefCd=20&kikanCd=3205307710&kikanKbn=3", "url2": null, "内容": "三井歯科医院【3:歯科】長野県上田市住吉" }, "geometry": { "type": "Point", "coordinates": [ 138.278268, 36.405867 ] } },
{ "type": "Feature", "properties": { "ID": "2033205307970", "正式名称": "医療法人精仁会　櫻井歯科医院", "機関区分": 3, "都道府県コード": 20, "市区町村コード": 203, "所在地": "長野県上田市福田３４番地２", "緯度": 36.388173, "経度": 138.204608, "url": "https://www.iryou.teikyouseido.mhlw.go.jp/znk-web/juminkanja/S2430/initialize?prefCd=20&kikanCd=3205307970&kikanKbn=3", "url2": null, "内容": "医療法人精仁会　櫻井歯科医院【3:歯科】長野県上田市福田３４番地２" }, "geometry": { "type": "Point", "coordinates": [ 138.204608, 36.388173 ] } },
{ "type": "Feature", "properties": { "ID": "2033205308140", "正式名称": "ア歯科診療所", "機関区分": 3, "都道府県コード": 20, "市区町村コード": 203, "所在地": "長野県上田市長瀬２３７１－１", "緯度": 36.348735, "経度": 138.283075, "url": "https://www.iryou.teikyouseido.mhlw.go.jp/znk-web/juminkanja/S2430/initialize?prefCd=20&kikanCd=3205308140&kikanKbn=3", "url2": null, "内容": "ア歯科診療所【3:歯科】長野県上田市長瀬２３７１－１" }, "geometry": { "type": "Point", "coordinates": [ 138.283075, 36.348735 ] } },
{ "type": "Feature", "properties": { "ID": "2033205308270", "正式名称": "小林歯科医院", "機関区分": 3, "都道府県コード": 20, "市区町村コード": 203, "所在地": "長野県上田市上丸子", "緯度": 36.322599, "経度": 138.272661, "url": "https://www.iryou.teikyouseido.mhlw.go.jp/znk-web/juminkanja/S2430/initialize?prefCd=20&kikanCd=3205308270&kikanKbn=3", "url2": null, "内容": "小林歯科医院【3:歯科】長野県上田市上丸子" }, "geometry": { "type": "Point", "coordinates": [ 138.272661, 36.322599 ] } },
{ "type": "Feature", "properties": { "ID": "2033205308300", "正式名称": "圓歯科医院", "機関区分": 3, "都道府県コード": 20, "市区町村コード": 203, "所在地": "長野県上田市中央西１－１３－１５", "緯度": 36.408283, "経度": 138.244354, "url": "https://www.iryou.teikyouseido.mhlw.go.jp/znk-web/juminkanja/S2430/initialize?prefCd=20&kikanCd=3205308300&kikanKbn=3", "url2": null, "内容": "圓歯科医院【3:歯科】長野県上田市中央西１－１３－１５" }, "geometry": { "type": "Point", "coordinates": [ 138.244354, 36.408283 ] } },
{ "type": "Feature", "properties": { "ID": "2033205308430", "正式名称": "小牧橋歯科医院", "機関区分": 3, "都道府県コード": 20, "市区町村コード": 203, "所在地": "長野県上田市国分１丁目９６２－５", "緯度": 36.383647, "経度": 138.266548, "url": "https://www.iryou.teikyouseido.mhlw.go.jp/znk-web/juminkanja/S2430/initialize?prefCd=20&kikanCd=3205308430&kikanKbn=3", "url2": null, "内容": "小牧橋歯科医院【3:歯科】長野県上田市国分１丁目９６２－５" }, "geometry": { "type": "Point", "coordinates": [ 138.266548, 36.383647 ] } },
{ "type": "Feature", "properties": { "ID": "2033205308560", "正式名称": "医療法人蒼久保歯科医院", "機関区分": 3, "都道府県コード": 20, "市区町村コード": 203, "所在地": "長野県上田市蒼久保１４４３－５", "緯度": 36.375649, "経度": 138.281658, "url": "https://www.iryou.teikyouseido.mhlw.go.jp/znk-web/juminkanja/S2430/initialize?prefCd=20&kikanCd=3205308560&kikanKbn=3", "url2": null, "内容": "医療法人蒼久保歯科医院【3:歯科】長野県上田市蒼久保１４４３－５" }, "geometry": { "type": "Point", "coordinates": [ 138.281658, 36.375649 ] } },
{ "type": "Feature", "properties": { "ID": "2033205308850", "正式名称": "水野歯科医院", "機関区分": 3, "都道府県コード": 20, "市区町村コード": 203, "所在地": "長野県上田市吉田３０３－２", "緯度": 36.387478, "経度": 138.195942, "url": "https://www.iryou.teikyouseido.mhlw.go.jp/znk-web/juminkanja/S2430/initialize?prefCd=20&kikanCd=3205308850&kikanKbn=3", "url2": null, "内容": "水野歯科医院【3:歯科】長野県上田市吉田３０３－２" }, "geometry": { "type": "Point", "coordinates": [ 138.195942, 36.387478 ] } },
{ "type": "Feature", "properties": { "ID": "2033205309310", "正式名称": "山越歯科医院", "機関区分": 3, "都道府県コード": 20, "市区町村コード": 203, "所在地": "長野県上田市下之郷２６７－８", "緯度": 36.363565, "経度": 138.218469, "url": "https://www.iryou.teikyouseido.mhlw.go.jp/znk-web/juminkanja/S2430/initialize?prefCd=20&kikanCd=3205309310&kikanKbn=3", "url2": null, "内容": "山越歯科医院【3:歯科】長野県上田市下之郷２６７－８" }, "geometry": { "type": "Point", "coordinates": [ 138.218469, 36.363565 ] } },
{ "type": "Feature", "properties": { "ID": "2033205309600", "正式名称": "医療法人　高見沢歯科医院", "機関区分": 3, "都道府県コード": 20, "市区町村コード": 203, "所在地": "長野県上田市生田５０５５－１", "緯度": 36.348651, "経度": 138.267771, "url": "https://www.iryou.teikyouseido.mhlw.go.jp/znk-web/juminkanja/S2430/initialize?prefCd=20&kikanCd=3205309600&kikanKbn=3", "url2": null, "内容": "医療法人　高見沢歯科医院【3:歯科】長野県上田市生田５０５５－１" }, "geometry": { "type": "Point", "coordinates": [ 138.267771, 36.348651 ] } },
{ "type": "Feature", "properties": { "ID": "2033205309860", "正式名称": "滝澤歯科医院", "機関区分": 3, "都道府県コード": 20, "市区町村コード": 203, "所在地": "長野県上田市大屋２２８", "緯度": 36.371066, "経度": 138.295157, "url": "https://www.iryou.teikyouseido.mhlw.go.jp/znk-web/juminkanja/S2430/initialize?prefCd=20&kikanCd=3205309860&kikanKbn=3", "url2": "https://takizawadcueda.com/", "内容": "滝澤歯科医院【3:歯科】長野県上田市大屋２２８" }, "geometry": { "type": "Point", "coordinates": [ 138.295157, 36.371066 ] } },
{ "type": "Feature", "properties": { "ID": "2033205309990", "正式名称": "片山歯科医院", "機関区分": 3, "都道府県コード": 20, "市区町村コード": 219, "所在地": "長野県東御市本海野１４９６番地１３３", "緯度": 36.363845, "経度": 138.317322, "url": "https://www.iryou.teikyouseido.mhlw.go.jp/znk-web/juminkanja/S2430/initialize?prefCd=20&kikanCd=3205309990&kikanKbn=3", "url2": null, "内容": "片山歯科医院【3:歯科】長野県東御市本海野１４９６番地１３３" }, "geometry": { "type": "Point", "coordinates": [ 138.317322, 36.363845 ] } },
{ "type": "Feature", "properties": { "ID": "2033205310130", "正式名称": "医療法人サンスプリングつくし歯科", "機関区分": 3, "都道府県コード": 20, "市区町村コード": 203, "所在地": "長野県上田市下塩尻１４４－３", "緯度": 36.418114, "経度": 138.204441, "url": "https://www.iryou.teikyouseido.mhlw.go.jp/znk-web/juminkanja/S2430/initialize?prefCd=20&kikanCd=3205310130&kikanKbn=3", "url2": "https://tsukushidc.com/", "内容": "医療法人サンスプリングつくし歯科【3:歯科】長野県上田市下塩尻１４４－３" }, "geometry": { "type": "Point", "coordinates": [ 138.204441, 36.418114 ] } },
{ "type": "Feature", "properties": { "ID": "2033205310260", "正式名称": "おぎくぼ歯科医院", "機関区分": 3, "都道府県コード": 20, "市区町村コード": 203, "所在地": "長野県上田市常田２－２０－１２", "緯度": 36.396562, "経度": 138.255242, "url": "https://www.iryou.teikyouseido.mhlw.go.jp/znk-web/juminkanja/S2430/initialize?prefCd=20&kikanCd=3205310260&kikanKbn=3", "url2": null, "内容": "おぎくぼ歯科医院【3:歯科】長野県上田市常田２－２０－１２" }, "geometry": { "type": "Point", "coordinates": [ 138.255242, 36.396562 ] } },
{ "type": "Feature", "properties": { "ID": "2033205310390", "正式名称": "ウエストＤＣ歯科医院", "機関区分": 3, "都道府県コード": 20, "市区町村コード": 203, "所在地": "長野県上田市芳田１８２０－８", "緯度": 36.376788, "経度": 138.290907, "url": "https://www.iryou.teikyouseido.mhlw.go.jp/znk-web/juminkanja/S2430/initialize?prefCd=20&kikanCd=3205310390&kikanKbn=3", "url2": null, "内容": "ウエストＤＣ歯科医院【3:歯科】長野県上田市芳田１８２０－８" }, "geometry": { "type": "Point", "coordinates": [ 138.290907, 36.376788 ] } },
{ "type": "Feature", "properties": { "ID": "2033205310420", "正式名称": "医療法人　一之瀬歯科医院", "機関区分": 3, "都道府県コード": 20, "市区町村コード": 203, "所在地": "長野県上田市下之郷３４５－５", "緯度": 36.37398, "経度": 138.217469, "url": "https://www.iryou.teikyouseido.mhlw.go.jp/znk-web/juminkanja/S2430/initialize?prefCd=20&kikanCd=3205310420&kikanKbn=3", "url2": "http://ichinose-dental.com", "内容": "医療法人　一之瀬歯科医院【3:歯科】長野県上田市下之郷３４５－５" }, "geometry": { "type": "Point", "coordinates": [ 138.217469, 36.37398 ] } },
{ "type": "Feature", "properties": { "ID": "2033205310710", "正式名称": "アップル歯科", "機関区分": 3, "都道府県コード": 20, "市区町村コード": 203, "所在地": "長野県上田市上田原１１０７－１７", "緯度": 36.389423, "経度": 138.227273, "url": "https://www.iryou.teikyouseido.mhlw.go.jp/znk-web/juminkanja/S2430/initialize?prefCd=20&kikanCd=3205310710&kikanKbn=3", "url2": null, "内容": "アップル歯科【3:歯科】長野県上田市上田原１１０７－１７" }, "geometry": { "type": "Point", "coordinates": [ 138.227273, 36.389423 ] } },
{ "type": "Feature", "properties": { "ID": "2033205310840", "正式名称": "グリーン歯科", "機関区分": 3, "都道府県コード": 20, "市区町村コード": 203, "所在地": "長野県上田市中丸子１４０８", "緯度": 36.332848, "経度": 138.276771, "url": "https://www.iryou.teikyouseido.mhlw.go.jp/znk-web/juminkanja/S2430/initialize?prefCd=20&kikanCd=3205310840&kikanKbn=3", "url2": null, "内容": "グリーン歯科【3:歯科】長野県上田市中丸子１４０８" }, "geometry": { "type": "Point", "coordinates": [ 138.276771, 36.332848 ] } },
{ "type": "Feature", "properties": { "ID": "2033205310970", "正式名称": "医療法人　文正会　小林歯科医院", "機関区分": 3, "都道府県コード": 20, "市区町村コード": 219, "所在地": "長野県東御市常田８９８－１", "緯度": 36.363639, "経度": 138.345974, "url": "https://www.iryou.teikyouseido.mhlw.go.jp/znk-web/juminkanja/S2430/initialize?prefCd=20&kikanCd=3205310970&kikanKbn=3", "url2": "https://www.kobayashi-dental.com/", "内容": "医療法人　文正会　小林歯科医院【3:歯科】長野県東御市常田８９８－１" }, "geometry": { "type": "Point", "coordinates": [ 138.345974, 36.363639 ] } },
{ "type": "Feature", "properties": { "ID": "2033205311010", "正式名称": "滝之入歯科医院", "機関区分": 3, "都道府県コード": 20, "市区町村コード": 203, "所在地": "長野県上田市長瀬２８７７－５", "緯度": 36.360706, "経度": 138.292324, "url": "https://www.iryou.teikyouseido.mhlw.go.jp/znk-web/juminkanja/S2430/initialize?prefCd=20&kikanCd=3205311010&kikanKbn=3", "url2": "https://takinoiri118.com/", "内容": "滝之入歯科医院【3:歯科】長野県上田市長瀬２８７７－５" }, "geometry": { "type": "Point", "coordinates": [ 138.292324, 36.360706 ] } },
{ "type": "Feature", "properties": { "ID": "2033205311270", "正式名称": "矢嶋歯科医院", "機関区分": 3, "都道府県コード": 20, "市区町村コード": 203, "所在地": "長野県上田市腰越清水尻５３５－１５", "緯度": 36.312239, "経度": 138.262023, "url": "https://www.iryou.teikyouseido.mhlw.go.jp/znk-web/juminkanja/S2430/initialize?prefCd=20&kikanCd=3205311270&kikanKbn=3", "url2": null, "内容": "矢嶋歯科医院【3:歯科】長野県上田市腰越清水尻５３５－１５" }, "geometry": { "type": "Point", "coordinates": [ 138.262023, 36.312239 ] } },
{ "type": "Feature", "properties": { "ID": "2033205311300", "正式名称": "いちかわ歯科医院", "機関区分": 3, "都道府県コード": 20, "市区町村コード": 203, "所在地": "長野県上田市本郷７７３ー４", "緯度": 36.365287, "経度": 138.202693, "url": "https://www.iryou.teikyouseido.mhlw.go.jp/znk-web/juminkanja/S2430/initialize?prefCd=20&kikanCd=3205311300&kikanKbn=3", "url2": null, "内容": "いちかわ歯科医院【3:歯科】長野県上田市本郷７７３ー４" }, "geometry": { "type": "Point", "coordinates": [ 138.202693, 36.365287 ] } },
{ "type": "Feature", "properties": { "ID": "2033205311430", "正式名称": "出浦歯科医院", "機関区分": 3, "都道府県コード": 20, "市区町村コード": 203, "所在地": "長野県上田市長瀬２４８５－７", "緯度": 36.351901, "経度": 138.284186, "url": "https://www.iryou.teikyouseido.mhlw.go.jp/znk-web/juminkanja/S2430/initialize?prefCd=20&kikanCd=3205311430&kikanKbn=3", "url2": null, "内容": "出浦歯科医院【3:歯科】長野県上田市長瀬２４８５－７" }, "geometry": { "type": "Point", "coordinates": [ 138.284186, 36.351901 ] } },
{ "type": "Feature", "properties": { "ID": "2033205311560", "正式名称": "善美歯科", "機関区分": 3, "都道府県コード": 20, "市区町村コード": 203, "所在地": "長野県上田市中之条８４２ー３７", "緯度": 36.400089, "経度": 138.221995, "url": "https://www.iryou.teikyouseido.mhlw.go.jp/znk-web/juminkanja/S2430/initialize?prefCd=20&kikanCd=3205311560&kikanKbn=3", "url2": null, "内容": "善美歯科【3:歯科】長野県上田市中之条８４２ー３７" }, "geometry": { "type": "Point", "coordinates": [ 138.221995, 36.400089 ] } },
{ "type": "Feature", "properties": { "ID": "2033205311690", "正式名称": "松原歯科医院", "機関区分": 3, "都道府県コード": 20, "市区町村コード": 203, "所在地": "長野県上田市中央３ー７ー２６", "緯度": 36.402839, "経度": 138.254687, "url": "https://www.iryou.teikyouseido.mhlw.go.jp/znk-web/juminkanja/S2430/initialize?prefCd=20&kikanCd=3205311690&kikanKbn=3", "url2": null, "内容": "松原歯科医院【3:歯科】長野県上田市中央３ー７ー２６" }, "geometry": { "type": "Point", "coordinates": [ 138.254687, 36.402839 ] } },
{ "type": "Feature", "properties": { "ID": "2033205311720", "正式名称": "おおの矯正歯科医院", "機関区分": 3, "都道府県コード": 20, "市区町村コード": 203, "所在地": "長野県上田市上田原６８８－１", "緯度": 36.389729, "経度": 138.219024, "url": "https://www.iryou.teikyouseido.mhlw.go.jp/znk-web/juminkanja/S2430/initialize?prefCd=20&kikanCd=3205311720&kikanKbn=3", "url2": "http://www.ohnokyousei.com", "内容": "おおの矯正歯科医院【3:歯科】長野県上田市上田原６８８－１" }, "geometry": { "type": "Point", "coordinates": [ 138.219024, 36.389729 ] } },
{ "type": "Feature", "properties": { "ID": "2033205311850", "正式名称": "マツオ歯科", "機関区分": 3, "都道府県コード": 20, "市区町村コード": 203, "所在地": "長野県上田市常田２－１９－１１", "緯度": 36.395785, "経度": 138.255715, "url": "https://www.iryou.teikyouseido.mhlw.go.jp/znk-web/juminkanja/S2430/initialize?prefCd=20&kikanCd=3205311850&kikanKbn=3", "url2": null, "内容": "マツオ歯科【3:歯科】長野県上田市常田２－１９－１１" }, "geometry": { "type": "Point", "coordinates": [ 138.255715, 36.395785 ] } },
{ "type": "Feature", "properties": { "ID": "2033205311980", "正式名称": "ハートフル歯科医院", "機関区分": 3, "都道府県コード": 20, "市区町村コード": 203, "所在地": "長野県上田市中之条５１９－１０", "緯度": 36.396478, "経度": 138.22594, "url": "https://www.iryou.teikyouseido.mhlw.go.jp/znk-web/juminkanja/S2430/initialize?prefCd=20&kikanCd=3205311980&kikanKbn=3", "url2": null, "内容": "ハートフル歯科医院【3:歯科】長野県上田市中之条５１９－１０" }, "geometry": { "type": "Point", "coordinates": [ 138.22594, 36.396478 ] } },
{ "type": "Feature", "properties": { "ID": "2033205312150", "正式名称": "医療法人新正会長門歯科診療所", "機関区分": 3, "都道府県コード": 20, "市区町村コード": 350, "所在地": "長野県小県郡長和町古町３３６５－８", "緯度": 36.274243, "経度": 138.266663, "url": "https://www.iryou.teikyouseido.mhlw.go.jp/znk-web/juminkanja/S2430/initialize?prefCd=20&kikanCd=3205312150&kikanKbn=3", "url2": null, "内容": "医療法人新正会長門歯科診療所【3:歯科】長野県小県郡長和町古町３３６５－８" }, "geometry": { "type": "Point", "coordinates": [ 138.266663, 36.274243 ] } },
{ "type": "Feature", "properties": { "ID": "2033205312310", "正式名称": "こじま矯正歯科クリニック", "機関区分": 3, "都道府県コード": 20, "市区町村コード": 203, "所在地": "長野県上田市緑が丘１―１―１６", "緯度": 36.41081, "経度": 138.250159, "url": "https://www.iryou.teikyouseido.mhlw.go.jp/znk-web/juminkanja/S2430/initialize?prefCd=20&kikanCd=3205312310&kikanKbn=3", "url2": null, "内容": "こじま矯正歯科クリニック【3:歯科】長野県上田市緑が丘１―１―１６" }, "geometry": { "type": "Point", "coordinates": [ 138.250159, 36.41081 ] } },
{ "type": "Feature", "properties": { "ID": "2033205312440", "正式名称": "くるみ歯科クリニック", "機関区分": 3, "都道府県コード": 20, "市区町村コード": 219, "所在地": "長野県東御市滋野", "緯度": 36.349765, "経度": 138.359791, "url": "https://www.iryou.teikyouseido.mhlw.go.jp/znk-web/juminkanja/S2430/initialize?prefCd=20&kikanCd=3205312440&kikanKbn=3", "url2": "http://www.kurumi-dental.com/", "内容": "くるみ歯科クリニック【3:歯科】長野県東御市滋野" }, "geometry": { "type": "Point", "coordinates": [ 138.359791, 36.349765 ] } },
{ "type": "Feature", "properties": { "ID": "2033205312570", "正式名称": "草間歯科医院", "機関区分": 3, "都道府県コード": 20, "市区町村コード": 203, "所在地": "長野県上田市中央西１－１４－３０", "緯度": 36.407317, "経度": 138.248, "url": "https://www.iryou.teikyouseido.mhlw.go.jp/znk-web/juminkanja/S2430/initialize?prefCd=20&kikanCd=3205312570&kikanKbn=3", "url2": null, "内容": "草間歯科医院【3:歯科】長野県上田市中央西１－１４－３０" }, "geometry": { "type": "Point", "coordinates": [ 138.248, 36.407317 ] } },
{ "type": "Feature", "properties": { "ID": "2033205312860", "正式名称": "西川歯科医院", "機関区分": 3, "都道府県コード": 20, "市区町村コード": 203, "所在地": "長野県上田市中央西２－５－１２", "緯度": 36.409394, "経度": 138.244576, "url": "https://www.iryou.teikyouseido.mhlw.go.jp/znk-web/juminkanja/S2430/initialize?prefCd=20&kikanCd=3205312860&kikanKbn=3", "url2": null, "内容": "西川歯科医院【3:歯科】長野県上田市中央西２－５－１２" }, "geometry": { "type": "Point", "coordinates": [ 138.244576, 36.409394 ] } },
{ "type": "Feature", "properties": { "ID": "2033205312990", "正式名称": "みやじま歯科クリニック", "機関区分": 3, "都道府県コード": 20, "市区町村コード": 203, "所在地": "長野県上田市常磐城１６１１－８", "緯度": 36.417115, "経度": 138.238188, "url": "https://www.iryou.teikyouseido.mhlw.go.jp/znk-web/juminkanja/S2430/initialize?prefCd=20&kikanCd=3205312990&kikanKbn=3", "url2": "https://www.miyajima-shika.net/", "内容": "みやじま歯科クリニック【3:歯科】長野県上田市常磐城１６１１－８" }, "geometry": { "type": "Point", "coordinates": [ 138.238188, 36.417115 ] } },
{ "type": "Feature", "properties": { "ID": "2033205320230", "正式名称": "あさま歯科クリニック", "機関区分": 3, "都道府県コード": 20, "市区町村コード": 203, "所在地": "長野県上田市上丸子４２６", "緯度": 36.327404, "経度": 138.274521, "url": "https://www.iryou.teikyouseido.mhlw.go.jp/znk-web/juminkanja/S2430/initialize?prefCd=20&kikanCd=3205320230&kikanKbn=3", "url2": null, "内容": "あさま歯科クリニック【3:歯科】長野県上田市上丸子４２６" }, "geometry": { "type": "Point", "coordinates": [ 138.274521, 36.327404 ] } },
{ "type": "Feature", "properties": { "ID": "2033205320360", "正式名称": "医療法人社団　布施歯科医院", "機関区分": 3, "都道府県コード": 20, "市区町村コード": 203, "所在地": "長野県上田市古里１７７−６", "緯度": 36.398729, "経度": 138.289239, "url": "https://www.iryou.teikyouseido.mhlw.go.jp/znk-web/juminkanja/S2430/initialize?prefCd=20&kikanCd=3205320360&kikanKbn=3", "url2": "https://fusedc.jp", "内容": "医療法人社団　布施歯科医院【3:歯科】長野県上田市古里１７７−６" }, "geometry": { "type": "Point", "coordinates": [ 138.289239, 36.398729 ] } },
{ "type": "Feature", "properties": { "ID": "2033205320490", "正式名称": "まるこ歯科クリニック", "機関区分": 3, "都道府県コード": 20, "市区町村コード": 203, "所在地": "長野県上田市中丸子１６８２－１６", "緯度": 36.336736, "経度": 138.27166, "url": "https://www.iryou.teikyouseido.mhlw.go.jp/znk-web/juminkanja/S2430/initialize?prefCd=20&kikanCd=3205320490&kikanKbn=3", "url2": null, "内容": "まるこ歯科クリニック【3:歯科】長野県上田市中丸子１６８２－１６" }, "geometry": { "type": "Point", "coordinates": [ 138.27166, 36.336736 ] } },
{ "type": "Feature", "properties": { "ID": "2033205320520", "正式名称": "とうみ歯科", "機関区分": 3, "都道府県コード": 20, "市区町村コード": 219, "所在地": "長野県東御市島川原８０－１", "緯度": 36.325451, "経度": 138.427963, "url": "https://www.iryou.teikyouseido.mhlw.go.jp/znk-web/juminkanja/S2430/initialize?prefCd=20&kikanCd=3205320520&kikanKbn=3", "url2": "http://tomi-shika.com", "内容": "とうみ歯科【3:歯科】長野県東御市島川原８０－１" }, "geometry": { "type": "Point", "coordinates": [ 138.427963, 36.325451 ] } },
{ "type": "Feature", "properties": { "ID": "2033205320650", "正式名称": "医療法人　関歯科医院", "機関区分": 3, "都道府県コード": 20, "市区町村コード": 203, "所在地": "長野県上田市中央６－７－５", "緯度": 36.402395, "経度": 138.258964, "url": "https://www.iryou.teikyouseido.mhlw.go.jp/znk-web/juminkanja/S2430/initialize?prefCd=20&kikanCd=3205320650&kikanKbn=3", "url2": null, "内容": "医療法人　関歯科医院【3:歯科】長野県上田市中央６－７－５" }, "geometry": { "type": "Point", "coordinates": [ 138.258964, 36.402395 ] } },
{ "type": "Feature", "properties": { "ID": "2033205320780", "正式名称": "ささき歯科", "機関区分": 3, "都道府県コード": 20, "市区町村コード": 219, "所在地": "長野県東御市和", "緯度": 36.398766, "経度": 138.34666, "url": "https://www.iryou.teikyouseido.mhlw.go.jp/znk-web/juminkanja/S2430/initialize?prefCd=20&kikanCd=3205320780&kikanKbn=3", "url2": null, "内容": "ささき歯科【3:歯科】長野県東御市和" }, "geometry": { "type": "Point", "coordinates": [ 138.34666, 36.398766 ] } },
{ "type": "Feature", "properties": { "ID": "2033205320810", "正式名称": "斉藤歯科医院", "機関区分": 3, "都道府県コード": 20, "市区町村コード": 203, "所在地": "長野県上田市材木町１－１８－１１", "緯度": 36.396812, "経度": 138.264269, "url": "https://www.iryou.teikyouseido.mhlw.go.jp/znk-web/juminkanja/S2430/initialize?prefCd=20&kikanCd=3205320810&kikanKbn=3", "url2": null, "内容": "斉藤歯科医院【3:歯科】長野県上田市材木町１－１８－１１" }, "geometry": { "type": "Point", "coordinates": [ 138.264269, 36.396812 ] } },
{ "type": "Feature", "properties": { "ID": "2033205321110", "正式名称": "上田小県歯科医師会　休日歯科救急センター", "機関区分": 3, "都道府県コード": 20, "市区町村コード": 203, "所在地": "長野県上田市材木町", "緯度": 36.400784, "経度": 138.262019, "url": "https://www.iryou.teikyouseido.mhlw.go.jp/znk-web/juminkanja/S2430/initialize?prefCd=20&kikanCd=3205321110&kikanKbn=3", "url2": "http://www.josho-da.com/", "内容": "上田小県歯科医師会　休日歯科救急センター【3:歯科】長野県上田市材木町" }, "geometry": { "type": "Point", "coordinates": [ 138.262019, 36.400784 ] } },
{ "type": "Feature", "properties": { "ID": "2033205321240", "正式名称": "なかにし歯科クリニック", "機関区分": 3, "都道府県コード": 20, "市区町村コード": 219, "所在地": "長野県東御市田中５４－９", "緯度": 36.35468, "経度": 138.331487, "url": "https://www.iryou.teikyouseido.mhlw.go.jp/znk-web/juminkanja/S2430/initialize?prefCd=20&kikanCd=3205321240&kikanKbn=3", "url2": "http://www.nakanishi-shika.net/", "内容": "なかにし歯科クリニック【3:歯科】長野県東御市田中５４－９" }, "geometry": { "type": "Point", "coordinates": [ 138.331487, 36.35468 ] } },
{ "type": "Feature", "properties": { "ID": "2033205321400", "正式名称": "荻原歯科医院", "機関区分": 3, "都道府県コード": 20, "市区町村コード": 203, "所在地": "長野県上田市中央１－７－２７", "緯度": 36.397534, "経度": 138.253048, "url": "https://www.iryou.teikyouseido.mhlw.go.jp/znk-web/juminkanja/S2430/initialize?prefCd=20&kikanCd=3205321400&kikanKbn=3", "url2": "http://www.odc.ueda.nagano.jp/", "内容": "荻原歯科医院【3:歯科】長野県上田市中央１－７－２７" }, "geometry": { "type": "Point", "coordinates": [ 138.253048, 36.397534 ] } },
{ "type": "Feature", "properties": { "ID": "2033205321790", "正式名称": "さなだ歯科", "機関区分": 3, "都道府県コード": 20, "市区町村コード": 203, "所在地": "長野県上田市真田町長６３３２", "緯度": 36.440722, "経度": 138.301961, "url": "https://www.iryou.teikyouseido.mhlw.go.jp/znk-web/juminkanja/S2430/initialize?prefCd=20&kikanCd=3205321790&kikanKbn=3", "url2": null, "内容": "さなだ歯科【3:歯科】長野県上田市真田町長６３３２" }, "geometry": { "type": "Point", "coordinates": [ 138.301961, 36.440722 ] } },
{ "type": "Feature", "properties": { "ID": "2033205321820", "正式名称": "にしざわ歯科", "機関区分": 3, "都道府県コード": 20, "市区町村コード": 203, "所在地": "長野県上田市上田", "緯度": 36.408383, "経度": 138.261942, "url": "https://www.iryou.teikyouseido.mhlw.go.jp/znk-web/juminkanja/S2430/initialize?prefCd=20&kikanCd=3205321820&kikanKbn=3", "url2": "http://www.nishizawa-dental.com/", "内容": "にしざわ歯科【3:歯科】長野県上田市上田" }, "geometry": { "type": "Point", "coordinates": [ 138.261942, 36.408383 ] } },
{ "type": "Feature", "properties": { "ID": "2033205321950", "正式名称": "アリオ上田デンタルクリニック", "機関区分": 3, "都道府県コード": 20, "市区町村コード": 203, "所在地": "長野県上田市天神３－５－１　アリオ上田２階", "緯度": 36.401253, "経度": 138.241353, "url": "https://www.iryou.teikyouseido.mhlw.go.jp/znk-web/juminkanja/S2430/initialize?prefCd=20&kikanCd=3205321950&kikanKbn=3", "url2": "http://aud-c.com/", "内容": "アリオ上田デンタルクリニック【3:歯科】長野県上田市天神３－５－１　アリオ上田２階" }, "geometry": { "type": "Point", "coordinates": [ 138.241353, 36.401253 ] } },
{ "type": "Feature", "properties": { "ID": "2033205322090", "正式名称": "医療法人水野矯正歯科医院", "機関区分": 3, "都道府県コード": 20, "市区町村コード": 203, "所在地": "長野県上田市中央４−１−１５", "緯度": 36.39945, "経度": 138.2554, "url": "https://www.iryou.teikyouseido.mhlw.go.jp/znk-web/juminkanja/S2430/initialize?prefCd=20&kikanCd=3205322090&kikanKbn=3", "url2": "http://www.avis.ne.jp/~ormizuno/", "内容": "医療法人水野矯正歯科医院【3:歯科】長野県上田市中央４−１−１５" }, "geometry": { "type": "Point", "coordinates": [ 138.2554, 36.39945 ] } },
{ "type": "Feature", "properties": { "ID": "2033205322120", "正式名称": "たきざわファミリー歯科", "機関区分": 3, "都道府県コード": 20, "市区町村コード": 203, "所在地": "長野県上田市秋和２１１－２", "緯度": 36.409239, "経度": 138.229833, "url": "https://www.iryou.teikyouseido.mhlw.go.jp/znk-web/juminkanja/S2430/initialize?prefCd=20&kikanCd=3205322120&kikanKbn=3", "url2": "https://takizawa-family-dental.jp", "内容": "たきざわファミリー歯科【3:歯科】長野県上田市秋和２１１－２" }, "geometry": { "type": "Point", "coordinates": [ 138.229833, 36.409239 ] } },
{ "type": "Feature", "properties": { "ID": "2033205322250", "正式名称": "ほり歯科クリニック", "機関区分": 3, "都道府県コード": 20, "市区町村コード": 203, "所在地": "長野県上田市中之条５６９ー３", "緯度": 36.398006, "経度": 138.229708, "url": "https://www.iryou.teikyouseido.mhlw.go.jp/znk-web/juminkanja/S2430/initialize?prefCd=20&kikanCd=3205322250&kikanKbn=3", "url2": "http://horidc-ueda.jp", "内容": "ほり歯科クリニック【3:歯科】長野県上田市中之条５６９ー３" }, "geometry": { "type": "Point", "coordinates": [ 138.229708, 36.398006 ] } },
{ "type": "Feature", "properties": { "ID": "2033205322380", "正式名称": "国民健康保険長和町和田歯科診療所", "機関区分": 3, "都道府県コード": 20, "市区町村コード": 350, "所在地": "長野県小県郡長和町和田２８７２", "緯度": 36.207365, "経度": 138.214391, "url": "https://www.iryou.teikyouseido.mhlw.go.jp/znk-web/juminkanja/S2430/initialize?prefCd=20&kikanCd=3205322380&kikanKbn=3", "url2": null, "内容": "国民健康保険長和町和田歯科診療所【3:歯科】長野県小県郡長和町和田２８７２" }, "geometry": { "type": "Point", "coordinates": [ 138.214391, 36.207365 ] } },
{ "type": "Feature", "properties": { "ID": "2033205322410", "正式名称": "一理堂歯科医院", "機関区分": 3, "都道府県コード": 20, "市区町村コード": 203, "所在地": "長野県上田市中央３ー１６ー３", "緯度": 36.403137, "経度": 138.255112, "url": "https://www.iryou.teikyouseido.mhlw.go.jp/znk-web/juminkanja/S2430/initialize?prefCd=20&kikanCd=3205322410&kikanKbn=3", "url2": "https://www.ichirido.jp/", "内容": "一理堂歯科医院【3:歯科】長野県上田市中央３ー１６ー３" }, "geometry": { "type": "Point", "coordinates": [ 138.255112, 36.403137 ] } },
{ "type": "Feature", "properties": { "ID": "2033205322540", "正式名称": "甲田矯正歯科", "機関区分": 3, "都道府県コード": 20, "市区町村コード": 203, "所在地": "長野県上田市常田２－５－１１", "緯度": 36.395328, "経度": 138.254906, "url": "https://www.iryou.teikyouseido.mhlw.go.jp/znk-web/juminkanja/S2430/initialize?prefCd=20&kikanCd=3205322540&kikanKbn=3", "url2": null, "内容": "甲田矯正歯科【3:歯科】長野県上田市常田２－５－１１" }, "geometry": { "type": "Point", "coordinates": [ 138.254906, 36.395328 ] } },
{ "type": "Feature", "properties": { "ID": "2033205322960", "正式名称": "中島歯科クリニック", "機関区分": 3, "都道府県コード": 20, "市区町村コード": 203, "所在地": "長野県上田市本郷１２２９番地１", "緯度": 36.37507, "経度": 138.210143, "url": "https://www.iryou.teikyouseido.mhlw.go.jp/znk-web/juminkanja/S2430/initialize?prefCd=20&kikanCd=3205322960&kikanKbn=3", "url2": "nakajiadc.or.jp", "内容": "中島歯科クリニック【3:歯科】長野県上田市本郷１２２９番地１" }, "geometry": { "type": "Point", "coordinates": [ 138.210143, 36.37507 ] } },
{ "type": "Feature", "properties": { "ID": "2033205326020", "正式名称": "高橋歯科医院", "機関区分": 3, "都道府県コード": 20, "市区町村コード": 203, "所在地": "長野県上田市中央西１－８－２７", "緯度": 36.405739, "経度": 138.249896, "url": "https://www.iryou.teikyouseido.mhlw.go.jp/znk-web/juminkanja/S2430/initialize?prefCd=20&kikanCd=3205326020&kikanKbn=3", "url2": "https://www.takahashi-shika.info", "内容": "高橋歯科医院【3:歯科】長野県上田市中央西１－８－２７" }, "geometry": { "type": "Point", "coordinates": [ 138.249896, 36.405739 ] } },
{ "type": "Feature", "properties": { "ID": "2033205400350", "正式名称": "根橋歯科医院", "機関区分": 3, "都道府県コード": 20, "市区町村コード": 206, "所在地": "長野県諏訪市小和田６－１９", "緯度": 36.041572, "経度": 138.118879, "url": "https://www.iryou.teikyouseido.mhlw.go.jp/znk-web/juminkanja/S2430/initialize?prefCd=20&kikanCd=3205400350&kikanKbn=3", "url2": null, "内容": "根橋歯科医院【3:歯科】長野県諏訪市小和田６－１９" }, "geometry": { "type": "Point", "coordinates": [ 138.118879, 36.041572 ] } },
{ "type": "Feature", "properties": { "ID": "2033205400480", "正式名称": "ますざわ歯科医院", "機関区分": 3, "都道府県コード": 20, "市区町村コード": 206, "所在地": "長野県諏訪市諏訪１－２１－１３", "緯度": 36.047265, "経度": 138.118324, "url": "https://www.iryou.teikyouseido.mhlw.go.jp/znk-web/juminkanja/S2430/initialize?prefCd=20&kikanCd=3205400480&kikanKbn=3", "url2": null, "内容": "ますざわ歯科医院【3:歯科】長野県諏訪市諏訪１－２１－１３" }, "geometry": { "type": "Point", "coordinates": [ 138.118324, 36.047265 ] } },
{ "type": "Feature", "properties": { "ID": "2033205400510", "正式名称": "飯田歯科医院", "機関区分": 3, "都道府県コード": 20, "市区町村コード": 206, "所在地": "長野県諏訪市諏訪２－７－１９", "緯度": 36.041072, "経度": 138.12199, "url": "https://www.iryou.teikyouseido.mhlw.go.jp/znk-web/juminkanja/S2430/initialize?prefCd=20&kikanCd=3205400510&kikanKbn=3", "url2": null, "内容": "飯田歯科医院【3:歯科】長野県諏訪市諏訪２－７－１９" }, "geometry": { "type": "Point", "coordinates": [ 138.12199, 36.041072 ] } },
{ "type": "Feature", "properties": { "ID": "2033205400640", "正式名称": "平林歯科医院", "機関区分": 3, "都道府県コード": 20, "市区町村コード": 206, "所在地": "長野県諏訪市大手１－１６－２", "緯度": 36.043721, "経度": 138.115638, "url": "https://www.iryou.teikyouseido.mhlw.go.jp/znk-web/juminkanja/S2430/initialize?prefCd=20&kikanCd=3205400640&kikanKbn=3", "url2": null, "内容": "平林歯科医院【3:歯科】長野県諏訪市大手１－１６－２" }, "geometry": { "type": "Point", "coordinates": [ 138.115638, 36.043721 ] } },
{ "type": "Feature", "properties": { "ID": "2033205400930", "正式名称": "伊藤歯科医院", "機関区分": 3, "都道府県コード": 20, "市区町村コード": 206, "所在地": "長野県諏訪市末広３－１２", "緯度": 36.043266, "経度": 138.117407, "url": "https://www.iryou.teikyouseido.mhlw.go.jp/znk-web/juminkanja/S2430/initialize?prefCd=20&kikanCd=3205400930&kikanKbn=3", "url2": null, "内容": "伊藤歯科医院【3:歯科】長野県諏訪市末広３－１２" }, "geometry": { "type": "Point", "coordinates": [ 138.117407, 36.043266 ] } },
{ "type": "Feature", "properties": { "ID": "2033205401100", "正式名称": "中根歯科医院", "機関区分": 3, "都道府県コード": 20, "市区町村コード": 206, "所在地": "長野県諏訪市湖岸通り　２－１４－１２", "緯度": 36.055292, "経度": 138.113657, "url": "https://www.iryou.teikyouseido.mhlw.go.jp/znk-web/juminkanja/S2430/initialize?prefCd=20&kikanCd=3205401100&kikanKbn=3", "url2": null, "内容": "中根歯科医院【3:歯科】長野県諏訪市湖岸通り　２－１４－１２" }, "geometry": { "type": "Point", "coordinates": [ 138.113657, 36.055292 ] } },
{ "type": "Feature", "properties": { "ID": "2033205401490", "正式名称": "湖柳歯科医院", "機関区分": 3, "都道府県コード": 20, "市区町村コード": 206, "所在地": "長野県諏訪市湖岸通り　５－１７－１", "緯度": 36.045071, "経度": 138.11288, "url": "https://www.iryou.teikyouseido.mhlw.go.jp/znk-web/juminkanja/S2430/initialize?prefCd=20&kikanCd=3205401490&kikanKbn=3", "url2": null, "内容": "湖柳歯科医院【3:歯科】長野県諏訪市湖岸通り　５－１７－１" }, "geometry": { "type": "Point", "coordinates": [ 138.11288, 36.045071 ] } },
{ "type": "Feature", "properties": { "ID": "2033205401520", "正式名称": "医療法人　一梅会　池田歯科医院", "機関区分": 3, "都道府県コード": 20, "市区町村コード": 206, "所在地": "長野県諏訪市諏訪２ー２ー１０", "緯度": 36.042256, "経度": 138.120137, "url": "https://www.iryou.teikyouseido.mhlw.go.jp/znk-web/juminkanja/S2430/initialize?prefCd=20&kikanCd=3205401520&kikanKbn=3", "url2": "http://ichiumekai.com", "内容": "医療法人　一梅会　池田歯科医院【3:歯科】長野県諏訪市諏訪２ー２ー１０" }, "geometry": { "type": "Point", "coordinates": [ 138.120137, 36.042256 ] } },
{ "type": "Feature", "properties": { "ID": "2033205401650", "正式名称": "小口歯科医院", "機関区分": 3, "都道府県コード": 20, "市区町村コード": 206, "所在地": "長野県諏訪市高島１－３１－１６", "緯度": 36.037044, "経度": 138.114547, "url": "https://www.iryou.teikyouseido.mhlw.go.jp/znk-web/juminkanja/S2430/initialize?prefCd=20&kikanCd=3205401650&kikanKbn=3", "url2": "https:www.instagram.com/oguchidentaloffice", "内容": "小口歯科医院【3:歯科】長野県諏訪市高島１－３１－１６" }, "geometry": { "type": "Point", "coordinates": [ 138.114547, 36.037044 ] } },
{ "type": "Feature", "properties": { "ID": "2033205401940", "正式名称": "丸茂歯科医院", "機関区分": 3, "都道府県コード": 20, "市区町村コード": 206, "所在地": "長野県諏訪市豊田１０３７－２", "緯度": 36.022962, "経度": 138.099771, "url": "https://www.iryou.teikyouseido.mhlw.go.jp/znk-web/juminkanja/S2430/initialize?prefCd=20&kikanCd=3205401940&kikanKbn=3", "url2": "https://www.marumo-shika.com", "内容": "丸茂歯科医院【3:歯科】長野県諏訪市豊田１０３７－２" }, "geometry": { "type": "Point", "coordinates": [ 138.099771, 36.022962 ] } },
{ "type": "Feature", "properties": { "ID": "2033205402110", "正式名称": "ロッキー歯科医院", "機関区分": 3, "都道府県コード": 20, "市区町村コード": 206, "所在地": "長野県諏訪市中洲３６１２－４", "緯度": 36.017686, "経度": 138.123519, "url": "https://www.iryou.teikyouseido.mhlw.go.jp/znk-web/juminkanja/S2430/initialize?prefCd=20&kikanCd=3205402110&kikanKbn=3", "url2": "https://rocky-dental.com", "内容": "ロッキー歯科医院【3:歯科】長野県諏訪市中洲３６１２－４" }, "geometry": { "type": "Point", "coordinates": [ 138.123519, 36.017686 ] } },
{ "type": "Feature", "properties": { "ID": "2033205402660", "正式名称": "行田歯科医院", "機関区分": 3, "都道府県コード": 20, "市区町村コード": 214, "所在地": "長野県茅野市仲町１４－２", "緯度": 35.992967, "経度": 138.156156, "url": "https://www.iryou.teikyouseido.mhlw.go.jp/znk-web/juminkanja/S2430/initialize?prefCd=20&kikanCd=3205402660&kikanKbn=3", "url2": null, "内容": "行田歯科医院【3:歯科】長野県茅野市仲町１４－２" }, "geometry": { "type": "Point", "coordinates": [ 138.156156, 35.992967 ] } },
{ "type": "Feature", "properties": { "ID": "2033205403090", "正式名称": "吉水歯科医院", "機関区分": 3, "都道府県コード": 20, "市区町村コード": 214, "所在地": "長野県茅野市本町３－４６", "緯度": 35.998383, "経度": 138.168155, "url": "https://www.iryou.teikyouseido.mhlw.go.jp/znk-web/juminkanja/S2430/initialize?prefCd=20&kikanCd=3205403090&kikanKbn=3", "url2": null, "内容": "吉水歯科医院【3:歯科】長野県茅野市本町３－４６" }, "geometry": { "type": "Point", "coordinates": [ 138.168155, 35.998383 ] } },
{ "type": "Feature", "properties": { "ID": "2033205403120", "正式名称": "茅野歯科医院", "機関区分": 3, "都道府県コード": 20, "市区町村コード": 214, "所在地": "長野県茅野市塚原１－１４－５", "緯度": 35.998994, "経度": 138.149767, "url": "https://www.iryou.teikyouseido.mhlw.go.jp/znk-web/juminkanja/S2430/initialize?prefCd=20&kikanCd=3205403120&kikanKbn=3", "url2": null, "内容": "茅野歯科医院【3:歯科】長野県茅野市塚原１－１４－５" }, "geometry": { "type": "Point", "coordinates": [ 138.149767, 35.998994 ] } },
{ "type": "Feature", "properties": { "ID": "2033205403250", "正式名称": "矢崎歯科医院", "機関区分": 3, "都道府県コード": 20, "市区町村コード": 214, "所在地": "長野県茅野市米沢植原田３－１０", "緯度": 36.005716, "経度": 138.175182, "url": "https://www.iryou.teikyouseido.mhlw.go.jp/znk-web/juminkanja/S2430/initialize?prefCd=20&kikanCd=3205403250&kikanKbn=3", "url2": null, "内容": "矢崎歯科医院【3:歯科】長野県茅野市米沢植原田３－１０" }, "geometry": { "type": "Point", "coordinates": [ 138.175182, 36.005716 ] } },
{ "type": "Feature", "properties": { "ID": "2033205403830", "正式名称": "清水歯科医院", "機関区分": 3, "都道府県コード": 20, "市区町村コード": 362, "所在地": "長野県諏訪郡富士見町落合１００２８－３８", "緯度": 35.914673, "経度": 138.240763, "url": "https://www.iryou.teikyouseido.mhlw.go.jp/znk-web/juminkanja/S2430/initialize?prefCd=20&kikanCd=3205403830&kikanKbn=3", "url2": null, "内容": "清水歯科医院【3:歯科】長野県諏訪郡富士見町落合１００２８－３８" }, "geometry": { "type": "Point", "coordinates": [ 138.240763, 35.914673 ] } },
{ "type": "Feature", "properties": { "ID": "2033205403960", "正式名称": "酒井歯科医院", "機関区分": 3, "都道府県コード": 20, "市区町村コード": 214, "所在地": "長野県茅野市本町", "緯度": 35.997911, "経度": 138.161377, "url": "https://www.iryou.teikyouseido.mhlw.go.jp/znk-web/juminkanja/S2430/initialize?prefCd=20&kikanCd=3205403960&kikanKbn=3", "url2": null, "内容": "酒井歯科医院【3:歯科】長野県茅野市本町" }, "geometry": { "type": "Point", "coordinates": [ 138.161377, 35.997911 ] } },
{ "type": "Feature", "properties": { "ID": "2033205404000", "正式名称": "医療法人小池歯科医院　こいけ歯科・矯正歯科", "機関区分": 3, "都道府県コード": 20, "市区町村コード": 214, "所在地": "長野県茅野市宮川４７４５−１", "緯度": 35.987662, "経度": 138.156878, "url": "https://www.iryou.teikyouseido.mhlw.go.jp/znk-web/juminkanja/S2430/initialize?prefCd=20&kikanCd=3205404000&kikanKbn=3", "url2": "http://www.koikeshika-kyousei-chino.com", "内容": "医療法人小池歯科医院　こいけ歯科・矯正歯科【3:歯科】長野県茅野市宮川４７４５−１" }, "geometry": { "type": "Point", "coordinates": [ 138.156878, 35.987662 ] } },
{ "type": "Feature", "properties": { "ID": "2033205404130", "正式名称": "医療法人　クリーン歯科医院", "機関区分": 3, "都道府県コード": 20, "市区町村コード": 206, "所在地": "長野県諏訪市中洲５６４４－１", "緯度": 36.017852, "経度": 138.114631, "url": "https://www.iryou.teikyouseido.mhlw.go.jp/znk-web/juminkanja/S2430/initialize?prefCd=20&kikanCd=3205404130&kikanKbn=3", "url2": "https://www.dental-iiha.com/d0013530.html", "内容": "医療法人　クリーン歯科医院【3:歯科】長野県諏訪市中洲５６４４－１" }, "geometry": { "type": "Point", "coordinates": [ 138.114631, 36.017852 ] } },
{ "type": "Feature", "properties": { "ID": "2033205404260", "正式名称": "医療法人三井歯科医院", "機関区分": 3, "都道府県コード": 20, "市区町村コード": 362, "所在地": "長野県諏訪郡富士見町落合９９８４", "緯度": 35.912145, "経度": 138.239513, "url": "https://www.iryou.teikyouseido.mhlw.go.jp/znk-web/juminkanja/S2430/initialize?prefCd=20&kikanCd=3205404260&kikanKbn=3", "url2": null, "内容": "医療法人三井歯科医院【3:歯科】長野県諏訪郡富士見町落合９９８４" }, "geometry": { "type": "Point", "coordinates": [ 138.239513, 35.912145 ] } },
{ "type": "Feature", "properties": { "ID": "2033205404390", "正式名称": "米山歯科医院", "機関区分": 3, "都道府県コード": 20, "市区町村コード": 206, "所在地": "長野県諏訪市豊田２４８３－５", "緯度": 36.033433, "経度": 138.08841, "url": "https://www.iryou.teikyouseido.mhlw.go.jp/znk-web/juminkanja/S2430/initialize?prefCd=20&kikanCd=3205404390&kikanKbn=3", "url2": null, "内容": "米山歯科医院【3:歯科】長野県諏訪市豊田２４８３－５" }, "geometry": { "type": "Point", "coordinates": [ 138.08841, 36.033433 ] } },
{ "type": "Feature", "properties": { "ID": "2033205404680", "正式名称": "藤森歯科クリニック", "機関区分": 3, "都道府県コード": 20, "市区町村コード": 206, "所在地": "長野県諏訪市城南１－２５５３－６", "緯度": 36.033545, "経度": 138.116824, "url": "https://www.iryou.teikyouseido.mhlw.go.jp/znk-web/juminkanja/S2430/initialize?prefCd=20&kikanCd=3205404680&kikanKbn=3", "url2": null, "内容": "藤森歯科クリニック【3:歯科】長野県諏訪市城南１－２５５３－６" }, "geometry": { "type": "Point", "coordinates": [ 138.116824, 36.033545 ] } },
{ "type": "Feature", "properties": { "ID": "2033205404710", "正式名称": "林歯科クリニック", "機関区分": 3, "都道府県コード": 20, "市区町村コード": 214, "所在地": "長野県茅野市ちの", "緯度": 36.010076, "経度": 138.13849, "url": "https://www.iryou.teikyouseido.mhlw.go.jp/znk-web/juminkanja/S2430/initialize?prefCd=20&kikanCd=3205404710&kikanKbn=3", "url2": null, "内容": "林歯科クリニック【3:歯科】長野県茅野市ちの" }, "geometry": { "type": "Point", "coordinates": [ 138.13849, 36.010076 ] } },
{ "type": "Feature", "properties": { "ID": "2033205404970", "正式名称": "小林歯科クリニック", "機関区分": 3, "都道府県コード": 20, "市区町村コード": 206, "所在地": "長野県諏訪市豊田２６１", "緯度": 36.02699, "経度": 138.107159, "url": "https://www.iryou.teikyouseido.mhlw.go.jp/znk-web/juminkanja/S2430/initialize?prefCd=20&kikanCd=3205404970&kikanKbn=3", "url2": "http://www.suwa-kobayashi-dc.jp/", "内容": "小林歯科クリニック【3:歯科】長野県諏訪市豊田２６１" }, "geometry": { "type": "Point", "coordinates": [ 138.107159, 36.02699 ] } },
{ "type": "Feature", "properties": { "ID": "2033205405010", "正式名称": "落合歯科医院", "機関区分": 3, "都道府県コード": 20, "市区町村コード": 206, "所在地": "長野県諏訪市豊田", "緯度": 36.019629, "経度": 138.088966, "url": "https://www.iryou.teikyouseido.mhlw.go.jp/znk-web/juminkanja/S2430/initialize?prefCd=20&kikanCd=3205405010&kikanKbn=3", "url2": null, "内容": "落合歯科医院【3:歯科】長野県諏訪市豊田" }, "geometry": { "type": "Point", "coordinates": [ 138.088966, 36.019629 ] } },
{ "type": "Feature", "properties": { "ID": "2033205405270", "正式名称": "五味歯科医院", "機関区分": 3, "都道府県コード": 20, "市区町村コード": 214, "所在地": "長野県茅野市ちの２５７５－１", "緯度": 35.996744, "経度": 138.144879, "url": "https://www.iryou.teikyouseido.mhlw.go.jp/znk-web/juminkanja/S2430/initialize?prefCd=20&kikanCd=3205405270&kikanKbn=3", "url2": null, "内容": "五味歯科医院【3:歯科】長野県茅野市ちの２５７５－１" }, "geometry": { "type": "Point", "coordinates": [ 138.144879, 35.996744 ] } },
{ "type": "Feature", "properties": { "ID": "2033205405430", "正式名称": "岳歯科医院", "機関区分": 3, "都道府県コード": 20, "市区町村コード": 363, "所在地": "長野県諏訪郡原村やつがね１２５２６－１", "緯度": 35.955723, "経度": 138.211903, "url": "https://www.iryou.teikyouseido.mhlw.go.jp/znk-web/juminkanja/S2430/initialize?prefCd=20&kikanCd=3205405430&kikanKbn=3", "url2": null, "内容": "岳歯科医院【3:歯科】長野県諏訪郡原村やつがね１２５２６－１" }, "geometry": { "type": "Point", "coordinates": [ 138.211903, 35.955723 ] } },
{ "type": "Feature", "properties": { "ID": "2033205405690", "正式名称": "宮坂歯科医院", "機関区分": 3, "都道府県コード": 20, "市区町村コード": 206, "所在地": "長野県諏訪市大手１－１８－１０", "緯度": 36.042682, "経度": 138.114769, "url": "https://www.iryou.teikyouseido.mhlw.go.jp/znk-web/juminkanja/S2430/initialize?prefCd=20&kikanCd=3205405690&kikanKbn=3", "url2": null, "内容": "宮坂歯科医院【3:歯科】長野県諏訪市大手１－１８－１０" }, "geometry": { "type": "Point", "coordinates": [ 138.114769, 36.042682 ] } },
{ "type": "Feature", "properties": { "ID": "2033205405850", "正式名称": "今井歯科医院", "機関区分": 3, "都道府県コード": 20, "市区町村コード": 214, "所在地": "長野県茅野市玉川", "緯度": 35.987135, "経度": 138.183904, "url": "https://www.iryou.teikyouseido.mhlw.go.jp/znk-web/juminkanja/S2430/initialize?prefCd=20&kikanCd=3205405850&kikanKbn=3", "url2": null, "内容": "今井歯科医院【3:歯科】長野県茅野市玉川" }, "geometry": { "type": "Point", "coordinates": [ 138.183904, 35.987135 ] } },
{ "type": "Feature", "properties": { "ID": "2033205406020", "正式名称": "あさひ中央台歯科診療所", "機関区分": 3, "都道府県コード": 20, "市区町村コード": 361, "所在地": "長野県諏訪郡下諏訪町東赤砂４７００－１６", "緯度": 36.065651, "経度": 138.082632, "url": "https://www.iryou.teikyouseido.mhlw.go.jp/znk-web/juminkanja/S2430/initialize?prefCd=20&kikanCd=3205406020&kikanKbn=3", "url2": "http://asahichuodai.ojaru.jp/", "内容": "あさひ中央台歯科診療所【3:歯科】長野県諏訪郡下諏訪町東赤砂４７００－１６" }, "geometry": { "type": "Point", "coordinates": [ 138.082632, 36.065651 ] } },
{ "type": "Feature", "properties": { "ID": "2033205406150", "正式名称": "中村歯科医院", "機関区分": 3, "都道府県コード": 20, "市区町村コード": 204, "所在地": "長野県岡谷市本町４－１－４", "緯度": 36.064595, "経度": 138.046246, "url": "https://www.iryou.teikyouseido.mhlw.go.jp/znk-web/juminkanja/S2430/initialize?prefCd=20&kikanCd=3205406150&kikanKbn=3", "url2": "http://www.nakamura-dent.com/", "内容": "中村歯科医院【3:歯科】長野県岡谷市本町４－１－４" }, "geometry": { "type": "Point", "coordinates": [ 138.046246, 36.064595 ] } },
{ "type": "Feature", "properties": { "ID": "2033205406440", "正式名称": "堀歯科医院", "機関区分": 3, "都道府県コード": 20, "市区町村コード": 206, "所在地": "長野県諏訪市湖岸通り４−５−１８", "緯度": 36.046626, "経度": 138.113546, "url": "https://www.iryou.teikyouseido.mhlw.go.jp/znk-web/juminkanja/S2430/initialize?prefCd=20&kikanCd=3205406440&kikanKbn=3", "url2": null, "内容": "堀歯科医院【3:歯科】長野県諏訪市湖岸通り４−５−１８" }, "geometry": { "type": "Point", "coordinates": [ 138.113546, 36.046626 ] } },
{ "type": "Feature", "properties": { "ID": "2033205407030", "正式名称": "こなみ歯科医院", "機関区分": 3, "都道府県コード": 20, "市区町村コード": 206, "所在地": "長野県諏訪市湖南５８８２－５", "緯度": 36.012991, "経度": 138.094577, "url": "https://www.iryou.teikyouseido.mhlw.go.jp/znk-web/juminkanja/S2430/initialize?prefCd=20&kikanCd=3205407030&kikanKbn=3", "url2": null, "内容": "こなみ歯科医院【3:歯科】長野県諏訪市湖南５８８２－５" }, "geometry": { "type": "Point", "coordinates": [ 138.094577, 36.012991 ] } },
{ "type": "Feature", "properties": { "ID": "2033205407290", "正式名称": "江川歯科医院", "機関区分": 3, "都道府県コード": 20, "市区町村コード": 214, "所在地": "長野県茅野市ちの", "緯度": 35.999855, "経度": 138.141712, "url": "https://www.iryou.teikyouseido.mhlw.go.jp/znk-web/juminkanja/S2430/initialize?prefCd=20&kikanCd=3205407290&kikanKbn=3", "url2": null, "内容": "江川歯科医院【3:歯科】長野県茅野市ちの" }, "geometry": { "type": "Point", "coordinates": [ 138.141712, 35.999855 ] } },
{ "type": "Feature", "properties": { "ID": "2033205407320", "正式名称": "ふじもりデンタルオフィス", "機関区分": 3, "都道府県コード": 20, "市区町村コード": 214, "所在地": "長野県茅野市宮川１１４０－１", "緯度": 35.995522, "経度": 138.133769, "url": "https://www.iryou.teikyouseido.mhlw.go.jp/znk-web/juminkanja/S2430/initialize?prefCd=20&kikanCd=3205407320&kikanKbn=3", "url2": null, "内容": "ふじもりデンタルオフィス【3:歯科】長野県茅野市宮川１１４０－１" }, "geometry": { "type": "Point", "coordinates": [ 138.133769, 35.995522 ] } },
{ "type": "Feature", "properties": { "ID": "2033205407450", "正式名称": "やつがね歯科医院", "機関区分": 3, "都道府県コード": 20, "市区町村コード": 214, "所在地": "長野県茅野市豊平３３１１－１", "緯度": 36.022187, "経度": 138.206734, "url": "https://www.iryou.teikyouseido.mhlw.go.jp/znk-web/juminkanja/S2430/initialize?prefCd=20&kikanCd=3205407450&kikanKbn=3", "url2": "http://www.chinoshi.org/sagasu/yatsugane/", "内容": "やつがね歯科医院【3:歯科】長野県茅野市豊平３３１１－１" }, "geometry": { "type": "Point", "coordinates": [ 138.206734, 36.022187 ] } },
{ "type": "Feature", "properties": { "ID": "2033205407610", "正式名称": "早出歯科医院", "機関区分": 3, "都道府県コード": 20, "市区町村コード": 204, "所在地": "長野県岡谷市長地出早三丁目三番地十九号", "緯度": 36.087676, "経度": 138.054078, "url": "https://www.iryou.teikyouseido.mhlw.go.jp/znk-web/juminkanja/S2430/initialize?prefCd=20&kikanCd=3205407610&kikanKbn=3", "url2": null, "内容": "早出歯科医院【3:歯科】長野県岡谷市長地出早三丁目三番地十九号" }, "geometry": { "type": "Point", "coordinates": [ 138.054078, 36.087676 ] } },
{ "type": "Feature", "properties": { "ID": "2033205407740", "正式名称": "山田歯科クリニック", "機関区分": 3, "都道府県コード": 20, "市区町村コード": 363, "所在地": "長野県諏訪郡原村５７０３", "緯度": 35.965034, "経度": 138.215196, "url": "https://www.iryou.teikyouseido.mhlw.go.jp/znk-web/juminkanja/S2430/initialize?prefCd=20&kikanCd=3205407740&kikanKbn=3", "url2": null, "内容": "山田歯科クリニック【3:歯科】長野県諏訪郡原村５７０３" }, "geometry": { "type": "Point", "coordinates": [ 138.215196, 35.965034 ] } },
{ "type": "Feature", "properties": { "ID": "2033205407870", "正式名称": "たんぽぽ歯科クリニック", "機関区分": 3, "都道府県コード": 20, "市区町村コード": 214, "所在地": "長野県茅野市宮川４５３５－４", "緯度": 35.98844, "経度": 138.154323, "url": "https://www.iryou.teikyouseido.mhlw.go.jp/znk-web/juminkanja/S2430/initialize?prefCd=20&kikanCd=3205407870&kikanKbn=3", "url2": "tanpopo-dc.jp", "内容": "たんぽぽ歯科クリニック【3:歯科】長野県茅野市宮川４５３５－４" }, "geometry": { "type": "Point", "coordinates": [ 138.154323, 35.98844 ] } },
{ "type": "Feature", "properties": { "ID": "2033205407900", "正式名称": "浅井歯科医院", "機関区分": 3, "都道府県コード": 20, "市区町村コード": 214, "所在地": "長野県茅野市中大塩１５－５９", "緯度": 36.023492, "経度": 138.18718, "url": "https://www.iryou.teikyouseido.mhlw.go.jp/znk-web/juminkanja/S2430/initialize?prefCd=20&kikanCd=3205407900&kikanKbn=3", "url2": null, "内容": "浅井歯科医院【3:歯科】長野県茅野市中大塩１５－５９" }, "geometry": { "type": "Point", "coordinates": [ 138.18718, 36.023492 ] } },
{ "type": "Feature", "properties": { "ID": "2033205408040", "正式名称": "ジュンデンタルクリニック", "機関区分": 3, "都道府県コード": 20, "市区町村コード": 204, "所在地": "長野県岡谷市御倉町２－２６", "緯度": 36.056818, "経度": 138.041663, "url": "https://www.iryou.teikyouseido.mhlw.go.jp/znk-web/juminkanja/S2430/initialize?prefCd=20&kikanCd=3205408040&kikanKbn=3", "url2": null, "内容": "ジュンデンタルクリニック【3:歯科】長野県岡谷市御倉町２－２６" }, "geometry": { "type": "Point", "coordinates": [ 138.041663, 36.056818 ] } },
{ "type": "Feature", "properties": { "ID": "2033205408170", "正式名称": "なわ歯科医院", "機関区分": 3, "都道府県コード": 20, "市区町村コード": 204, "所在地": "長野県岡谷市長地御所１－８－６", "緯度": 36.070845, "経度": 138.067466, "url": "https://www.iryou.teikyouseido.mhlw.go.jp/znk-web/juminkanja/S2430/initialize?prefCd=20&kikanCd=3205408170&kikanKbn=3", "url2": "http://www.nawashikaiin.com/", "内容": "なわ歯科医院【3:歯科】長野県岡谷市長地御所１－８－６" }, "geometry": { "type": "Point", "coordinates": [ 138.067466, 36.070845 ] } },
{ "type": "Feature", "properties": { "ID": "2033205408200", "正式名称": "さつき歯科医院", "機関区分": 3, "都道府県コード": 20, "市区町村コード": 361, "所在地": "長野県諏訪郡下諏訪町高浜６１７８−１", "緯度": 36.067457, "経度": 138.096269, "url": "https://www.iryou.teikyouseido.mhlw.go.jp/znk-web/juminkanja/S2430/initialize?prefCd=20&kikanCd=3205408200&kikanKbn=3", "url2": null, "内容": "さつき歯科医院【3:歯科】長野県諏訪郡下諏訪町高浜６１７８−１" }, "geometry": { "type": "Point", "coordinates": [ 138.096269, 36.067457 ] } },
{ "type": "Feature", "properties": { "ID": "2033205408330", "正式名称": "野村デンタルクリニック", "機関区分": 3, "都道府県コード": 20, "市区町村コード": 362, "所在地": "長野県諏訪郡富士見町落合１１１８４－１４", "緯度": 35.912347, "経度": 138.245581, "url": "https://www.iryou.teikyouseido.mhlw.go.jp/znk-web/juminkanja/S2430/initialize?prefCd=20&kikanCd=3205408330&kikanKbn=3", "url2": null, "内容": "野村デンタルクリニック【3:歯科】長野県諏訪郡富士見町落合１１１８４－１４" }, "geometry": { "type": "Point", "coordinates": [ 138.245581, 35.912347 ] } },
{ "type": "Feature", "properties": { "ID": "2033205408590", "正式名称": "どんぐり歯科医院", "機関区分": 3, "都道府県コード": 20, "市区町村コード": 214, "所在地": "長野県茅野市玉川３７７９－１", "緯度": 35.98783, "経度": 138.190792, "url": "https://www.iryou.teikyouseido.mhlw.go.jp/znk-web/juminkanja/S2430/initialize?prefCd=20&kikanCd=3205408590&kikanKbn=3", "url2": null, "内容": "どんぐり歯科医院【3:歯科】長野県茅野市玉川３７７９－１" }, "geometry": { "type": "Point", "coordinates": [ 138.190792, 35.98783 ] } },
{ "type": "Feature", "properties": { "ID": "2033205408750", "正式名称": "やじま歯科医院", "機関区分": 3, "都道府県コード": 20, "市区町村コード": 214, "所在地": "長野県茅野市本町西３－２２", "緯度": 35.996161, "経度": 138.163794, "url": "https://www.iryou.teikyouseido.mhlw.go.jp/znk-web/juminkanja/S2430/initialize?prefCd=20&kikanCd=3205408750&kikanKbn=3", "url2": null, "内容": "やじま歯科医院【3:歯科】長野県茅野市本町西３－２２" }, "geometry": { "type": "Point", "coordinates": [ 138.163794, 35.996161 ] } },
{ "type": "Feature", "properties": { "ID": "2033205408880", "正式名称": "ちの東部歯科クリニック", "機関区分": 3, "都道府県コード": 20, "市区町村コード": 214, "所在地": "長野県茅野市玉川４１５５－１", "緯度": 35.991273, "経度": 138.182876, "url": "https://www.iryou.teikyouseido.mhlw.go.jp/znk-web/juminkanja/S2430/initialize?prefCd=20&kikanCd=3205408880&kikanKbn=3", "url2": null, "内容": "ちの東部歯科クリニック【3:歯科】長野県茅野市玉川４１５５－１" }, "geometry": { "type": "Point", "coordinates": [ 138.182876, 35.991273 ] } },
{ "type": "Feature", "properties": { "ID": "2033205408910", "正式名称": "正田歯科クリニック", "機関区分": 3, "都道府県コード": 20, "市区町村コード": 206, "所在地": "長野県諏訪市湖南１２５－１", "緯度": 36.007298, "経度": 138.123547, "url": "https://www.iryou.teikyouseido.mhlw.go.jp/znk-web/juminkanja/S2430/initialize?prefCd=20&kikanCd=3205408910&kikanKbn=3", "url2": null, "内容": "正田歯科クリニック【3:歯科】長野県諏訪市湖南１２５－１" }, "geometry": { "type": "Point", "coordinates": [ 138.123547, 36.007298 ] } },
{ "type": "Feature", "properties": { "ID": "2033205409050", "正式名称": "かがやき歯科クリニック", "機関区分": 3, "都道府県コード": 20, "市区町村コード": 362, "所在地": "長野県諏訪郡富士見町落合", "緯度": 35.918366, "経度": 138.236597, "url": "https://www.iryou.teikyouseido.mhlw.go.jp/znk-web/juminkanja/S2430/initialize?prefCd=20&kikanCd=3205409050&kikanKbn=3", "url2": null, "内容": "かがやき歯科クリニック【3:歯科】長野県諏訪郡富士見町落合" }, "geometry": { "type": "Point", "coordinates": [ 138.236597, 35.918366 ] } },
{ "type": "Feature", "properties": { "ID": "2033205409630", "正式名称": "あおば歯科クリニック", "機関区分": 3, "都道府県コード": 20, "市区町村コード": 206, "所在地": "長野県諏訪市高島１−２１−１４", "緯度": 36.0396, "経度": 138.114602, "url": "https://www.iryou.teikyouseido.mhlw.go.jp/znk-web/juminkanja/S2430/initialize?prefCd=20&kikanCd=3205409630&kikanKbn=3", "url2": "http://www.aoba-dental-clinic.net/", "内容": "あおば歯科クリニック【3:歯科】長野県諏訪市高島１−２１−１４" }, "geometry": { "type": "Point", "coordinates": [ 138.114602, 36.0396 ] } },
{ "type": "Feature", "properties": { "ID": "2033205410290", "正式名称": "ゆう歯科クリニック", "機関区分": 3, "都道府県コード": 20, "市区町村コード": 206, "所在地": "長野県諏訪市清水１－６－３３", "緯度": 36.037906, "経度": 138.124601, "url": "https://www.iryou.teikyouseido.mhlw.go.jp/znk-web/juminkanja/S2430/initialize?prefCd=20&kikanCd=3205410290&kikanKbn=3", "url2": null, "内容": "ゆう歯科クリニック【3:歯科】長野県諏訪市清水１－６－３３" }, "geometry": { "type": "Point", "coordinates": [ 138.124601, 36.037906 ] } },
{ "type": "Feature", "properties": { "ID": "2033205410320", "正式名称": "レイクウォーク歯科クリニック", "機関区分": 3, "都道府県コード": 20, "市区町村コード": 204, "所在地": "長野県岡谷市銀座", "緯度": 36.067761, "経度": 138.052106, "url": "https://www.iryou.teikyouseido.mhlw.go.jp/znk-web/juminkanja/S2430/initialize?prefCd=20&kikanCd=3205410320&kikanKbn=3", "url2": "http://lakewalk-dentalclinic.com/", "内容": "レイクウォーク歯科クリニック【3:歯科】長野県岡谷市銀座" }, "geometry": { "type": "Point", "coordinates": [ 138.052106, 36.067761 ] } },
{ "type": "Feature", "properties": { "ID": "2033205410450", "正式名称": "堀歯科医院", "機関区分": 3, "都道府県コード": 20, "市区町村コード": 214, "所在地": "長野県茅野市塚原２−５−５１", "緯度": 35.994385, "経度": 138.158041, "url": "https://www.iryou.teikyouseido.mhlw.go.jp/znk-web/juminkanja/S2430/initialize?prefCd=20&kikanCd=3205410450&kikanKbn=3", "url2": null, "内容": "堀歯科医院【3:歯科】長野県茅野市塚原２−５−５１" }, "geometry": { "type": "Point", "coordinates": [ 138.158041, 35.994385 ] } },
{ "type": "Feature", "properties": { "ID": "2033205410580", "正式名称": "こまつ歯科医院", "機関区分": 3, "都道府県コード": 20, "市区町村コード": 214, "所在地": "長野県茅野市塚原１丁目２番３２号", "緯度": 35.998472, "経度": 138.153584, "url": "https://www.iryou.teikyouseido.mhlw.go.jp/znk-web/juminkanja/S2430/initialize?prefCd=20&kikanCd=3205410580&kikanKbn=3", "url2": null, "内容": "こまつ歯科医院【3:歯科】長野県茅野市塚原１丁目２番３２号" }, "geometry": { "type": "Point", "coordinates": [ 138.153584, 35.998472 ] } },
{ "type": "Feature", "properties": { "ID": "2033205410610", "正式名称": "溝口歯科診療所", "機関区分": 3, "都道府県コード": 20, "市区町村コード": 361, "所在地": "長野県諏訪郡下諏訪町西赤砂４３４２－１２", "緯度": 36.067787, "経度": 138.07555, "url": "https://www.iryou.teikyouseido.mhlw.go.jp/znk-web/juminkanja/S2430/initialize?prefCd=20&kikanCd=3205410610&kikanKbn=3", "url2": null, "内容": "溝口歯科診療所【3:歯科】長野県諏訪郡下諏訪町西赤砂４３４２－１２" }, "geometry": { "type": "Point", "coordinates": [ 138.07555, 36.067787 ] } },
{ "type": "Feature", "properties": { "ID": "2033205410870", "正式名称": "大西歯科クリニック", "機関区分": 3, "都道府県コード": 20, "市区町村コード": 206, "所在地": "長野県諏訪市湖南３９２７－７", "緯度": 36.009668, "経度": 138.101906, "url": "https://www.iryou.teikyouseido.mhlw.go.jp/znk-web/juminkanja/S2430/initialize?prefCd=20&kikanCd=3205410870&kikanKbn=3", "url2": null, "内容": "大西歯科クリニック【3:歯科】長野県諏訪市湖南３９２７－７" }, "geometry": { "type": "Point", "coordinates": [ 138.101906, 36.009668 ] } },
{ "type": "Feature", "properties": { "ID": "2033205411170", "正式名称": "土田歯科医院", "機関区分": 3, "都道府県コード": 20, "市区町村コード": 361, "所在地": "長野県諏訪郡下諏訪町湖畔町", "緯度": 36.069568, "経度": 138.089742, "url": "https://www.iryou.teikyouseido.mhlw.go.jp/znk-web/juminkanja/S2430/initialize?prefCd=20&kikanCd=3205411170&kikanKbn=3", "url2": "https://www.dental-iiha.com/d0047711.html", "内容": "土田歯科医院【3:歯科】長野県諏訪郡下諏訪町湖畔町" }, "geometry": { "type": "Point", "coordinates": [ 138.089742, 36.069568 ] } },
{ "type": "Feature", "properties": { "ID": "2033205411330", "正式名称": "なごみ歯科クリニック", "機関区分": 3, "都道府県コード": 20, "市区町村コード": 206, "所在地": "長野県諏訪市中洲", "緯度": 35.99868, "経度": 138.11966, "url": "https://www.iryou.teikyouseido.mhlw.go.jp/znk-web/juminkanja/S2430/initialize?prefCd=20&kikanCd=3205411330&kikanKbn=3", "url2": null, "内容": "なごみ歯科クリニック【3:歯科】長野県諏訪市中洲" }, "geometry": { "type": "Point", "coordinates": [ 138.11966, 35.99868 ] } },
{ "type": "Feature", "properties": { "ID": "2033205411590", "正式名称": "医療法人社団　清慈会　宮坂歯科診療所", "機関区分": 3, "都道府県コード": 20, "市区町村コード": 204, "所在地": "長野県岡谷市中央町１－９－２　１階", "緯度": 36.06095, "経度": 138.046511, "url": "https://www.iryou.teikyouseido.mhlw.go.jp/znk-web/juminkanja/S2430/initialize?prefCd=20&kikanCd=3205411590&kikanKbn=3", "url2": null, "内容": "医療法人社団　清慈会　宮坂歯科診療所【3:歯科】長野県岡谷市中央町１－９－２　１階" }, "geometry": { "type": "Point", "coordinates": [ 138.046511, 36.06095 ] } },
{ "type": "Feature", "properties": { "ID": "2033205411620", "正式名称": "三井歯科医院", "機関区分": 3, "都道府県コード": 20, "市区町村コード": 204, "所在地": "長野県岡谷市郷田", "緯度": 36.070912, "経度": 138.050122, "url": "https://www.iryou.teikyouseido.mhlw.go.jp/znk-web/juminkanja/S2430/initialize?prefCd=20&kikanCd=3205411620&kikanKbn=3", "url2": "https://www.mitsuishika-okaya.com/", "内容": "三井歯科医院【3:歯科】長野県岡谷市郷田" }, "geometry": { "type": "Point", "coordinates": [ 138.050122, 36.070912 ] } },
{ "type": "Feature", "properties": { "ID": "2033205411750", "正式名称": "湊歯科医院", "機関区分": 3, "都道府県コード": 20, "市区町村コード": 204, "所在地": "長野県岡谷市湊１－１７－１５", "緯度": 36.049704, "経度": 138.05255, "url": "https://www.iryou.teikyouseido.mhlw.go.jp/znk-web/juminkanja/S2430/initialize?prefCd=20&kikanCd=3205411750&kikanKbn=3", "url2": "https://minato-dentalclinic.com/", "内容": "湊歯科医院【3:歯科】長野県岡谷市湊１－１７－１５" }, "geometry": { "type": "Point", "coordinates": [ 138.05255, 36.049704 ] } },
{ "type": "Feature", "properties": { "ID": "2033205411880", "正式名称": "医療法人ももデンタルクリニック", "機関区分": 3, "都道府県コード": 20, "市区町村コード": 204, "所在地": "長野県岡谷市長地柴宮２－１４－４０", "緯度": 36.077117, "経度": 138.064858, "url": "https://www.iryou.teikyouseido.mhlw.go.jp/znk-web/juminkanja/S2430/initialize?prefCd=20&kikanCd=3205411880&kikanKbn=3", "url2": "https://momo-dent.com", "内容": "医療法人ももデンタルクリニック【3:歯科】長野県岡谷市長地柴宮２－１４－４０" }, "geometry": { "type": "Point", "coordinates": [ 138.064858, 36.077117 ] } },
{ "type": "Feature", "properties": { "ID": "2033205411910", "正式名称": "秋山歯科医院", "機関区分": 3, "都道府県コード": 20, "市区町村コード": 206, "所在地": "長野県諏訪市湯の脇１－１１－９", "緯度": 36.051007, "経度": 138.1181, "url": "https://www.iryou.teikyouseido.mhlw.go.jp/znk-web/juminkanja/S2430/initialize?prefCd=20&kikanCd=3205411910&kikanKbn=3", "url2": null, "内容": "秋山歯科医院【3:歯科】長野県諏訪市湯の脇１－１１－９" }, "geometry": { "type": "Point", "coordinates": [ 138.1181, 36.051007 ] } },
{ "type": "Feature", "properties": { "ID": "2033205412050", "正式名称": "茅野インプラント歯科診療所", "機関区分": 3, "都道府県コード": 20, "市区町村コード": 214, "所在地": "長野県茅野市宮川４５６２", "緯度": 35.989753, "経度": 138.153324, "url": "https://www.iryou.teikyouseido.mhlw.go.jp/znk-web/juminkanja/S2430/initialize?prefCd=20&kikanCd=3205412050&kikanKbn=3", "url2": "https://chino-implant.com/index.html", "内容": "茅野インプラント歯科診療所【3:歯科】長野県茅野市宮川４５６２" }, "geometry": { "type": "Point", "coordinates": [ 138.153324, 35.989753 ] } },
{ "type": "Feature", "properties": { "ID": "2033205412180", "正式名称": "諏訪矯正・予防歯科　４Ｓ", "機関区分": 3, "都道府県コード": 20, "市区町村コード": 206, "所在地": "長野県諏訪市中洲４２１", "緯度": 36.008478, "経度": 138.11822, "url": "https://www.iryou.teikyouseido.mhlw.go.jp/znk-web/juminkanja/S2430/initialize?prefCd=20&kikanCd=3205412180&kikanKbn=3", "url2": "https://ss4s.jp", "内容": "諏訪矯正・予防歯科　４Ｓ【3:歯科】長野県諏訪市中洲４２１" }, "geometry": { "type": "Point", "coordinates": [ 138.11822, 36.008478 ] } },
{ "type": "Feature", "properties": { "ID": "2033205412210", "正式名称": "清水歯科医院", "機関区分": 3, "都道府県コード": 20, "市区町村コード": 214, "所在地": "長野県茅野市玉川４６５０－１", "緯度": 35.990064, "経度": 138.168942, "url": "https://www.iryou.teikyouseido.mhlw.go.jp/znk-web/juminkanja/S2430/initialize?prefCd=20&kikanCd=3205412210&kikanKbn=3", "url2": "https://shimizu-dclinic.com/", "内容": "清水歯科医院【3:歯科】長野県茅野市玉川４６５０－１" }, "geometry": { "type": "Point", "coordinates": [ 138.168942, 35.990064 ] } },
{ "type": "Feature", "properties": { "ID": "2033205412340", "正式名称": "アルプス矯正・小児歯科クリニック", "機関区分": 3, "都道府県コード": 20, "市区町村コード": 204, "所在地": "長野県岡谷市本町二丁目３－４", "緯度": 36.060873, "経度": 138.044469, "url": "https://www.iryou.teikyouseido.mhlw.go.jp/znk-web/juminkanja/S2430/initialize?prefCd=20&kikanCd=3205412340&kikanKbn=3", "url2": "http://www.lcv.ne.jp/~hanarabi", "内容": "アルプス矯正・小児歯科クリニック【3:歯科】長野県岡谷市本町二丁目３－４" }, "geometry": { "type": "Point", "coordinates": [ 138.044469, 36.060873 ] } },
{ "type": "Feature", "properties": { "ID": "2033205412470", "正式名称": "上條歯科医院", "機関区分": 3, "都道府県コード": 20, "市区町村コード": 214, "所在地": "長野県茅野市仲町８－７", "緯度": 35.993522, "経度": 138.15385, "url": "https://www.iryou.teikyouseido.mhlw.go.jp/znk-web/juminkanja/S2430/initialize?prefCd=20&kikanCd=3205412470&kikanKbn=3", "url2": null, "内容": "上條歯科医院【3:歯科】長野県茅野市仲町８－７" }, "geometry": { "type": "Point", "coordinates": [ 138.15385, 35.993522 ] } },
{ "type": "Feature", "properties": { "ID": "2033205412500", "正式名称": "ララ歯科医院", "機関区分": 3, "都道府県コード": 20, "市区町村コード": 204, "所在地": "長野県岡谷市天竜町１－３－１５", "緯度": 36.057651, "経度": 138.045163, "url": "https://www.iryou.teikyouseido.mhlw.go.jp/znk-web/juminkanja/S2430/initialize?prefCd=20&kikanCd=3205412500&kikanKbn=3", "url2": null, "内容": "ララ歯科医院【3:歯科】長野県岡谷市天竜町１－３－１５" }, "geometry": { "type": "Point", "coordinates": [ 138.045163, 36.057651 ] } },
{ "type": "Feature", "properties": { "ID": "203320541276", "正式名称": "おかやスマイル歯科クリニック", "機関区分": 3, "都道府県コード": 20, "市区町村コード": 204, "所在地": "長野県岡谷市赤羽１丁目４－１", "緯度": 36.076736, "経度": 138.049043, "url": "https://www.iryou.teikyouseido.mhlw.go.jp/znk-web/juminkanja/S2430/initialize?prefCd=20&kikanCd=320541276&kikanKbn=3", "url2": "https://www.okaya-smile-dental.com", "内容": "おかやスマイル歯科クリニック【3:歯科】長野県岡谷市赤羽１丁目４－１" }, "geometry": { "type": "Point", "coordinates": [ 138.049043, 36.076736 ] } },
{ "type": "Feature", "properties": { "ID": "2033205500540", "正式名称": "藤岡歯科医院", "機関区分": 3, "都道府県コード": 20, "市区町村コード": 204, "所在地": "長野県岡谷市本町１－１１－４４", "緯度": 36.058568, "経度": 138.042219, "url": "https://www.iryou.teikyouseido.mhlw.go.jp/znk-web/juminkanja/S2430/initialize?prefCd=20&kikanCd=3205500540&kikanKbn=3", "url2": null, "内容": "藤岡歯科医院【3:歯科】長野県岡谷市本町１－１１－４４" }, "geometry": { "type": "Point", "coordinates": [ 138.042219, 36.058568 ] } },
{ "type": "Feature", "properties": { "ID": "2033205500830", "正式名称": "笠原歯科医院", "機関区分": 3, "都道府県コード": 20, "市区町村コード": 204, "所在地": "長野県岡谷市本町４－１２－１７", "緯度": 36.064484, "経度": 138.049468, "url": "https://www.iryou.teikyouseido.mhlw.go.jp/znk-web/juminkanja/S2430/initialize?prefCd=20&kikanCd=3205500830&kikanKbn=3", "url2": null, "内容": "笠原歯科医院【3:歯科】長野県岡谷市本町４－１２－１７" }, "geometry": { "type": "Point", "coordinates": [ 138.049468, 36.064484 ] } },
{ "type": "Feature", "properties": { "ID": "2033205501000", "正式名称": "医療法人至善会　太田歯科医院", "機関区分": 3, "都道府県コード": 20, "市区町村コード": 204, "所在地": "長野県岡谷市本町４－５－６", "緯度": 36.063539, "経度": 138.047052, "url": "https://www.iryou.teikyouseido.mhlw.go.jp/znk-web/juminkanja/S2430/initialize?prefCd=20&kikanCd=3205501000&kikanKbn=3", "url2": "http://www.o-dent-sp.com/", "内容": "医療法人至善会　太田歯科医院【3:歯科】長野県岡谷市本町４－５－６" }, "geometry": { "type": "Point", "coordinates": [ 138.047052, 36.063539 ] } },
{ "type": "Feature", "properties": { "ID": "2033205501420", "正式名称": "浦野歯科医院", "機関区分": 3, "都道府県コード": 20, "市区町村コード": 204, "所在地": "長野県岡谷市川岸上１－２２－１４", "緯度": 36.053485, "経度": 138.033942, "url": "https://www.iryou.teikyouseido.mhlw.go.jp/znk-web/juminkanja/S2430/initialize?prefCd=20&kikanCd=3205501420&kikanKbn=3", "url2": "http://www.urano-dental.com", "内容": "浦野歯科医院【3:歯科】長野県岡谷市川岸上１－２２－１４" }, "geometry": { "type": "Point", "coordinates": [ 138.033942, 36.053485 ] } },
{ "type": "Feature", "properties": { "ID": "2033205501840", "正式名称": "山岡歯科医院", "機関区分": 3, "都道府県コード": 20, "市区町村コード": 204, "所在地": "長野県岡谷市塚間町２－３－４", "緯度": 36.066539, "経度": 138.055106, "url": "https://www.iryou.teikyouseido.mhlw.go.jp/znk-web/juminkanja/S2430/initialize?prefCd=20&kikanCd=3205501840&kikanKbn=3", "url2": null, "内容": "山岡歯科医院【3:歯科】長野県岡谷市塚間町２－３－４" }, "geometry": { "type": "Point", "coordinates": [ 138.055106, 36.066539 ] } },
{ "type": "Feature", "properties": { "ID": "2033205501970", "正式名称": "はつお歯科クリニック", "機関区分": 3, "都道府県コード": 20, "市区町村コード": 204, "所在地": "長野県岡谷市赤羽３－１１－４", "緯度": 36.078177, "経度": 138.05355, "url": "https://www.iryou.teikyouseido.mhlw.go.jp/znk-web/juminkanja/S2430/initialize?prefCd=20&kikanCd=3205501970&kikanKbn=3", "url2": null, "内容": "はつお歯科クリニック【3:歯科】長野県岡谷市赤羽３－１１－４" }, "geometry": { "type": "Point", "coordinates": [ 138.05355, 36.078177 ] } },
{ "type": "Feature", "properties": { "ID": "2033205502010", "正式名称": "医療法人アポロ歯科医院", "機関区分": 3, "都道府県コード": 20, "市区町村コード": 204, "所在地": "長野県岡谷市東銀座２－８－３３", "緯度": 36.071483, "経度": 138.057911, "url": "https://www.iryou.teikyouseido.mhlw.go.jp/znk-web/juminkanja/S2430/initialize?prefCd=20&kikanCd=3205502010&kikanKbn=3", "url2": null, "内容": "医療法人アポロ歯科医院【3:歯科】長野県岡谷市東銀座２－８－３３" }, "geometry": { "type": "Point", "coordinates": [ 138.057911, 36.071483 ] } },
{ "type": "Feature", "properties": { "ID": "2033205502300", "正式名称": "小口歯科第２クリニック", "機関区分": 3, "都道府県コード": 20, "市区町村コード": 204, "所在地": "長野県岡谷市長地権現町２丁目１番５６号", "緯度": 36.066512, "経度": 138.071688, "url": "https://www.iryou.teikyouseido.mhlw.go.jp/znk-web/juminkanja/S2430/initialize?prefCd=20&kikanCd=3205502300&kikanKbn=3", "url2": null, "内容": "小口歯科第２クリニック【3:歯科】長野県岡谷市長地権現町２丁目１番５６号" }, "geometry": { "type": "Point", "coordinates": [ 138.071688, 36.066512 ] } },
{ "type": "Feature", "properties": { "ID": "2033205502430", "正式名称": "南信堂歯科医院", "機関区分": 3, "都道府県コード": 20, "市区町村コード": 204, "所在地": "長野県岡谷市加茂町２－１６－１２", "緯度": 36.074372, "経度": 138.04994, "url": "https://www.iryou.teikyouseido.mhlw.go.jp/znk-web/juminkanja/S2430/initialize?prefCd=20&kikanCd=3205502430&kikanKbn=3", "url2": null, "内容": "南信堂歯科医院【3:歯科】長野県岡谷市加茂町２－１６－１２" }, "geometry": { "type": "Point", "coordinates": [ 138.04994, 36.074372 ] } },
{ "type": "Feature", "properties": { "ID": "2033205502560", "正式名称": "ホワイト歯科医院", "機関区分": 3, "都道府県コード": 20, "市区町村コード": 204, "所在地": "長野県岡谷市長地小萩３－４－６", "緯度": 36.08151, "経度": 138.058689, "url": "https://www.iryou.teikyouseido.mhlw.go.jp/znk-web/juminkanja/S2430/initialize?prefCd=20&kikanCd=3205502560&kikanKbn=3", "url2": null, "内容": "ホワイト歯科医院【3:歯科】長野県岡谷市長地小萩３－４－６" }, "geometry": { "type": "Point", "coordinates": [ 138.058689, 36.08151 ] } },
{ "type": "Feature", "properties": { "ID": "2033205502720", "正式名称": "スマイル歯科医院", "機関区分": 3, "都道府県コード": 20, "市区町村コード": 204, "所在地": "長野県岡谷市湖畔３－２－９", "緯度": 36.057235, "経度": 138.058467, "url": "https://www.iryou.teikyouseido.mhlw.go.jp/znk-web/juminkanja/S2430/initialize?prefCd=20&kikanCd=3205502720&kikanKbn=3", "url2": "http://smiledc.cihp.jp/", "内容": "スマイル歯科医院【3:歯科】長野県岡谷市湖畔３－２－９" }, "geometry": { "type": "Point", "coordinates": [ 138.058467, 36.057235 ] } },
{ "type": "Feature", "properties": { "ID": "2033205503150", "正式名称": "三輪歯科医院", "機関区分": 3, "都道府県コード": 20, "市区町村コード": 361, "所在地": "長野県諏訪郡下諏訪町富士見町５２９６", "緯度": 36.07306, "経度": 138.08635, "url": "https://www.iryou.teikyouseido.mhlw.go.jp/znk-web/juminkanja/S2430/initialize?prefCd=20&kikanCd=3205503150&kikanKbn=3", "url2": null, "内容": "三輪歯科医院【3:歯科】長野県諏訪郡下諏訪町富士見町５２９６" }, "geometry": { "type": "Point", "coordinates": [ 138.08635, 36.07306 ] } },
{ "type": "Feature", "properties": { "ID": "2033205503570", "正式名称": "鈴木歯科医院", "機関区分": 3, "都道府県コード": 20, "市区町村コード": 361, "所在地": "長野県諏訪郡下諏訪町西鷹野町４９１７", "緯度": 36.069595, "経度": 138.08016, "url": "https://www.iryou.teikyouseido.mhlw.go.jp/znk-web/juminkanja/S2430/initialize?prefCd=20&kikanCd=3205503570&kikanKbn=3", "url2": null, "内容": "鈴木歯科医院【3:歯科】長野県諏訪郡下諏訪町西鷹野町４９１７" }, "geometry": { "type": "Point", "coordinates": [ 138.08016, 36.069595 ] } },
{ "type": "Feature", "properties": { "ID": "2033205504160", "正式名称": "しんえい歯科クリニック", "機関区分": 3, "都道府県コード": 20, "市区町村コード": 361, "所在地": "長野県諏訪郡下諏訪町西鷹野町４６２９−６", "緯度": 36.06933, "経度": 138.08052, "url": "https://www.iryou.teikyouseido.mhlw.go.jp/znk-web/juminkanja/S2430/initialize?prefCd=20&kikanCd=3205504160&kikanKbn=3", "url2": "http://4n8dent.com/", "内容": "しんえい歯科クリニック【3:歯科】長野県諏訪郡下諏訪町西鷹野町４６２９−６" }, "geometry": { "type": "Point", "coordinates": [ 138.08052, 36.06933 ] } },
{ "type": "Feature", "properties": { "ID": "2033205504290", "正式名称": "大滝歯科医院", "機関区分": 3, "都道府県コード": 20, "市区町村コード": 204, "所在地": "長野県岡谷市川岸上３－２－２", "緯度": 36.048207, "経度": 138.027221, "url": "https://www.iryou.teikyouseido.mhlw.go.jp/znk-web/juminkanja/S2430/initialize?prefCd=20&kikanCd=3205504290&kikanKbn=3", "url2": null, "内容": "大滝歯科医院【3:歯科】長野県岡谷市川岸上３－２－２" }, "geometry": { "type": "Point", "coordinates": [ 138.027221, 36.048207 ] } },
{ "type": "Feature", "properties": { "ID": "2033205504320", "正式名称": "たちばな歯科医院", "機関区分": 3, "都道府県コード": 20, "市区町村コード": 204, "所在地": "長野県岡谷市若宮１－２－１９", "緯度": 36.06204, "経度": 138.059662, "url": "https://www.iryou.teikyouseido.mhlw.go.jp/znk-web/juminkanja/S2430/initialize?prefCd=20&kikanCd=3205504320&kikanKbn=3", "url2": null, "内容": "たちばな歯科医院【3:歯科】長野県岡谷市若宮１－２－１９" }, "geometry": { "type": "Point", "coordinates": [ 138.059662, 36.06204 ] } },
{ "type": "Feature", "properties": { "ID": "2033205504450", "正式名称": "小松歯科クリニック", "機関区分": 3, "都道府県コード": 20, "市区町村コード": 361, "所在地": "長野県諏訪郡下諏訪町西四王５０００－４", "緯度": 36.068345, "経度": 138.084298, "url": "https://www.iryou.teikyouseido.mhlw.go.jp/znk-web/juminkanja/S2430/initialize?prefCd=20&kikanCd=3205504450&kikanKbn=3", "url2": null, "内容": "小松歯科クリニック【3:歯科】長野県諏訪郡下諏訪町西四王５０００－４" }, "geometry": { "type": "Point", "coordinates": [ 138.084298, 36.068345 ] } },
{ "type": "Feature", "properties": { "ID": "2033205504580", "正式名称": "牛山医院歯科", "機関区分": 3, "都道府県コード": 20, "市区町村コード": 204, "所在地": "長野県岡谷市天竜町３－２－２３", "緯度": 36.057457, "経度": 138.049246, "url": "https://www.iryou.teikyouseido.mhlw.go.jp/znk-web/juminkanja/S2430/initialize?prefCd=20&kikanCd=3205504580&kikanKbn=3", "url2": null, "内容": "牛山医院歯科【3:歯科】長野県岡谷市天竜町３－２－２３" }, "geometry": { "type": "Point", "coordinates": [ 138.049246, 36.057457 ] } },
{ "type": "Feature", "properties": { "ID": "2033205504740", "正式名称": "医療法人　山田歯科医院", "機関区分": 3, "都道府県コード": 20, "市区町村コード": 204, "所在地": "長野県岡谷市天竜町３−１４−５", "緯度": 36.057068, "経度": 138.050413, "url": "https://www.iryou.teikyouseido.mhlw.go.jp/znk-web/juminkanja/S2430/initialize?prefCd=20&kikanCd=3205504740&kikanKbn=3", "url2": "https://y-dental-ortho.com", "内容": "医療法人　山田歯科医院【3:歯科】長野県岡谷市天竜町３−１４−５" }, "geometry": { "type": "Point", "coordinates": [ 138.050413, 36.057068 ] } },
{ "type": "Feature", "properties": { "ID": "2033205504900", "正式名称": "中根矯正歯科医院", "機関区分": 3, "都道府県コード": 20, "市区町村コード": 361, "所在地": "長野県諏訪郡下諏訪町花咲町２７８－１", "緯度": 36.075289, "経度": 138.084437, "url": "https://www.iryou.teikyouseido.mhlw.go.jp/znk-web/juminkanja/S2430/initialize?prefCd=20&kikanCd=3205504900&kikanKbn=3", "url2": null, "内容": "中根矯正歯科医院【3:歯科】長野県諏訪郡下諏訪町花咲町２７８－１" }, "geometry": { "type": "Point", "coordinates": [ 138.084437, 36.075289 ] } },
{ "type": "Feature", "properties": { "ID": "2033205505040", "正式名称": "浜歯科医院", "機関区分": 3, "都道府県コード": 20, "市区町村コード": 361, "所在地": "長野県諏訪郡下諏訪町６３７４－１", "緯度": 36.070457, "経度": 138.094353, "url": "https://www.iryou.teikyouseido.mhlw.go.jp/znk-web/juminkanja/S2430/initialize?prefCd=20&kikanCd=3205505040&kikanKbn=3", "url2": null, "内容": "浜歯科医院【3:歯科】長野県諏訪郡下諏訪町６３７４－１" }, "geometry": { "type": "Point", "coordinates": [ 138.094353, 36.070457 ] } },
{ "type": "Feature", "properties": { "ID": "2033205600440", "正式名称": "宮下歯科医院", "機関区分": 3, "都道府県コード": 20, "市区町村コード": 209, "所在地": "長野県伊那市荒井３４４８－７", "緯度": 35.839618, "経度": 137.960901, "url": "https://www.iryou.teikyouseido.mhlw.go.jp/znk-web/juminkanja/S2430/initialize?prefCd=20&kikanCd=3205600440&kikanKbn=3", "url2": null, "内容": "宮下歯科医院【3:歯科】長野県伊那市荒井３４４８－７" }, "geometry": { "type": "Point", "coordinates": [ 137.960901, 35.839618 ] } },
{ "type": "Feature", "properties": { "ID": "2033205601290", "正式名称": "中村歯科医院", "機関区分": 3, "都道府県コード": 20, "市区町村コード": 209, "所在地": "長野県伊那市荒井３４７０－６", "緯度": 35.838007, "経度": 137.959207, "url": "https://www.iryou.teikyouseido.mhlw.go.jp/znk-web/juminkanja/S2430/initialize?prefCd=20&kikanCd=3205601290&kikanKbn=3", "url2": null, "内容": "中村歯科医院【3:歯科】長野県伊那市荒井３４７０－６" }, "geometry": { "type": "Point", "coordinates": [ 137.959207, 35.838007 ] } },
{ "type": "Feature", "properties": { "ID": "2033205601450", "正式名称": "林歯科医院", "機関区分": 3, "都道府県コード": 20, "市区町村コード": 209, "所在地": "長野県伊那市荒井３３９７", "緯度": 35.840146, "経度": 137.961484, "url": "https://www.iryou.teikyouseido.mhlw.go.jp/znk-web/juminkanja/S2430/initialize?prefCd=20&kikanCd=3205601450&kikanKbn=3", "url2": null, "内容": "林歯科医院【3:歯科】長野県伊那市荒井３３９７" }, "geometry": { "type": "Point", "coordinates": [ 137.961484, 35.840146 ] } },
{ "type": "Feature", "properties": { "ID": "2033205602330", "正式名称": "北林歯科医院", "機関区分": 3, "都道府県コード": 20, "市区町村コード": 209, "所在地": "長野県伊那市西町５１１９－１２", "緯度": 35.83198, "経度": 137.951319, "url": "https://www.iryou.teikyouseido.mhlw.go.jp/znk-web/juminkanja/S2430/initialize?prefCd=20&kikanCd=3205602330&kikanKbn=3", "url2": null, "内容": "北林歯科医院【3:歯科】長野県伊那市西町５１１９－１２" }, "geometry": { "type": "Point", "coordinates": [ 137.951319, 35.83198 ] } },
{ "type": "Feature", "properties": { "ID": "2033205602590", "正式名称": "医療法人　春日歯科医院", "機関区分": 3, "都道府県コード": 20, "市区町村コード": 210, "所在地": "長野県駒ヶ根市北町６－５", "緯度": 35.738602, "経度": 137.934713, "url": "https://www.iryou.teikyouseido.mhlw.go.jp/znk-web/juminkanja/S2430/initialize?prefCd=20&kikanCd=3205602590&kikanKbn=3", "url2": null, "内容": "医療法人　春日歯科医院【3:歯科】長野県駒ヶ根市北町６－５" }, "geometry": { "type": "Point", "coordinates": [ 137.934713, 35.738602 ] } },
{ "type": "Feature", "properties": { "ID": "2033205602750", "正式名称": "菅沼歯科医院", "機関区分": 3, "都道府県コード": 20, "市区町村コード": 210, "所在地": "長野県駒ヶ根市上穂栄町１９ー１", "緯度": 35.736574, "経度": 137.931935, "url": "https://www.iryou.teikyouseido.mhlw.go.jp/znk-web/juminkanja/S2430/initialize?prefCd=20&kikanCd=3205602750&kikanKbn=3", "url2": null, "内容": "菅沼歯科医院【3:歯科】長野県駒ヶ根市上穂栄町１９ー１" }, "geometry": { "type": "Point", "coordinates": [ 137.931935, 35.736574 ] } },
{ "type": "Feature", "properties": { "ID": "2033205603050", "正式名称": "須田歯科医院", "機関区分": 3, "都道府県コード": 20, "市区町村コード": 210, "所在地": "長野県駒ヶ根市赤須町１－６", "緯度": 35.733404, "経度": 137.935819, "url": "https://www.iryou.teikyouseido.mhlw.go.jp/znk-web/juminkanja/S2430/initialize?prefCd=20&kikanCd=3205603050&kikanKbn=3", "url2": "https://www.suda8020.jp/", "内容": "須田歯科医院【3:歯科】長野県駒ヶ根市赤須町１－６" }, "geometry": { "type": "Point", "coordinates": [ 137.935819, 35.733404 ] } },
{ "type": "Feature", "properties": { "ID": "2033205603210", "正式名称": "福沢歯科医院", "機関区分": 3, "都道府県コード": 20, "市区町村コード": 210, "所在地": "長野県駒ヶ根市中央５－１", "緯度": 35.735407, "経度": 137.936213, "url": "https://www.iryou.teikyouseido.mhlw.go.jp/znk-web/juminkanja/S2430/initialize?prefCd=20&kikanCd=3205603210&kikanKbn=3", "url2": null, "内容": "福沢歯科医院【3:歯科】長野県駒ヶ根市中央５－１" }, "geometry": { "type": "Point", "coordinates": [ 137.936213, 35.735407 ] } },
{ "type": "Feature", "properties": { "ID": "2033205603500", "正式名称": "馬場歯科医院", "機関区分": 3, "都道府県コード": 20, "市区町村コード": 209, "所在地": "長野県伊那市高遠町西高遠８３２", "緯度": 35.837704, "経度": 138.058087, "url": "https://www.iryou.teikyouseido.mhlw.go.jp/znk-web/juminkanja/S2430/initialize?prefCd=20&kikanCd=3205603500&kikanKbn=3", "url2": null, "内容": "馬場歯科医院【3:歯科】長野県伊那市高遠町西高遠８３２" }, "geometry": { "type": "Point", "coordinates": [ 138.058087, 35.837704 ] } },
{ "type": "Feature", "properties": { "ID": "2033205603890", "正式名称": "矢ヶ﨑歯科医院", "機関区分": 3, "都道府県コード": 20, "市区町村コード": 382, "所在地": "長野県上伊那郡辰野町大字辰野２０２８", "緯度": 35.984075, "経度": 138.000198, "url": "https://www.iryou.teikyouseido.mhlw.go.jp/znk-web/juminkanja/S2430/initialize?prefCd=20&kikanCd=3205603890&kikanKbn=3", "url2": null, "内容": "矢ヶ﨑歯科医院【3:歯科】長野県上伊那郡辰野町大字辰野２０２８" }, "geometry": { "type": "Point", "coordinates": [ 138.000198, 35.984075 ] } },
{ "type": "Feature", "properties": { "ID": "2033205604060", "正式名称": "池上歯科医院", "機関区分": 3, "都道府県コード": 20, "市区町村コード": 382, "所在地": "長野県上伊那郡辰野町辰野１７８７", "緯度": 35.983381, "経度": 137.998392, "url": "https://www.iryou.teikyouseido.mhlw.go.jp/znk-web/juminkanja/S2430/initialize?prefCd=20&kikanCd=3205604060&kikanKbn=3", "url2": null, "内容": "池上歯科医院【3:歯科】長野県上伊那郡辰野町辰野１７８７" }, "geometry": { "type": "Point", "coordinates": [ 137.998392, 35.983381 ] } },
{ "type": "Feature", "properties": { "ID": "2033205604480", "正式名称": "河野歯科医院", "機関区分": 3, "都道府県コード": 20, "市区町村コード": 383, "所在地": "長野県上伊那郡箕輪町中箕輪８５０６－２", "緯度": 35.914361, "経度": 137.987979, "url": "https://www.iryou.teikyouseido.mhlw.go.jp/znk-web/juminkanja/S2430/initialize?prefCd=20&kikanCd=3205604480&kikanKbn=3", "url2": null, "内容": "河野歯科医院【3:歯科】長野県上伊那郡箕輪町中箕輪８５０６－２" }, "geometry": { "type": "Point", "coordinates": [ 137.987979, 35.914361 ] } },
{ "type": "Feature", "properties": { "ID": "2033205604510", "正式名称": "下島歯科医院", "機関区分": 3, "都道府県コード": 20, "市区町村コード": 383, "所在地": "長野県上伊那郡箕輪町中箕輪８４６８－２", "緯度": 35.914333, "経度": 137.984285, "url": "https://www.iryou.teikyouseido.mhlw.go.jp/znk-web/juminkanja/S2430/initialize?prefCd=20&kikanCd=3205604510&kikanKbn=3", "url2": null, "内容": "下島歯科医院【3:歯科】長野県上伊那郡箕輪町中箕輪８４６８－２" }, "geometry": { "type": "Point", "coordinates": [ 137.984285, 35.914333 ] } },
{ "type": "Feature", "properties": { "ID": "2033205605230", "正式名称": "倉田歯科医院", "機関区分": 3, "都道府県コード": 20, "市区町村コード": 385, "所在地": "長野県上伊那郡南箕輪村３４４４", "緯度": 35.880198, "経度": 137.981342, "url": "https://www.iryou.teikyouseido.mhlw.go.jp/znk-web/juminkanja/S2430/initialize?prefCd=20&kikanCd=3205605230&kikanKbn=3", "url2": "https://www.kuratadent.com/", "内容": "倉田歯科医院【3:歯科】長野県上伊那郡南箕輪村３４４４" }, "geometry": { "type": "Point", "coordinates": [ 137.981342, 35.880198 ] } },
{ "type": "Feature", "properties": { "ID": "2033205605780", "正式名称": "明成歯科医院", "機関区分": 3, "都道府県コード": 20, "市区町村コード": 382, "所在地": "長野県上伊那郡辰野町大字伊那富６００９－１", "緯度": 35.971521, "経度": 137.982811, "url": "https://www.iryou.teikyouseido.mhlw.go.jp/znk-web/juminkanja/S2430/initialize?prefCd=20&kikanCd=3205605780&kikanKbn=3", "url2": null, "内容": "明成歯科医院【3:歯科】長野県上伊那郡辰野町大字伊那富６００９－１" }, "geometry": { "type": "Point", "coordinates": [ 137.982811, 35.971521 ] } },
{ "type": "Feature", "properties": { "ID": "2033205605810", "正式名称": "小島歯科医院", "機関区分": 3, "都道府県コード": 20, "市区町村コード": 383, "所在地": "長野県上伊那郡箕輪町中箕輪１２３４０－４", "緯度": 35.905639, "経度": 137.98623, "url": "https://www.iryou.teikyouseido.mhlw.go.jp/znk-web/juminkanja/S2430/initialize?prefCd=20&kikanCd=3205605810&kikanKbn=3", "url2": null, "内容": "小島歯科医院【3:歯科】長野県上伊那郡箕輪町中箕輪１２３４０－４" }, "geometry": { "type": "Point", "coordinates": [ 137.98623, 35.905639 ] } },
{ "type": "Feature", "properties": { "ID": "2033205606240", "正式名称": "鈴木歯科医院", "機関区分": 3, "都道府県コード": 20, "市区町村コード": 382, "所在地": "長野県上伊那郡辰野町伊那富２６１０－９", "緯度": 35.977437, "経度": 137.990699, "url": "https://www.iryou.teikyouseido.mhlw.go.jp/znk-web/juminkanja/S2430/initialize?prefCd=20&kikanCd=3205606240&kikanKbn=3", "url2": "http://www.suzuki8020.net/", "内容": "鈴木歯科医院【3:歯科】長野県上伊那郡辰野町伊那富２６１０－９" }, "geometry": { "type": "Point", "coordinates": [ 137.990699, 35.977437 ] } },
{ "type": "Feature", "properties": { "ID": "2033205606370", "正式名称": "中川・下平歯科医院", "機関区分": 3, "都道府県コード": 20, "市区町村コード": 386, "所在地": "長野県上伊那郡中川村片桐４１１２－１", "緯度": 35.630225, "経度": 137.928023, "url": "https://www.iryou.teikyouseido.mhlw.go.jp/znk-web/juminkanja/S2430/initialize?prefCd=20&kikanCd=3205606370&kikanKbn=3", "url2": null, "内容": "中川・下平歯科医院【3:歯科】長野県上伊那郡中川村片桐４１１２－１" }, "geometry": { "type": "Point", "coordinates": [ 137.928023, 35.630225 ] } },
{ "type": "Feature", "properties": { "ID": "2033205606400", "正式名称": "有賀歯科医院", "機関区分": 3, "都道府県コード": 20, "市区町村コード": 382, "所在地": "長野県上伊那郡辰野町平出１６０２", "緯度": 35.983159, "経度": 138.001392, "url": "https://www.iryou.teikyouseido.mhlw.go.jp/znk-web/juminkanja/S2430/initialize?prefCd=20&kikanCd=3205606400&kikanKbn=3", "url2": null, "内容": "有賀歯科医院【3:歯科】長野県上伊那郡辰野町平出１６０２" }, "geometry": { "type": "Point", "coordinates": [ 138.001392, 35.983159 ] } },
{ "type": "Feature", "properties": { "ID": "2033205606530", "正式名称": "花田歯科医院", "機関区分": 3, "都道府県コード": 20, "市区町村コード": 209, "所在地": "長野県伊那市中央５２１３", "緯度": 35.840924, "経度": 137.9674, "url": "https://www.iryou.teikyouseido.mhlw.go.jp/znk-web/juminkanja/S2430/initialize?prefCd=20&kikanCd=3205606530&kikanKbn=3", "url2": null, "内容": "花田歯科医院【3:歯科】長野県伊那市中央５２１３" }, "geometry": { "type": "Point", "coordinates": [ 137.9674, 35.840924 ] } },
{ "type": "Feature", "properties": { "ID": "2033205606790", "正式名称": "梅垣歯科医院", "機関区分": 3, "都道府県コード": 20, "市区町村コード": 209, "所在地": "長野県伊那市荒井３５１１－１", "緯度": 35.840285, "経度": 137.956485, "url": "https://www.iryou.teikyouseido.mhlw.go.jp/znk-web/juminkanja/S2430/initialize?prefCd=20&kikanCd=3205606790&kikanKbn=3", "url2": null, "内容": "梅垣歯科医院【3:歯科】長野県伊那市荒井３５１１－１" }, "geometry": { "type": "Point", "coordinates": [ 137.956485, 35.840285 ] } },
{ "type": "Feature", "properties": { "ID": "2033205606950", "正式名称": "池上歯科医院", "機関区分": 3, "都道府県コード": 20, "市区町村コード": 210, "所在地": "長野県駒ヶ根市経塚７－１３", "緯度": 35.728797, "経度": 137.945101, "url": "https://www.iryou.teikyouseido.mhlw.go.jp/znk-web/juminkanja/S2430/initialize?prefCd=20&kikanCd=3205606950&kikanKbn=3", "url2": null, "内容": "池上歯科医院【3:歯科】長野県駒ヶ根市経塚７－１３" }, "geometry": { "type": "Point", "coordinates": [ 137.945101, 35.728797 ] } },
{ "type": "Feature", "properties": { "ID": "2033205607090", "正式名称": "おおがや歯科医院", "機関区分": 3, "都道府県コード": 20, "市区町村コード": 209, "所在地": "長野県伊那市西箕輪６８２１", "緯度": 35.873308, "経度": 137.935596, "url": "https://www.iryou.teikyouseido.mhlw.go.jp/znk-web/juminkanja/S2430/initialize?prefCd=20&kikanCd=3205607090&kikanKbn=3", "url2": null, "内容": "おおがや歯科医院【3:歯科】長野県伊那市西箕輪６８２１" }, "geometry": { "type": "Point", "coordinates": [ 137.935596, 35.873308 ] } },
{ "type": "Feature", "properties": { "ID": "2033205607120", "正式名称": "くまくら歯科医院", "機関区分": 3, "都道府県コード": 20, "市区町村コード": 388, "所在地": "長野県上伊那郡宮田村６６９２", "緯度": 35.762905, "経度": 137.9441, "url": "https://www.iryou.teikyouseido.mhlw.go.jp/znk-web/juminkanja/S2430/initialize?prefCd=20&kikanCd=3205607120&kikanKbn=3", "url2": "https://www.kumakura-sikaiin.com", "内容": "くまくら歯科医院【3:歯科】長野県上伊那郡宮田村６６９２" }, "geometry": { "type": "Point", "coordinates": [ 137.9441, 35.762905 ] } },
{ "type": "Feature", "properties": { "ID": "2033205607250", "正式名称": "東正歯科医院", "機関区分": 3, "都道府県コード": 20, "市区町村コード": 210, "所在地": "長野県駒ヶ根市赤穂１０７３７－１", "緯度": 35.726464, "経度": 137.934102, "url": "https://www.iryou.teikyouseido.mhlw.go.jp/znk-web/juminkanja/S2430/initialize?prefCd=20&kikanCd=3205607250&kikanKbn=3", "url2": "https://www.thousei.com/", "内容": "東正歯科医院【3:歯科】長野県駒ヶ根市赤穂１０７３７－１" }, "geometry": { "type": "Point", "coordinates": [ 137.934102, 35.726464 ] } },
{ "type": "Feature", "properties": { "ID": "2033205607380", "正式名称": "北川歯科医院", "機関区分": 3, "都道府県コード": 20, "市区町村コード": 383, "所在地": "長野県上伊那郡箕輪町中箕輪３０２１－３", "緯度": 35.932414, "経度": 137.976868, "url": "https://www.iryou.teikyouseido.mhlw.go.jp/znk-web/juminkanja/S2430/initialize?prefCd=20&kikanCd=3205607380&kikanKbn=3", "url2": null, "内容": "北川歯科医院【3:歯科】長野県上伊那郡箕輪町中箕輪３０２１－３" }, "geometry": { "type": "Point", "coordinates": [ 137.976868, 35.932414 ] } },
{ "type": "Feature", "properties": { "ID": "2033205607410", "正式名称": "竜東歯科医院", "機関区分": 3, "都道府県コード": 20, "市区町村コード": 209, "所在地": "長野県伊那市境１３０９－１", "緯度": 35.83262, "経度": 137.9724, "url": "https://www.iryou.teikyouseido.mhlw.go.jp/znk-web/juminkanja/S2430/initialize?prefCd=20&kikanCd=3205607410&kikanKbn=3", "url2": "https://ryuto-shika.com/", "内容": "竜東歯科医院【3:歯科】長野県伊那市境１３０９－１" }, "geometry": { "type": "Point", "coordinates": [ 137.9724, 35.83262 ] } },
{ "type": "Feature", "properties": { "ID": "2033205607540", "正式名称": "室町歯科クリニック", "機関区分": 3, "都道府県コード": 20, "市区町村コード": 209, "所在地": "長野県伊那市荒井３６７９ー１０", "緯度": 35.843729, "経度": 137.95504, "url": "https://www.iryou.teikyouseido.mhlw.go.jp/znk-web/juminkanja/S2430/initialize?prefCd=20&kikanCd=3205607540&kikanKbn=3", "url2": null, "内容": "室町歯科クリニック【3:歯科】長野県伊那市荒井３６７９ー１０" }, "geometry": { "type": "Point", "coordinates": [ 137.95504, 35.843729 ] } },
{ "type": "Feature", "properties": { "ID": "2033205607670", "正式名称": "矢島歯科医院", "機関区分": 3, "都道府県コード": 20, "市区町村コード": 209, "所在地": "長野県伊那市美篶５５８２－２", "緯度": 35.840203, "経度": 138.016563, "url": "https://www.iryou.teikyouseido.mhlw.go.jp/znk-web/juminkanja/S2430/initialize?prefCd=20&kikanCd=3205607670&kikanKbn=3", "url2": null, "内容": "矢島歯科医院【3:歯科】長野県伊那市美篶５５８２－２" }, "geometry": { "type": "Point", "coordinates": [ 138.016563, 35.840203 ] } },
{ "type": "Feature", "properties": { "ID": "2033205607700", "正式名称": "村上歯科医院", "機関区分": 3, "都道府県コード": 20, "市区町村コード": 382, "所在地": "長野県上伊那郡辰野町伊那富７４９４－６", "緯度": 35.947412, "経度": 137.980756, "url": "https://www.iryou.teikyouseido.mhlw.go.jp/znk-web/juminkanja/S2430/initialize?prefCd=20&kikanCd=3205607700&kikanKbn=3", "url2": null, "内容": "村上歯科医院【3:歯科】長野県上伊那郡辰野町伊那富７４９４－６" }, "geometry": { "type": "Point", "coordinates": [ 137.980756, 35.947412 ] } },
{ "type": "Feature", "properties": { "ID": "2033205607960", "正式名称": "春日歯科医院", "機関区分": 3, "都道府県コード": 20, "市区町村コード": 209, "所在地": "長野県伊那市狐島３６８７", "緯度": 35.831786, "経度": 137.960346, "url": "https://www.iryou.teikyouseido.mhlw.go.jp/znk-web/juminkanja/S2430/initialize?prefCd=20&kikanCd=3205607960&kikanKbn=3", "url2": "kasuga-dc.com", "内容": "春日歯科医院【3:歯科】長野県伊那市狐島３６８７" }, "geometry": { "type": "Point", "coordinates": [ 137.960346, 35.831786 ] } },
{ "type": "Feature", "properties": { "ID": "2033205608130", "正式名称": "はしもと歯科", "機関区分": 3, "都道府県コード": 20, "市区町村コード": 382, "所在地": "長野県上伊那郡辰野町平出１８３９－５", "緯度": 35.97777, "経度": 137.995559, "url": "https://www.iryou.teikyouseido.mhlw.go.jp/znk-web/juminkanja/S2430/initialize?prefCd=20&kikanCd=3205608130&kikanKbn=3", "url2": "http://hashimotoshika.cihp.jp/", "内容": "はしもと歯科【3:歯科】長野県上伊那郡辰野町平出１８３９－５" }, "geometry": { "type": "Point", "coordinates": [ 137.995559, 35.97777 ] } },
{ "type": "Feature", "properties": { "ID": "2033205608260", "正式名称": "飯田歯科医院", "機関区分": 3, "都道府県コード": 20, "市区町村コード": 209, "所在地": "長野県伊那市上牧６４７６－７", "緯度": 35.852812, "経度": 137.975094, "url": "https://www.iryou.teikyouseido.mhlw.go.jp/znk-web/juminkanja/S2430/initialize?prefCd=20&kikanCd=3205608260&kikanKbn=3", "url2": null, "内容": "飯田歯科医院【3:歯科】長野県伊那市上牧６４７６－７" }, "geometry": { "type": "Point", "coordinates": [ 137.975094, 35.852812 ] } },
{ "type": "Feature", "properties": { "ID": "2033205608420", "正式名称": "東野歯科医院", "機関区分": 3, "都道府県コード": 20, "市区町村コード": 382, "所在地": "長野県上伊那郡辰野町平出１９８５－２", "緯度": 35.978965, "経度": 138.000114, "url": "https://www.iryou.teikyouseido.mhlw.go.jp/znk-web/juminkanja/S2430/initialize?prefCd=20&kikanCd=3205608420&kikanKbn=3", "url2": null, "内容": "東野歯科医院【3:歯科】長野県上伊那郡辰野町平出１９８５－２" }, "geometry": { "type": "Point", "coordinates": [ 138.000114, 35.978965 ] } },
{ "type": "Feature", "properties": { "ID": "2033205608550", "正式名称": "広岡歯科医院", "機関区分": 3, "都道府県コード": 20, "市区町村コード": 209, "所在地": "長野県伊那市西春近３００８－１", "緯度": 35.811038, "経度": 137.943626, "url": "https://www.iryou.teikyouseido.mhlw.go.jp/znk-web/juminkanja/S2430/initialize?prefCd=20&kikanCd=3205608550&kikanKbn=3", "url2": null, "内容": "広岡歯科医院【3:歯科】長野県伊那市西春近３００８－１" }, "geometry": { "type": "Point", "coordinates": [ 137.943626, 35.811038 ] } },
{ "type": "Feature", "properties": { "ID": "2033205608680", "正式名称": "平出小児歯科医院", "機関区分": 3, "都道府県コード": 20, "市区町村コード": 209, "所在地": "長野県伊那市日影４０４－３", "緯度": 35.836897, "経度": 137.974067, "url": "https://www.iryou.teikyouseido.mhlw.go.jp/znk-web/juminkanja/S2430/initialize?prefCd=20&kikanCd=3205608680&kikanKbn=3", "url2": "https://www.hiraide-dental.com/", "内容": "平出小児歯科医院【3:歯科】長野県伊那市日影４０４－３" }, "geometry": { "type": "Point", "coordinates": [ 137.974067, 35.836897 ] } },
{ "type": "Feature", "properties": { "ID": "2033205608970", "正式名称": "ななくぼ歯科医院", "機関区分": 3, "都道府県コード": 20, "市区町村コード": 384, "所在地": "長野県上伊那郡飯島町七久保１８３３－１", "緯度": 35.658693, "経度": 137.908524, "url": "https://www.iryou.teikyouseido.mhlw.go.jp/znk-web/juminkanja/S2430/initialize?prefCd=20&kikanCd=3205608970&kikanKbn=3", "url2": null, "内容": "ななくぼ歯科医院【3:歯科】長野県上伊那郡飯島町七久保１８３３－１" }, "geometry": { "type": "Point", "coordinates": [ 137.908524, 35.658693 ] } },
{ "type": "Feature", "properties": { "ID": "2033205609010", "正式名称": "池上歯科医院", "機関区分": 3, "都道府県コード": 20, "市区町村コード": 209, "所在地": "長野県伊那市中央４８０５", "緯度": 35.838646, "経度": 137.963484, "url": "https://www.iryou.teikyouseido.mhlw.go.jp/znk-web/juminkanja/S2430/initialize?prefCd=20&kikanCd=3205609010&kikanKbn=3", "url2": null, "内容": "池上歯科医院【3:歯科】長野県伊那市中央４８０５" }, "geometry": { "type": "Point", "coordinates": [ 137.963484, 35.838646 ] } },
{ "type": "Feature", "properties": { "ID": "2033205609140", "正式名称": "平澤歯科医院", "機関区分": 3, "都道府県コード": 20, "市区町村コード": 384, "所在地": "長野県上伊那郡飯島町飯島２１２６－３", "緯度": 35.684219, "経度": 137.926604, "url": "https://www.iryou.teikyouseido.mhlw.go.jp/znk-web/juminkanja/S2430/initialize?prefCd=20&kikanCd=3205609140&kikanKbn=3", "url2": null, "内容": "平澤歯科医院【3:歯科】長野県上伊那郡飯島町飯島２１２６－３" }, "geometry": { "type": "Point", "coordinates": [ 137.926604, 35.684219 ] } },
{ "type": "Feature", "properties": { "ID": "2033205609270", "正式名称": "保科歯科医院", "機関区分": 3, "都道府県コード": 20, "市区町村コード": 209, "所在地": "長野県伊那市高遠町小原１００５－１", "緯度": 35.832122, "経度": 138.055588, "url": "https://www.iryou.teikyouseido.mhlw.go.jp/znk-web/juminkanja/S2430/initialize?prefCd=20&kikanCd=3205609270&kikanKbn=3", "url2": null, "内容": "保科歯科医院【3:歯科】長野県伊那市高遠町小原１００５－１" }, "geometry": { "type": "Point", "coordinates": [ 138.055588, 35.832122 ] } },
{ "type": "Feature", "properties": { "ID": "2033205609300", "正式名称": "原歯科医院", "機関区分": 3, "都道府県コード": 20, "市区町村コード": 209, "所在地": "長野県伊那市高遠町西高遠１７００", "緯度": 35.837454, "経度": 138.05456, "url": "https://www.iryou.teikyouseido.mhlw.go.jp/znk-web/juminkanja/S2430/initialize?prefCd=20&kikanCd=3205609300&kikanKbn=3", "url2": null, "内容": "原歯科医院【3:歯科】長野県伊那市高遠町西高遠１７００" }, "geometry": { "type": "Point", "coordinates": [ 138.05456, 35.837454 ] } },
{ "type": "Feature", "properties": { "ID": "2033205609560", "正式名称": "オーク歯科クリニック", "機関区分": 3, "都道府県コード": 20, "市区町村コード": 383, "所在地": "長野県上伊那郡箕輪町中箕輪８９３０－１３", "緯度": 35.91, "経度": 137.993923, "url": "https://www.iryou.teikyouseido.mhlw.go.jp/znk-web/juminkanja/S2430/initialize?prefCd=20&kikanCd=3205609560&kikanKbn=3", "url2": null, "内容": "オーク歯科クリニック【3:歯科】長野県上伊那郡箕輪町中箕輪８９３０－１３" }, "geometry": { "type": "Point", "coordinates": [ 137.993923, 35.91 ] } },
{ "type": "Feature", "properties": { "ID": "2033205609690", "正式名称": "藤井歯科医院", "機関区分": 3, "都道府県コード": 20, "市区町村コード": 209, "所在地": "長野県伊那市上牧６３７５－１", "緯度": 35.854701, "経度": 137.97976, "url": "https://www.iryou.teikyouseido.mhlw.go.jp/znk-web/juminkanja/S2430/initialize?prefCd=20&kikanCd=3205609690&kikanKbn=3", "url2": null, "内容": "藤井歯科医院【3:歯科】長野県伊那市上牧６３７５－１" }, "geometry": { "type": "Point", "coordinates": [ 137.97976, 35.854701 ] } },
{ "type": "Feature", "properties": { "ID": "2033205609720", "正式名称": "小野歯科医院", "機関区分": 3, "都道府県コード": 20, "市区町村コード": 383, "所在地": "長野県上伊那郡箕輪町中箕輪１６４３－１", "緯度": 35.940496, "経度": 137.978534, "url": "https://www.iryou.teikyouseido.mhlw.go.jp/znk-web/juminkanja/S2430/initialize?prefCd=20&kikanCd=3205609720&kikanKbn=3", "url2": null, "内容": "小野歯科医院【3:歯科】長野県上伊那郡箕輪町中箕輪１６４３－１" }, "geometry": { "type": "Point", "coordinates": [ 137.978534, 35.940496 ] } },
{ "type": "Feature", "properties": { "ID": "2033205609850", "正式名称": "鈴木歯科医院", "機関区分": 3, "都道府県コード": 20, "市区町村コード": 209, "所在地": "長野県伊那市日影５９", "緯度": 35.837591, "経度": 137.984094, "url": "https://www.iryou.teikyouseido.mhlw.go.jp/znk-web/juminkanja/S2430/initialize?prefCd=20&kikanCd=3205609850&kikanKbn=3", "url2": null, "内容": "鈴木歯科医院【3:歯科】長野県伊那市日影５９" }, "geometry": { "type": "Point", "coordinates": [ 137.984094, 35.837591 ] } },
{ "type": "Feature", "properties": { "ID": "2033205609980", "正式名称": "小木曽歯科医院", "機関区分": 3, "都道府県コード": 20, "市区町村コード": 209, "所在地": "長野県伊那市西箕輪６８６６－４", "緯度": 35.870225, "経度": 137.935735, "url": "https://www.iryou.teikyouseido.mhlw.go.jp/znk-web/juminkanja/S2430/initialize?prefCd=20&kikanCd=3205609980&kikanKbn=3", "url2": "https://www.inadent-ogiso.com", "内容": "小木曽歯科医院【3:歯科】長野県伊那市西箕輪６８６６－４" }, "geometry": { "type": "Point", "coordinates": [ 137.935735, 35.870225 ] } },
{ "type": "Feature", "properties": { "ID": "2033205610380", "正式名称": "中央歯科医院", "機関区分": 3, "都道府県コード": 20, "市区町村コード": 382, "所在地": "長野県上伊那郡辰野町中央１８番地", "緯度": 35.981457, "経度": 137.987464, "url": "https://www.iryou.teikyouseido.mhlw.go.jp/znk-web/juminkanja/S2430/initialize?prefCd=20&kikanCd=3205610380&kikanKbn=3", "url2": null, "内容": "中央歯科医院【3:歯科】長野県上伊那郡辰野町中央１８番地" }, "geometry": { "type": "Point", "coordinates": [ 137.987464, 35.981457 ] } },
{ "type": "Feature", "properties": { "ID": "2033205610410", "正式名称": "恵幸堂歯科医院", "機関区分": 3, "都道府県コード": 20, "市区町村コード": 384, "所在地": "長野県上伊那郡飯島町飯島２５２７－６", "緯度": 35.67633, "経度": 137.91805, "url": "https://www.iryou.teikyouseido.mhlw.go.jp/znk-web/juminkanja/S2430/initialize?prefCd=20&kikanCd=3205610410&kikanKbn=3", "url2": "http://www.keikodo-odc.jp", "内容": "恵幸堂歯科医院【3:歯科】長野県上伊那郡飯島町飯島２５２７－６" }, "geometry": { "type": "Point", "coordinates": [ 137.91805, 35.67633 ] } },
{ "type": "Feature", "properties": { "ID": "2033205610670", "正式名称": "まきた歯科クリニック", "機関区分": 3, "都道府県コード": 20, "市区町村コード": 209, "所在地": "長野県伊那市上新田２５４８－１", "緯度": 35.828786, "経度": 137.962735, "url": "https://www.iryou.teikyouseido.mhlw.go.jp/znk-web/juminkanja/S2430/initialize?prefCd=20&kikanCd=3205610670&kikanKbn=3", "url2": null, "内容": "まきた歯科クリニック【3:歯科】長野県伊那市上新田２５４８－１" }, "geometry": { "type": "Point", "coordinates": [ 137.962735, 35.828786 ] } },
{ "type": "Feature", "properties": { "ID": "2033205610700", "正式名称": "小町谷歯科医院", "機関区分": 3, "都道府県コード": 20, "市区町村コード": 210, "所在地": "長野県駒ヶ根市赤須東１－２２", "緯度": 35.733047, "経度": 137.936463, "url": "https://www.iryou.teikyouseido.mhlw.go.jp/znk-web/juminkanja/S2430/initialize?prefCd=20&kikanCd=3205610700&kikanKbn=3", "url2": null, "内容": "小町谷歯科医院【3:歯科】長野県駒ヶ根市赤須東１－２２" }, "geometry": { "type": "Point", "coordinates": [ 137.936463, 35.733047 ] } },
{ "type": "Feature", "properties": { "ID": "2033205610830", "正式名称": "ひまわり歯科", "機関区分": 3, "都道府県コード": 20, "市区町村コード": 209, "所在地": "長野県伊那市狐島３７８６", "緯度": 35.832203, "経度": 137.966151, "url": "https://www.iryou.teikyouseido.mhlw.go.jp/znk-web/juminkanja/S2430/initialize?prefCd=20&kikanCd=3205610830&kikanKbn=3", "url2": null, "内容": "ひまわり歯科【3:歯科】長野県伊那市狐島３７８６" }, "geometry": { "type": "Point", "coordinates": [ 137.966151, 35.832203 ] } },
{ "type": "Feature", "properties": { "ID": "2033205610960", "正式名称": "中島歯科医院", "機関区分": 3, "都道府県コード": 20, "市区町村コード": 383, "所在地": "長野県上伊那郡箕輪町中箕輪８３２２", "緯度": 35.916666, "経度": 137.990507, "url": "https://www.iryou.teikyouseido.mhlw.go.jp/znk-web/juminkanja/S2430/initialize?prefCd=20&kikanCd=3205610960&kikanKbn=3", "url2": null, "内容": "中島歯科医院【3:歯科】長野県上伊那郡箕輪町中箕輪８３２２" }, "geometry": { "type": "Point", "coordinates": [ 137.990507, 35.916666 ] } },
{ "type": "Feature", "properties": { "ID": "2033205611260", "正式名称": "ユー歯科診療所", "機関区分": 3, "都道府県コード": 20, "市区町村コード": 210, "所在地": "長野県駒ヶ根市赤穂４２２５－１", "緯度": 35.73138, "経度": 137.922936, "url": "https://www.iryou.teikyouseido.mhlw.go.jp/znk-web/juminkanja/S2430/initialize?prefCd=20&kikanCd=3205611260&kikanKbn=3", "url2": null, "内容": "ユー歯科診療所【3:歯科】長野県駒ヶ根市赤穂４２２５－１" }, "geometry": { "type": "Point", "coordinates": [ 137.922936, 35.73138 ] } },
{ "type": "Feature", "properties": { "ID": "2033205611550", "正式名称": "医療法人小木曽歯科医院", "機関区分": 3, "都道府県コード": 20, "市区町村コード": 210, "所在地": "長野県駒ヶ根市赤須町９－１５", "緯度": 35.731908, "経度": 137.93413, "url": "https://www.iryou.teikyouseido.mhlw.go.jp/znk-web/juminkanja/S2430/initialize?prefCd=20&kikanCd=3205611550&kikanKbn=3", "url2": "http://www.ogiso-dental.com", "内容": "医療法人小木曽歯科医院【3:歯科】長野県駒ヶ根市赤須町９－１５" }, "geometry": { "type": "Point", "coordinates": [ 137.93413, 35.731908 ] } },
{ "type": "Feature", "properties": { "ID": "2033205611710", "正式名称": "医療法人　亀田歯科医院", "機関区分": 3, "都道府県コード": 20, "市区町村コード": 210, "所在地": "長野県駒ヶ根市赤穂１４－１２３０", "緯度": 35.710965, "経度": 137.921326, "url": "https://www.iryou.teikyouseido.mhlw.go.jp/znk-web/juminkanja/S2430/initialize?prefCd=20&kikanCd=3205611710&kikanKbn=3", "url2": null, "内容": "医療法人　亀田歯科医院【3:歯科】長野県駒ヶ根市赤穂１４－１２３０" }, "geometry": { "type": "Point", "coordinates": [ 137.921326, 35.710965 ] } },
{ "type": "Feature", "properties": { "ID": "2033205611840", "正式名称": "たけまつ歯科クリニック", "機関区分": 3, "都道府県コード": 20, "市区町村コード": 209, "所在地": "長野県伊那市山寺１８５０－１", "緯度": 35.844312, "経度": 137.966234, "url": "https://www.iryou.teikyouseido.mhlw.go.jp/znk-web/juminkanja/S2430/initialize?prefCd=20&kikanCd=3205611840&kikanKbn=3", "url2": null, "内容": "たけまつ歯科クリニック【3:歯科】長野県伊那市山寺１８５０－１" }, "geometry": { "type": "Point", "coordinates": [ 137.966234, 35.844312 ] } },
{ "type": "Feature", "properties": { "ID": "2033205612010", "正式名称": "西尾歯科医院", "機関区分": 3, "都道府県コード": 20, "市区町村コード": 209, "所在地": "長野県伊那市西春近５１４９－２", "緯度": 35.805261, "経度": 137.942932, "url": "https://www.iryou.teikyouseido.mhlw.go.jp/znk-web/juminkanja/S2430/initialize?prefCd=20&kikanCd=3205612010&kikanKbn=3", "url2": "http://www.240dental.com/", "内容": "西尾歯科医院【3:歯科】長野県伊那市西春近５１４９－２" }, "geometry": { "type": "Point", "coordinates": [ 137.942932, 35.805261 ] } },
{ "type": "Feature", "properties": { "ID": "2033205612140", "正式名称": "さくら歯科医院", "機関区分": 3, "都道府県コード": 20, "市区町村コード": 209, "所在地": "長野県伊那市御園６６０－２", "緯度": 35.852811, "経度": 137.962095, "url": "https://www.iryou.teikyouseido.mhlw.go.jp/znk-web/juminkanja/S2430/initialize?prefCd=20&kikanCd=3205612140&kikanKbn=3", "url2": null, "内容": "さくら歯科医院【3:歯科】長野県伊那市御園６６０－２" }, "geometry": { "type": "Point", "coordinates": [ 137.962095, 35.852811 ] } },
{ "type": "Feature", "properties": { "ID": "2033205612300", "正式名称": "天竜河畔歯科クリニック", "機関区分": 3, "都道府県コード": 20, "市区町村コード": 209, "所在地": "長野県伊那市山寺１５４０－３", "緯度": 35.849645, "経度": 137.971122, "url": "https://www.iryou.teikyouseido.mhlw.go.jp/znk-web/juminkanja/S2430/initialize?prefCd=20&kikanCd=3205612300&kikanKbn=3", "url2": null, "内容": "天竜河畔歯科クリニック【3:歯科】長野県伊那市山寺１５４０－３" }, "geometry": { "type": "Point", "coordinates": [ 137.971122, 35.849645 ] } },
{ "type": "Feature", "properties": { "ID": "2033205612430", "正式名称": "医療法人　きらら歯科クリニック", "機関区分": 3, "都道府県コード": 20, "市区町村コード": 209, "所在地": "長野県伊那市坂下１８９１－５", "緯度": 35.842507, "経度": 137.963262, "url": "https://www.iryou.teikyouseido.mhlw.go.jp/znk-web/juminkanja/S2430/initialize?prefCd=20&kikanCd=3205612430&kikanKbn=3", "url2": "http://www.kirara2000.net/", "内容": "医療法人　きらら歯科クリニック【3:歯科】長野県伊那市坂下１８９１－５" }, "geometry": { "type": "Point", "coordinates": [ 137.963262, 35.842507 ] } },
{ "type": "Feature", "properties": { "ID": "2033205612560", "正式名称": "橋場矯正歯科", "機関区分": 3, "都道府県コード": 20, "市区町村コード": 209, "所在地": "長野県伊那市荒井３４４８", "緯度": 35.844312, "経度": 137.950652, "url": "https://www.iryou.teikyouseido.mhlw.go.jp/znk-web/juminkanja/S2430/initialize?prefCd=20&kikanCd=3205612560&kikanKbn=3", "url2": "http://www.dr-hashiba.com/", "内容": "橋場矯正歯科【3:歯科】長野県伊那市荒井３４４８" }, "geometry": { "type": "Point", "coordinates": [ 137.950652, 35.844312 ] } },
{ "type": "Feature", "properties": { "ID": "2033205612690", "正式名称": "上伊那口腔保健センター付属歯科緊急診療所", "機関区分": 3, "都道府県コード": 20, "市区町村コード": 209, "所在地": "長野県伊那市山寺２９８－１", "緯度": 35.845646, "経度": 137.967678, "url": "https://www.iryou.teikyouseido.mhlw.go.jp/znk-web/juminkanja/S2430/initialize?prefCd=20&kikanCd=3205612690&kikanKbn=3", "url2": null, "内容": "上伊那口腔保健センター付属歯科緊急診療所【3:歯科】長野県伊那市山寺２９８－１" }, "geometry": { "type": "Point", "coordinates": [ 137.967678, 35.845646 ] } },
{ "type": "Feature", "properties": { "ID": "2033205612720", "正式名称": "やなぎさわ歯科クリニック", "機関区分": 3, "都道府県コード": 20, "市区町村コード": 385, "所在地": "長野県上伊那郡南箕輪村５９６３番地１２", "緯度": 35.876281, "経度": 137.954206, "url": "https://www.iryou.teikyouseido.mhlw.go.jp/znk-web/juminkanja/S2430/initialize?prefCd=20&kikanCd=3205612720&kikanKbn=3", "url2": "http://www.yanagisawa-dc.jp", "内容": "やなぎさわ歯科クリニック【3:歯科】長野県上伊那郡南箕輪村５９６３番地１２" }, "geometry": { "type": "Point", "coordinates": [ 137.954206, 35.876281 ] } },
{ "type": "Feature", "properties": { "ID": "2033205612850", "正式名称": "あるが歯科クリニック", "機関区分": 3, "都道府県コード": 20, "市区町村コード": 388, "所在地": "長野県上伊那郡宮田村７５５６番地２５", "緯度": 35.769876, "経度": 137.945822, "url": "https://www.iryou.teikyouseido.mhlw.go.jp/znk-web/juminkanja/S2430/initialize?prefCd=20&kikanCd=3205612850&kikanKbn=3", "url2": "https://aruga-dental.com/", "内容": "あるが歯科クリニック【3:歯科】長野県上伊那郡宮田村７５５６番地２５" }, "geometry": { "type": "Point", "coordinates": [ 137.945822, 35.769876 ] } },
{ "type": "Feature", "properties": { "ID": "2033205612980", "正式名称": "はるみデンタルクリニック", "機関区分": 3, "都道府県コード": 20, "市区町村コード": 388, "所在地": "長野県上伊那郡宮田村４５２３　ロイヤルピュア２１　３号", "緯度": 35.756739, "経度": 137.940767, "url": "https://www.iryou.teikyouseido.mhlw.go.jp/znk-web/juminkanja/S2430/initialize?prefCd=20&kikanCd=3205612980&kikanKbn=3", "url2": null, "内容": "はるみデンタルクリニック【3:歯科】長野県上伊那郡宮田村４５２３　ロイヤルピュア２１　３号" }, "geometry": { "type": "Point", "coordinates": [ 137.940767, 35.756739 ] } },
{ "type": "Feature", "properties": { "ID": "2033205613020", "正式名称": "倉田歯科クリニック", "機関区分": 3, "都道府県コード": 20, "市区町村コード": 210, "所在地": "長野県駒ヶ根市飯坂１－１２－１２", "緯度": 35.739879, "経度": 137.941573, "url": "https://www.iryou.teikyouseido.mhlw.go.jp/znk-web/juminkanja/S2430/initialize?prefCd=20&kikanCd=3205613020&kikanKbn=3", "url2": "https://www.kurata-dent.com", "内容": "倉田歯科クリニック【3:歯科】長野県駒ヶ根市飯坂１－１２－１２" }, "geometry": { "type": "Point", "coordinates": [ 137.941573, 35.739879 ] } },
{ "type": "Feature", "properties": { "ID": "2033205613280", "正式名称": "田畑歯科医院", "機関区分": 3, "都道府県コード": 20, "市区町村コード": 384, "所在地": "長野県上伊那郡飯島町飯島７４４－１", "緯度": 35.675886, "経度": 137.928632, "url": "https://www.iryou.teikyouseido.mhlw.go.jp/znk-web/juminkanja/S2430/initialize?prefCd=20&kikanCd=3205613280&kikanKbn=3", "url2": null, "内容": "田畑歯科医院【3:歯科】長野県上伊那郡飯島町飯島７４４－１" }, "geometry": { "type": "Point", "coordinates": [ 137.928632, 35.675886 ] } },
{ "type": "Feature", "properties": { "ID": "2033205613310", "正式名称": "ニコニコ歯科　伊那矯正オフィス", "機関区分": 3, "都道府県コード": 20, "市区町村コード": 209, "所在地": "長野県伊那市西箕輪７６００番地２９", "緯度": 35.875805, "経度": 137.927665, "url": "https://www.iryou.teikyouseido.mhlw.go.jp/znk-web/juminkanja/S2430/initialize?prefCd=20&kikanCd=3205613310&kikanKbn=3", "url2": "https://nikonikoortho.jimdofree.com/", "内容": "ニコニコ歯科　伊那矯正オフィス【3:歯科】長野県伊那市西箕輪７６００番地２９" }, "geometry": { "type": "Point", "coordinates": [ 137.927665, 35.875805 ] } },
{ "type": "Feature", "properties": { "ID": "2033205613440", "正式名称": "みらい歯科クリニック", "機関区分": 3, "都道府県コード": 20, "市区町村コード": 385, "所在地": "長野県上伊那郡南箕輪村南箕輪村８３０６－１９８９", "緯度": 35.855458, "経度": 137.934654, "url": "https://www.iryou.teikyouseido.mhlw.go.jp/znk-web/juminkanja/S2430/initialize?prefCd=20&kikanCd=3205613440&kikanKbn=3", "url2": null, "内容": "みらい歯科クリニック【3:歯科】長野県上伊那郡南箕輪村南箕輪村８３０６－１９８９" }, "geometry": { "type": "Point", "coordinates": [ 137.934654, 35.855458 ] } },
{ "type": "Feature", "properties": { "ID": "2033205613600", "正式名称": "ｎｉｃｏ歯科　駒ヶ根", "機関区分": 3, "都道府県コード": 20, "市区町村コード": 210, "所在地": "長野県駒ヶ根市赤穂１４６３０番地１", "緯度": 35.741797, "経度": 137.941542, "url": "https://www.iryou.teikyouseido.mhlw.go.jp/znk-web/juminkanja/S2430/initialize?prefCd=20&kikanCd=3205613600&kikanKbn=3", "url2": "http://www.nicoshika.com", "内容": "ｎｉｃｏ歯科　駒ヶ根【3:歯科】長野県駒ヶ根市赤穂１４６３０番地１" }, "geometry": { "type": "Point", "coordinates": [ 137.941542, 35.741797 ] } },
{ "type": "Feature", "properties": { "ID": "2033205613730", "正式名称": "清水歯科クリニック", "機関区分": 3, "都道府県コード": 20, "市区町村コード": 210, "所在地": "長野県駒ヶ根市赤穂１６２９－１", "緯度": 35.741803, "経度": 137.928397, "url": "https://www.iryou.teikyouseido.mhlw.go.jp/znk-web/juminkanja/S2430/initialize?prefCd=20&kikanCd=3205613730&kikanKbn=3", "url2": "https://www.shimizu-dental-clinic.jp/", "内容": "清水歯科クリニック【3:歯科】長野県駒ヶ根市赤穂１６２９－１" }, "geometry": { "type": "Point", "coordinates": [ 137.928397, 35.741803 ] } },
{ "type": "Feature", "properties": { "ID": "2033205624540", "正式名称": "たちばな歯科医院", "機関区分": 3, "都道府県コード": 20, "市区町村コード": 383, "所在地": "長野県上伊那郡箕輪町中箕輪１２５３２－１", "緯度": 35.900398, "経度": 137.98596, "url": "https://www.iryou.teikyouseido.mhlw.go.jp/znk-web/juminkanja/S2430/initialize?prefCd=20&kikanCd=3205624540&kikanKbn=3", "url2": null, "内容": "たちばな歯科医院【3:歯科】長野県上伊那郡箕輪町中箕輪１２５３２－１" }, "geometry": { "type": "Point", "coordinates": [ 137.98596, 35.900398 ] } },
{ "type": "Feature", "properties": { "ID": "2033205701220", "正式名称": "黒柳歯科医院", "機関区分": 3, "都道府県コード": 20, "市区町村コード": 205, "所在地": "長野県飯田市座光寺３３３６－１", "緯度": 35.535623, "経度": 137.862616, "url": "https://www.iryou.teikyouseido.mhlw.go.jp/znk-web/juminkanja/S2430/initialize?prefCd=20&kikanCd=3205701220&kikanKbn=3", "url2": null, "内容": "黒柳歯科医院【3:歯科】長野県飯田市座光寺３３３６－１" }, "geometry": { "type": "Point", "coordinates": [ 137.862616, 35.535623 ] } },
{ "type": "Feature", "properties": { "ID": "2033205701350", "正式名称": "宮崎歯科医院", "機関区分": 3, "都道府県コード": 20, "市区町村コード": 205, "所在地": "長野県飯田市高羽町２－８－２", "緯度": 35.521901, "経度": 137.82312, "url": "https://www.iryou.teikyouseido.mhlw.go.jp/znk-web/juminkanja/S2430/initialize?prefCd=20&kikanCd=3205701350&kikanKbn=3", "url2": null, "内容": "宮崎歯科医院【3:歯科】長野県飯田市高羽町２－８－２" }, "geometry": { "type": "Point", "coordinates": [ 137.82312, 35.521901 ] } },
{ "type": "Feature", "properties": { "ID": "2033205701930", "正式名称": "牛木歯科医院", "機関区分": 3, "都道府県コード": 20, "市区町村コード": 205, "所在地": "長野県飯田市大通１－２１", "緯度": 35.517346, "経度": 137.819481, "url": "https://www.iryou.teikyouseido.mhlw.go.jp/znk-web/juminkanja/S2430/initialize?prefCd=20&kikanCd=3205701930&kikanKbn=3", "url2": null, "内容": "牛木歯科医院【3:歯科】長野県飯田市大通１－２１" }, "geometry": { "type": "Point", "coordinates": [ 137.819481, 35.517346 ] } },
{ "type": "Feature", "properties": { "ID": "2033205702100", "正式名称": "杏林歯科医院", "機関区分": 3, "都道府県コード": 20, "市区町村コード": 205, "所在地": "長野県飯田市松尾久井２４０２", "緯度": 35.499626, "経度": 137.841924, "url": "https://www.iryou.teikyouseido.mhlw.go.jp/znk-web/juminkanja/S2430/initialize?prefCd=20&kikanCd=3205702100&kikanKbn=3", "url2": null, "内容": "杏林歯科医院【3:歯科】長野県飯田市松尾久井２４０２" }, "geometry": { "type": "Point", "coordinates": [ 137.841924, 35.499626 ] } },
{ "type": "Feature", "properties": { "ID": "2033205702230", "正式名称": "吉川歯科医院", "機関区分": 3, "都道府県コード": 20, "市区町村コード": 205, "所在地": "長野県飯田市馬場町２－１０４", "緯度": 35.516041, "経度": 137.82848, "url": "https://www.iryou.teikyouseido.mhlw.go.jp/znk-web/juminkanja/S2430/initialize?prefCd=20&kikanCd=3205702230&kikanKbn=3", "url2": null, "内容": "吉川歯科医院【3:歯科】長野県飯田市馬場町２－１０４" }, "geometry": { "type": "Point", "coordinates": [ 137.82848, 35.516041 ] } },
{ "type": "Feature", "properties": { "ID": "2033205702490", "正式名称": "加藤歯科医院", "機関区分": 3, "都道府県コード": 20, "市区町村コード": 205, "所在地": "長野県飯田市大門町１５", "緯度": 35.523068, "経度": 137.830174, "url": "https://www.iryou.teikyouseido.mhlw.go.jp/znk-web/juminkanja/S2430/initialize?prefCd=20&kikanCd=3205702490&kikanKbn=3", "url2": "http://kato1678.com", "内容": "加藤歯科医院【3:歯科】長野県飯田市大門町１５" }, "geometry": { "type": "Point", "coordinates": [ 137.830174, 35.523068 ] } },
{ "type": "Feature", "properties": { "ID": "2033205702650", "正式名称": "伊藤歯科医院", "機関区分": 3, "都道府県コード": 20, "市区町村コード": 205, "所在地": "長野県飯田市中央通り四丁目三十五番地", "緯度": 35.518763, "経度": 137.823259, "url": "https://www.iryou.teikyouseido.mhlw.go.jp/znk-web/juminkanja/S2430/initialize?prefCd=20&kikanCd=3205702650&kikanKbn=3", "url2": null, "内容": "伊藤歯科医院【3:歯科】長野県飯田市中央通り四丁目三十五番地" }, "geometry": { "type": "Point", "coordinates": [ 137.823259, 35.518763 ] } },
{ "type": "Feature", "properties": { "ID": "2033205702810", "正式名称": "太田歯科医院", "機関区分": 3, "都道府県コード": 20, "市区町村コード": 205, "所在地": "長野県飯田市小伝馬町２－３６０５", "緯度": 35.516708, "経度": 137.833202, "url": "https://www.iryou.teikyouseido.mhlw.go.jp/znk-web/juminkanja/S2430/initialize?prefCd=20&kikanCd=3205702810&kikanKbn=3", "url2": null, "内容": "太田歯科医院【3:歯科】長野県飯田市小伝馬町２－３６０５" }, "geometry": { "type": "Point", "coordinates": [ 137.833202, 35.516708 ] } },
{ "type": "Feature", "properties": { "ID": "2033205705970", "正式名称": "売木村歯科診療所", "機関区分": 3, "都道府県コード": 20, "市区町村コード": 412, "所在地": "長野県下伊那郡売木村６９５", "緯度": 35.272899, "経度": 137.708972, "url": "https://www.iryou.teikyouseido.mhlw.go.jp/znk-web/juminkanja/S2430/initialize?prefCd=20&kikanCd=3205705970&kikanKbn=3", "url2": null, "内容": "売木村歯科診療所【3:歯科】長野県下伊那郡売木村６９５" }, "geometry": { "type": "Point", "coordinates": [ 137.708972, 35.272899 ] } },
{ "type": "Feature", "properties": { "ID": "2033205706720", "正式名称": "医療法人小澤歯科医院", "機関区分": 3, "都道府県コード": 20, "市区町村コード": 205, "所在地": "長野県飯田市南信濃和田１０８３番地３", "緯度": 35.321316, "経度": 137.934034, "url": "https://www.iryou.teikyouseido.mhlw.go.jp/znk-web/juminkanja/S2430/initialize?prefCd=20&kikanCd=3205706720&kikanKbn=3", "url2": null, "内容": "医療法人小澤歯科医院【3:歯科】長野県飯田市南信濃和田１０８３番地３" }, "geometry": { "type": "Point", "coordinates": [ 137.934034, 35.321316 ] } },
{ "type": "Feature", "properties": { "ID": "2033205706850", "正式名称": "村沢屋歯科医院", "機関区分": 3, "都道府県コード": 20, "市区町村コード": 205, "所在地": "長野県飯田市南信濃和田１３２４", "緯度": 35.319733, "経度": 137.934618, "url": "https://www.iryou.teikyouseido.mhlw.go.jp/znk-web/juminkanja/S2430/initialize?prefCd=20&kikanCd=3205706850&kikanKbn=3", "url2": null, "内容": "村沢屋歯科医院【3:歯科】長野県飯田市南信濃和田１３２４" }, "geometry": { "type": "Point", "coordinates": [ 137.934618, 35.319733 ] } },
{ "type": "Feature", "properties": { "ID": "2033205707440", "正式名称": "医療法人　西尾歯科医院", "機関区分": 3, "都道府県コード": 20, "市区町村コード": 205, "所在地": "長野県飯田市鼎切石４３２５－１", "緯度": 35.511957, "経度": 137.808121, "url": "https://www.iryou.teikyouseido.mhlw.go.jp/znk-web/juminkanja/S2430/initialize?prefCd=20&kikanCd=3205707440&kikanKbn=3", "url2": null, "内容": "医療法人　西尾歯科医院【3:歯科】長野県飯田市鼎切石４３２５－１" }, "geometry": { "type": "Point", "coordinates": [ 137.808121, 35.511957 ] } },
{ "type": "Feature", "properties": { "ID": "2033205707600", "正式名称": "久保田歯科医院", "機関区分": 3, "都道府県コード": 20, "市区町村コード": 205, "所在地": "長野県飯田市鼎下山６９９－１", "緯度": 35.505903, "経度": 137.836119, "url": "https://www.iryou.teikyouseido.mhlw.go.jp/znk-web/juminkanja/S2430/initialize?prefCd=20&kikanCd=3205707600&kikanKbn=3", "url2": null, "内容": "久保田歯科医院【3:歯科】長野県飯田市鼎下山６９９－１" }, "geometry": { "type": "Point", "coordinates": [ 137.836119, 35.505903 ] } },
{ "type": "Feature", "properties": { "ID": "2033205707730", "正式名称": "医療法人　片桐歯科クリニック", "機関区分": 3, "都道府県コード": 20, "市区町村コード": 205, "所在地": "長野県飯田市駄科　７１９－６", "緯度": 35.479434, "経度": 137.837203, "url": "https://www.iryou.teikyouseido.mhlw.go.jp/znk-web/juminkanja/S2430/initialize?prefCd=20&kikanCd=3205707730&kikanKbn=3", "url2": null, "内容": "医療法人　片桐歯科クリニック【3:歯科】長野県飯田市駄科　７１９－６" }, "geometry": { "type": "Point", "coordinates": [ 137.837203, 35.479434 ] } },
{ "type": "Feature", "properties": { "ID": "2033205707990", "正式名称": "宮下歯科医院", "機関区分": 3, "都道府県コード": 20, "市区町村コード": 205, "所在地": "長野県飯田市羽場町２－１４－２", "緯度": 35.518401, "経度": 137.808288, "url": "https://www.iryou.teikyouseido.mhlw.go.jp/znk-web/juminkanja/S2430/initialize?prefCd=20&kikanCd=3205707990&kikanKbn=3", "url2": null, "内容": "宮下歯科医院【3:歯科】長野県飯田市羽場町２－１４－２" }, "geometry": { "type": "Point", "coordinates": [ 137.808288, 35.518401 ] } },
{ "type": "Feature", "properties": { "ID": "2033205708160", "正式名称": "浦野歯科小児歯科医院", "機関区分": 3, "都道府県コード": 20, "市区町村コード": 205, "所在地": "長野県飯田市大久保町２５５３－１", "緯度": 35.514013, "経度": 137.821176, "url": "https://www.iryou.teikyouseido.mhlw.go.jp/znk-web/juminkanja/S2430/initialize?prefCd=20&kikanCd=3205708160&kikanKbn=3", "url2": null, "内容": "浦野歯科小児歯科医院【3:歯科】長野県飯田市大久保町２５５３－１" }, "geometry": { "type": "Point", "coordinates": [ 137.821176, 35.514013 ] } },
{ "type": "Feature", "properties": { "ID": "2033205708320", "正式名称": "飯田下伊那口腔衛生センタ－", "機関区分": 3, "都道府県コード": 20, "市区町村コード": 205, "所在地": "長野県飯田市東新町２－２３", "緯度": 35.521846, "経度": 137.827675, "url": "https://www.iryou.teikyouseido.mhlw.go.jp/znk-web/juminkanja/S2430/initialize?prefCd=20&kikanCd=3205708320&kikanKbn=3", "url2": "http://wwwiiha-iida.com/", "内容": "飯田下伊那口腔衛生センタ－【3:歯科】長野県飯田市東新町２－２３" }, "geometry": { "type": "Point", "coordinates": [ 137.827675, 35.521846 ] } },
{ "type": "Feature", "properties": { "ID": "2033205708450", "正式名称": "にしじま歯科", "機関区分": 3, "都道府県コード": 20, "市区町村コード": 415, "所在地": "長野県下伊那郡喬木村８６９", "緯度": 35.521792, "経度": 137.878698, "url": "https://www.iryou.teikyouseido.mhlw.go.jp/znk-web/juminkanja/S2430/initialize?prefCd=20&kikanCd=3205708450&kikanKbn=3", "url2": "http://www.333118.com/", "内容": "にしじま歯科【3:歯科】長野県下伊那郡喬木村８６９" }, "geometry": { "type": "Point", "coordinates": [ 137.878698, 35.521792 ] } },
{ "type": "Feature", "properties": { "ID": "2033205708580", "正式名称": "下平歯科医院", "機関区分": 3, "都道府県コード": 20, "市区町村コード": 402, "所在地": "長野県下伊那郡松川町上片桐３２６５－１", "緯度": 35.616031, "経度": 137.904053, "url": "https://www.iryou.teikyouseido.mhlw.go.jp/znk-web/juminkanja/S2430/initialize?prefCd=20&kikanCd=3205708580&kikanKbn=3", "url2": null, "内容": "下平歯科医院【3:歯科】長野県下伊那郡松川町上片桐３２６５－１" }, "geometry": { "type": "Point", "coordinates": [ 137.904053, 35.616031 ] } },
{ "type": "Feature", "properties": { "ID": "2033205708610", "正式名称": "医療法人社団　二ツ山歯科医院", "機関区分": 3, "都道府県コード": 20, "市区町村コード": 205, "所在地": "長野県飯田市山本４８８－６", "緯度": 35.482182, "経度": 137.765959, "url": "https://www.iryou.teikyouseido.mhlw.go.jp/znk-web/juminkanja/S2430/initialize?prefCd=20&kikanCd=3205708610&kikanKbn=3", "url2": null, "内容": "医療法人社団　二ツ山歯科医院【3:歯科】長野県飯田市山本４８８－６" }, "geometry": { "type": "Point", "coordinates": [ 137.765959, 35.482182 ] } },
{ "type": "Feature", "properties": { "ID": "2033205708740", "正式名称": "にいみ歯科医院", "機関区分": 3, "都道府県コード": 20, "市区町村コード": 205, "所在地": "長野県飯田市上郷黒田１４８６－２", "緯度": 35.530873, "経度": 137.834507, "url": "https://www.iryou.teikyouseido.mhlw.go.jp/znk-web/juminkanja/S2430/initialize?prefCd=20&kikanCd=3205708740&kikanKbn=3", "url2": "http://www14.ocn.ne.jp/~niimi/", "内容": "にいみ歯科医院【3:歯科】長野県飯田市上郷黒田１４８６－２" }, "geometry": { "type": "Point", "coordinates": [ 137.834507, 35.530873 ] } },
{ "type": "Feature", "properties": { "ID": "2033205708900", "正式名称": "医療法人　小澤歯科クリニック", "機関区分": 3, "都道府県コード": 20, "市区町村コード": 205, "所在地": "長野県飯田市松尾清水４８１７－１", "緯度": 35.487461, "経度": 137.845563, "url": "https://www.iryou.teikyouseido.mhlw.go.jp/znk-web/juminkanja/S2430/initialize?prefCd=20&kikanCd=3205708900&kikanKbn=3", "url2": null, "内容": "医療法人　小澤歯科クリニック【3:歯科】長野県飯田市松尾清水４８１７－１" }, "geometry": { "type": "Point", "coordinates": [ 137.845563, 35.487461 ] } },
{ "type": "Feature", "properties": { "ID": "2033205709200", "正式名称": "米山歯科医院", "機関区分": 3, "都道府県コード": 20, "市区町村コード": 402, "所在地": "長野県下伊那郡松川町元大島３８０７－１", "緯度": 35.595645, "経度": 137.911665, "url": "https://www.iryou.teikyouseido.mhlw.go.jp/znk-web/juminkanja/S2430/initialize?prefCd=20&kikanCd=3205709200&kikanKbn=3", "url2": null, "内容": "米山歯科医院【3:歯科】長野県下伊那郡松川町元大島３８０７－１" }, "geometry": { "type": "Point", "coordinates": [ 137.911665, 35.595645 ] } },
{ "type": "Feature", "properties": { "ID": "2033205709590", "正式名称": "水野歯科医院", "機関区分": 3, "都道府県コード": 20, "市区町村コード": 416, "所在地": "長野県下伊那郡豊丘村神稲", "緯度": 35.550511, "経度": 137.896668, "url": "https://www.iryou.teikyouseido.mhlw.go.jp/znk-web/juminkanja/S2430/initialize?prefCd=20&kikanCd=3205709590&kikanKbn=3", "url2": null, "内容": "水野歯科医院【3:歯科】長野県下伊那郡豊丘村神稲" }, "geometry": { "type": "Point", "coordinates": [ 137.896668, 35.550511 ] } },
{ "type": "Feature", "properties": { "ID": "2033205709750", "正式名称": "平川歯科医院", "機関区分": 3, "都道府県コード": 20, "市区町村コード": 415, "所在地": "長野県下伊那郡喬木村６５２５－１", "緯度": 35.516653, "経度": 137.87231, "url": "https://www.iryou.teikyouseido.mhlw.go.jp/znk-web/juminkanja/S2430/initialize?prefCd=20&kikanCd=3205709750&kikanKbn=3", "url2": null, "内容": "平川歯科医院【3:歯科】長野県下伊那郡喬木村６５２５－１" }, "geometry": { "type": "Point", "coordinates": [ 137.87231, 35.516653 ] } },
{ "type": "Feature", "properties": { "ID": "2033205709910", "正式名称": "アルプス歯科", "機関区分": 3, "都道府県コード": 20, "市区町村コード": 205, "所在地": "長野県飯田市松尾代田１７０３−１", "緯度": 35.49302, "経度": 137.83826, "url": "https://www.iryou.teikyouseido.mhlw.go.jp/znk-web/juminkanja/S2430/initialize?prefCd=20&kikanCd=3205709910&kikanKbn=3", "url2": null, "内容": "アルプス歯科【3:歯科】長野県飯田市松尾代田１７０３−１" }, "geometry": { "type": "Point", "coordinates": [ 137.83826, 35.49302 ] } },
{ "type": "Feature", "properties": { "ID": "2033205710150", "正式名称": "みやじま歯科", "機関区分": 3, "都道府県コード": 20, "市区町村コード": 414, "所在地": "長野県下伊那郡泰阜村８３４５－１３", "緯度": 35.336228, "経度": 137.840792, "url": "https://www.iryou.teikyouseido.mhlw.go.jp/znk-web/juminkanja/S2430/initialize?prefCd=20&kikanCd=3205710150&kikanKbn=3", "url2": null, "内容": "みやじま歯科【3:歯科】長野県下伊那郡泰阜村８３４５－１３" }, "geometry": { "type": "Point", "coordinates": [ 137.840792, 35.336228 ] } },
{ "type": "Feature", "properties": { "ID": "2033205710310", "正式名称": "しぶさか歯科クリニック", "機関区分": 3, "都道府県コード": 20, "市区町村コード": 403, "所在地": "長野県下伊那郡高森町山吹５８６０－２", "緯度": 35.577647, "経度": 137.908554, "url": "https://www.iryou.teikyouseido.mhlw.go.jp/znk-web/juminkanja/S2430/initialize?prefCd=20&kikanCd=3205710310&kikanKbn=3", "url2": null, "内容": "しぶさか歯科クリニック【3:歯科】長野県下伊那郡高森町山吹５８６０－２" }, "geometry": { "type": "Point", "coordinates": [ 137.908554, 35.577647 ] } },
{ "type": "Feature", "properties": { "ID": "2033205710440", "正式名称": "宮下歯科医院", "機関区分": 3, "都道府県コード": 20, "市区町村コード": 402, "所在地": "長野県下伊那郡松川町元大島３２６５－２", "緯度": 35.599756, "経度": 137.910276, "url": "https://www.iryou.teikyouseido.mhlw.go.jp/znk-web/juminkanja/S2430/initialize?prefCd=20&kikanCd=3205710440&kikanKbn=3", "url2": null, "内容": "宮下歯科医院【3:歯科】長野県下伊那郡松川町元大島３２６５－２" }, "geometry": { "type": "Point", "coordinates": [ 137.910276, 35.599756 ] } },
{ "type": "Feature", "properties": { "ID": "2033205710570", "正式名称": "圭デンタルオフィス", "機関区分": 3, "都道府県コード": 20, "市区町村コード": 205, "所在地": "長野県飯田市上郷別府１６７５－１", "緯度": 35.511236, "経度": 137.847368, "url": "https://www.iryou.teikyouseido.mhlw.go.jp/znk-web/juminkanja/S2430/initialize?prefCd=20&kikanCd=3205710570&kikanKbn=3", "url2": null, "内容": "圭デンタルオフィス【3:歯科】長野県飯田市上郷別府１６７５－１" }, "geometry": { "type": "Point", "coordinates": [ 137.847368, 35.511236 ] } },
{ "type": "Feature", "properties": { "ID": "2033205710600", "正式名称": "古谷歯科医院", "機関区分": 3, "都道府県コード": 20, "市区町村コード": 403, "所在地": "長野県下伊那郡高森町上市田１６６－７", "緯度": 35.553787, "経度": 137.856921, "url": "https://www.iryou.teikyouseido.mhlw.go.jp/znk-web/juminkanja/S2430/initialize?prefCd=20&kikanCd=3205710600&kikanKbn=3", "url2": null, "内容": "古谷歯科医院【3:歯科】長野県下伊那郡高森町上市田１６６－７" }, "geometry": { "type": "Point", "coordinates": [ 137.856921, 35.553787 ] } },
{ "type": "Feature", "properties": { "ID": "2033205710730", "正式名称": "長瀬歯科医院", "機関区分": 3, "都道府県コード": 20, "市区町村コード": 205, "所在地": "長野県飯田市本町３－１", "緯度": 35.515985, "経度": 137.823564, "url": "https://www.iryou.teikyouseido.mhlw.go.jp/znk-web/juminkanja/S2430/initialize?prefCd=20&kikanCd=3205710730&kikanKbn=3", "url2": null, "内容": "長瀬歯科医院【3:歯科】長野県飯田市本町３－１" }, "geometry": { "type": "Point", "coordinates": [ 137.823564, 35.515985 ] } },
{ "type": "Feature", "properties": { "ID": "2033205710860", "正式名称": "小澤第二歯科医院", "機関区分": 3, "都道府県コード": 20, "市区町村コード": 411, "所在地": "長野県下伊那郡下條村陽皐７４５－１", "緯度": 35.390999, "経度": 137.793349, "url": "https://www.iryou.teikyouseido.mhlw.go.jp/znk-web/juminkanja/S2430/initialize?prefCd=20&kikanCd=3205710860&kikanKbn=3", "url2": null, "内容": "小澤第二歯科医院【3:歯科】長野県下伊那郡下條村陽皐７４５－１" }, "geometry": { "type": "Point", "coordinates": [ 137.793349, 35.390999 ] } },
{ "type": "Feature", "properties": { "ID": "2033205711030", "正式名称": "いずみ歯科クリニック", "機関区分": 3, "都道府県コード": 20, "市区町村コード": 205, "所在地": "長野県飯田市鼎一色２６８－１", "緯度": 35.503709, "経度": 137.815788, "url": "https://www.iryou.teikyouseido.mhlw.go.jp/znk-web/juminkanja/S2430/initialize?prefCd=20&kikanCd=3205711030&kikanKbn=3", "url2": null, "内容": "いずみ歯科クリニック【3:歯科】長野県飯田市鼎一色２６８－１" }, "geometry": { "type": "Point", "coordinates": [ 137.815788, 35.503709 ] } },
{ "type": "Feature", "properties": { "ID": "2033205711160", "正式名称": "かなえ歯科医院", "機関区分": 3, "都道府県コード": 20, "市区町村コード": 205, "所在地": "長野県飯田市宮の前４４４１－１", "緯度": 35.523373, "経度": 137.82523, "url": "https://www.iryou.teikyouseido.mhlw.go.jp/znk-web/juminkanja/S2430/initialize?prefCd=20&kikanCd=3205711160&kikanKbn=3", "url2": null, "内容": "かなえ歯科医院【3:歯科】長野県飯田市宮の前４４４１－１" }, "geometry": { "type": "Point", "coordinates": [ 137.82523, 35.523373 ] } },
{ "type": "Feature", "properties": { "ID": "2033205711290", "正式名称": "向井歯科医院", "機関区分": 3, "都道府県コード": 20, "市区町村コード": 205, "所在地": "長野県飯田市鼎名古熊２０２０－６", "緯度": 35.496682, "経度": 137.826454, "url": "https://www.iryou.teikyouseido.mhlw.go.jp/znk-web/juminkanja/S2430/initialize?prefCd=20&kikanCd=3205711290&kikanKbn=3", "url2": null, "内容": "向井歯科医院【3:歯科】長野県飯田市鼎名古熊２０２０－６" }, "geometry": { "type": "Point", "coordinates": [ 137.826454, 35.496682 ] } },
{ "type": "Feature", "properties": { "ID": "2033205711320", "正式名称": "松澤歯科医院", "機関区分": 3, "都道府県コード": 20, "市区町村コード": 205, "所在地": "長野県飯田市上郷飯沼１７９７－１", "緯度": 35.520652, "経度": 137.848923, "url": "https://www.iryou.teikyouseido.mhlw.go.jp/znk-web/juminkanja/S2430/initialize?prefCd=20&kikanCd=3205711320&kikanKbn=3", "url2": null, "内容": "松澤歯科医院【3:歯科】長野県飯田市上郷飯沼１７９７－１" }, "geometry": { "type": "Point", "coordinates": [ 137.848923, 35.520652 ] } },
{ "type": "Feature", "properties": { "ID": "2033205711580", "正式名称": "さとう歯科医院", "機関区分": 3, "都道府県コード": 20, "市区町村コード": 205, "所在地": "長野県飯田市鼎中平２０００－２", "緯度": 35.506875, "経度": 137.827425, "url": "https://www.iryou.teikyouseido.mhlw.go.jp/znk-web/juminkanja/S2430/initialize?prefCd=20&kikanCd=3205711580&kikanKbn=3", "url2": "http://www.Satoh-shika.com", "内容": "さとう歯科医院【3:歯科】長野県飯田市鼎中平２０００－２" }, "geometry": { "type": "Point", "coordinates": [ 137.827425, 35.506875 ] } },
{ "type": "Feature", "properties": { "ID": "2033205711610", "正式名称": "しまだ歯科クリニック", "機関区分": 3, "都道府県コード": 20, "市区町村コード": 205, "所在地": "長野県飯田市大瀬木３８７８－１", "緯度": 35.491126, "経度": 137.782319, "url": "https://www.iryou.teikyouseido.mhlw.go.jp/znk-web/juminkanja/S2430/initialize?prefCd=20&kikanCd=3205711610&kikanKbn=3", "url2": null, "内容": "しまだ歯科クリニック【3:歯科】長野県飯田市大瀬木３８７８－１" }, "geometry": { "type": "Point", "coordinates": [ 137.782319, 35.491126 ] } },
{ "type": "Feature", "properties": { "ID": "2033205711740", "正式名称": "松村歯科医院", "機関区分": 3, "都道府県コード": 20, "市区町村コード": 205, "所在地": "長野県飯田市上郷黒田３３５ー４", "緯度": 35.518124, "経度": 137.840618, "url": "https://www.iryou.teikyouseido.mhlw.go.jp/znk-web/juminkanja/S2430/initialize?prefCd=20&kikanCd=3205711740&kikanKbn=3", "url2": null, "内容": "松村歯科医院【3:歯科】長野県飯田市上郷黒田３３５ー４" }, "geometry": { "type": "Point", "coordinates": [ 137.840618, 35.518124 ] } },
{ "type": "Feature", "properties": { "ID": "2033205711900", "正式名称": "まきうち歯科", "機関区分": 3, "都道府県コード": 20, "市区町村コード": 205, "所在地": "長野県飯田市江戸浜町３４１５－６", "緯度": 35.514402, "経度": 137.836174, "url": "https://www.iryou.teikyouseido.mhlw.go.jp/znk-web/juminkanja/S2430/initialize?prefCd=20&kikanCd=3205711900&kikanKbn=3", "url2": null, "内容": "まきうち歯科【3:歯科】長野県飯田市江戸浜町３４１５－６" }, "geometry": { "type": "Point", "coordinates": [ 137.836174, 35.514402 ] } },
{ "type": "Feature", "properties": { "ID": "2033205712170", "正式名称": "まつした齒科", "機関区分": 3, "都道府県コード": 20, "市区町村コード": 205, "所在地": "長野県飯田市松尾明５０９６－１", "緯度": 35.493016, "経度": 137.846896, "url": "https://www.iryou.teikyouseido.mhlw.go.jp/znk-web/juminkanja/S2430/initialize?prefCd=20&kikanCd=3205712170&kikanKbn=3", "url2": "https://dental.c-concierge.jp/0000022265/", "内容": "まつした齒科【3:歯科】長野県飯田市松尾明５０９６－１" }, "geometry": { "type": "Point", "coordinates": [ 137.846896, 35.493016 ] } },
{ "type": "Feature", "properties": { "ID": "2033205712200", "正式名称": "三宅歯科クリニック", "機関区分": 3, "都道府県コード": 20, "市区町村コード": 205, "所在地": "長野県飯田市中村１７６４番地１", "緯度": 35.482376, "経度": 137.795383, "url": "https://www.iryou.teikyouseido.mhlw.go.jp/znk-web/juminkanja/S2430/initialize?prefCd=20&kikanCd=3205712200&kikanKbn=3", "url2": null, "内容": "三宅歯科クリニック【3:歯科】長野県飯田市中村１７６４番地１" }, "geometry": { "type": "Point", "coordinates": [ 137.795383, 35.482376 ] } },
{ "type": "Feature", "properties": { "ID": "2033205712330", "正式名称": "みどり歯科医院", "機関区分": 3, "都道府県コード": 20, "市区町村コード": 205, "所在地": "長野県飯田市上郷飯沼１５７５番地　イオン飯田店２階", "緯度": 35.523346, "経度": 137.851089, "url": "https://www.iryou.teikyouseido.mhlw.go.jp/znk-web/juminkanja/S2430/initialize?prefCd=20&kikanCd=3205712330&kikanKbn=3", "url2": null, "内容": "みどり歯科医院【3:歯科】長野県飯田市上郷飯沼１５７５番地　イオン飯田店２階" }, "geometry": { "type": "Point", "coordinates": [ 137.851089, 35.523346 ] } },
{ "type": "Feature", "properties": { "ID": "2033205712460", "正式名称": "きらり歯科医院", "機関区分": 3, "都道府県コード": 20, "市区町村コード": 205, "所在地": "長野県飯田市鼎名古熊２５２８－５", "緯度": 35.500515, "経度": 137.832259, "url": "https://www.iryou.teikyouseido.mhlw.go.jp/znk-web/juminkanja/S2430/initialize?prefCd=20&kikanCd=3205712460&kikanKbn=3", "url2": "http://www.kirarishika.com/", "内容": "きらり歯科医院【3:歯科】長野県飯田市鼎名古熊２５２８－５" }, "geometry": { "type": "Point", "coordinates": [ 137.832259, 35.500515 ] } },
{ "type": "Feature", "properties": { "ID": "2033205712590", "正式名称": "ひだまり歯科", "機関区分": 3, "都道府県コード": 20, "市区町村コード": 205, "所在地": "長野県飯田市八幡町２１３０－７", "緯度": 35.495682, "経度": 137.840425, "url": "https://www.iryou.teikyouseido.mhlw.go.jp/znk-web/juminkanja/S2430/initialize?prefCd=20&kikanCd=3205712590&kikanKbn=3", "url2": "https://www.hidamari-dental.net/", "内容": "ひだまり歯科【3:歯科】長野県飯田市八幡町２１３０－７" }, "geometry": { "type": "Point", "coordinates": [ 137.840425, 35.495682 ] } },
{ "type": "Feature", "properties": { "ID": "2033205712620", "正式名称": "かみぬま歯科クリニック", "機関区分": 3, "都道府県コード": 20, "市区町村コード": 416, "所在地": "長野県下伊那郡豊丘村神稲９０７９－３", "緯度": 35.536262, "経度": 137.887558, "url": "https://www.iryou.teikyouseido.mhlw.go.jp/znk-web/juminkanja/S2430/initialize?prefCd=20&kikanCd=3205712620&kikanKbn=3", "url2": "http://www.kaminuma-dent.com/", "内容": "かみぬま歯科クリニック【3:歯科】長野県下伊那郡豊丘村神稲９０７９－３" }, "geometry": { "type": "Point", "coordinates": [ 137.887558, 35.536262 ] } },
{ "type": "Feature", "properties": { "ID": "2033205712750", "正式名称": "大瀬木たぐち歯科", "機関区分": 3, "都道府県コード": 20, "市区町村コード": 205, "所在地": "長野県飯田市大瀬木２９０－１", "緯度": 35.496431, "経度": 137.796734, "url": "https://www.iryou.teikyouseido.mhlw.go.jp/znk-web/juminkanja/S2430/initialize?prefCd=20&kikanCd=3205712750&kikanKbn=3", "url2": "http://osegi-taguchi-dc.jp/", "内容": "大瀬木たぐち歯科【3:歯科】長野県飯田市大瀬木２９０－１" }, "geometry": { "type": "Point", "coordinates": [ 137.796734, 35.496431 ] } },
{ "type": "Feature", "properties": { "ID": "2033205712910", "正式名称": "城歯科クリニック", "機関区分": 3, "都道府県コード": 20, "市区町村コード": 205, "所在地": "長野県飯田市座光寺１８１０－１", "緯度": 35.532956, "経度": 137.860421, "url": "https://www.iryou.teikyouseido.mhlw.go.jp/znk-web/juminkanja/S2430/initialize?prefCd=20&kikanCd=3205712910&kikanKbn=3", "url2": null, "内容": "城歯科クリニック【3:歯科】長野県飯田市座光寺１８１０－１" }, "geometry": { "type": "Point", "coordinates": [ 137.860421, 35.532956 ] } },
{ "type": "Feature", "properties": { "ID": "2033205713210", "正式名称": "アップルロード・デンタルクリニック", "機関区分": 3, "都道府県コード": 20, "市区町村コード": 205, "所在地": "長野県飯田市鼎名古熊２０９１－１", "緯度": 35.49846, "経度": 137.829592, "url": "https://www.iryou.teikyouseido.mhlw.go.jp/znk-web/juminkanja/S2430/initialize?prefCd=20&kikanCd=3205713210&kikanKbn=3", "url2": "https://appleroad-dental.jp", "内容": "アップルロード・デンタルクリニック【3:歯科】長野県飯田市鼎名古熊２０９１－１" }, "geometry": { "type": "Point", "coordinates": [ 137.829592, 35.49846 ] } },
{ "type": "Feature", "properties": { "ID": "2033205713340", "正式名称": "歯科医院　なかや", "機関区分": 3, "都道府県コード": 20, "市区町村コード": 205, "所在地": "長野県飯田市松尾常盤台２８０－１", "緯度": 35.500904, "経度": 137.839758, "url": "https://www.iryou.teikyouseido.mhlw.go.jp/znk-web/juminkanja/S2430/initialize?prefCd=20&kikanCd=3205713340&kikanKbn=3", "url2": "https://shikanakaya.com/", "内容": "歯科医院　なかや【3:歯科】長野県飯田市松尾常盤台２８０－１" }, "geometry": { "type": "Point", "coordinates": [ 137.839758, 35.500904 ] } },
{ "type": "Feature", "properties": { "ID": "2033205713760", "正式名称": "松野歯科医院", "機関区分": 3, "都道府県コード": 20, "市区町村コード": 205, "所在地": "長野県飯田市松尾上溝２９３９－１", "緯度": 35.505313, "経度": 137.844787, "url": "https://www.iryou.teikyouseido.mhlw.go.jp/znk-web/juminkanja/S2430/initialize?prefCd=20&kikanCd=3205713760&kikanKbn=3", "url2": "https://matsuno-dc.jp", "内容": "松野歯科医院【3:歯科】長野県飯田市松尾上溝２９３９－１" }, "geometry": { "type": "Point", "coordinates": [ 137.844787, 35.505313 ] } },
{ "type": "Feature", "properties": { "ID": "2033205713920", "正式名称": "今村歯科医院", "機関区分": 3, "都道府県コード": 20, "市区町村コード": 205, "所在地": "長野県飯田市川路７５２４", "緯度": 35.452533, "経度": 137.814894, "url": "https://www.iryou.teikyouseido.mhlw.go.jp/znk-web/juminkanja/S2430/initialize?prefCd=20&kikanCd=3205713920&kikanKbn=3", "url2": "http://imamurashika.net", "内容": "今村歯科医院【3:歯科】長野県飯田市川路７５２４" }, "geometry": { "type": "Point", "coordinates": [ 137.814894, 35.452533 ] } },
{ "type": "Feature", "properties": { "ID": "2033205714060", "正式名称": "しらかば歯科クリニック", "機関区分": 3, "都道府県コード": 20, "市区町村コード": 402, "所在地": "長野県下伊那郡松川町元大島１３８０－２", "緯度": 35.596665, "経度": 137.911398, "url": "https://www.iryou.teikyouseido.mhlw.go.jp/znk-web/juminkanja/S2430/initialize?prefCd=20&kikanCd=3205714060&kikanKbn=3", "url2": "https://www.shirakaba-dental-clinic.com/", "内容": "しらかば歯科クリニック【3:歯科】長野県下伊那郡松川町元大島１３８０－２" }, "geometry": { "type": "Point", "coordinates": [ 137.911398, 35.596665 ] } },
{ "type": "Feature", "properties": { "ID": "2033205714190", "正式名称": "医療法人いいだの森歯科こども歯科クリニック", "機関区分": 3, "都道府県コード": 20, "市区町村コード": 205, "所在地": "長野県飯田市鼎切石４０７９－１", "緯度": 35.509781, "経度": 137.809853, "url": "https://www.iryou.teikyouseido.mhlw.go.jp/znk-web/juminkanja/S2430/initialize?prefCd=20&kikanCd=3205714190&kikanKbn=3", "url2": "https://iida-forest-dc.com/index.html", "内容": "医療法人いいだの森歯科こども歯科クリニック【3:歯科】長野県飯田市鼎切石４０７９－１" }, "geometry": { "type": "Point", "coordinates": [ 137.809853, 35.509781 ] } },
{ "type": "Feature", "properties": { "ID": "2033205714350", "正式名称": "おおしか歯科医院", "機関区分": 3, "都道府県コード": 20, "市区町村コード": 205, "所在地": "長野県飯田市鼎東鼎７２－１", "緯度": 35.506911, "経度": 137.841757, "url": "https://www.iryou.teikyouseido.mhlw.go.jp/znk-web/juminkanja/S2430/initialize?prefCd=20&kikanCd=3205714350&kikanKbn=3", "url2": "https://oshika-dental.com/", "内容": "おおしか歯科医院【3:歯科】長野県飯田市鼎東鼎７２－１" }, "geometry": { "type": "Point", "coordinates": [ 137.841757, 35.506911 ] } },
{ "type": "Feature", "properties": { "ID": "2033205714480", "正式名称": "まきの歯科", "機関区分": 3, "都道府県コード": 20, "市区町村コード": 205, "所在地": "長野県飯田市鼎下山１１７５－１", "緯度": 35.505514, "経度": 137.832498, "url": "https://www.iryou.teikyouseido.mhlw.go.jp/znk-web/juminkanja/S2430/initialize?prefCd=20&kikanCd=3205714480&kikanKbn=3", "url2": "https://makino-dentalclinic-iida.jp/", "内容": "まきの歯科【3:歯科】長野県飯田市鼎下山１１７５－１" }, "geometry": { "type": "Point", "coordinates": [ 137.832498, 35.505514 ] } },
{ "type": "Feature", "properties": { "ID": "2033205714510", "正式名称": "小林歯科・矯正歯科クリニック", "機関区分": 3, "都道府県コード": 20, "市区町村コード": 403, "所在地": "長野県下伊那郡高森町下市田２９３４－３０", "緯度": 35.548825, "経度": 137.885197, "url": "https://www.iryou.teikyouseido.mhlw.go.jp/znk-web/juminkanja/S2430/initialize?prefCd=20&kikanCd=3205714510&kikanKbn=3", "url2": null, "内容": "小林歯科・矯正歯科クリニック【3:歯科】長野県下伊那郡高森町下市田２９３４－３０" }, "geometry": { "type": "Point", "coordinates": [ 137.885197, 35.548825 ] } },
{ "type": "Feature", "properties": { "ID": "2033205714640", "正式名称": "しがき歯科医院", "機関区分": 3, "都道府県コード": 20, "市区町村コード": 205, "所在地": "長野県飯田市駄科１２９２－１", "緯度": 35.479308, "経度": 137.830212, "url": "https://www.iryou.teikyouseido.mhlw.go.jp/znk-web/juminkanja/S2430/initialize?prefCd=20&kikanCd=3205714640&kikanKbn=3", "url2": null, "内容": "しがき歯科医院【3:歯科】長野県飯田市駄科１２９２－１" }, "geometry": { "type": "Point", "coordinates": [ 137.830212, 35.479308 ] } },
{ "type": "Feature", "properties": { "ID": "2033205714930", "正式名称": "吉川歯科医院", "機関区分": 3, "都道府県コード": 20, "市区町村コード": 205, "所在地": "長野県飯田市馬場町２ー１０４", "緯度": 35.515755, "経度": 137.829, "url": "https://www.iryou.teikyouseido.mhlw.go.jp/znk-web/juminkanja/S2430/initialize?prefCd=20&kikanCd=3205714930&kikanKbn=3", "url2": null, "内容": "吉川歯科医院【3:歯科】長野県飯田市馬場町２ー１０４" }, "geometry": { "type": "Point", "coordinates": [ 137.829, 35.515755 ] } },
{ "type": "Feature", "properties": { "ID": "2033205715230", "正式名称": "医療法人新井歯科医院", "機関区分": 3, "都道府県コード": 20, "市区町村コード": 205, "所在地": "長野県飯田市育良町１－２２－７", "緯度": 35.506402, "経度": 137.801214, "url": "https://www.iryou.teikyouseido.mhlw.go.jp/znk-web/juminkanja/S2430/initialize?prefCd=20&kikanCd=3205715230&kikanKbn=3", "url2": "https://www.arai-dc.com/", "内容": "医療法人新井歯科医院【3:歯科】長野県飯田市育良町１－２２－７" }, "geometry": { "type": "Point", "coordinates": [ 137.801214, 35.506402 ] } },
{ "type": "Feature", "properties": { "ID": "2033205801090", "正式名称": "塚本歯科医院", "機関区分": 3, "都道府県コード": 20, "市区町村コード": 422, "所在地": "長野県木曽郡上松町本町通り　２－１０５－５", "緯度": 35.785451, "経度": 137.695648, "url": "https://www.iryou.teikyouseido.mhlw.go.jp/znk-web/juminkanja/S2430/initialize?prefCd=20&kikanCd=3205801090&kikanKbn=3", "url2": null, "内容": "塚本歯科医院【3:歯科】長野県木曽郡上松町本町通り　２－１０５－５" }, "geometry": { "type": "Point", "coordinates": [ 137.695648, 35.785451 ] } },
{ "type": "Feature", "properties": { "ID": "2033205801540", "正式名称": "古谷歯科医院", "機関区分": 3, "都道府県コード": 20, "市区町村コード": 430, "所在地": "長野県木曽郡大桑村野尻１７９９", "緯度": 35.674018, "経度": 137.639269, "url": "https://www.iryou.teikyouseido.mhlw.go.jp/znk-web/juminkanja/S2430/initialize?prefCd=20&kikanCd=3205801540&kikanKbn=3", "url2": null, "内容": "古谷歯科医院【3:歯科】長野県木曽郡大桑村野尻１７９９" }, "geometry": { "type": "Point", "coordinates": [ 137.639269, 35.674018 ] } },
{ "type": "Feature", "properties": { "ID": "2033205801670", "正式名称": "医療法人　水野歯科医院", "機関区分": 3, "都道府県コード": 20, "市区町村コード": 423, "所在地": "長野県木曽郡南木曽町読書", "緯度": 35.597137, "経度": 137.60708, "url": "https://www.iryou.teikyouseido.mhlw.go.jp/znk-web/juminkanja/S2430/initialize?prefCd=20&kikanCd=3205801670&kikanKbn=3", "url2": null, "内容": "医療法人　水野歯科医院【3:歯科】長野県木曽郡南木曽町読書" }, "geometry": { "type": "Point", "coordinates": [ 137.60708, 35.597137 ] } },
{ "type": "Feature", "properties": { "ID": "2033205801960", "正式名称": "あすなろ歯科医院", "機関区分": 3, "都道府県コード": 20, "市区町村コード": 432, "所在地": "長野県木曽郡木曽町福島５３９２－１３", "緯度": 35.847042, "経度": 137.693741, "url": "https://www.iryou.teikyouseido.mhlw.go.jp/znk-web/juminkanja/S2430/initialize?prefCd=20&kikanCd=3205801960&kikanKbn=3", "url2": null, "内容": "あすなろ歯科医院【3:歯科】長野県木曽郡木曽町福島５３９２－１３" }, "geometry": { "type": "Point", "coordinates": [ 137.693741, 35.847042 ] } },
{ "type": "Feature", "properties": { "ID": "2033205802000", "正式名称": "うすい歯科医院", "機関区分": 3, "都道府県コード": 20, "市区町村コード": 215, "所在地": "長野県塩尻市木曽平沢１７４６", "緯度": 35.980571, "経度": 137.833018, "url": "https://www.iryou.teikyouseido.mhlw.go.jp/znk-web/juminkanja/S2430/initialize?prefCd=20&kikanCd=3205802000&kikanKbn=3", "url2": null, "内容": "うすい歯科医院【3:歯科】長野県塩尻市木曽平沢１７４６" }, "geometry": { "type": "Point", "coordinates": [ 137.833018, 35.980571 ] } },
{ "type": "Feature", "properties": { "ID": "2033205802260", "正式名称": "はらの歯科医院", "機関区分": 3, "都道府県コード": 20, "市区町村コード": 432, "所在地": "長野県木曽郡木曽町日義５２２６－７", "緯度": 35.860055, "経度": 137.747697, "url": "https://www.iryou.teikyouseido.mhlw.go.jp/znk-web/juminkanja/S2430/initialize?prefCd=20&kikanCd=3205802260&kikanKbn=3", "url2": null, "内容": "はらの歯科医院【3:歯科】長野県木曽郡木曽町日義５２２６－７" }, "geometry": { "type": "Point", "coordinates": [ 137.747697, 35.860055 ] } },
{ "type": "Feature", "properties": { "ID": "2033205802390", "正式名称": "スマイル歯科クリニック", "機関区分": 3, "都道府県コード": 20, "市区町村コード": 432, "所在地": "長野県木曽郡木曽町福島２８６２", "緯度": 35.838639, "経度": 137.68798, "url": "https://www.iryou.teikyouseido.mhlw.go.jp/znk-web/juminkanja/S2430/initialize?prefCd=20&kikanCd=3205802390&kikanKbn=3", "url2": null, "内容": "スマイル歯科クリニック【3:歯科】長野県木曽郡木曽町福島２８６２" }, "geometry": { "type": "Point", "coordinates": [ 137.68798, 35.838639 ] } },
{ "type": "Feature", "properties": { "ID": "2033205802680", "正式名称": "ゆうあい歯科医院", "機関区分": 3, "都道府県コード": 20, "市区町村コード": 432, "所在地": "長野県木曽郡木曽町日義２６４０", "緯度": 35.886136, "経度": 137.759639, "url": "https://www.iryou.teikyouseido.mhlw.go.jp/znk-web/juminkanja/S2430/initialize?prefCd=20&kikanCd=3205802680&kikanKbn=3", "url2": null, "内容": "ゆうあい歯科医院【3:歯科】長野県木曽郡木曽町日義２６４０" }, "geometry": { "type": "Point", "coordinates": [ 137.759639, 35.886136 ] } },
{ "type": "Feature", "properties": { "ID": "2033205802710", "正式名称": "鈴木歯科医院", "機関区分": 3, "都道府県コード": 20, "市区町村コード": 432, "所在地": "長野県木曽郡木曽町福島５７８５－１３", "緯度": 35.845139, "経度": 137.699868, "url": "https://www.iryou.teikyouseido.mhlw.go.jp/znk-web/juminkanja/S2430/initialize?prefCd=20&kikanCd=3205802710&kikanKbn=3", "url2": null, "内容": "鈴木歯科医院【3:歯科】長野県木曽郡木曽町福島５７８５－１３" }, "geometry": { "type": "Point", "coordinates": [ 137.699868, 35.845139 ] } },
{ "type": "Feature", "properties": { "ID": "2033205802840", "正式名称": "開田高原歯科診療所", "機関区分": 3, "都道府県コード": 20, "市区町村コード": 432, "所在地": "長野県木曽郡木曽町開田高原西野", "緯度": 35.940431, "経度": 137.600595, "url": "https://www.iryou.teikyouseido.mhlw.go.jp/znk-web/juminkanja/S2430/initialize?prefCd=20&kikanCd=3205802840&kikanKbn=3", "url2": null, "内容": "開田高原歯科診療所【3:歯科】長野県木曽郡木曽町開田高原西野" }, "geometry": { "type": "Point", "coordinates": [ 137.600595, 35.940431 ] } },
{ "type": "Feature", "properties": { "ID": "2033205803550", "正式名称": "王滝村国民健康保険診療所", "機関区分": 3, "都道府県コード": 20, "市区町村コード": 429, "所在地": "長野県木曽郡王滝村２８５７－１", "緯度": 35.809389, "経度": 137.551354, "url": "https://www.iryou.teikyouseido.mhlw.go.jp/znk-web/juminkanja/S2430/initialize?prefCd=20&kikanCd=3205803550&kikanKbn=3", "url2": null, "内容": "王滝村国民健康保険診療所【3:歯科】長野県木曽郡王滝村２８５７－１" }, "geometry": { "type": "Point", "coordinates": [ 137.551354, 35.809389 ] } },
{ "type": "Feature", "properties": { "ID": "2033205900300", "正式名称": "笠原歯科医院", "機関区分": 3, "都道府県コード": 20, "市区町村コード": 202, "所在地": "長野県松本市城東１－６－２", "緯度": 36.238156, "経度": 137.973301, "url": "https://www.iryou.teikyouseido.mhlw.go.jp/znk-web/juminkanja/S2430/initialize?prefCd=20&kikanCd=3205900300&kikanKbn=3", "url2": null, "内容": "笠原歯科医院【3:歯科】長野県松本市城東１－６－２" }, "geometry": { "type": "Point", "coordinates": [ 137.973301, 36.238156 ] } },
{ "type": "Feature", "properties": { "ID": "2033205901570", "正式名称": "筒井歯科医院", "機関区分": 3, "都道府県コード": 20, "市区町村コード": 202, "所在地": "長野県松本市出川", "緯度": 36.216464, "経度": 137.973802, "url": "https://www.iryou.teikyouseido.mhlw.go.jp/znk-web/juminkanja/S2430/initialize?prefCd=20&kikanCd=3205901570&kikanKbn=3", "url2": null, "内容": "筒井歯科医院【3:歯科】長野県松本市出川" }, "geometry": { "type": "Point", "coordinates": [ 137.973802, 36.216464 ] } },
{ "type": "Feature", "properties": { "ID": "2033205902740", "正式名称": "原歯科医院", "機関区分": 3, "都道府県コード": 20, "市区町村コード": 202, "所在地": "長野県松本市丸の内１－９", "緯度": 36.236962, "経度": 137.970774, "url": "https://www.iryou.teikyouseido.mhlw.go.jp/znk-web/juminkanja/S2430/initialize?prefCd=20&kikanCd=3205902740&kikanKbn=3", "url2": null, "内容": "原歯科医院【3:歯科】長野県松本市丸の内１－９" }, "geometry": { "type": "Point", "coordinates": [ 137.970774, 36.236962 ] } },
{ "type": "Feature", "properties": { "ID": "2033205903040", "正式名称": "川崎歯科・矯正歯科医院", "機関区分": 3, "都道府県コード": 20, "市区町村コード": 202, "所在地": "長野県松本市高宮北", "緯度": 36.218603, "経度": 137.957942, "url": "https://www.iryou.teikyouseido.mhlw.go.jp/znk-web/juminkanja/S2430/initialize?prefCd=20&kikanCd=3205903040&kikanKbn=3", "url2": null, "内容": "川崎歯科・矯正歯科医院【3:歯科】長野県松本市高宮北" }, "geometry": { "type": "Point", "coordinates": [ 137.957942, 36.218603 ] } },
{ "type": "Feature", "properties": { "ID": "2033205903200", "正式名称": "飯島歯科医院", "機関区分": 3, "都道府県コード": 20, "市区町村コード": 202, "所在地": "長野県松本市深志３丁目８番５号", "緯度": 36.228907, "経度": 137.974079, "url": "https://www.iryou.teikyouseido.mhlw.go.jp/znk-web/juminkanja/S2430/initialize?prefCd=20&kikanCd=3205903200&kikanKbn=3", "url2": null, "内容": "飯島歯科医院【3:歯科】長野県松本市深志３丁目８番５号" }, "geometry": { "type": "Point", "coordinates": [ 137.974079, 36.228907 ] } },
{ "type": "Feature", "properties": { "ID": "2033205904050", "正式名称": "犬飼歯科医院", "機関区分": 3, "都道府県コード": 20, "市区町村コード": 202, "所在地": "長野県松本市沢村３－５－１", "緯度": 36.254127, "経度": 137.969551, "url": "https://www.iryou.teikyouseido.mhlw.go.jp/znk-web/juminkanja/S2430/initialize?prefCd=20&kikanCd=3205904050&kikanKbn=3", "url2": null, "内容": "犬飼歯科医院【3:歯科】長野県松本市沢村３－５－１" }, "geometry": { "type": "Point", "coordinates": [ 137.969551, 36.254127 ] } },
{ "type": "Feature", "properties": { "ID": "2033205904210", "正式名称": "中嶋歯科医院", "機関区分": 3, "都道府県コード": 20, "市区町村コード": 202, "所在地": "長野県松本市城東１－１－６", "緯度": 36.237629, "経度": 137.97319, "url": "https://www.iryou.teikyouseido.mhlw.go.jp/znk-web/juminkanja/S2430/initialize?prefCd=20&kikanCd=3205904210&kikanKbn=3", "url2": null, "内容": "中嶋歯科医院【3:歯科】長野県松本市城東１－１－６" }, "geometry": { "type": "Point", "coordinates": [ 137.97319, 36.237629 ] } },
{ "type": "Feature", "properties": { "ID": "2033205904500", "正式名称": "田中歯科医院", "機関区分": 3, "都道府県コード": 20, "市区町村コード": 202, "所在地": "長野県松本市庄内１－１０－３１", "緯度": 36.222436, "経度": 137.971191, "url": "https://www.iryou.teikyouseido.mhlw.go.jp/znk-web/juminkanja/S2430/initialize?prefCd=20&kikanCd=3205904500&kikanKbn=3", "url2": null, "内容": "田中歯科医院【3:歯科】長野県松本市庄内１－１０－３１" }, "geometry": { "type": "Point", "coordinates": [ 137.971191, 36.222436 ] } },
{ "type": "Feature", "properties": { "ID": "2033205905190", "正式名称": "矢島歯科クリニック", "機関区分": 3, "都道府県コード": 20, "市区町村コード": 202, "所在地": "長野県松本市島立５６７", "緯度": 36.234184, "経度": 137.948609, "url": "https://www.iryou.teikyouseido.mhlw.go.jp/znk-web/juminkanja/S2430/initialize?prefCd=20&kikanCd=3205905190&kikanKbn=3", "url2": null, "内容": "矢島歯科クリニック【3:歯科】長野県松本市島立５６７" }, "geometry": { "type": "Point", "coordinates": [ 137.948609, 36.234184 ] } },
{ "type": "Feature", "properties": { "ID": "2033205905350", "正式名称": "一志歯科医院", "機関区分": 3, "都道府県コード": 20, "市区町村コード": 202, "所在地": "長野県松本市清水２－６－２３", "緯度": 36.238296, "経度": 137.983384, "url": "https://www.iryou.teikyouseido.mhlw.go.jp/znk-web/juminkanja/S2430/initialize?prefCd=20&kikanCd=3205905350&kikanKbn=3", "url2": null, "内容": "一志歯科医院【3:歯科】長野県松本市清水２－６－２３" }, "geometry": { "type": "Point", "coordinates": [ 137.983384, 36.238296 ] } },
{ "type": "Feature", "properties": { "ID": "2033205905510", "正式名称": "竹渕歯科医院", "機関区分": 3, "都道府県コード": 20, "市区町村コード": 202, "所在地": "長野県松本市深志２丁目１番７号", "緯度": 36.23074, "経度": 137.96833, "url": "https://www.iryou.teikyouseido.mhlw.go.jp/znk-web/juminkanja/S2430/initialize?prefCd=20&kikanCd=3205905510&kikanKbn=3", "url2": "http://www.takebuchi-shika.com/", "内容": "竹渕歯科医院【3:歯科】長野県松本市深志２丁目１番７号" }, "geometry": { "type": "Point", "coordinates": [ 137.96833, 36.23074 ] } },
{ "type": "Feature", "properties": { "ID": "2033205905770", "正式名称": "平林歯科医院", "機関区分": 3, "都道府県コード": 20, "市区町村コード": 202, "所在地": "長野県松本市蟻ケ崎３－３－５", "緯度": 36.2456, "経度": 137.966468, "url": "https://www.iryou.teikyouseido.mhlw.go.jp/znk-web/juminkanja/S2430/initialize?prefCd=20&kikanCd=3205905770&kikanKbn=3", "url2": null, "内容": "平林歯科医院【3:歯科】長野県松本市蟻ケ崎３－３－５" }, "geometry": { "type": "Point", "coordinates": [ 137.966468, 36.2456 ] } },
{ "type": "Feature", "properties": { "ID": "2033205905930", "正式名称": "平林矯正歯科", "機関区分": 3, "都道府県コード": 20, "市区町村コード": 202, "所在地": "長野県松本市新村５４８", "緯度": 36.216463, "経度": 137.905919, "url": "https://www.iryou.teikyouseido.mhlw.go.jp/znk-web/juminkanja/S2430/initialize?prefCd=20&kikanCd=3205905930&kikanKbn=3", "url2": "https://www.hirabayashi-kyousei.jp", "内容": "平林矯正歯科【3:歯科】長野県松本市新村５４８" }, "geometry": { "type": "Point", "coordinates": [ 137.905919, 36.216463 ] } },
{ "type": "Feature", "properties": { "ID": "2033205906070", "正式名称": "井上歯科医院", "機関区分": 3, "都道府県コード": 20, "市区町村コード": 202, "所在地": "長野県松本市中央３−８−２", "緯度": 36.231491, "経度": 137.973662, "url": "https://www.iryou.teikyouseido.mhlw.go.jp/znk-web/juminkanja/S2430/initialize?prefCd=20&kikanCd=3205906070&kikanKbn=3", "url2": null, "内容": "井上歯科医院【3:歯科】長野県松本市中央３−８−２" }, "geometry": { "type": "Point", "coordinates": [ 137.973662, 36.231491 ] } },
{ "type": "Feature", "properties": { "ID": "2033205906100", "正式名称": "金井歯科医院", "機関区分": 3, "都道府県コード": 20, "市区町村コード": 202, "所在地": "長野県松本市水汲１３０", "緯度": 36.259349, "経度": 137.982494, "url": "https://www.iryou.teikyouseido.mhlw.go.jp/znk-web/juminkanja/S2430/initialize?prefCd=20&kikanCd=3205906100&kikanKbn=3", "url2": null, "内容": "金井歯科医院【3:歯科】長野県松本市水汲１３０" }, "geometry": { "type": "Point", "coordinates": [ 137.982494, 36.259349 ] } },
{ "type": "Feature", "properties": { "ID": "2033205906230", "正式名称": "中川歯科", "機関区分": 3, "都道府県コード": 20, "市区町村コード": 202, "所在地": "長野県松本市浅間温泉２－１－８", "緯度": 36.26146, "経度": 137.984133, "url": "https://www.iryou.teikyouseido.mhlw.go.jp/znk-web/juminkanja/S2430/initialize?prefCd=20&kikanCd=3205906230&kikanKbn=3", "url2": null, "内容": "中川歯科【3:歯科】長野県松本市浅間温泉２－１－８" }, "geometry": { "type": "Point", "coordinates": [ 137.984133, 36.26146 ] } },
{ "type": "Feature", "properties": { "ID": "2033205906360", "正式名称": "清水歯科医院", "機関区分": 3, "都道府県コード": 20, "市区町村コード": 202, "所在地": "長野県松本市寿豊丘", "緯度": 36.188773, "経度": 137.972053, "url": "https://www.iryou.teikyouseido.mhlw.go.jp/znk-web/juminkanja/S2430/initialize?prefCd=20&kikanCd=3205906360&kikanKbn=3", "url2": null, "内容": "清水歯科医院【3:歯科】長野県松本市寿豊丘" }, "geometry": { "type": "Point", "coordinates": [ 137.972053, 36.188773 ] } },
{ "type": "Feature", "properties": { "ID": "2033205906650", "正式名称": "医療法人平沼歯科医院", "機関区分": 3, "都道府県コード": 20, "市区町村コード": 202, "所在地": "長野県松本市女鳥羽２－１－３", "緯度": 36.240101, "経度": 137.977745, "url": "https://www.iryou.teikyouseido.mhlw.go.jp/znk-web/juminkanja/S2430/initialize?prefCd=20&kikanCd=3205906650&kikanKbn=3", "url2": null, "内容": "医療法人平沼歯科医院【3:歯科】長野県松本市女鳥羽２－１－３" }, "geometry": { "type": "Point", "coordinates": [ 137.977745, 36.240101 ] } },
{ "type": "Feature", "properties": { "ID": "2033205906810", "正式名称": "熊谷歯科医院", "機関区分": 3, "都道府県コード": 20, "市区町村コード": 202, "所在地": "長野県松本市城西２丁目１番４号", "緯度": 36.237906, "経度": 137.965357, "url": "https://www.iryou.teikyouseido.mhlw.go.jp/znk-web/juminkanja/S2430/initialize?prefCd=20&kikanCd=3205906810&kikanKbn=3", "url2": null, "内容": "熊谷歯科医院【3:歯科】長野県松本市城西２丁目１番４号" }, "geometry": { "type": "Point", "coordinates": [ 137.965357, 36.237906 ] } },
{ "type": "Feature", "properties": { "ID": "2033205907110", "正式名称": "高山歯科医院", "機関区分": 3, "都道府県コード": 20, "市区町村コード": 202, "所在地": "長野県松本市蟻ケ崎４－１１－７", "緯度": 36.244739, "経度": 137.960163, "url": "https://www.iryou.teikyouseido.mhlw.go.jp/znk-web/juminkanja/S2430/initialize?prefCd=20&kikanCd=3205907110&kikanKbn=3", "url2": null, "内容": "高山歯科医院【3:歯科】長野県松本市蟻ケ崎４－１１－７" }, "geometry": { "type": "Point", "coordinates": [ 137.960163, 36.244739 ] } },
{ "type": "Feature", "properties": { "ID": "2033205907370", "正式名称": "協立歯科医院", "機関区分": 3, "都道府県コード": 20, "市区町村コード": 202, "所在地": "長野県松本市野溝木工", "緯度": 36.201938, "経度": 137.955054, "url": "https://www.iryou.teikyouseido.mhlw.go.jp/znk-web/juminkanja/S2430/initialize?prefCd=20&kikanCd=3205907370&kikanKbn=3", "url2": null, "内容": "協立歯科医院【3:歯科】長野県松本市野溝木工" }, "geometry": { "type": "Point", "coordinates": [ 137.955054, 36.201938 ] } },
{ "type": "Feature", "properties": { "ID": "2033205907400", "正式名称": "イイムラ歯科医院", "機関区分": 3, "都道府県コード": 20, "市区町村コード": 202, "所在地": "長野県松本市筑摩４－２１－６", "緯度": 36.223242, "経度": 137.986162, "url": "https://www.iryou.teikyouseido.mhlw.go.jp/znk-web/juminkanja/S2430/initialize?prefCd=20&kikanCd=3205907400&kikanKbn=3", "url2": null, "内容": "イイムラ歯科医院【3:歯科】長野県松本市筑摩４－２１－６" }, "geometry": { "type": "Point", "coordinates": [ 137.986162, 36.223242 ] } },
{ "type": "Feature", "properties": { "ID": "2033205907530", "正式名称": "春日歯科医院", "機関区分": 3, "都道府県コード": 20, "市区町村コード": 202, "所在地": "長野県松本市島内１３８５−１", "緯度": 36.243877, "経度": 137.930305, "url": "https://www.iryou.teikyouseido.mhlw.go.jp/znk-web/juminkanja/S2430/initialize?prefCd=20&kikanCd=3205907530&kikanKbn=3", "url2": "https://www.kasugadc.com", "内容": "春日歯科医院【3:歯科】長野県松本市島内１３８５−１" }, "geometry": { "type": "Point", "coordinates": [ 137.930305, 36.243877 ] } },
{ "type": "Feature", "properties": { "ID": "2033205907660", "正式名称": "丸山歯科医院", "機関区分": 3, "都道府県コード": 20, "市区町村コード": 202, "所在地": "長野県松本市蟻ケ崎２丁目５番１９号", "緯度": 36.242267, "経度": 137.966052, "url": "https://www.iryou.teikyouseido.mhlw.go.jp/znk-web/juminkanja/S2430/initialize?prefCd=20&kikanCd=3205907660&kikanKbn=3", "url2": null, "内容": "丸山歯科医院【3:歯科】長野県松本市蟻ケ崎２丁目５番１９号" }, "geometry": { "type": "Point", "coordinates": [ 137.966052, 36.242267 ] } },
{ "type": "Feature", "properties": { "ID": "2033205908670", "正式名称": "三野歯科医院", "機関区分": 3, "都道府県コード": 20, "市区町村コード": 215, "所在地": "長野県塩尻市広丘原新田２２５－２７", "緯度": 36.149138, "経度": 137.945946, "url": "https://www.iryou.teikyouseido.mhlw.go.jp/znk-web/juminkanja/S2430/initialize?prefCd=20&kikanCd=3205908670&kikanKbn=3", "url2": null, "内容": "三野歯科医院【3:歯科】長野県塩尻市広丘原新田２２５－２７" }, "geometry": { "type": "Point", "coordinates": [ 137.945946, 36.149138 ] } },
{ "type": "Feature", "properties": { "ID": "2033205909680", "正式名称": "あい歯科医院", "機関区分": 3, "都道府県コード": 20, "市区町村コード": 202, "所在地": "長野県松本市南原２－１－１８", "緯度": 36.212075, "経度": 137.945805, "url": "https://www.iryou.teikyouseido.mhlw.go.jp/znk-web/juminkanja/S2430/initialize?prefCd=20&kikanCd=3205909680&kikanKbn=3", "url2": null, "内容": "あい歯科医院【3:歯科】長野県松本市南原２－１－１８" }, "geometry": { "type": "Point", "coordinates": [ 137.945805, 36.212075 ] } },
{ "type": "Feature", "properties": { "ID": "2033205909840", "正式名称": "つづく歯科医院", "機関区分": 3, "都道府県コード": 20, "市区町村コード": 215, "所在地": "長野県塩尻市広丘吉田２９０２－９", "緯度": 36.163192, "経度": 137.954806, "url": "https://www.iryou.teikyouseido.mhlw.go.jp/znk-web/juminkanja/S2430/initialize?prefCd=20&kikanCd=3205909840&kikanKbn=3", "url2": "https://www.dc-tsuzuku.com", "内容": "つづく歯科医院【3:歯科】長野県塩尻市広丘吉田２９０２－９" }, "geometry": { "type": "Point", "coordinates": [ 137.954806, 36.163192 ] } },
{ "type": "Feature", "properties": { "ID": "2033205909970", "正式名称": "田中歯科医院", "機関区分": 3, "都道府県コード": 20, "市区町村コード": 215, "所在地": "長野県塩尻市大門六番町３－２５", "緯度": 36.114698, "経度": 137.95553, "url": "https://www.iryou.teikyouseido.mhlw.go.jp/znk-web/juminkanja/S2430/initialize?prefCd=20&kikanCd=3205909970&kikanKbn=3", "url2": null, "内容": "田中歯科医院【3:歯科】長野県塩尻市大門六番町３－２５" }, "geometry": { "type": "Point", "coordinates": [ 137.95553, 36.114698 ] } },
{ "type": "Feature", "properties": { "ID": "2033205910110", "正式名称": "ツカハラ歯科医院", "機関区分": 3, "都道府県コード": 20, "市区町村コード": 215, "所在地": "長野県塩尻市大門三番町１－５", "緯度": 36.111059, "経度": 137.955613, "url": "https://www.iryou.teikyouseido.mhlw.go.jp/znk-web/juminkanja/S2430/initialize?prefCd=20&kikanCd=3205910110&kikanKbn=3", "url2": null, "内容": "ツカハラ歯科医院【3:歯科】長野県塩尻市大門三番町１－５" }, "geometry": { "type": "Point", "coordinates": [ 137.955613, 36.111059 ] } },
{ "type": "Feature", "properties": { "ID": "2033205910660", "正式名称": "小山歯科医院", "機関区分": 3, "都道府県コード": 20, "市区町村コード": 220, "所在地": "長野県安曇野市明科中川手３８２０－２", "緯度": 36.354642, "経度": 137.927301, "url": "https://www.iryou.teikyouseido.mhlw.go.jp/znk-web/juminkanja/S2430/initialize?prefCd=20&kikanCd=3205910660&kikanKbn=3", "url2": null, "内容": "小山歯科医院【3:歯科】長野県安曇野市明科中川手３８２０－２" }, "geometry": { "type": "Point", "coordinates": [ 137.927301, 36.354642 ] } },
{ "type": "Feature", "properties": { "ID": "2033205911090", "正式名称": "中島歯科医院", "機関区分": 3, "都道府県コード": 20, "市区町村コード": 452, "所在地": "長野県東筑摩郡筑北村坂北４４５９番地２", "緯度": 36.424942, "経度": 138.013179, "url": "https://www.iryou.teikyouseido.mhlw.go.jp/znk-web/juminkanja/S2430/initialize?prefCd=20&kikanCd=3205911090&kikanKbn=3", "url2": null, "内容": "中島歯科医院【3:歯科】長野県東筑摩郡筑北村坂北４４５９番地２" }, "geometry": { "type": "Point", "coordinates": [ 138.013179, 36.424942 ] } },
{ "type": "Feature", "properties": { "ID": "2033205911410", "正式名称": "医療法人中央歯科医院", "機関区分": 3, "都道府県コード": 20, "市区町村コード": 202, "所在地": "長野県松本市波田５４３５番１", "緯度": 36.202519, "経度": 137.85834, "url": "https://www.iryou.teikyouseido.mhlw.go.jp/znk-web/juminkanja/S2430/initialize?prefCd=20&kikanCd=3205911410&kikanKbn=3", "url2": null, "内容": "医療法人中央歯科医院【3:歯科】長野県松本市波田５４３５番１" }, "geometry": { "type": "Point", "coordinates": [ 137.85834, 36.202519 ] } },
{ "type": "Feature", "properties": { "ID": "2033205911540", "正式名称": "早田歯科医院", "機関区分": 3, "都道府県コード": 20, "市区町村コード": 202, "所在地": "長野県松本市波田１５７１", "緯度": 36.207713, "経度": 137.880727, "url": "https://www.iryou.teikyouseido.mhlw.go.jp/znk-web/juminkanja/S2430/initialize?prefCd=20&kikanCd=3205911540&kikanKbn=3", "url2": null, "内容": "早田歯科医院【3:歯科】長野県松本市波田１５７１" }, "geometry": { "type": "Point", "coordinates": [ 137.880727, 36.207713 ] } },
{ "type": "Feature", "properties": { "ID": "2033205911830", "正式名称": "松井歯科医院", "機関区分": 3, "都道府県コード": 20, "市区町村コード": 215, "所在地": "長野県塩尻市大字洗馬２５７３", "緯度": 36.111642, "経度": 137.914561, "url": "https://www.iryou.teikyouseido.mhlw.go.jp/znk-web/juminkanja/S2430/initialize?prefCd=20&kikanCd=3205911830&kikanKbn=3", "url2": null, "内容": "松井歯科医院【3:歯科】長野県塩尻市大字洗馬２５７３" }, "geometry": { "type": "Point", "coordinates": [ 137.914561, 36.111642 ] } },
{ "type": "Feature", "properties": { "ID": "2033205912130", "正式名称": "大久保歯科医院", "機関区分": 3, "都道府県コード": 20, "市区町村コード": 202, "所在地": "長野県松本市島立４８７９－１", "緯度": 36.210853, "経度": 137.931278, "url": "https://www.iryou.teikyouseido.mhlw.go.jp/znk-web/juminkanja/S2430/initialize?prefCd=20&kikanCd=3205912130&kikanKbn=3", "url2": null, "内容": "大久保歯科医院【3:歯科】長野県松本市島立４８７９－１" }, "geometry": { "type": "Point", "coordinates": [ 137.931278, 36.210853 ] } },
{ "type": "Feature", "properties": { "ID": "2033205912680", "正式名称": "横山歯科医院", "機関区分": 3, "都道府県コード": 20, "市区町村コード": 202, "所在地": "長野県松本市笹賀５２２８－１", "緯度": 36.198938, "経度": 137.943555, "url": "https://www.iryou.teikyouseido.mhlw.go.jp/znk-web/juminkanja/S2430/initialize?prefCd=20&kikanCd=3205912680&kikanKbn=3", "url2": null, "内容": "横山歯科医院【3:歯科】長野県松本市笹賀５２２８－１" }, "geometry": { "type": "Point", "coordinates": [ 137.943555, 36.198938 ] } },
{ "type": "Feature", "properties": { "ID": "2033205912840", "正式名称": "坂本歯科医院", "機関区分": 3, "都道府県コード": 20, "市区町村コード": 202, "所在地": "長野県松本市神林３３２５−１", "緯度": 36.193884, "経度": 137.923968, "url": "https://www.iryou.teikyouseido.mhlw.go.jp/znk-web/juminkanja/S2430/initialize?prefCd=20&kikanCd=3205912840&kikanKbn=3", "url2": null, "内容": "坂本歯科医院【3:歯科】長野県松本市神林３３２５−１" }, "geometry": { "type": "Point", "coordinates": [ 137.923968, 36.193884 ] } },
{ "type": "Feature", "properties": { "ID": "2033205912970", "正式名称": "杉村歯科医院", "機関区分": 3, "都道府県コード": 20, "市区町村コード": 202, "所在地": "長野県松本市筑摩１－２１－６", "緯度": 36.221658, "経度": 137.977051, "url": "https://www.iryou.teikyouseido.mhlw.go.jp/znk-web/juminkanja/S2430/initialize?prefCd=20&kikanCd=3205912970&kikanKbn=3", "url2": null, "内容": "杉村歯科医院【3:歯科】長野県松本市筑摩１－２１－６" }, "geometry": { "type": "Point", "coordinates": [ 137.977051, 36.221658 ] } },
{ "type": "Feature", "properties": { "ID": "2033205913010", "正式名称": "窪田歯科医院", "機関区分": 3, "都道府県コード": 20, "市区町村コード": 202, "所在地": "長野県松本市大手３ー２ー１９", "緯度": 36.235518, "経度": 137.969246, "url": "https://www.iryou.teikyouseido.mhlw.go.jp/znk-web/juminkanja/S2430/initialize?prefCd=20&kikanCd=3205913010&kikanKbn=3", "url2": "https://www.topaz-dent.jp/", "内容": "窪田歯科医院【3:歯科】長野県松本市大手３ー２ー１９" }, "geometry": { "type": "Point", "coordinates": [ 137.969246, 36.235518 ] } },
{ "type": "Feature", "properties": { "ID": "2033205913140", "正式名称": "小出歯科医院", "機関区分": 3, "都道府県コード": 20, "市区町村コード": 202, "所在地": "長野県松本市北深志", "緯度": 36.246461, "経度": 137.974384, "url": "https://www.iryou.teikyouseido.mhlw.go.jp/znk-web/juminkanja/S2430/initialize?prefCd=20&kikanCd=3205913140&kikanKbn=3", "url2": "http://www.koide-dc.com/", "内容": "小出歯科医院【3:歯科】長野県松本市北深志" }, "geometry": { "type": "Point", "coordinates": [ 137.974384, 36.246461 ] } },
{ "type": "Feature", "properties": { "ID": "2033205913270", "正式名称": "山岸歯科医院", "機関区分": 3, "都道府県コード": 20, "市区町村コード": 202, "所在地": "長野県松本市大手３－３－６", "緯度": 36.235296, "経度": 137.969829, "url": "https://www.iryou.teikyouseido.mhlw.go.jp/znk-web/juminkanja/S2430/initialize?prefCd=20&kikanCd=3205913270&kikanKbn=3", "url2": "http://www.yamagishishika.com/", "内容": "山岸歯科医院【3:歯科】長野県松本市大手３－３－６" }, "geometry": { "type": "Point", "coordinates": [ 137.969829, 36.235296 ] } },
{ "type": "Feature", "properties": { "ID": "2033205913300", "正式名称": "小松歯科医院", "機関区分": 3, "都道府県コード": 20, "市区町村コード": 215, "所在地": "長野県塩尻市北小野４０－５", "緯度": 36.050539, "経度": 137.969448, "url": "https://www.iryou.teikyouseido.mhlw.go.jp/znk-web/juminkanja/S2430/initialize?prefCd=20&kikanCd=3205913300&kikanKbn=3", "url2": null, "内容": "小松歯科医院【3:歯科】長野県塩尻市北小野４０－５" }, "geometry": { "type": "Point", "coordinates": [ 137.969448, 36.050539 ] } },
{ "type": "Feature", "properties": { "ID": "2033205913720", "正式名称": "林歯科医院", "機関区分": 3, "都道府県コード": 20, "市区町村コード": 202, "所在地": "長野県松本市白板２－２－８", "緯度": 36.238184, "経度": 137.959163, "url": "https://www.iryou.teikyouseido.mhlw.go.jp/znk-web/juminkanja/S2430/initialize?prefCd=20&kikanCd=3205913720&kikanKbn=3", "url2": "http://www.kiyodental.com/", "内容": "林歯科医院【3:歯科】長野県松本市白板２－２－８" }, "geometry": { "type": "Point", "coordinates": [ 137.959163, 36.238184 ] } },
{ "type": "Feature", "properties": { "ID": "2033205914150", "正式名称": "田中歯科医院", "機関区分": 3, "都道府県コード": 20, "市区町村コード": 202, "所在地": "長野県松本市宮田３１番３１号", "緯度": 36.207104, "経度": 137.957193, "url": "https://www.iryou.teikyouseido.mhlw.go.jp/znk-web/juminkanja/S2430/initialize?prefCd=20&kikanCd=3205914150&kikanKbn=3", "url2": null, "内容": "田中歯科医院【3:歯科】長野県松本市宮田３１番３１号" }, "geometry": { "type": "Point", "coordinates": [ 137.957193, 36.207104 ] } },
{ "type": "Feature", "properties": { "ID": "2033205914990", "正式名称": "増田歯科医院", "機関区分": 3, "都道府県コード": 20, "市区町村コード": 202, "所在地": "長野県松本市沢村２－５－１", "緯度": 36.249544, "経度": 137.96869, "url": "https://www.iryou.teikyouseido.mhlw.go.jp/znk-web/juminkanja/S2430/initialize?prefCd=20&kikanCd=3205914990&kikanKbn=3", "url2": "http://www.dentalmasuda.jp/", "内容": "増田歯科医院【3:歯科】長野県松本市沢村２－５－１" }, "geometry": { "type": "Point", "coordinates": [ 137.96869, 36.249544 ] } },
{ "type": "Feature", "properties": { "ID": "2033205915290", "正式名称": "松本市歯科医師会歯科診療所", "機関区分": 3, "都道府県コード": 20, "市区町村コード": 202, "所在地": "長野県松本市深志２－３－２１", "緯度": 36.22918, "経度": 137.968874, "url": "https://www.iryou.teikyouseido.mhlw.go.jp/znk-web/juminkanja/S2430/initialize?prefCd=20&kikanCd=3205915290&kikanKbn=3", "url2": "http://www.mcci.or.jp/www/matusimd/index.htm", "内容": "松本市歯科医師会歯科診療所【3:歯科】長野県松本市深志２－３－２１" }, "geometry": { "type": "Point", "coordinates": [ 137.968874, 36.22918 ] } },
{ "type": "Feature", "properties": { "ID": "2033205915320", "正式名称": "唐沢歯科医院", "機関区分": 3, "都道府県コード": 20, "市区町村コード": 202, "所在地": "長野県松本市今井８０９０－２", "緯度": 36.162219, "経度": 137.916809, "url": "https://www.iryou.teikyouseido.mhlw.go.jp/znk-web/juminkanja/S2430/initialize?prefCd=20&kikanCd=3205915320&kikanKbn=3", "url2": null, "内容": "唐沢歯科医院【3:歯科】長野県松本市今井８０９０－２" }, "geometry": { "type": "Point", "coordinates": [ 137.916809, 36.162219 ] } },
{ "type": "Feature", "properties": { "ID": "2033205915450", "正式名称": "おおた歯科・矯正歯科医院", "機関区分": 3, "都道府県コード": 20, "市区町村コード": 202, "所在地": "長野県松本市島内", "緯度": 36.251043, "経度": 137.942692, "url": "https://www.iryou.teikyouseido.mhlw.go.jp/znk-web/juminkanja/S2430/initialize?prefCd=20&kikanCd=3205915450&kikanKbn=3", "url2": null, "内容": "おおた歯科・矯正歯科医院【3:歯科】長野県松本市島内" }, "geometry": { "type": "Point", "coordinates": [ 137.942692, 36.251043 ] } },
{ "type": "Feature", "properties": { "ID": "2033205915870", "正式名称": "はせがわ歯科医院", "機関区分": 3, "都道府県コード": 20, "市区町村コード": 215, "所在地": "長野県塩尻市広丘吉田８８２ー４", "緯度": 36.157248, "経度": 137.947112, "url": "https://www.iryou.teikyouseido.mhlw.go.jp/znk-web/juminkanja/S2430/initialize?prefCd=20&kikanCd=3205915870&kikanKbn=3", "url2": null, "内容": "はせがわ歯科医院【3:歯科】長野県塩尻市広丘吉田８８２ー４" }, "geometry": { "type": "Point", "coordinates": [ 137.947112, 36.157248 ] } },
{ "type": "Feature", "properties": { "ID": "2033205915900", "正式名称": "医療法人内川歯科医院", "機関区分": 3, "都道府県コード": 20, "市区町村コード": 215, "所在地": "長野県塩尻市広丘野村２１１５", "緯度": 36.149138, "経度": 137.955445, "url": "https://www.iryou.teikyouseido.mhlw.go.jp/znk-web/juminkanja/S2430/initialize?prefCd=20&kikanCd=3205915900&kikanKbn=3", "url2": null, "内容": "医療法人内川歯科医院【3:歯科】長野県塩尻市広丘野村２１１５" }, "geometry": { "type": "Point", "coordinates": [ 137.955445, 36.149138 ] } },
{ "type": "Feature", "properties": { "ID": "2033205916040", "正式名称": "医療法人真関歯科医院", "機関区分": 3, "都道府県コード": 20, "市区町村コード": 202, "所在地": "長野県松本市波田", "緯度": 36.197769, "経度": 137.855091, "url": "https://www.iryou.teikyouseido.mhlw.go.jp/znk-web/juminkanja/S2430/initialize?prefCd=20&kikanCd=3205916040&kikanKbn=3", "url2": null, "内容": "医療法人真関歯科医院【3:歯科】長野県松本市波田" }, "geometry": { "type": "Point", "coordinates": [ 137.855091, 36.197769 ] } },
{ "type": "Feature", "properties": { "ID": "2033205916170", "正式名称": "小野歯科医院", "機関区分": 3, "都道府県コード": 20, "市区町村コード": 202, "所在地": "長野県松本市石芝４－１－３６", "緯度": 36.205854, "経度": 137.94436, "url": "https://www.iryou.teikyouseido.mhlw.go.jp/znk-web/juminkanja/S2430/initialize?prefCd=20&kikanCd=3205916170&kikanKbn=3", "url2": null, "内容": "小野歯科医院【3:歯科】長野県松本市石芝４－１－３６" }, "geometry": { "type": "Point", "coordinates": [ 137.94436, 36.205854 ] } },
{ "type": "Feature", "properties": { "ID": "2033205916330", "正式名称": "村山歯科医院", "機関区分": 3, "都道府県コード": 20, "市区町村コード": 202, "所在地": "長野県松本市寿北６－３５－１", "緯度": 36.192634, "経度": 137.973664, "url": "https://www.iryou.teikyouseido.mhlw.go.jp/znk-web/juminkanja/S2430/initialize?prefCd=20&kikanCd=3205916330&kikanKbn=3", "url2": null, "内容": "村山歯科医院【3:歯科】長野県松本市寿北６－３５－１" }, "geometry": { "type": "Point", "coordinates": [ 137.973664, 36.192634 ] } },
{ "type": "Feature", "properties": { "ID": "2033205916460", "正式名称": "酒井歯科医院", "機関区分": 3, "都道府県コード": 20, "市区町村コード": 202, "所在地": "長野県松本市中央４－７－１１", "緯度": 36.233657, "経度": 137.975801, "url": "https://www.iryou.teikyouseido.mhlw.go.jp/znk-web/juminkanja/S2430/initialize?prefCd=20&kikanCd=3205916460&kikanKbn=3", "url2": null, "内容": "酒井歯科医院【3:歯科】長野県松本市中央４－７－１１" }, "geometry": { "type": "Point", "coordinates": [ 137.975801, 36.233657 ] } },
{ "type": "Feature", "properties": { "ID": "2033205916620", "正式名称": "沢田歯科医院", "機関区分": 3, "都道府県コード": 20, "市区町村コード": 202, "所在地": "長野県松本市寿中　１－４１－１０", "緯度": 36.182496, "経度": 137.969887, "url": "https://www.iryou.teikyouseido.mhlw.go.jp/znk-web/juminkanja/S2430/initialize?prefCd=20&kikanCd=3205916620&kikanKbn=3", "url2": "https://www.sawada-dental.net/", "内容": "沢田歯科医院【3:歯科】長野県松本市寿中　１－４１－１０" }, "geometry": { "type": "Point", "coordinates": [ 137.969887, 36.182496 ] } },
{ "type": "Feature", "properties": { "ID": "2033205916750", "正式名称": "かわしま歯科医院", "機関区分": 3, "都道府県コード": 20, "市区町村コード": 215, "所在地": "長野県塩尻市大門６８－８", "緯度": 36.116892, "経度": 137.945197, "url": "https://www.iryou.teikyouseido.mhlw.go.jp/znk-web/juminkanja/S2430/initialize?prefCd=20&kikanCd=3205916750&kikanKbn=3", "url2": null, "内容": "かわしま歯科医院【3:歯科】長野県塩尻市大門６８－８" }, "geometry": { "type": "Point", "coordinates": [ 137.945197, 36.116892 ] } },
{ "type": "Feature", "properties": { "ID": "2033205916910", "正式名称": "坂下歯科医院", "機関区分": 3, "都道府県コード": 20, "市区町村コード": 202, "所在地": "長野県松本市里山辺", "緯度": 36.240296, "経度": 137.997521, "url": "https://www.iryou.teikyouseido.mhlw.go.jp/znk-web/juminkanja/S2430/initialize?prefCd=20&kikanCd=3205916910&kikanKbn=3", "url2": null, "内容": "坂下歯科医院【3:歯科】長野県松本市里山辺" }, "geometry": { "type": "Point", "coordinates": [ 137.997521, 36.240296 ] } },
{ "type": "Feature", "properties": { "ID": "2033205917050", "正式名称": "歯科ナカタ", "機関区分": 3, "都道府県コード": 20, "市区町村コード": 202, "所在地": "長野県松本市深志１－１－２１", "緯度": 36.227991, "経度": 137.966385, "url": "https://www.iryou.teikyouseido.mhlw.go.jp/znk-web/juminkanja/S2430/initialize?prefCd=20&kikanCd=3205917050&kikanKbn=3", "url2": "http://www.shika-nakata.jp", "内容": "歯科ナカタ【3:歯科】長野県松本市深志１－１－２１" }, "geometry": { "type": "Point", "coordinates": [ 137.966385, 36.227991 ] } },
{ "type": "Feature", "properties": { "ID": "2033205917210", "正式名称": "伊沢歯科医院", "機関区分": 3, "都道府県コード": 20, "市区町村コード": 215, "所在地": "長野県塩尻市塩尻市大門泉町１－１６", "緯度": 36.117698, "経度": 137.958724, "url": "https://www.iryou.teikyouseido.mhlw.go.jp/znk-web/juminkanja/S2430/initialize?prefCd=20&kikanCd=3205917210&kikanKbn=3", "url2": "http://www.izawadentalclinic.com/", "内容": "伊沢歯科医院【3:歯科】長野県塩尻市塩尻市大門泉町１－１６" }, "geometry": { "type": "Point", "coordinates": [ 137.958724, 36.117698 ] } },
{ "type": "Feature", "properties": { "ID": "2033205917340", "正式名称": "中嶋歯科医院", "機関区分": 3, "都道府県コード": 20, "市区町村コード": 202, "所在地": "長野県松本市平田西２－１０－３", "緯度": 36.190467, "経度": 137.958193, "url": "https://www.iryou.teikyouseido.mhlw.go.jp/znk-web/juminkanja/S2430/initialize?prefCd=20&kikanCd=3205917340&kikanKbn=3", "url2": null, "内容": "中嶋歯科医院【3:歯科】長野県松本市平田西２－１０－３" }, "geometry": { "type": "Point", "coordinates": [ 137.958193, 36.190467 ] } },
{ "type": "Feature", "properties": { "ID": "2033205917500", "正式名称": "青木歯科医院", "機関区分": 3, "都道府県コード": 20, "市区町村コード": 215, "所在地": "長野県塩尻市広丘高出桔梗ケ原１４８６－７２３", "緯度": 36.121725, "経度": 137.951335, "url": "https://www.iryou.teikyouseido.mhlw.go.jp/znk-web/juminkanja/S2430/initialize?prefCd=20&kikanCd=3205917500&kikanKbn=3", "url2": null, "内容": "青木歯科医院【3:歯科】長野県塩尻市広丘高出桔梗ケ原１４８６－７２３" }, "geometry": { "type": "Point", "coordinates": [ 137.951335, 36.121725 ] } },
{ "type": "Feature", "properties": { "ID": "2033205917630", "正式名称": "医療法人杉山歯科医院", "機関区分": 3, "都道府県コード": 20, "市区町村コード": 202, "所在地": "長野県松本市島立２２３７−７６", "緯度": 36.235767, "経度": 137.939387, "url": "https://www.iryou.teikyouseido.mhlw.go.jp/znk-web/juminkanja/S2430/initialize?prefCd=20&kikanCd=3205917630&kikanKbn=3", "url2": "https://www.sugiyamadental.jp/", "内容": "医療法人杉山歯科医院【3:歯科】長野県松本市島立２２３７−７６" }, "geometry": { "type": "Point", "coordinates": [ 137.939387, 36.235767 ] } },
{ "type": "Feature", "properties": { "ID": "2033205917760", "正式名称": "汲田歯科医院", "機関区分": 3, "都道府県コード": 20, "市区町村コード": 202, "所在地": "長野県松本市横田", "緯度": 36.243101, "経度": 137.984161, "url": "https://www.iryou.teikyouseido.mhlw.go.jp/znk-web/juminkanja/S2430/initialize?prefCd=20&kikanCd=3205917760&kikanKbn=3", "url2": "http://kumita-d.com/", "内容": "汲田歯科医院【3:歯科】長野県松本市横田" }, "geometry": { "type": "Point", "coordinates": [ 137.984161, 36.243101 ] } },
{ "type": "Feature", "properties": { "ID": "2033205917890", "正式名称": "医療法人ひばりケ丘歯科医院", "機関区分": 3, "都道府県コード": 20, "市区町村コード": 202, "所在地": "長野県松本市波田５２６８番地３", "緯度": 36.198519, "経度": 137.859452, "url": "https://www.iryou.teikyouseido.mhlw.go.jp/znk-web/juminkanja/S2430/initialize?prefCd=20&kikanCd=3205917890&kikanKbn=3", "url2": "https://hibarigaokadentalclinic.com", "内容": "医療法人ひばりケ丘歯科医院【3:歯科】長野県松本市波田５２６８番地３" }, "geometry": { "type": "Point", "coordinates": [ 137.859452, 36.198519 ] } },
{ "type": "Feature", "properties": { "ID": "2033205917920", "正式名称": "塚越歯科医院", "機関区分": 3, "都道府県コード": 20, "市区町村コード": 215, "所在地": "長野県塩尻市大門桔梗町１０－２１", "緯度": 36.117753, "経度": 137.951919, "url": "https://www.iryou.teikyouseido.mhlw.go.jp/znk-web/juminkanja/S2430/initialize?prefCd=20&kikanCd=3205917920&kikanKbn=3", "url2": null, "内容": "塚越歯科医院【3:歯科】長野県塩尻市大門桔梗町１０－２１" }, "geometry": { "type": "Point", "coordinates": [ 137.951919, 36.117753 ] } },
{ "type": "Feature", "properties": { "ID": "2033205918350", "正式名称": "三溝歯科医院", "機関区分": 3, "都道府県コード": 20, "市区町村コード": 202, "所在地": "長野県松本市埋橋２－１１－７", "緯度": 36.228547, "経度": 137.980412, "url": "https://www.iryou.teikyouseido.mhlw.go.jp/znk-web/juminkanja/S2430/initialize?prefCd=20&kikanCd=3205918350&kikanKbn=3", "url2": null, "内容": "三溝歯科医院【3:歯科】長野県松本市埋橋２－１１－７" }, "geometry": { "type": "Point", "coordinates": [ 137.980412, 36.228547 ] } },
{ "type": "Feature", "properties": { "ID": "2033205918480", "正式名称": "望月歯科医院", "機関区分": 3, "都道府県コード": 20, "市区町村コード": 202, "所在地": "長野県松本市城東", "緯度": 36.238629, "経度": 137.973495, "url": "https://www.iryou.teikyouseido.mhlw.go.jp/znk-web/juminkanja/S2430/initialize?prefCd=20&kikanCd=3205918480&kikanKbn=3", "url2": null, "内容": "望月歯科医院【3:歯科】長野県松本市城東" }, "geometry": { "type": "Point", "coordinates": [ 137.973495, 36.238629 ] } },
{ "type": "Feature", "properties": { "ID": "2033205918770", "正式名称": "原歯科医院", "機関区分": 3, "都道府県コード": 20, "市区町村コード": 202, "所在地": "長野県松本市中央１－１７－２１", "緯度": 36.233268, "経度": 137.965246, "url": "https://www.iryou.teikyouseido.mhlw.go.jp/znk-web/juminkanja/S2430/initialize?prefCd=20&kikanCd=3205918770&kikanKbn=3", "url2": "https://hara-dent.info/", "内容": "原歯科医院【3:歯科】長野県松本市中央１－１７－２１" }, "geometry": { "type": "Point", "coordinates": [ 137.965246, 36.233268 ] } },
{ "type": "Feature", "properties": { "ID": "2033205919070", "正式名称": "腰原歯科医院", "機関区分": 3, "都道府県コード": 20, "市区町村コード": 202, "所在地": "長野県松本市新村２２９９－２", "緯度": 36.223156, "経度": 137.90853, "url": "https://www.iryou.teikyouseido.mhlw.go.jp/znk-web/juminkanja/S2430/initialize?prefCd=20&kikanCd=3205919070&kikanKbn=3", "url2": null, "内容": "腰原歯科医院【3:歯科】長野県松本市新村２２９９－２" }, "geometry": { "type": "Point", "coordinates": [ 137.90853, 36.223156 ] } },
{ "type": "Feature", "properties": { "ID": "2033205919100", "正式名称": "高林歯科クリニック", "機関区分": 3, "都道府県コード": 20, "市区町村コード": 202, "所在地": "長野県松本市井川城", "緯度": 36.218242, "経度": 137.968497, "url": "https://www.iryou.teikyouseido.mhlw.go.jp/znk-web/juminkanja/S2430/initialize?prefCd=20&kikanCd=3205919100&kikanKbn=3", "url2": null, "内容": "高林歯科クリニック【3:歯科】長野県松本市井川城" }, "geometry": { "type": "Point", "coordinates": [ 137.968497, 36.218242 ] } },
{ "type": "Feature", "properties": { "ID": "2033205919520", "正式名称": "大山歯科医院", "機関区分": 3, "都道府県コード": 20, "市区町村コード": 202, "所在地": "長野県松本市筑摩３−２−６", "緯度": 36.220852, "経度": 137.980778, "url": "https://www.iryou.teikyouseido.mhlw.go.jp/znk-web/juminkanja/S2430/initialize?prefCd=20&kikanCd=3205919520&kikanKbn=3", "url2": null, "内容": "大山歯科医院【3:歯科】長野県松本市筑摩３−２−６" }, "geometry": { "type": "Point", "coordinates": [ 137.980778, 36.220852 ] } },
{ "type": "Feature", "properties": { "ID": "2033205919780", "正式名称": "ウエムラ歯科", "機関区分": 3, "都道府県コード": 20, "市区町村コード": 450, "所在地": "長野県東筑摩郡山形村５５１１－１０", "緯度": 36.177439, "経度": 137.884339, "url": "https://www.iryou.teikyouseido.mhlw.go.jp/znk-web/juminkanja/S2430/initialize?prefCd=20&kikanCd=3205919780&kikanKbn=3", "url2": null, "内容": "ウエムラ歯科【3:歯科】長野県東筑摩郡山形村５５１１－１０" }, "geometry": { "type": "Point", "coordinates": [ 137.884339, 36.177439 ] } },
{ "type": "Feature", "properties": { "ID": "2033205919810", "正式名称": "いぬい歯科医院", "機関区分": 3, "都道府県コード": 20, "市区町村コード": 202, "所在地": "長野県松本市笹賀３３３９－１７", "緯度": 36.176412, "経度": 137.928669, "url": "https://www.iryou.teikyouseido.mhlw.go.jp/znk-web/juminkanja/S2430/initialize?prefCd=20&kikanCd=3205919810&kikanKbn=3", "url2": null, "内容": "いぬい歯科医院【3:歯科】長野県松本市笹賀３３３９－１７" }, "geometry": { "type": "Point", "coordinates": [ 137.928669, 36.176412 ] } },
{ "type": "Feature", "properties": { "ID": "2033205920470", "正式名称": "鈴木歯科医院", "機関区分": 3, "都道府県コード": 20, "市区町村コード": 202, "所在地": "長野県松本市清水二丁目三番地一", "緯度": 36.237129, "経度": 137.981745, "url": "https://www.iryou.teikyouseido.mhlw.go.jp/znk-web/juminkanja/S2430/initialize?prefCd=20&kikanCd=3205920470&kikanKbn=3", "url2": null, "内容": "鈴木歯科医院【3:歯科】長野県松本市清水二丁目三番地一" }, "geometry": { "type": "Point", "coordinates": [ 137.981745, 36.237129 ] } },
{ "type": "Feature", "properties": { "ID": "2033205920500", "正式名称": "松崎歯科医院", "機関区分": 3, "都道府県コード": 20, "市区町村コード": 202, "所在地": "長野県松本市元町３－５－１５", "緯度": 36.250211, "経度": 137.982717, "url": "https://www.iryou.teikyouseido.mhlw.go.jp/znk-web/juminkanja/S2430/initialize?prefCd=20&kikanCd=3205920500&kikanKbn=3", "url2": null, "内容": "松崎歯科医院【3:歯科】長野県松本市元町３－５－１５" }, "geometry": { "type": "Point", "coordinates": [ 137.982717, 36.250211 ] } },
{ "type": "Feature", "properties": { "ID": "2033205920630", "正式名称": "金井歯科医院", "機関区分": 3, "都道府県コード": 20, "市区町村コード": 202, "所在地": "長野県松本市城西２－２－３", "緯度": 36.237545, "経度": 137.96683, "url": "https://www.iryou.teikyouseido.mhlw.go.jp/znk-web/juminkanja/S2430/initialize?prefCd=20&kikanCd=3205920630&kikanKbn=3", "url2": "https://kanaidental.jp/", "内容": "金井歯科医院【3:歯科】長野県松本市城西２－２－３" }, "geometry": { "type": "Point", "coordinates": [ 137.96683, 36.237545 ] } },
{ "type": "Feature", "properties": { "ID": "2033205920890", "正式名称": "もとむら歯科医院", "機関区分": 3, "都道府県コード": 20, "市区町村コード": 202, "所在地": "長野県松本市城西１－２－３　松本折込広告ビル２Ｆ", "緯度": 36.237712, "経度": 137.96408, "url": "https://www.iryou.teikyouseido.mhlw.go.jp/znk-web/juminkanja/S2430/initialize?prefCd=20&kikanCd=3205920890&kikanKbn=3", "url2": null, "内容": "もとむら歯科医院【3:歯科】長野県松本市城西１－２－３　松本折込広告ビル２Ｆ" }, "geometry": { "type": "Point", "coordinates": [ 137.96408, 36.237712 ] } },
{ "type": "Feature", "properties": { "ID": "2033205921060", "正式名称": "さとう歯科医院", "機関区分": 3, "都道府県コード": 20, "市区町村コード": 220, "所在地": "長野県安曇野市穂高有明１０３０８－１", "緯度": 36.341086, "経度": 137.858529, "url": "https://www.iryou.teikyouseido.mhlw.go.jp/znk-web/juminkanja/S2430/initialize?prefCd=20&kikanCd=3205921060&kikanKbn=3", "url2": "https://dentist-669615412.business.site/?utm_source=gmb&utm_medium=referral", "内容": "さとう歯科医院【3:歯科】長野県安曇野市穂高有明１０３０８－１" }, "geometry": { "type": "Point", "coordinates": [ 137.858529, 36.341086 ] } },
{ "type": "Feature", "properties": { "ID": "2033205921350", "正式名称": "との歯科医院", "機関区分": 3, "都道府県コード": 20, "市区町村コード": 202, "所在地": "長野県松本市和田２５７１－６１", "緯度": 36.198743, "経度": 137.907447, "url": "https://www.iryou.teikyouseido.mhlw.go.jp/znk-web/juminkanja/S2430/initialize?prefCd=20&kikanCd=3205921350&kikanKbn=3", "url2": null, "内容": "との歯科医院【3:歯科】長野県松本市和田２５７１－６１" }, "geometry": { "type": "Point", "coordinates": [ 137.907447, 36.198743 ] } },
{ "type": "Feature", "properties": { "ID": "2033205921510", "正式名称": "アルプス歯科クリニック", "機関区分": 3, "都道府県コード": 20, "市区町村コード": 220, "所在地": "長野県安曇野市三郷明盛３０８６－６", "緯度": 36.27615, "経度": 137.896667, "url": "https://www.iryou.teikyouseido.mhlw.go.jp/znk-web/juminkanja/S2430/initialize?prefCd=20&kikanCd=3205921510&kikanKbn=3", "url2": "alps-dental-clinic.jimdofree.com", "内容": "アルプス歯科クリニック【3:歯科】長野県安曇野市三郷明盛３０８６－６" }, "geometry": { "type": "Point", "coordinates": [ 137.896667, 36.27615 ] } },
{ "type": "Feature", "properties": { "ID": "2033205921640", "正式名称": "藤森歯科医院", "機関区分": 3, "都道府県コード": 20, "市区町村コード": 202, "所在地": "長野県松本市２－９－２７", "緯度": 36.232546, "経度": 137.97119, "url": "https://www.iryou.teikyouseido.mhlw.go.jp/znk-web/juminkanja/S2430/initialize?prefCd=20&kikanCd=3205921640&kikanKbn=3", "url2": null, "内容": "藤森歯科医院【3:歯科】長野県松本市２－９－２７" }, "geometry": { "type": "Point", "coordinates": [ 137.97119, 36.232546 ] } },
{ "type": "Feature", "properties": { "ID": "2033205921800", "正式名称": "こみや歯科医院", "機関区分": 3, "都道府県コード": 20, "市区町村コード": 202, "所在地": "長野県松本市島内４９７－１", "緯度": 36.234406, "経度": 137.923167, "url": "https://www.iryou.teikyouseido.mhlw.go.jp/znk-web/juminkanja/S2430/initialize?prefCd=20&kikanCd=3205921800&kikanKbn=3", "url2": "http://www.mcci.or.jp/www/nohara.km/", "内容": "こみや歯科医院【3:歯科】長野県松本市島内４９７－１" }, "geometry": { "type": "Point", "coordinates": [ 137.923167, 36.234406 ] } },
{ "type": "Feature", "properties": { "ID": "2033205922070", "正式名称": "岩原歯科医院", "機関区分": 3, "都道府県コード": 20, "市区町村コード": 202, "所在地": "長野県松本市深志", "緯度": 36.23099, "経度": 137.969052, "url": "https://www.iryou.teikyouseido.mhlw.go.jp/znk-web/juminkanja/S2430/initialize?prefCd=20&kikanCd=3205922070&kikanKbn=3", "url2": null, "内容": "岩原歯科医院【3:歯科】長野県松本市深志" }, "geometry": { "type": "Point", "coordinates": [ 137.969052, 36.23099 ] } },
{ "type": "Feature", "properties": { "ID": "2033205922100", "正式名称": "ほり歯科クリニック", "機関区分": 3, "都道府県コード": 20, "市区町村コード": 202, "所在地": "長野県松本市筑摩４丁目３番地４５号", "緯度": 36.225519, "経度": 137.984856, "url": "https://www.iryou.teikyouseido.mhlw.go.jp/znk-web/juminkanja/S2430/initialize?prefCd=20&kikanCd=3205922100&kikanKbn=3", "url2": "hori-mdc.com", "内容": "ほり歯科クリニック【3:歯科】長野県松本市筑摩４丁目３番地４５号" }, "geometry": { "type": "Point", "coordinates": [ 137.984856, 36.225519 ] } },
{ "type": "Feature", "properties": { "ID": "2033205922360", "正式名称": "なお歯科・小児歯科医院", "機関区分": 3, "都道府県コード": 20, "市区町村コード": 202, "所在地": "長野県松本市島内４０４７－３", "緯度": 36.240461, "経度": 137.942082, "url": "https://www.iryou.teikyouseido.mhlw.go.jp/znk-web/juminkanja/S2430/initialize?prefCd=20&kikanCd=3205922360&kikanKbn=3", "url2": null, "内容": "なお歯科・小児歯科医院【3:歯科】長野県松本市島内４０４７－３" }, "geometry": { "type": "Point", "coordinates": [ 137.942082, 36.240461 ] } },
{ "type": "Feature", "properties": { "ID": "2033205922520", "正式名称": "生坂村歯科診療所", "機関区分": 3, "都道府県コード": 20, "市区町村コード": 448, "所在地": "長野県東筑摩郡生坂村生坂村５８０４", "緯度": 36.421134, "経度": 137.932186, "url": "https://www.iryou.teikyouseido.mhlw.go.jp/znk-web/juminkanja/S2430/initialize?prefCd=20&kikanCd=3205922520&kikanKbn=3", "url2": null, "内容": "生坂村歯科診療所【3:歯科】長野県東筑摩郡生坂村生坂村５８０４" }, "geometry": { "type": "Point", "coordinates": [ 137.932186, 36.421134 ] } },
{ "type": "Feature", "properties": { "ID": "2033205922650", "正式名称": "ブライト矯正歯科", "機関区分": 3, "都道府県コード": 20, "市区町村コード": 202, "所在地": "長野県松本市中央　山田ビル２階", "緯度": 36.231379, "経度": 137.967996, "url": "https://www.iryou.teikyouseido.mhlw.go.jp/znk-web/juminkanja/S2430/initialize?prefCd=20&kikanCd=3205922650&kikanKbn=3", "url2": "http://www.bright-ortho.com/", "内容": "ブライト矯正歯科【3:歯科】長野県松本市中央　山田ビル２階" }, "geometry": { "type": "Point", "coordinates": [ 137.967996, 36.231379 ] } },
{ "type": "Feature", "properties": { "ID": "2033205922780", "正式名称": "いさつ歯科医院", "機関区分": 3, "都道府県コード": 20, "市区町村コード": 220, "所在地": "長野県安曇野市豊科南穂高", "緯度": 36.316424, "経度": 137.911276, "url": "https://www.iryou.teikyouseido.mhlw.go.jp/znk-web/juminkanja/S2430/initialize?prefCd=20&kikanCd=3205922780&kikanKbn=3", "url2": null, "内容": "いさつ歯科医院【3:歯科】長野県安曇野市豊科南穂高" }, "geometry": { "type": "Point", "coordinates": [ 137.911276, 36.316424 ] } },
{ "type": "Feature", "properties": { "ID": "2033205922810", "正式名称": "根橋歯科医院", "機関区分": 3, "都道府県コード": 20, "市区町村コード": 202, "所在地": "長野県松本市桐３－３－１７", "緯度": 36.256154, "経度": 137.972356, "url": "https://www.iryou.teikyouseido.mhlw.go.jp/znk-web/juminkanja/S2430/initialize?prefCd=20&kikanCd=3205922810&kikanKbn=3", "url2": null, "内容": "根橋歯科医院【3:歯科】長野県松本市桐３－３－１７" }, "geometry": { "type": "Point", "coordinates": [ 137.972356, 36.256154 ] } },
{ "type": "Feature", "properties": { "ID": "2033205922940", "正式名称": "かえで歯科医院", "機関区分": 3, "都道府県コード": 20, "市区町村コード": 220, "所在地": "長野県安曇野市穂高８２２３−１", "緯度": 36.332035, "経度": 137.865354, "url": "https://www.iryou.teikyouseido.mhlw.go.jp/znk-web/juminkanja/S2430/initialize?prefCd=20&kikanCd=3205922940&kikanKbn=3", "url2": null, "内容": "かえで歯科医院【3:歯科】長野県安曇野市穂高８２２３−１" }, "geometry": { "type": "Point", "coordinates": [ 137.865354, 36.332035 ] } },
{ "type": "Feature", "properties": { "ID": "2033205923110", "正式名称": "上條歯科医院", "機関区分": 3, "都道府県コード": 20, "市区町村コード": 220, "所在地": "長野県安曇野市穂高", "緯度": 36.340115, "経度": 137.884944, "url": "https://www.iryou.teikyouseido.mhlw.go.jp/znk-web/juminkanja/S2430/initialize?prefCd=20&kikanCd=3205923110&kikanKbn=3", "url2": null, "内容": "上條歯科医院【3:歯科】長野県安曇野市穂高" }, "geometry": { "type": "Point", "coordinates": [ 137.884944, 36.340115 ] } },
{ "type": "Feature", "properties": { "ID": "2033205923240", "正式名称": "おばた矯正歯科クリニック", "機関区分": 3, "都道府県コード": 20, "市区町村コード": 202, "所在地": "長野県松本市女鳥羽１－７－２３", "緯度": 36.239462, "経度": 137.977301, "url": "https://www.iryou.teikyouseido.mhlw.go.jp/znk-web/juminkanja/S2430/initialize?prefCd=20&kikanCd=3205923240&kikanKbn=3", "url2": "https://obata-kyousei.jp", "内容": "おばた矯正歯科クリニック【3:歯科】長野県松本市女鳥羽１－７－２３" }, "geometry": { "type": "Point", "coordinates": [ 137.977301, 36.239462 ] } },
{ "type": "Feature", "properties": { "ID": "2033205923400", "正式名称": "細川歯科医院", "機関区分": 3, "都道府県コード": 20, "市区町村コード": 215, "所在地": "長野県塩尻市大門三番町", "緯度": 36.11081, "経度": 137.957502, "url": "https://www.iryou.teikyouseido.mhlw.go.jp/znk-web/juminkanja/S2430/initialize?prefCd=20&kikanCd=3205923400&kikanKbn=3", "url2": null, "内容": "細川歯科医院【3:歯科】長野県塩尻市大門三番町" }, "geometry": { "type": "Point", "coordinates": [ 137.957502, 36.11081 ] } },
{ "type": "Feature", "properties": { "ID": "2033205923530", "正式名称": "丸山歯科クリニック", "機関区分": 3, "都道府県コード": 20, "市区町村コード": 202, "所在地": "長野県松本市深志２‐６‐２５", "緯度": 36.230879, "経度": 137.970996, "url": "https://www.iryou.teikyouseido.mhlw.go.jp/znk-web/juminkanja/S2430/initialize?prefCd=20&kikanCd=3205923530&kikanKbn=3", "url2": null, "内容": "丸山歯科クリニック【3:歯科】長野県松本市深志２‐６‐２５" }, "geometry": { "type": "Point", "coordinates": [ 137.970996, 36.230879 ] } },
{ "type": "Feature", "properties": { "ID": "2033205923660", "正式名称": "浜坂歯科医院", "機関区分": 3, "都道府県コード": 20, "市区町村コード": 451, "所在地": "長野県東筑摩郡朝日村大字古見３４７５－５", "緯度": 36.144415, "経度": 137.879702, "url": "https://www.iryou.teikyouseido.mhlw.go.jp/znk-web/juminkanja/S2430/initialize?prefCd=20&kikanCd=3205923660&kikanKbn=3", "url2": null, "内容": "浜坂歯科医院【3:歯科】長野県東筑摩郡朝日村大字古見３４７５－５" }, "geometry": { "type": "Point", "coordinates": [ 137.879702, 36.144415 ] } },
{ "type": "Feature", "properties": { "ID": "2033205923820", "正式名称": "武井歯科医院", "機関区分": 3, "都道府県コード": 20, "市区町村コード": 202, "所在地": "長野県松本市桐", "緯度": 36.24835, "経度": 137.974689, "url": "https://www.iryou.teikyouseido.mhlw.go.jp/znk-web/juminkanja/S2430/initialize?prefCd=20&kikanCd=3205923820&kikanKbn=3", "url2": null, "内容": "武井歯科医院【3:歯科】長野県松本市桐" }, "geometry": { "type": "Point", "coordinates": [ 137.974689, 36.24835 ] } },
{ "type": "Feature", "properties": { "ID": "2033205923950", "正式名称": "宮下歯科医院", "機関区分": 3, "都道府県コード": 20, "市区町村コード": 215, "所在地": "長野県塩尻市広丘吉田３１３６", "緯度": 36.158748, "経度": 137.947501, "url": "https://www.iryou.teikyouseido.mhlw.go.jp/znk-web/juminkanja/S2430/initialize?prefCd=20&kikanCd=3205923950&kikanKbn=3", "url2": null, "内容": "宮下歯科医院【3:歯科】長野県塩尻市広丘吉田３１３６" }, "geometry": { "type": "Point", "coordinates": [ 137.947501, 36.158748 ] } },
{ "type": "Feature", "properties": { "ID": "2033205924090", "正式名称": "医療法人廣友会ひろ矯正歯科", "機関区分": 3, "都道府県コード": 20, "市区町村コード": 215, "所在地": "長野県塩尻市広丘野村１６５８ー２３", "緯度": 36.148166, "経度": 137.950557, "url": "https://www.iryou.teikyouseido.mhlw.go.jp/znk-web/juminkanja/S2430/initialize?prefCd=20&kikanCd=3205924090&kikanKbn=3", "url2": "http:www./mienai.com", "内容": "医療法人廣友会ひろ矯正歯科【3:歯科】長野県塩尻市広丘野村１６５８ー２３" }, "geometry": { "type": "Point", "coordinates": [ 137.950557, 36.148166 ] } },
{ "type": "Feature", "properties": { "ID": "2033205924120", "正式名称": "川村歯科クリニック", "機関区分": 3, "都道府県コード": 20, "市区町村コード": 202, "所在地": "長野県松本市並柳２丁目９番２号", "緯度": 36.213187, "経度": 137.980024, "url": "https://www.iryou.teikyouseido.mhlw.go.jp/znk-web/juminkanja/S2430/initialize?prefCd=20&kikanCd=3205924120&kikanKbn=3", "url2": null, "内容": "川村歯科クリニック【3:歯科】長野県松本市並柳２丁目９番２号" }, "geometry": { "type": "Point", "coordinates": [ 137.980024, 36.213187 ] } },
{ "type": "Feature", "properties": { "ID": "2033205924250", "正式名称": "百瀬歯科医院", "機関区分": 3, "都道府県コード": 20, "市区町村コード": 202, "所在地": "長野県松本市中央１－２８－１１", "緯度": 36.23349, "経度": 137.963747, "url": "https://www.iryou.teikyouseido.mhlw.go.jp/znk-web/juminkanja/S2430/initialize?prefCd=20&kikanCd=3205924250&kikanKbn=3", "url2": null, "内容": "百瀬歯科医院【3:歯科】長野県松本市中央１－２８－１１" }, "geometry": { "type": "Point", "coordinates": [ 137.963747, 36.23349 ] } },
{ "type": "Feature", "properties": { "ID": "2033205924380", "正式名称": "清水歯科クリニック", "機関区分": 3, "都道府県コード": 20, "市区町村コード": 215, "所在地": "長野県塩尻市広丘野村", "緯度": 36.148222, "経度": 137.9585, "url": "https://www.iryou.teikyouseido.mhlw.go.jp/znk-web/juminkanja/S2430/initialize?prefCd=20&kikanCd=3205924380&kikanKbn=3", "url2": null, "内容": "清水歯科クリニック【3:歯科】長野県塩尻市広丘野村" }, "geometry": { "type": "Point", "coordinates": [ 137.9585, 36.148222 ] } },
{ "type": "Feature", "properties": { "ID": "2033205924410", "正式名称": "山崎歯科医院", "機関区分": 3, "都道府県コード": 20, "市区町村コード": 202, "所在地": "長野県松本市丸の内２－１２", "緯度": 36.23649, "経度": 137.971607, "url": "https://www.iryou.teikyouseido.mhlw.go.jp/znk-web/juminkanja/S2430/initialize?prefCd=20&kikanCd=3205924410&kikanKbn=3", "url2": null, "内容": "山崎歯科医院【3:歯科】長野県松本市丸の内２－１２" }, "geometry": { "type": "Point", "coordinates": [ 137.971607, 36.23649 ] } },
{ "type": "Feature", "properties": { "ID": "2033205924540", "正式名称": "なかじま歯科医院", "機関区分": 3, "都道府県コード": 20, "市区町村コード": 202, "所在地": "長野県松本市会田", "緯度": 36.350838, "経度": 137.995656, "url": "https://www.iryou.teikyouseido.mhlw.go.jp/znk-web/juminkanja/S2430/initialize?prefCd=20&kikanCd=3205924540&kikanKbn=3", "url2": null, "内容": "なかじま歯科医院【3:歯科】長野県松本市会田" }, "geometry": { "type": "Point", "coordinates": [ 137.995656, 36.350838 ] } },
{ "type": "Feature", "properties": { "ID": "2033205924700", "正式名称": "神谷歯科医院", "機関区分": 3, "都道府県コード": 20, "市区町村コード": 202, "所在地": "長野県松本市県３－７－４１", "緯度": 36.231435, "経度": 137.985467, "url": "https://www.iryou.teikyouseido.mhlw.go.jp/znk-web/juminkanja/S2430/initialize?prefCd=20&kikanCd=3205924700&kikanKbn=3", "url2": "https://kamiya-shika.com/", "内容": "神谷歯科医院【3:歯科】長野県松本市県３－７－４１" }, "geometry": { "type": "Point", "coordinates": [ 137.985467, 36.231435 ] } },
{ "type": "Feature", "properties": { "ID": "2033205924960", "正式名称": "小林歯科医院", "機関区分": 3, "都道府県コード": 20, "市区町村コード": 202, "所在地": "長野県松本市新村", "緯度": 36.217852, "経度": 137.913474, "url": "https://www.iryou.teikyouseido.mhlw.go.jp/znk-web/juminkanja/S2430/initialize?prefCd=20&kikanCd=3205924960&kikanKbn=3", "url2": "http://www.kobayashi-dent-niimura.com", "内容": "小林歯科医院【3:歯科】長野県松本市新村" }, "geometry": { "type": "Point", "coordinates": [ 137.913474, 36.217852 ] } },
{ "type": "Feature", "properties": { "ID": "2033205925000", "正式名称": "たんぽぽ小野歯科医院", "機関区分": 3, "都道府県コード": 20, "市区町村コード": 202, "所在地": "長野県松本市新村１５１－２", "緯度": 36.215963, "経度": 137.922223, "url": "https://www.iryou.teikyouseido.mhlw.go.jp/znk-web/juminkanja/S2430/initialize?prefCd=20&kikanCd=3205925000&kikanKbn=3", "url2": "http://www.tanpopo-shika.jp/", "内容": "たんぽぽ小野歯科医院【3:歯科】長野県松本市新村１５１－２" }, "geometry": { "type": "Point", "coordinates": [ 137.922223, 36.215963 ] } },
{ "type": "Feature", "properties": { "ID": "2033205925420", "正式名称": "せきざわ歯科医院", "機関区分": 3, "都道府県コード": 20, "市区町村コード": 202, "所在地": "長野県松本市梓川倭２５－３", "緯度": 36.241682, "経度": 137.888197, "url": "https://www.iryou.teikyouseido.mhlw.go.jp/znk-web/juminkanja/S2430/initialize?prefCd=20&kikanCd=3205925420&kikanKbn=3", "url2": null, "内容": "せきざわ歯科医院【3:歯科】長野県松本市梓川倭２５－３" }, "geometry": { "type": "Point", "coordinates": [ 137.888197, 36.241682 ] } },
{ "type": "Feature", "properties": { "ID": "2033205925550", "正式名称": "おひさま歯科医院", "機関区分": 3, "都道府県コード": 20, "市区町村コード": 202, "所在地": "長野県松本市寿南", "緯度": 36.173719, "経度": 137.971137, "url": "https://www.iryou.teikyouseido.mhlw.go.jp/znk-web/juminkanja/S2430/initialize?prefCd=20&kikanCd=3205925550&kikanKbn=3", "url2": null, "内容": "おひさま歯科医院【3:歯科】長野県松本市寿南" }, "geometry": { "type": "Point", "coordinates": [ 137.971137, 36.173719 ] } },
{ "type": "Feature", "properties": { "ID": "2033205925680", "正式名称": "いわま歯科医院", "機関区分": 3, "都道府県コード": 20, "市区町村コード": 202, "所在地": "長野県松本市島立１４１８‐４", "緯度": 36.231879, "経度": 137.942082, "url": "https://www.iryou.teikyouseido.mhlw.go.jp/znk-web/juminkanja/S2430/initialize?prefCd=20&kikanCd=3205925680&kikanKbn=3", "url2": null, "内容": "いわま歯科医院【3:歯科】長野県松本市島立１４１８‐４" }, "geometry": { "type": "Point", "coordinates": [ 137.942082, 36.231879 ] } },
{ "type": "Feature", "properties": { "ID": "2033205925710", "正式名称": "たなか歯科医院", "機関区分": 3, "都道府県コード": 20, "市区町村コード": 202, "所在地": "長野県松本市和田１６７２－２", "緯度": 36.203326, "経度": 137.920863, "url": "https://www.iryou.teikyouseido.mhlw.go.jp/znk-web/juminkanja/S2430/initialize?prefCd=20&kikanCd=3205925710&kikanKbn=3", "url2": null, "内容": "たなか歯科医院【3:歯科】長野県松本市和田１６７２－２" }, "geometry": { "type": "Point", "coordinates": [ 137.920863, 36.203326 ] } },
{ "type": "Feature", "properties": { "ID": "2033205925840", "正式名称": "やまびこ歯科クリニック", "機関区分": 3, "都道府県コード": 20, "市区町村コード": 202, "所在地": "長野県松本市笹賀", "緯度": 36.165608, "経度": 137.933391, "url": "https://www.iryou.teikyouseido.mhlw.go.jp/znk-web/juminkanja/S2430/initialize?prefCd=20&kikanCd=3205925840&kikanKbn=3", "url2": null, "内容": "やまびこ歯科クリニック【3:歯科】長野県松本市笹賀" }, "geometry": { "type": "Point", "coordinates": [ 137.933391, 36.165608 ] } },
{ "type": "Feature", "properties": { "ID": "2033205925970", "正式名称": "とどろき歯科医院", "機関区分": 3, "都道府県コード": 20, "市区町村コード": 202, "所在地": "長野県松本市浅間温泉１－１０－２５", "緯度": 36.25771, "経度": 137.986299, "url": "https://www.iryou.teikyouseido.mhlw.go.jp/znk-web/juminkanja/S2430/initialize?prefCd=20&kikanCd=3205925970&kikanKbn=3", "url2": null, "内容": "とどろき歯科医院【3:歯科】長野県松本市浅間温泉１－１０－２５" }, "geometry": { "type": "Point", "coordinates": [ 137.986299, 36.25771 ] } },
{ "type": "Feature", "properties": { "ID": "2033205926140", "正式名称": "望月デンタルクリニック", "機関区分": 3, "都道府県コード": 20, "市区町村コード": 202, "所在地": "長野県松本市両島１－１３", "緯度": 36.223991, "経度": 137.952498, "url": "https://www.iryou.teikyouseido.mhlw.go.jp/znk-web/juminkanja/S2430/initialize?prefCd=20&kikanCd=3205926140&kikanKbn=3", "url2": "https://www.m-dental.jp/", "内容": "望月デンタルクリニック【3:歯科】長野県松本市両島１－１３" }, "geometry": { "type": "Point", "coordinates": [ 137.952498, 36.223991 ] } },
{ "type": "Feature", "properties": { "ID": "2033205926300", "正式名称": "横山歯科クリニック", "機関区分": 3, "都道府県コード": 20, "市区町村コード": 202, "所在地": "長野県松本市内田５８７−５", "緯度": 36.171748, "経度": 137.987914, "url": "https://www.iryou.teikyouseido.mhlw.go.jp/znk-web/juminkanja/S2430/initialize?prefCd=20&kikanCd=3205926300&kikanKbn=3", "url2": "https://yokoyama-dental.net/", "内容": "横山歯科クリニック【3:歯科】長野県松本市内田５８７−５" }, "geometry": { "type": "Point", "coordinates": [ 137.987914, 36.171748 ] } },
{ "type": "Feature", "properties": { "ID": "2033205926430", "正式名称": "ちかぞえ歯科医院", "機関区分": 3, "都道府県コード": 20, "市区町村コード": 220, "所在地": "長野県安曇野市豊科１０３８－３", "緯度": 36.280178, "経度": 137.907722, "url": "https://www.iryou.teikyouseido.mhlw.go.jp/znk-web/juminkanja/S2430/initialize?prefCd=20&kikanCd=3205926430&kikanKbn=3", "url2": null, "内容": "ちかぞえ歯科医院【3:歯科】長野県安曇野市豊科１０３８－３" }, "geometry": { "type": "Point", "coordinates": [ 137.907722, 36.280178 ] } },
{ "type": "Feature", "properties": { "ID": "2033205926560", "正式名称": "小林歯科医院", "機関区分": 3, "都道府県コード": 20, "市区町村コード": 220, "所在地": "長野県安曇野市三郷明盛４６８８－４", "緯度": 36.249626, "経度": 137.904001, "url": "https://www.iryou.teikyouseido.mhlw.go.jp/znk-web/juminkanja/S2430/initialize?prefCd=20&kikanCd=3205926560&kikanKbn=3", "url2": null, "内容": "小林歯科医院【3:歯科】長野県安曇野市三郷明盛４６８８－４" }, "geometry": { "type": "Point", "coordinates": [ 137.904001, 36.249626 ] } },
{ "type": "Feature", "properties": { "ID": "2033205926980", "正式名称": "山本歯科クリニック", "機関区分": 3, "都道府県コード": 20, "市区町村コード": 220, "所在地": "長野県安曇野市穂高９９７－１", "緯度": 36.326005, "経度": 137.891916, "url": "https://www.iryou.teikyouseido.mhlw.go.jp/znk-web/juminkanja/S2430/initialize?prefCd=20&kikanCd=3205926980&kikanKbn=3", "url2": "http://www.ymmt-dc.jp/", "内容": "山本歯科クリニック【3:歯科】長野県安曇野市穂高９９７－１" }, "geometry": { "type": "Point", "coordinates": [ 137.891916, 36.326005 ] } },
{ "type": "Feature", "properties": { "ID": "2033205927150", "正式名称": "内田歯科クリニック", "機関区分": 3, "都道府県コード": 20, "市区町村コード": 220, "所在地": "長野県安曇野市堀金烏川２５７１番地１", "緯度": 36.293842, "経度": 137.870669, "url": "https://www.iryou.teikyouseido.mhlw.go.jp/znk-web/juminkanja/S2430/initialize?prefCd=20&kikanCd=3205927150&kikanKbn=3", "url2": "http://www.uchida-dental.jp", "内容": "内田歯科クリニック【3:歯科】長野県安曇野市堀金烏川２５７１番地１" }, "geometry": { "type": "Point", "coordinates": [ 137.870669, 36.293842 ] } },
{ "type": "Feature", "properties": { "ID": "2033205927310", "正式名称": "関歯科医院", "機関区分": 3, "都道府県コード": 20, "市区町村コード": 215, "所在地": "長野県塩尻市大門八番町５－１", "緯度": 36.112226, "経度": 137.950864, "url": "https://www.iryou.teikyouseido.mhlw.go.jp/znk-web/juminkanja/S2430/initialize?prefCd=20&kikanCd=3205927310&kikanKbn=3", "url2": null, "内容": "関歯科医院【3:歯科】長野県塩尻市大門八番町５－１" }, "geometry": { "type": "Point", "coordinates": [ 137.950864, 36.112226 ] } },
{ "type": "Feature", "properties": { "ID": "2033205927440", "正式名称": "平田駅前歯科", "機関区分": 3, "都道府県コード": 20, "市区町村コード": 202, "所在地": "長野県松本市平田東２－２０－１１", "緯度": 36.203383, "経度": 137.969081, "url": "https://www.iryou.teikyouseido.mhlw.go.jp/znk-web/juminkanja/S2430/initialize?prefCd=20&kikanCd=3205927440&kikanKbn=3", "url2": null, "内容": "平田駅前歯科【3:歯科】長野県松本市平田東２－２０－１１" }, "geometry": { "type": "Point", "coordinates": [ 137.969081, 36.203383 ] } },
{ "type": "Feature", "properties": { "ID": "2033205927570", "正式名称": "さいわい歯科医院", "機関区分": 3, "都道府県コード": 20, "市区町村コード": 215, "所在地": "長野県塩尻市大門幸町８番５号", "緯度": 36.118947, "経度": 137.955724, "url": "https://www.iryou.teikyouseido.mhlw.go.jp/znk-web/juminkanja/S2430/initialize?prefCd=20&kikanCd=3205927570&kikanKbn=3", "url2": null, "内容": "さいわい歯科医院【3:歯科】長野県塩尻市大門幸町８番５号" }, "geometry": { "type": "Point", "coordinates": [ 137.955724, 36.118947 ] } },
{ "type": "Feature", "properties": { "ID": "2033205927600", "正式名称": "小川歯科クリニック", "機関区分": 3, "都道府県コード": 20, "市区町村コード": 202, "所在地": "長野県松本市宮田２４ー１", "緯度": 36.209604, "経度": 137.957692, "url": "https://www.iryou.teikyouseido.mhlw.go.jp/znk-web/juminkanja/S2430/initialize?prefCd=20&kikanCd=3205927600&kikanKbn=3", "url2": null, "内容": "小川歯科クリニック【3:歯科】長野県松本市宮田２４ー１" }, "geometry": { "type": "Point", "coordinates": [ 137.957692, 36.209604 ] } },
{ "type": "Feature", "properties": { "ID": "2033205927860", "正式名称": "ナミキ歯科医院", "機関区分": 3, "都道府県コード": 20, "市区町村コード": 202, "所在地": "長野県松本市松原", "緯度": 36.176081, "経度": 137.988774, "url": "https://www.iryou.teikyouseido.mhlw.go.jp/znk-web/juminkanja/S2430/initialize?prefCd=20&kikanCd=3205927860&kikanKbn=3", "url2": null, "内容": "ナミキ歯科医院【3:歯科】長野県松本市松原" }, "geometry": { "type": "Point", "coordinates": [ 137.988774, 36.176081 ] } },
{ "type": "Feature", "properties": { "ID": "2033205928160", "正式名称": "上島歯科医院", "機関区分": 3, "都道府県コード": 20, "市区町村コード": 202, "所在地": "長野県松本市村井町南１丁目３２番６号", "緯度": 36.175814, "経度": 137.959467, "url": "https://www.iryou.teikyouseido.mhlw.go.jp/znk-web/juminkanja/S2430/initialize?prefCd=20&kikanCd=3205928160&kikanKbn=3", "url2": null, "内容": "上島歯科医院【3:歯科】長野県松本市村井町南１丁目３２番６号" }, "geometry": { "type": "Point", "coordinates": [ 137.959467, 36.175814 ] } },
{ "type": "Feature", "properties": { "ID": "2033205928290", "正式名称": "堅石よねだ歯科医院", "機関区分": 3, "都道府県コード": 20, "市区町村コード": 215, "所在地": "長野県塩尻市広丘堅石３１１３", "緯度": 36.141695, "経度": 137.947585, "url": "https://www.iryou.teikyouseido.mhlw.go.jp/znk-web/juminkanja/S2430/initialize?prefCd=20&kikanCd=3205928290&kikanKbn=3", "url2": null, "内容": "堅石よねだ歯科医院【3:歯科】長野県塩尻市広丘堅石３１１３" }, "geometry": { "type": "Point", "coordinates": [ 137.947585, 36.141695 ] } },
{ "type": "Feature", "properties": { "ID": "2033205928320", "正式名称": "林歯科医院", "機関区分": 3, "都道府県コード": 20, "市区町村コード": 220, "所在地": "長野県安曇野市明科中川手３２９５", "緯度": 36.351918, "経度": 137.928556, "url": "https://www.iryou.teikyouseido.mhlw.go.jp/znk-web/juminkanja/S2430/initialize?prefCd=20&kikanCd=3205928320&kikanKbn=3", "url2": null, "内容": "林歯科医院【3:歯科】長野県安曇野市明科中川手３２９５" }, "geometry": { "type": "Point", "coordinates": [ 137.928556, 36.351918 ] } },
{ "type": "Feature", "properties": { "ID": "2033205928450", "正式名称": "けやき歯科", "機関区分": 3, "都道府県コード": 20, "市区町村コード": 220, "所在地": "長野県安曇野市堀金烏川５０２８－１", "緯度": 36.291787, "経度": 137.893223, "url": "https://www.iryou.teikyouseido.mhlw.go.jp/znk-web/juminkanja/S2430/initialize?prefCd=20&kikanCd=3205928450&kikanKbn=3", "url2": null, "内容": "けやき歯科【3:歯科】長野県安曇野市堀金烏川５０２８－１" }, "geometry": { "type": "Point", "coordinates": [ 137.893223, 36.291787 ] } },
{ "type": "Feature", "properties": { "ID": "2033205928580", "正式名称": "あおぞら歯科医院", "機関区分": 3, "都道府県コード": 20, "市区町村コード": 202, "所在地": "長野県松本市野溝木工１－６－３２", "緯度": 36.20341, "経度": 137.960415, "url": "https://www.iryou.teikyouseido.mhlw.go.jp/znk-web/juminkanja/S2430/initialize?prefCd=20&kikanCd=3205928580&kikanKbn=3", "url2": null, "内容": "あおぞら歯科医院【3:歯科】長野県松本市野溝木工１－６－３２" }, "geometry": { "type": "Point", "coordinates": [ 137.960415, 36.20341 ] } },
{ "type": "Feature", "properties": { "ID": "2033205928610", "正式名称": "松本歯科医院", "機関区分": 3, "都道府県コード": 20, "市区町村コード": 220, "所在地": "長野県安曇野市穂高７８２ー１", "緯度": 36.323763, "経度": 137.893719, "url": "https://www.iryou.teikyouseido.mhlw.go.jp/znk-web/juminkanja/S2430/initialize?prefCd=20&kikanCd=3205928610&kikanKbn=3", "url2": null, "内容": "松本歯科医院【3:歯科】長野県安曇野市穂高７８２ー１" }, "geometry": { "type": "Point", "coordinates": [ 137.893719, 36.323763 ] } },
{ "type": "Feature", "properties": { "ID": "2033205928740", "正式名称": "歯科手塚医院", "機関区分": 3, "都道府県コード": 20, "市区町村コード": 215, "所在地": "長野県塩尻市宗賀７３番２５８", "緯度": 36.115114, "経度": 137.94267, "url": "https://www.iryou.teikyouseido.mhlw.go.jp/znk-web/juminkanja/S2430/initialize?prefCd=20&kikanCd=3205928740&kikanKbn=3", "url2": "http://sikatedukaiin.web.fc2.com/", "内容": "歯科手塚医院【3:歯科】長野県塩尻市宗賀７３番２５８" }, "geometry": { "type": "Point", "coordinates": [ 137.94267, 36.115114 ] } },
{ "type": "Feature", "properties": { "ID": "2033205928870", "正式名称": "ほのぼのデンタルクリニック", "機関区分": 3, "都道府県コード": 20, "市区町村コード": 220, "所在地": "長野県安曇野市豊科５８７０番２　ヴィラ安曇野１０２号室", "緯度": 36.300398, "経度": 137.908582, "url": "https://www.iryou.teikyouseido.mhlw.go.jp/znk-web/juminkanja/S2430/initialize?prefCd=20&kikanCd=3205928870&kikanKbn=3", "url2": null, "内容": "ほのぼのデンタルクリニック【3:歯科】長野県安曇野市豊科５８７０番２　ヴィラ安曇野１０２号室" }, "geometry": { "type": "Point", "coordinates": [ 137.908582, 36.300398 ] } },
{ "type": "Feature", "properties": { "ID": "2033205929200", "正式名称": "あおば歯科医院", "機関区分": 3, "都道府県コード": 20, "市区町村コード": 215, "所在地": "長野県塩尻市広丘吉田３３１０", "緯度": 36.16322, "経度": 137.951195, "url": "https://www.iryou.teikyouseido.mhlw.go.jp/znk-web/juminkanja/S2430/initialize?prefCd=20&kikanCd=3205929200&kikanKbn=3", "url2": "http://www.dc-aoba.com", "内容": "あおば歯科医院【3:歯科】長野県塩尻市広丘吉田３３１０" }, "geometry": { "type": "Point", "coordinates": [ 137.951195, 36.16322 ] } },
{ "type": "Feature", "properties": { "ID": "2033205929330", "正式名称": "いこい歯科クリニック", "機関区分": 3, "都道府県コード": 20, "市区町村コード": 202, "所在地": "長野県松本市島内４１５５－１", "緯度": 36.242461, "経度": 137.944415, "url": "https://www.iryou.teikyouseido.mhlw.go.jp/znk-web/juminkanja/S2430/initialize?prefCd=20&kikanCd=3205929330&kikanKbn=3", "url2": "http://ikoi-dc.com", "内容": "いこい歯科クリニック【3:歯科】長野県松本市島内４１５５－１" }, "geometry": { "type": "Point", "coordinates": [ 137.944415, 36.242461 ] } },
{ "type": "Feature", "properties": { "ID": "2033205929460", "正式名称": "医療法人Ｏｈａｎａ会スマイル歯科クリニック", "機関区分": 3, "都道府県コード": 20, "市区町村コード": 220, "所在地": "長野県安曇野市豊科５０２４－２", "緯度": 36.302092, "経度": 137.898666, "url": "https://www.iryou.teikyouseido.mhlw.go.jp/znk-web/juminkanja/S2430/initialize?prefCd=20&kikanCd=3205929460&kikanKbn=3", "url2": "http://www.smile-dent.info", "内容": "医療法人Ｏｈａｎａ会スマイル歯科クリニック【3:歯科】長野県安曇野市豊科５０２４－２" }, "geometry": { "type": "Point", "coordinates": [ 137.898666, 36.302092 ] } },
{ "type": "Feature", "properties": { "ID": "2033205929620", "正式名称": "塩尻駅前なの花歯科クリニック", "機関区分": 3, "都道府県コード": 20, "市区町村コード": 215, "所在地": "長野県塩尻市大門桔梗町１－１２ステーション１０２コーポ１－Ｂ", "緯度": 36.116503, "経度": 137.948308, "url": "https://www.iryou.teikyouseido.mhlw.go.jp/znk-web/juminkanja/S2430/initialize?prefCd=20&kikanCd=3205929620&kikanKbn=3", "url2": "https://proreco.jp/shika/detail.php?mode=staff&preview&token=2956rGxFGXRGLPRlTcBqs-sql24QRSzTZGnd", "内容": "塩尻駅前なの花歯科クリニック【3:歯科】長野県塩尻市大門桔梗町１－１２ステーション１０２コーポ１－Ｂ" }, "geometry": { "type": "Point", "coordinates": [ 137.948308, 36.116503 ] } },
{ "type": "Feature", "properties": { "ID": "2033205929750", "正式名称": "とおやま歯科", "機関区分": 3, "都道府県コード": 20, "市区町村コード": 202, "所在地": "長野県松本市笹部３－１３－５３－２", "緯度": 36.216152, "経度": 137.945811, "url": "https://www.iryou.teikyouseido.mhlw.go.jp/znk-web/juminkanja/S2430/initialize?prefCd=20&kikanCd=3205929750&kikanKbn=3", "url2": "http://www.tooyama-shika.com/", "内容": "とおやま歯科【3:歯科】長野県松本市笹部３－１３－５３－２" }, "geometry": { "type": "Point", "coordinates": [ 137.945811, 36.216152 ] } },
{ "type": "Feature", "properties": { "ID": "2033205930150", "正式名称": "ごうや歯科医院", "機関区分": 3, "都道府県コード": 20, "市区町村コード": 202, "所在地": "長野県松本市渚１―７―３８", "緯度": 36.234767, "経度": 137.955358, "url": "https://www.iryou.teikyouseido.mhlw.go.jp/znk-web/juminkanja/S2430/initialize?prefCd=20&kikanCd=3205930150&kikanKbn=3", "url2": "http://www.goya-dentalclinic.com", "内容": "ごうや歯科医院【3:歯科】長野県松本市渚１―７―３８" }, "geometry": { "type": "Point", "coordinates": [ 137.955358, 36.234767 ] } },
{ "type": "Feature", "properties": { "ID": "2033205930310", "正式名称": "玉井歯科医院", "機関区分": 3, "都道府県コード": 20, "市区町村コード": 446, "所在地": "長野県東筑摩郡麻績村麻４１５７－５", "緯度": 36.459022, "経度": 138.051341, "url": "https://www.iryou.teikyouseido.mhlw.go.jp/znk-web/juminkanja/S2430/initialize?prefCd=20&kikanCd=3205930310&kikanKbn=3", "url2": null, "内容": "玉井歯科医院【3:歯科】長野県東筑摩郡麻績村麻４１５７－５" }, "geometry": { "type": "Point", "coordinates": [ 138.051341, 36.459022 ] } },
{ "type": "Feature", "properties": { "ID": "2033205930440", "正式名称": "医療法人松本歯科クリニック", "機関区分": 3, "都道府県コード": 20, "市区町村コード": 202, "所在地": "長野県松本市宮田６番７号", "緯度": 36.205188, "経度": 137.961915, "url": "https://www.iryou.teikyouseido.mhlw.go.jp/znk-web/juminkanja/S2430/initialize?prefCd=20&kikanCd=3205930440&kikanKbn=3", "url2": "http://www.dc-matsumoto.net", "内容": "医療法人松本歯科クリニック【3:歯科】長野県松本市宮田６番７号" }, "geometry": { "type": "Point", "coordinates": [ 137.961915, 36.205188 ] } },
{ "type": "Feature", "properties": { "ID": "2033205930600", "正式名称": "マルフジ歯科医院", "機関区分": 3, "都道府県コード": 20, "市区町村コード": 202, "所在地": "長野県松本市井川城１丁目５－１", "緯度": 36.222741, "経度": 137.964969, "url": "https://www.iryou.teikyouseido.mhlw.go.jp/znk-web/juminkanja/S2430/initialize?prefCd=20&kikanCd=3205930600&kikanKbn=3", "url2": "http://marufuji.dental/", "内容": "マルフジ歯科医院【3:歯科】長野県松本市井川城１丁目５－１" }, "geometry": { "type": "Point", "coordinates": [ 137.964969, 36.222741 ] } },
{ "type": "Feature", "properties": { "ID": "2033205930990", "正式名称": "ＮＯＲＩ　Ｄｅｎｔａｌ　Ｃｌｉｎｉｃ", "機関区分": 3, "都道府県コード": 20, "市区町村コード": 202, "所在地": "長野県松本市双葉５－２０　イオン南松本店２Ｆ", "緯度": 36.207862, "経度": 137.96561, "url": "https://www.iryou.teikyouseido.mhlw.go.jp/znk-web/juminkanja/S2430/initialize?prefCd=20&kikanCd=3205930990&kikanKbn=3", "url2": null, "内容": "ＮＯＲＩ　Ｄｅｎｔａｌ　Ｃｌｉｎｉｃ【3:歯科】長野県松本市双葉５－２０　イオン南松本店２Ｆ" }, "geometry": { "type": "Point", "coordinates": [ 137.96561, 36.207862 ] } },
{ "type": "Feature", "properties": { "ID": "2033205931030", "正式名称": "呉本歯科医院", "機関区分": 3, "都道府県コード": 20, "市区町村コード": 202, "所在地": "長野県松本市芳野", "緯度": 36.207025, "経度": 137.967501, "url": "https://www.iryou.teikyouseido.mhlw.go.jp/znk-web/juminkanja/S2430/initialize?prefCd=20&kikanCd=3205931030&kikanKbn=3", "url2": null, "内容": "呉本歯科医院【3:歯科】長野県松本市芳野" }, "geometry": { "type": "Point", "coordinates": [ 137.967501, 36.207025 ] } },
{ "type": "Feature", "properties": { "ID": "2033205931160", "正式名称": "ひまわり歯科クリニック", "機関区分": 3, "都道府県コード": 20, "市区町村コード": 202, "所在地": "長野県松本市中央４－９－５１", "緯度": 36.233926, "経度": 137.978519, "url": "https://www.iryou.teikyouseido.mhlw.go.jp/znk-web/juminkanja/S2430/initialize?prefCd=20&kikanCd=3205931160&kikanKbn=3", "url2": "https://www.himawari-shika.clinic/", "内容": "ひまわり歯科クリニック【3:歯科】長野県松本市中央４－９－５１" }, "geometry": { "type": "Point", "coordinates": [ 137.978519, 36.233926 ] } },
{ "type": "Feature", "properties": { "ID": "2033205931290", "正式名称": "あんず歯科医院", "機関区分": 3, "都道府県コード": 20, "市区町村コード": 202, "所在地": "長野県松本市村井町北二丁目８番２７号", "緯度": 36.186608, "経度": 137.965297, "url": "https://www.iryou.teikyouseido.mhlw.go.jp/znk-web/juminkanja/S2430/initialize?prefCd=20&kikanCd=3205931290&kikanKbn=3", "url2": "http://anzu-shika.com", "内容": "あんず歯科医院【3:歯科】長野県松本市村井町北二丁目８番２７号" }, "geometry": { "type": "Point", "coordinates": [ 137.965297, 36.186608 ] } },
{ "type": "Feature", "properties": { "ID": "2033205931320", "正式名称": "やまぐち歯科クリニック", "機関区分": 3, "都道府県コード": 20, "市区町村コード": 202, "所在地": "長野県松本市村井町南２ー６ー２０", "緯度": 36.179248, "経度": 137.96313, "url": "https://www.iryou.teikyouseido.mhlw.go.jp/znk-web/juminkanja/S2430/initialize?prefCd=20&kikanCd=3205931320&kikanKbn=3", "url2": "http://www.dc-yamaguchi.net", "内容": "やまぐち歯科クリニック【3:歯科】長野県松本市村井町南２ー６ー２０" }, "geometry": { "type": "Point", "coordinates": [ 137.96313, 36.179248 ] } },
{ "type": "Feature", "properties": { "ID": "2033205931450", "正式名称": "海瀬歯科医院", "機関区分": 3, "都道府県コード": 20, "市区町村コード": 202, "所在地": "長野県松本市神林５０８８－８０", "緯度": 36.189507, "経度": 137.925578, "url": "https://www.iryou.teikyouseido.mhlw.go.jp/znk-web/juminkanja/S2430/initialize?prefCd=20&kikanCd=3205931450&kikanKbn=3", "url2": "http://kaise-dc.jp/", "内容": "海瀬歯科医院【3:歯科】長野県松本市神林５０８８－８０" }, "geometry": { "type": "Point", "coordinates": [ 137.925578, 36.189507 ] } },
{ "type": "Feature", "properties": { "ID": "2033205931580", "正式名称": "山田歯科医院", "機関区分": 3, "都道府県コード": 20, "市区町村コード": 202, "所在地": "長野県松本市島立３１５０－１", "緯度": 36.222514, "経度": 137.937341, "url": "https://www.iryou.teikyouseido.mhlw.go.jp/znk-web/juminkanja/S2430/initialize?prefCd=20&kikanCd=3205931580&kikanKbn=3", "url2": "https://yamadadc.jp/", "内容": "山田歯科医院【3:歯科】長野県松本市島立３１５０－１" }, "geometry": { "type": "Point", "coordinates": [ 137.937341, 36.222514 ] } },
{ "type": "Feature", "properties": { "ID": "2033205931610", "正式名称": "とこしえ歯科医院", "機関区分": 3, "都道府県コード": 20, "市区町村コード": 220, "所在地": "長野県安曇野市穂高有明７５５０－７", "緯度": 36.379581, "経度": 137.832761, "url": "https://www.iryou.teikyouseido.mhlw.go.jp/znk-web/juminkanja/S2430/initialize?prefCd=20&kikanCd=3205931610&kikanKbn=3", "url2": "https://www.tokoshie-shika.com/", "内容": "とこしえ歯科医院【3:歯科】長野県安曇野市穂高有明７５５０－７" }, "geometry": { "type": "Point", "coordinates": [ 137.832761, 36.379581 ] } },
{ "type": "Feature", "properties": { "ID": "2033205931870", "正式名称": "医療法人萌生会　めいデンタルクリニック", "機関区分": 3, "都道府県コード": 20, "市区町村コード": 202, "所在地": "長野県松本市大字島立宇花見添６４７－２山田ビル１階", "緯度": 36.23651, "経度": 137.949597, "url": "https://www.iryou.teikyouseido.mhlw.go.jp/znk-web/juminkanja/S2430/initialize?prefCd=20&kikanCd=3205931870&kikanKbn=3", "url2": "https://www.mei-dental.jp/", "内容": "医療法人萌生会　めいデンタルクリニック【3:歯科】長野県松本市大字島立宇花見添６４７－２山田ビル１階" }, "geometry": { "type": "Point", "coordinates": [ 137.949597, 36.23651 ] } },
{ "type": "Feature", "properties": { "ID": "2033205931900", "正式名称": "岡田小林歯科医院", "機関区分": 3, "都道府県コード": 20, "市区町村コード": 202, "所在地": "長野県松本市岡田町", "緯度": 36.267834, "経度": 137.9792, "url": "https://www.iryou.teikyouseido.mhlw.go.jp/znk-web/juminkanja/S2430/initialize?prefCd=20&kikanCd=3205931900&kikanKbn=3", "url2": null, "内容": "岡田小林歯科医院【3:歯科】長野県松本市岡田町" }, "geometry": { "type": "Point", "coordinates": [ 137.9792, 36.267834 ] } },
{ "type": "Feature", "properties": { "ID": "2033205932150", "正式名称": "白木歯科医院", "機関区分": 3, "都道府県コード": 20, "市区町村コード": 215, "所在地": "長野県塩尻市大門一番町８番１８号", "緯度": 36.111204, "経度": 137.953859, "url": "https://www.iryou.teikyouseido.mhlw.go.jp/znk-web/juminkanja/S2430/initialize?prefCd=20&kikanCd=3205932150&kikanKbn=3", "url2": null, "内容": "白木歯科医院【3:歯科】長野県塩尻市大門一番町８番１８号" }, "geometry": { "type": "Point", "coordinates": [ 137.953859, 36.111204 ] } },
{ "type": "Feature", "properties": { "ID": "2033205932200", "正式名称": "あうる歯科医院", "機関区分": 3, "都道府県コード": 20, "市区町村コード": 202, "所在地": "長野県松本市村井町南１－３６－１３チクマビル２", "緯度": 36.175379, "経度": 137.956674, "url": "https://www.iryou.teikyouseido.mhlw.go.jp/znk-web/juminkanja/S2430/initialize?prefCd=20&kikanCd=3205932200&kikanKbn=3", "url2": null, "内容": "あうる歯科医院【3:歯科】長野県松本市村井町南１－３６－１３チクマビル２" }, "geometry": { "type": "Point", "coordinates": [ 137.956674, 36.175379 ] } },
{ "type": "Feature", "properties": { "ID": "2033205932880", "正式名称": "おかもとファミリー歯科", "機関区分": 3, "都道府県コード": 20, "市区町村コード": 220, "所在地": "長野県安曇野市穂高柏原１０６９－１", "緯度": 36.321517, "経度": 137.887419, "url": "https://www.iryou.teikyouseido.mhlw.go.jp/znk-web/juminkanja/S2430/initialize?prefCd=20&kikanCd=3205932880&kikanKbn=3", "url2": null, "内容": "おかもとファミリー歯科【3:歯科】長野県安曇野市穂高柏原１０６９－１" }, "geometry": { "type": "Point", "coordinates": [ 137.887419, 36.321517 ] } },
{ "type": "Feature", "properties": { "ID": "2033205932910", "正式名称": "山本歯科医院", "機関区分": 3, "都道府県コード": 20, "市区町村コード": 220, "所在地": "長野県安曇野市豊科高家５５８１ー１", "緯度": 36.259655, "経度": 137.914913, "url": "https://www.iryou.teikyouseido.mhlw.go.jp/znk-web/juminkanja/S2430/initialize?prefCd=20&kikanCd=3205932910&kikanKbn=3", "url2": null, "内容": "山本歯科医院【3:歯科】長野県安曇野市豊科高家５５８１ー１" }, "geometry": { "type": "Point", "coordinates": [ 137.914913, 36.259655 ] } },
{ "type": "Feature", "properties": { "ID": "2033205933050", "正式名称": "松村歯科医院", "機関区分": 3, "都道府県コード": 20, "市区町村コード": 220, "所在地": "長野県安曇野市明科中３９９４－５", "緯度": 36.355382, "経度": 137.93132, "url": "https://www.iryou.teikyouseido.mhlw.go.jp/znk-web/juminkanja/S2430/initialize?prefCd=20&kikanCd=3205933050&kikanKbn=3", "url2": null, "内容": "松村歯科医院【3:歯科】長野県安曇野市明科中３９９４－５" }, "geometry": { "type": "Point", "coordinates": [ 137.93132, 36.355382 ] } },
{ "type": "Feature", "properties": { "ID": "2033205933180", "正式名称": "にこり歯科", "機関区分": 3, "都道府県コード": 20, "市区町村コード": 215, "所在地": "長野県塩尻市広丘原新田３０６－４０", "緯度": 36.151019, "経度": 137.945406, "url": "https://www.iryou.teikyouseido.mhlw.go.jp/znk-web/juminkanja/S2430/initialize?prefCd=20&kikanCd=3205933180&kikanKbn=3", "url2": null, "内容": "にこり歯科【3:歯科】長野県塩尻市広丘原新田３０６－４０" }, "geometry": { "type": "Point", "coordinates": [ 137.945406, 36.151019 ] } },
{ "type": "Feature", "properties": { "ID": "2033205933210", "正式名称": "河合歯科医院", "機関区分": 3, "都道府県コード": 20, "市区町村コード": 220, "所在地": "長野県安曇野市豊科南穂高７６８番地４", "緯度": 36.303231, "経度": 137.912064, "url": "https://www.iryou.teikyouseido.mhlw.go.jp/znk-web/juminkanja/S2430/initialize?prefCd=20&kikanCd=3205933210&kikanKbn=3", "url2": "https://kawai-azuminodc.com/", "内容": "河合歯科医院【3:歯科】長野県安曇野市豊科南穂高７６８番地４" }, "geometry": { "type": "Point", "coordinates": [ 137.912064, 36.303231 ] } },
{ "type": "Feature", "properties": { "ID": "2033205933340", "正式名称": "あづみのうえはらおとなこども歯科医院", "機関区分": 3, "都道府県コード": 20, "市区町村コード": 220, "所在地": "長野県安曇野市三郷温２７１６－１", "緯度": 36.245242, "経度": 137.888828, "url": "https://www.iryou.teikyouseido.mhlw.go.jp/znk-web/juminkanja/S2430/initialize?prefCd=20&kikanCd=3205933340&kikanKbn=3", "url2": null, "内容": "あづみのうえはらおとなこども歯科医院【3:歯科】長野県安曇野市三郷温２７１６－１" }, "geometry": { "type": "Point", "coordinates": [ 137.888828, 36.245242 ] } },
{ "type": "Feature", "properties": { "ID": "2033205933470", "正式名称": "たいら歯科クリニック", "機関区分": 3, "都道府県コード": 20, "市区町村コード": 215, "所在地": "長野県塩尻市大字大門１３１６番地", "緯度": 36.118349, "経度": 137.959701, "url": "https://www.iryou.teikyouseido.mhlw.go.jp/znk-web/juminkanja/S2430/initialize?prefCd=20&kikanCd=3205933470&kikanKbn=3", "url2": null, "内容": "たいら歯科クリニック【3:歯科】長野県塩尻市大字大門１３１６番地" }, "geometry": { "type": "Point", "coordinates": [ 137.959701, 36.118349 ] } },
{ "type": "Feature", "properties": { "ID": "2033205933500", "正式名称": "ひだまりデンタルクリニック", "機関区分": 3, "都道府県コード": 20, "市区町村コード": 450, "所在地": "長野県東筑摩郡山形村北竹原５５９５－９", "緯度": 36.171436, "経度": 137.87965, "url": "https://www.iryou.teikyouseido.mhlw.go.jp/znk-web/juminkanja/S2430/initialize?prefCd=20&kikanCd=3205933500&kikanKbn=3", "url2": "https://www.hidamari-dc.jp", "内容": "ひだまりデンタルクリニック【3:歯科】長野県東筑摩郡山形村北竹原５５９５－９" }, "geometry": { "type": "Point", "coordinates": [ 137.87965, 36.171436 ] } },
{ "type": "Feature", "properties": { "ID": "2033206000500", "正式名称": "市川歯科医院", "機関区分": 3, "都道府県コード": 20, "市区町村コード": 220, "所在地": "長野県安曇野市豊科４９１０", "緯度": 36.300453, "経度": 137.901999, "url": "https://www.iryou.teikyouseido.mhlw.go.jp/znk-web/juminkanja/S2430/initialize?prefCd=20&kikanCd=3206000500&kikanKbn=3", "url2": null, "内容": "市川歯科医院【3:歯科】長野県安曇野市豊科４９１０" }, "geometry": { "type": "Point", "coordinates": [ 137.901999, 36.300453 ] } },
{ "type": "Feature", "properties": { "ID": "2033206000630", "正式名称": "矢島歯科医院", "機関区分": 3, "都道府県コード": 20, "市区町村コード": 220, "所在地": "長野県安曇野市豊科４７９１", "緯度": 36.301731, "経度": 137.903555, "url": "https://www.iryou.teikyouseido.mhlw.go.jp/znk-web/juminkanja/S2430/initialize?prefCd=20&kikanCd=3206000630&kikanKbn=3", "url2": null, "内容": "矢島歯科医院【3:歯科】長野県安曇野市豊科４７９１" }, "geometry": { "type": "Point", "coordinates": [ 137.903555, 36.301731 ] } },
{ "type": "Feature", "properties": { "ID": "2033206000890", "正式名称": "丸山歯科医院", "機関区分": 3, "都道府県コード": 20, "市区町村コード": 220, "所在地": "長野県安曇野市豊科４６８３", "緯度": 36.299009, "経度": 137.902777, "url": "https://www.iryou.teikyouseido.mhlw.go.jp/znk-web/juminkanja/S2430/initialize?prefCd=20&kikanCd=3206000890&kikanKbn=3", "url2": null, "内容": "丸山歯科医院【3:歯科】長野県安曇野市豊科４６８３" }, "geometry": { "type": "Point", "coordinates": [ 137.902777, 36.299009 ] } },
{ "type": "Feature", "properties": { "ID": "2033206000920", "正式名称": "笠原歯科医院", "機関区分": 3, "都道府県コード": 20, "市区町村コード": 220, "所在地": "長野県安曇野市豊科４７６６", "緯度": 36.301167, "経度": 137.904228, "url": "https://www.iryou.teikyouseido.mhlw.go.jp/znk-web/juminkanja/S2430/initialize?prefCd=20&kikanCd=3206000920&kikanKbn=3", "url2": null, "内容": "笠原歯科医院【3:歯科】長野県安曇野市豊科４７６６" }, "geometry": { "type": "Point", "coordinates": [ 137.904228, 36.301167 ] } },
{ "type": "Feature", "properties": { "ID": "2033206001480", "正式名称": "佐野歯科クリニック", "機関区分": 3, "都道府県コード": 20, "市区町村コード": 220, "所在地": "長野県安曇野市穂高６０６１", "緯度": 36.339365, "経度": 137.887082, "url": "https://www.iryou.teikyouseido.mhlw.go.jp/znk-web/juminkanja/S2430/initialize?prefCd=20&kikanCd=3206001480&kikanKbn=3", "url2": null, "内容": "佐野歯科クリニック【3:歯科】長野県安曇野市穂高６０６１" }, "geometry": { "type": "Point", "coordinates": [ 137.887082, 36.339365 ] } },
{ "type": "Feature", "properties": { "ID": "2033206001640", "正式名称": "丸山歯科医院", "機関区分": 3, "都道府県コード": 20, "市区町村コード": 220, "所在地": "長野県安曇野市穂高北穂高２９８７－１", "緯度": 36.371639, "経度": 137.874832, "url": "https://www.iryou.teikyouseido.mhlw.go.jp/znk-web/juminkanja/S2430/initialize?prefCd=20&kikanCd=3206001640&kikanKbn=3", "url2": null, "内容": "丸山歯科医院【3:歯科】長野県安曇野市穂高北穂高２９８７－１" }, "geometry": { "type": "Point", "coordinates": [ 137.874832, 36.371639 ] } },
{ "type": "Feature", "properties": { "ID": "2033206001800", "正式名称": "川上歯科医院", "機関区分": 3, "都道府県コード": 20, "市区町村コード": 202, "所在地": "長野県松本市梓川梓", "緯度": 36.222711, "経度": 137.865728, "url": "https://www.iryou.teikyouseido.mhlw.go.jp/znk-web/juminkanja/S2430/initialize?prefCd=20&kikanCd=3206001800&kikanKbn=3", "url2": null, "内容": "川上歯科医院【3:歯科】長野県松本市梓川梓" }, "geometry": { "type": "Point", "coordinates": [ 137.865728, 36.222711 ] } },
{ "type": "Feature", "properties": { "ID": "2033206002230", "正式名称": "赤羽歯科医院", "機関区分": 3, "都道府県コード": 20, "市区町村コード": 220, "所在地": "長野県安曇野市三郷明盛１６７０－１", "緯度": 36.257486, "経度": 137.899251, "url": "https://www.iryou.teikyouseido.mhlw.go.jp/znk-web/juminkanja/S2430/initialize?prefCd=20&kikanCd=3206002230&kikanKbn=3", "url2": null, "内容": "赤羽歯科医院【3:歯科】長野県安曇野市三郷明盛１６７０－１" }, "geometry": { "type": "Point", "coordinates": [ 137.899251, 36.257486 ] } },
{ "type": "Feature", "properties": { "ID": "2033206002490", "正式名称": "上月歯科医院", "機関区分": 3, "都道府県コード": 20, "市区町村コード": 220, "所在地": "長野県安曇野市穂高", "緯度": 36.342392, "経度": 137.877583, "url": "https://www.iryou.teikyouseido.mhlw.go.jp/znk-web/juminkanja/S2430/initialize?prefCd=20&kikanCd=3206002490&kikanKbn=3", "url2": null, "内容": "上月歯科医院【3:歯科】長野県安曇野市穂高" }, "geometry": { "type": "Point", "coordinates": [ 137.877583, 36.342392 ] } },
{ "type": "Feature", "properties": { "ID": "2033206002520", "正式名称": "田野歯科医院", "機関区分": 3, "都道府県コード": 20, "市区町村コード": 220, "所在地": "長野県安曇野市穂高柏原２８２８－７７", "緯度": 36.320617, "経度": 137.873251, "url": "https://www.iryou.teikyouseido.mhlw.go.jp/znk-web/juminkanja/S2430/initialize?prefCd=20&kikanCd=3206002520&kikanKbn=3", "url2": null, "内容": "田野歯科医院【3:歯科】長野県安曇野市穂高柏原２８２８－７７" }, "geometry": { "type": "Point", "coordinates": [ 137.873251, 36.320617 ] } },
{ "type": "Feature", "properties": { "ID": "2033206002810", "正式名称": "昭和歯科医院", "機関区分": 3, "都道府県コード": 20, "市区町村コード": 202, "所在地": "長野県松本市梓川梓２３６１－４", "緯度": 36.221155, "経度": 137.862034, "url": "https://www.iryou.teikyouseido.mhlw.go.jp/znk-web/juminkanja/S2430/initialize?prefCd=20&kikanCd=3206002810&kikanKbn=3", "url2": null, "内容": "昭和歯科医院【3:歯科】長野県松本市梓川梓２３６１－４" }, "geometry": { "type": "Point", "coordinates": [ 137.862034, 36.221155 ] } },
{ "type": "Feature", "properties": { "ID": "2033206002940", "正式名称": "下條歯科医院", "機関区分": 3, "都道府県コード": 20, "市区町村コード": 220, "所在地": "長野県安曇野市堀金烏川", "緯度": 36.295842, "経度": 137.876113, "url": "https://www.iryou.teikyouseido.mhlw.go.jp/znk-web/juminkanja/S2430/initialize?prefCd=20&kikanCd=3206002940&kikanKbn=3", "url2": null, "内容": "下條歯科医院【3:歯科】長野県安曇野市堀金烏川" }, "geometry": { "type": "Point", "coordinates": [ 137.876113, 36.295842 ] } },
{ "type": "Feature", "properties": { "ID": "2033206003110", "正式名称": "布山歯科医院", "機関区分": 3, "都道府県コード": 20, "市区町村コード": 220, "所在地": "長野県安曇野市三郷温２２５１－１", "緯度": 36.253375, "経度": 137.883975, "url": "https://www.iryou.teikyouseido.mhlw.go.jp/znk-web/juminkanja/S2430/initialize?prefCd=20&kikanCd=3206003110&kikanKbn=3", "url2": null, "内容": "布山歯科医院【3:歯科】長野県安曇野市三郷温２２５１－１" }, "geometry": { "type": "Point", "coordinates": [ 137.883975, 36.253375 ] } },
{ "type": "Feature", "properties": { "ID": "2033206003370", "正式名称": "大谷歯科医院", "機関区分": 3, "都道府県コード": 20, "市区町村コード": 220, "所在地": "長野県安曇野市豊科田沢７０３９ー１２２", "緯度": 36.300148, "経度": 137.929941, "url": "https://www.iryou.teikyouseido.mhlw.go.jp/znk-web/juminkanja/S2430/initialize?prefCd=20&kikanCd=3206003370&kikanKbn=3", "url2": null, "内容": "大谷歯科医院【3:歯科】長野県安曇野市豊科田沢７０３９ー１２２" }, "geometry": { "type": "Point", "coordinates": [ 137.929941, 36.300148 ] } },
{ "type": "Feature", "properties": { "ID": "2033206003820", "正式名称": "堀金歯科医院", "機関区分": 3, "都道府県コード": 20, "市区町村コード": 220, "所在地": "長野県安曇野市堀金三田１１２２－６", "緯度": 36.291951, "経度": 137.871092, "url": "https://www.iryou.teikyouseido.mhlw.go.jp/znk-web/juminkanja/S2430/initialize?prefCd=20&kikanCd=3206003820&kikanKbn=3", "url2": null, "内容": "堀金歯科医院【3:歯科】長野県安曇野市堀金三田１１２２－６" }, "geometry": { "type": "Point", "coordinates": [ 137.871092, 36.291951 ] } },
{ "type": "Feature", "properties": { "ID": "2033206004120", "正式名称": "飯島歯科医院", "機関区分": 3, "都道府県コード": 20, "市区町村コード": 220, "所在地": "長野県安曇野市穂高６９３７－３", "緯度": 36.334226, "経度": 137.881944, "url": "https://www.iryou.teikyouseido.mhlw.go.jp/znk-web/juminkanja/S2430/initialize?prefCd=20&kikanCd=3206004120&kikanKbn=3", "url2": null, "内容": "飯島歯科医院【3:歯科】長野県安曇野市穂高６９３７－３" }, "geometry": { "type": "Point", "coordinates": [ 137.881944, 36.334226 ] } },
{ "type": "Feature", "properties": { "ID": "2033206004250", "正式名称": "飯田歯科医院", "機関区分": 3, "都道府県コード": 20, "市区町村コード": 220, "所在地": "長野県安曇野市豊科高家２８８", "緯度": 36.268096, "経度": 137.926943, "url": "https://www.iryou.teikyouseido.mhlw.go.jp/znk-web/juminkanja/S2430/initialize?prefCd=20&kikanCd=3206004250&kikanKbn=3", "url2": "http://www.iidental.com/index.html", "内容": "飯田歯科医院【3:歯科】長野県安曇野市豊科高家２８８" }, "geometry": { "type": "Point", "coordinates": [ 137.926943, 36.268096 ] } },
{ "type": "Feature", "properties": { "ID": "2033206004380", "正式名称": "山田歯科医院", "機関区分": 3, "都道府県コード": 20, "市区町村コード": 220, "所在地": "長野県安曇野市豊科６２７−１−２", "緯度": 36.271568, "経度": 137.911305, "url": "https://www.iryou.teikyouseido.mhlw.go.jp/znk-web/juminkanja/S2430/initialize?prefCd=20&kikanCd=3206004380&kikanKbn=3", "url2": "http://www.yamada--dc.com", "内容": "山田歯科医院【3:歯科】長野県安曇野市豊科６２７−１−２" }, "geometry": { "type": "Point", "coordinates": [ 137.911305, 36.271568 ] } },
{ "type": "Feature", "properties": { "ID": "2033206004410", "正式名称": "高橋喜博歯科醫院", "機関区分": 3, "都道府県コード": 20, "市区町村コード": 220, "所在地": "長野県安曇野市堀金烏川１７６１－５", "緯度": 36.305429, "経度": 137.860479, "url": "https://www.iryou.teikyouseido.mhlw.go.jp/znk-web/juminkanja/S2430/initialize?prefCd=20&kikanCd=3206004410&kikanKbn=3", "url2": null, "内容": "高橋喜博歯科醫院【3:歯科】長野県安曇野市堀金烏川１７６１－５" }, "geometry": { "type": "Point", "coordinates": [ 137.860479, 36.305429 ] } },
{ "type": "Feature", "properties": { "ID": "2033206100370", "正式名称": "宮下歯科医院", "機関区分": 3, "都道府県コード": 20, "市区町村コード": 212, "所在地": "長野県大町市大町４０８６", "緯度": 36.505428, "経度": 137.858828, "url": "https://www.iryou.teikyouseido.mhlw.go.jp/znk-web/juminkanja/S2430/initialize?prefCd=20&kikanCd=3206100370&kikanKbn=3", "url2": null, "内容": "宮下歯科医院【3:歯科】長野県大町市大町４０８６" }, "geometry": { "type": "Point", "coordinates": [ 137.858828, 36.505428 ] } },
{ "type": "Feature", "properties": { "ID": "2033206100530", "正式名称": "平林歯科医院", "機関区分": 3, "都道府県コード": 20, "市区町村コード": 212, "所在地": "長野県大町市大町１１２３", "緯度": 36.506289, "経度": 137.862328, "url": "https://www.iryou.teikyouseido.mhlw.go.jp/znk-web/juminkanja/S2430/initialize?prefCd=20&kikanCd=3206100530&kikanKbn=3", "url2": null, "内容": "平林歯科医院【3:歯科】長野県大町市大町１１２３" }, "geometry": { "type": "Point", "coordinates": [ 137.862328, 36.506289 ] } },
{ "type": "Feature", "properties": { "ID": "2033206100790", "正式名称": "西澤歯科医院", "機関区分": 3, "都道府県コード": 20, "市区町村コード": 212, "所在地": "長野県大町市大町５３６８－２", "緯度": 36.510844, "経度": 137.850218, "url": "https://www.iryou.teikyouseido.mhlw.go.jp/znk-web/juminkanja/S2430/initialize?prefCd=20&kikanCd=3206100790&kikanKbn=3", "url2": null, "内容": "西澤歯科医院【3:歯科】長野県大町市大町５３６８－２" }, "geometry": { "type": "Point", "coordinates": [ 137.850218, 36.510844 ] } },
{ "type": "Feature", "properties": { "ID": "2033206100820", "正式名称": "オクハラ・デンタル・クリニック", "機関区分": 3, "都道府県コード": 20, "市区町村コード": 212, "所在地": "長野県大町市大町３１７０", "緯度": 36.499429, "経度": 137.859912, "url": "https://www.iryou.teikyouseido.mhlw.go.jp/znk-web/juminkanja/S2430/initialize?prefCd=20&kikanCd=3206100820&kikanKbn=3", "url2": null, "内容": "オクハラ・デンタル・クリニック【3:歯科】長野県大町市大町３１７０" }, "geometry": { "type": "Point", "coordinates": [ 137.859912, 36.499429 ] } },
{ "type": "Feature", "properties": { "ID": "2033206101120", "正式名称": "竹内歯科医院", "機関区分": 3, "都道府県コード": 20, "市区町村コード": 481, "所在地": "長野県北安曇郡池田町池田４３１２", "緯度": 36.421679, "経度": 137.87714, "url": "https://www.iryou.teikyouseido.mhlw.go.jp/znk-web/juminkanja/S2430/initialize?prefCd=20&kikanCd=3206101120&kikanKbn=3", "url2": null, "内容": "竹内歯科医院【3:歯科】長野県北安曇郡池田町池田４３１２" }, "geometry": { "type": "Point", "coordinates": [ 137.87714, 36.421679 ] } },
{ "type": "Feature", "properties": { "ID": "2033206102000", "正式名称": "医療法人創志会　金子歯科医院", "機関区分": 3, "都道府県コード": 20, "市区町村コード": 212, "所在地": "長野県大町市大町２９１１−４", "緯度": 36.498849, "経度": 137.862403, "url": "https://www.iryou.teikyouseido.mhlw.go.jp/znk-web/juminkanja/S2430/initialize?prefCd=20&kikanCd=3206102000&kikanKbn=3", "url2": null, "内容": "医療法人創志会　金子歯科医院【3:歯科】長野県大町市大町２９１１−４" }, "geometry": { "type": "Point", "coordinates": [ 137.862403, 36.498849 ] } },
{ "type": "Feature", "properties": { "ID": "2033206102130", "正式名称": "砂田歯科医院", "機関区分": 3, "都道府県コード": 20, "市区町村コード": 212, "所在地": "長野県大町市大町３１４０", "緯度": 36.501234, "経度": 137.859079, "url": "https://www.iryou.teikyouseido.mhlw.go.jp/znk-web/juminkanja/S2430/initialize?prefCd=20&kikanCd=3206102130&kikanKbn=3", "url2": null, "内容": "砂田歯科医院【3:歯科】長野県大町市大町３１４０" }, "geometry": { "type": "Point", "coordinates": [ 137.859079, 36.501234 ] } },
{ "type": "Feature", "properties": { "ID": "2033206102260", "正式名称": "あづみ野歯科", "機関区分": 3, "都道府県コード": 20, "市区町村コード": 482, "所在地": "長野県北安曇郡松川村松川村一円７００２", "緯度": 36.417855, "経度": 137.85836, "url": "https://www.iryou.teikyouseido.mhlw.go.jp/znk-web/juminkanja/S2430/initialize?prefCd=20&kikanCd=3206102260&kikanKbn=3", "url2": null, "内容": "あづみ野歯科【3:歯科】長野県北安曇郡松川村松川村一円７００２" }, "geometry": { "type": "Point", "coordinates": [ 137.85836, 36.417855 ] } },
{ "type": "Feature", "properties": { "ID": "2033206102420", "正式名称": "いとう歯科医院", "機関区分": 3, "都道府県コード": 20, "市区町村コード": 482, "所在地": "長野県北安曇郡松川村松川村一円２５２－１", "緯度": 36.420716, "経度": 137.851582, "url": "https://www.iryou.teikyouseido.mhlw.go.jp/znk-web/juminkanja/S2430/initialize?prefCd=20&kikanCd=3206102420&kikanKbn=3", "url2": null, "内容": "いとう歯科医院【3:歯科】長野県北安曇郡松川村松川村一円２５２－１" }, "geometry": { "type": "Point", "coordinates": [ 137.851582, 36.420716 ] } },
{ "type": "Feature", "properties": { "ID": "2033206102550", "正式名称": "師岡歯科", "機関区分": 3, "都道府県コード": 20, "市区町村コード": 481, "所在地": "長野県北安曇郡池田町会染", "緯度": 36.398497, "経度": 137.891357, "url": "https://www.iryou.teikyouseido.mhlw.go.jp/znk-web/juminkanja/S2430/initialize?prefCd=20&kikanCd=3206102550&kikanKbn=3", "url2": null, "内容": "師岡歯科【3:歯科】長野県北安曇郡池田町会染" }, "geometry": { "type": "Point", "coordinates": [ 137.891357, 36.398497 ] } },
{ "type": "Feature", "properties": { "ID": "2033206102680", "正式名称": "岡江歯科医院", "機関区分": 3, "都道府県コード": 20, "市区町村コード": 482, "所在地": "長野県北安曇郡松川村５７２３－６", "緯度": 36.424076, "経度": 137.854387, "url": "https://www.iryou.teikyouseido.mhlw.go.jp/znk-web/juminkanja/S2430/initialize?prefCd=20&kikanCd=3206102680&kikanKbn=3", "url2": null, "内容": "岡江歯科医院【3:歯科】長野県北安曇郡松川村５７２３－６" }, "geometry": { "type": "Point", "coordinates": [ 137.854387, 36.424076 ] } },
{ "type": "Feature", "properties": { "ID": "2033206102710", "正式名称": "佐藤歯科医院", "機関区分": 3, "都道府県コード": 20, "市区町村コード": 212, "所在地": "長野県大町市大町１４７７－８", "緯度": 36.514899, "経度": 137.857939, "url": "https://www.iryou.teikyouseido.mhlw.go.jp/znk-web/juminkanja/S2430/initialize?prefCd=20&kikanCd=3206102710&kikanKbn=3", "url2": "http://www.satodental1989.com/", "内容": "佐藤歯科医院【3:歯科】長野県大町市大町１４７７－８" }, "geometry": { "type": "Point", "coordinates": [ 137.857939, 36.514899 ] } },
{ "type": "Feature", "properties": { "ID": "2033206102970", "正式名称": "横澤歯科医院", "機関区分": 3, "都道府県コード": 20, "市区町村コード": 212, "所在地": "長野県大町市大町４１７９－３", "緯度": 36.508317, "経度": 137.854995, "url": "https://www.iryou.teikyouseido.mhlw.go.jp/znk-web/juminkanja/S2430/initialize?prefCd=20&kikanCd=3206102970&kikanKbn=3", "url2": "https://www.dental-iiha.com/d0017330.html", "内容": "横澤歯科医院【3:歯科】長野県大町市大町４１７９－３" }, "geometry": { "type": "Point", "coordinates": [ 137.854995, 36.508317 ] } },
{ "type": "Feature", "properties": { "ID": "2033206103010", "正式名称": "小田切歯科医院", "機関区分": 3, "都道府県コード": 20, "市区町村コード": 481, "所在地": "長野県北安曇郡池田町大字池田", "緯度": 36.417494, "経度": 137.878525, "url": "https://www.iryou.teikyouseido.mhlw.go.jp/znk-web/juminkanja/S2430/initialize?prefCd=20&kikanCd=3206103010&kikanKbn=3", "url2": null, "内容": "小田切歯科医院【3:歯科】長野県北安曇郡池田町大字池田" }, "geometry": { "type": "Point", "coordinates": [ 137.878525, 36.417494 ] } },
{ "type": "Feature", "properties": { "ID": "2033206103300", "正式名称": "武田歯科医院", "機関区分": 3, "都道府県コード": 20, "市区町村コード": 485, "所在地": "長野県北安曇郡白馬村北城１２８８－１０", "緯度": 36.68899, "経度": 137.858016, "url": "https://www.iryou.teikyouseido.mhlw.go.jp/znk-web/juminkanja/S2430/initialize?prefCd=20&kikanCd=3206103300&kikanKbn=3", "url2": null, "内容": "武田歯科医院【3:歯科】長野県北安曇郡白馬村北城１２８８－１０" }, "geometry": { "type": "Point", "coordinates": [ 137.858016, 36.68899 ] } },
{ "type": "Feature", "properties": { "ID": "2033206103430", "正式名称": "グリーン歯科クリニック", "機関区分": 3, "都道府県コード": 20, "市区町村コード": 212, "所在地": "長野県大町市大町４００３－１４", "緯度": 36.504706, "経度": 137.855134, "url": "https://www.iryou.teikyouseido.mhlw.go.jp/znk-web/juminkanja/S2430/initialize?prefCd=20&kikanCd=3206103430&kikanKbn=3", "url2": null, "内容": "グリーン歯科クリニック【3:歯科】長野県大町市大町４００３－１４" }, "geometry": { "type": "Point", "coordinates": [ 137.855134, 36.504706 ] } },
{ "type": "Feature", "properties": { "ID": "2033206103560", "正式名称": "いいざわ歯科医院", "機関区分": 3, "都道府県コード": 20, "市区町村コード": 212, "所在地": "長野県大町市大町１９０４－１０", "緯度": 36.520593, "経度": 137.850662, "url": "https://www.iryou.teikyouseido.mhlw.go.jp/znk-web/juminkanja/S2430/initialize?prefCd=20&kikanCd=3206103560&kikanKbn=3", "url2": null, "内容": "いいざわ歯科医院【3:歯科】長野県大町市大町１９０４－１０" }, "geometry": { "type": "Point", "coordinates": [ 137.850662, 36.520593 ] } },
{ "type": "Feature", "properties": { "ID": "2033206103690", "正式名称": "柏原歯科医院", "機関区分": 3, "都道府県コード": 20, "市区町村コード": 485, "所在地": "長野県北安曇郡白馬村北城２２３４−２１", "緯度": 36.694018, "経度": 137.860793, "url": "https://www.iryou.teikyouseido.mhlw.go.jp/znk-web/juminkanja/S2430/initialize?prefCd=20&kikanCd=3206103690&kikanKbn=3", "url2": null, "内容": "柏原歯科医院【3:歯科】長野県北安曇郡白馬村北城２２３４−２１" }, "geometry": { "type": "Point", "coordinates": [ 137.860793, 36.694018 ] } },
{ "type": "Feature", "properties": { "ID": "2033206103720", "正式名称": "丸山歯科クリニック", "機関区分": 3, "都道府県コード": 20, "市区町村コード": 482, "所在地": "長野県北安曇郡松川村７０１８", "緯度": 36.423021, "経度": 137.857248, "url": "https://www.iryou.teikyouseido.mhlw.go.jp/znk-web/juminkanja/S2430/initialize?prefCd=20&kikanCd=3206103720&kikanKbn=3", "url2": null, "内容": "丸山歯科クリニック【3:歯科】長野県北安曇郡松川村７０１８" }, "geometry": { "type": "Point", "coordinates": [ 137.857248, 36.423021 ] } },
{ "type": "Feature", "properties": { "ID": "2033206103850", "正式名称": "きらり歯科医院", "機関区分": 3, "都道府県コード": 20, "市区町村コード": 482, "所在地": "長野県北安曇郡松川村松川村５６８９－３４９", "緯度": 36.412106, "経度": 137.862387, "url": "https://www.iryou.teikyouseido.mhlw.go.jp/znk-web/juminkanja/S2430/initialize?prefCd=20&kikanCd=3206103850&kikanKbn=3", "url2": null, "内容": "きらり歯科医院【3:歯科】長野県北安曇郡松川村松川村５６８９－３４９" }, "geometry": { "type": "Point", "coordinates": [ 137.862387, 36.412106 ] } },
{ "type": "Feature", "properties": { "ID": "2033206103980", "正式名称": "小谷歯科医院", "機関区分": 3, "都道府県コード": 20, "市区町村コード": 486, "所在地": "長野県北安曇郡小谷村中小谷丙２５２０－１", "緯度": 36.796757, "経度": 137.911895, "url": "https://www.iryou.teikyouseido.mhlw.go.jp/znk-web/juminkanja/S2430/initialize?prefCd=20&kikanCd=3206103980&kikanKbn=3", "url2": null, "内容": "小谷歯科医院【3:歯科】長野県北安曇郡小谷村中小谷丙２５２０－１" }, "geometry": { "type": "Point", "coordinates": [ 137.911895, 36.796757 ] } },
{ "type": "Feature", "properties": { "ID": "2033206104150", "正式名称": "にこにこデンタルクリニック", "機関区分": 3, "都道府県コード": 20, "市区町村コード": 212, "所在地": "長野県大町市常盤３５８７－１", "緯度": 36.473432, "経度": 137.843498, "url": "https://www.iryou.teikyouseido.mhlw.go.jp/znk-web/juminkanja/S2430/initialize?prefCd=20&kikanCd=3206104150&kikanKbn=3", "url2": "https://www.nikonikodental.com/", "内容": "にこにこデンタルクリニック【3:歯科】長野県大町市常盤３５８７－１" }, "geometry": { "type": "Point", "coordinates": [ 137.843498, 36.473432 ] } },
{ "type": "Feature", "properties": { "ID": "2033206200690", "正式名称": "柳澤歯科医院", "機関区分": 3, "都道府県コード": 20, "市区町村コード": 201, "所在地": "長野県長野市篠ノ井布施高田１０３６－１", "緯度": 36.580399, "経度": 138.140967, "url": "https://www.iryou.teikyouseido.mhlw.go.jp/znk-web/juminkanja/S2430/initialize?prefCd=20&kikanCd=3206200690&kikanKbn=3", "url2": null, "内容": "柳澤歯科医院【3:歯科】長野県長野市篠ノ井布施高田１０３６－１" }, "geometry": { "type": "Point", "coordinates": [ 138.140967, 36.580399 ] } },
{ "type": "Feature", "properties": { "ID": "2033206201020", "正式名称": "吉澤歯科医院", "機関区分": 3, "都道府県コード": 20, "市区町村コード": 201, "所在地": "長野県長野市川中島町御厨７０１", "緯度": 36.593648, "経度": 138.161493, "url": "https://www.iryou.teikyouseido.mhlw.go.jp/znk-web/juminkanja/S2430/initialize?prefCd=20&kikanCd=3206201020&kikanKbn=3", "url2": null, "内容": "吉澤歯科医院【3:歯科】長野県長野市川中島町御厨７０１" }, "geometry": { "type": "Point", "coordinates": [ 138.161493, 36.593648 ] } },
{ "type": "Feature", "properties": { "ID": "2033206201280", "正式名称": "倉崎歯科医院", "機関区分": 3, "都道府県コード": 20, "市区町村コード": 201, "所在地": "長野県長野市小島田町１０５１－５", "緯度": 36.595065, "経度": 138.181491, "url": "https://www.iryou.teikyouseido.mhlw.go.jp/znk-web/juminkanja/S2430/initialize?prefCd=20&kikanCd=3206201280&kikanKbn=3", "url2": null, "内容": "倉崎歯科医院【3:歯科】長野県長野市小島田町１０５１－５" }, "geometry": { "type": "Point", "coordinates": [ 138.181491, 36.595065 ] } },
{ "type": "Feature", "properties": { "ID": "2033206201440", "正式名称": "島田歯科医院", "機関区分": 3, "都道府県コード": 20, "市区町村コード": 201, "所在地": "長野県長野市川中島町原１２６２−１", "緯度": 36.589176, "経度": 138.154688, "url": "https://www.iryou.teikyouseido.mhlw.go.jp/znk-web/juminkanja/S2430/initialize?prefCd=20&kikanCd=3206201440&kikanKbn=3", "url2": null, "内容": "島田歯科医院【3:歯科】長野県長野市川中島町原１２６２−１" }, "geometry": { "type": "Point", "coordinates": [ 138.154688, 36.589176 ] } },
{ "type": "Feature", "properties": { "ID": "2033206201570", "正式名称": "草深歯科医院", "機関区分": 3, "都道府県コード": 20, "市区町村コード": 201, "所在地": "長野県長野市稲里町中氷鉋６６４－２", "緯度": 36.608341, "経度": 138.169686, "url": "https://www.iryou.teikyouseido.mhlw.go.jp/znk-web/juminkanja/S2430/initialize?prefCd=20&kikanCd=3206201570&kikanKbn=3", "url2": null, "内容": "草深歯科医院【3:歯科】長野県長野市稲里町中氷鉋６６４－２" }, "geometry": { "type": "Point", "coordinates": [ 138.169686, 36.608341 ] } },
{ "type": "Feature", "properties": { "ID": "2033206201600", "正式名称": "医療法人　優愛会　廣岡歯科医院", "機関区分": 3, "都道府県コード": 20, "市区町村コード": 201, "所在地": "長野県長野市青木島町大塚大北１４１２－２", "緯度": 36.614452, "経度": 138.184823, "url": "https://www.iryou.teikyouseido.mhlw.go.jp/znk-web/juminkanja/S2430/initialize?prefCd=20&kikanCd=3206201600&kikanKbn=3", "url2": null, "内容": "医療法人　優愛会　廣岡歯科医院【3:歯科】長野県長野市青木島町大塚大北１４１２－２" }, "geometry": { "type": "Point", "coordinates": [ 138.184823, 36.614452 ] } },
{ "type": "Feature", "properties": { "ID": "2033206201990", "正式名称": "こやま歯科医院", "機関区分": 3, "都道府県コード": 20, "市区町村コード": 201, "所在地": "長野県長野市川中島町今井１６６３－８", "緯度": 36.595037, "経度": 138.151771, "url": "https://www.iryou.teikyouseido.mhlw.go.jp/znk-web/juminkanja/S2430/initialize?prefCd=20&kikanCd=3206201990&kikanKbn=3", "url2": "http://www.koyama-sikaiin.jp/", "内容": "こやま歯科医院【3:歯科】長野県長野市川中島町今井１６６３－８" }, "geometry": { "type": "Point", "coordinates": [ 138.151771, 36.595037 ] } },
{ "type": "Feature", "properties": { "ID": "2033206202030", "正式名称": "青木歯科医院", "機関区分": 3, "都道府県コード": 20, "市区町村コード": 201, "所在地": "長野県長野市篠ノ井布施高田８８６", "緯度": 36.579538, "経度": 138.141023, "url": "https://www.iryou.teikyouseido.mhlw.go.jp/znk-web/juminkanja/S2430/initialize?prefCd=20&kikanCd=3206202030&kikanKbn=3", "url2": null, "内容": "青木歯科医院【3:歯科】長野県長野市篠ノ井布施高田８８６" }, "geometry": { "type": "Point", "coordinates": [ 138.141023, 36.579538 ] } },
{ "type": "Feature", "properties": { "ID": "2033206202160", "正式名称": "大西歯科医院", "機関区分": 3, "都道府県コード": 20, "市区町村コード": 201, "所在地": "長野県長野市篠ノ井布施五明４４０－１", "緯度": 36.575872, "経度": 138.130579, "url": "https://www.iryou.teikyouseido.mhlw.go.jp/znk-web/juminkanja/S2430/initialize?prefCd=20&kikanCd=3206202160&kikanKbn=3", "url2": null, "内容": "大西歯科医院【3:歯科】長野県長野市篠ノ井布施五明４４０－１" }, "geometry": { "type": "Point", "coordinates": [ 138.130579, 36.575872 ] } },
{ "type": "Feature", "properties": { "ID": "2033206202320", "正式名称": "宮本歯科医院", "機関区分": 3, "都道府県コード": 20, "市区町村コード": 201, "所在地": "長野県長野市川中島町上氷鉋３９２−１", "緯度": 36.61134, "経度": 138.153243, "url": "https://www.iryou.teikyouseido.mhlw.go.jp/znk-web/juminkanja/S2430/initialize?prefCd=20&kikanCd=3206202320&kikanKbn=3", "url2": null, "内容": "宮本歯科医院【3:歯科】長野県長野市川中島町上氷鉋３９２−１" }, "geometry": { "type": "Point", "coordinates": [ 138.153243, 36.61134 ] } },
{ "type": "Feature", "properties": { "ID": "2033206202580", "正式名称": "医療法人　山崎歯科医院", "機関区分": 3, "都道府県コード": 20, "市区町村コード": 201, "所在地": "長野県長野市篠ノ井塩崎", "緯度": 36.552652, "経度": 138.110999, "url": "https://www.iryou.teikyouseido.mhlw.go.jp/znk-web/juminkanja/S2430/initialize?prefCd=20&kikanCd=3206202580&kikanKbn=3", "url2": null, "内容": "医療法人　山崎歯科医院【3:歯科】長野県長野市篠ノ井塩崎" }, "geometry": { "type": "Point", "coordinates": [ 138.110999, 36.552652 ] } },
{ "type": "Feature", "properties": { "ID": "2033206202740", "正式名称": "長野市国民健康保険大岡歯科診療所", "機関区分": 3, "都道府県コード": 20, "市区町村コード": 201, "所在地": "長野県長野市大岡甲４４３８−１", "緯度": 36.535122, "経度": 137.965346, "url": "https://www.iryou.teikyouseido.mhlw.go.jp/znk-web/juminkanja/S2430/initialize?prefCd=20&kikanCd=3206202740&kikanKbn=3", "url2": null, "内容": "長野市国民健康保険大岡歯科診療所【3:歯科】長野県長野市大岡甲４４３８−１" }, "geometry": { "type": "Point", "coordinates": [ 137.965346, 36.535122 ] } },
{ "type": "Feature", "properties": { "ID": "2033206202900", "正式名称": "医療法人　アイ歯科クリニック", "機関区分": 3, "都道府県コード": 20, "市区町村コード": 201, "所在地": "長野県長野市篠ノ井会６７０−１８", "緯度": 36.575678, "経度": 138.150606, "url": "https://www.iryou.teikyouseido.mhlw.go.jp/znk-web/juminkanja/S2430/initialize?prefCd=20&kikanCd=3206202900&kikanKbn=3", "url2": "http://www.aisika-clinic.com/", "内容": "医療法人　アイ歯科クリニック【3:歯科】長野県長野市篠ノ井会６７０−１８" }, "geometry": { "type": "Point", "coordinates": [ 138.150606, 36.575678 ] } },
{ "type": "Feature", "properties": { "ID": "2033206203040", "正式名称": "山岸歯科医院", "機関区分": 3, "都道府県コード": 20, "市区町村コード": 201, "所在地": "長野県長野市篠ノ井会２３４－３", "緯度": 36.57565, "経度": 138.148467, "url": "https://www.iryou.teikyouseido.mhlw.go.jp/znk-web/juminkanja/S2430/initialize?prefCd=20&kikanCd=3206203040&kikanKbn=3", "url2": "http://ydc8020.com/", "内容": "山岸歯科医院【3:歯科】長野県長野市篠ノ井会２３４－３" }, "geometry": { "type": "Point", "coordinates": [ 138.148467, 36.57565 ] } },
{ "type": "Feature", "properties": { "ID": "2033206203330", "正式名称": "東福寺歯科クリニック", "機関区分": 3, "都道府県コード": 20, "市区町村コード": 201, "所在地": "長野県長野市篠ノ井布施高田９３８番地２", "緯度": 36.57901, "経度": 138.139884, "url": "https://www.iryou.teikyouseido.mhlw.go.jp/znk-web/juminkanja/S2430/initialize?prefCd=20&kikanCd=3206203330&kikanKbn=3", "url2": "http://www.toufukuji-dc.com/", "内容": "東福寺歯科クリニック【3:歯科】長野県長野市篠ノ井布施高田９３８番地２" }, "geometry": { "type": "Point", "coordinates": [ 138.139884, 36.57901 ] } },
{ "type": "Feature", "properties": { "ID": "2033206203460", "正式名称": "医療法人　宇野会　しなの歯科クリニック", "機関区分": 3, "都道府県コード": 20, "市区町村コード": 201, "所在地": "長野県長野市稲里町田牧６４７番地１", "緯度": 36.595454, "経度": 138.168687, "url": "https://www.iryou.teikyouseido.mhlw.go.jp/znk-web/juminkanja/S2430/initialize?prefCd=20&kikanCd=3206203460&kikanKbn=3", "url2": "http://www.shinano-dental.jp", "内容": "医療法人　宇野会　しなの歯科クリニック【3:歯科】長野県長野市稲里町田牧６４７番地１" }, "geometry": { "type": "Point", "coordinates": [ 138.168687, 36.595454 ] } },
{ "type": "Feature", "properties": { "ID": "2033206203620", "正式名称": "中澤歯科", "機関区分": 3, "都道府県コード": 20, "市区町村コード": 201, "所在地": "長野県長野市三本柳西３－３６", "緯度": 36.614729, "経度": 138.164658, "url": "https://www.iryou.teikyouseido.mhlw.go.jp/znk-web/juminkanja/S2430/initialize?prefCd=20&kikanCd=3206203620&kikanKbn=3", "url2": null, "内容": "中澤歯科【3:歯科】長野県長野市三本柳西３－３６" }, "geometry": { "type": "Point", "coordinates": [ 138.164658, 36.614729 ] } },
{ "type": "Feature", "properties": { "ID": "2033206203750", "正式名称": "三本柳青木歯科", "機関区分": 3, "都道府県コード": 20, "市区町村コード": 201, "所在地": "長野県長野市丹波島１−８１１", "緯度": 36.616951, "経度": 138.168324, "url": "https://www.iryou.teikyouseido.mhlw.go.jp/znk-web/juminkanja/S2430/initialize?prefCd=20&kikanCd=3206203750&kikanKbn=3", "url2": null, "内容": "三本柳青木歯科【3:歯科】長野県長野市丹波島１−８１１" }, "geometry": { "type": "Point", "coordinates": [ 138.168324, 36.616951 ] } },
{ "type": "Feature", "properties": { "ID": "2033206203880", "正式名称": "塩沢歯科医院", "機関区分": 3, "都道府県コード": 20, "市区町村コード": 201, "所在地": "長野県長野市合戦場１－９５", "緯度": 36.579539, "経度": 138.156855, "url": "https://www.iryou.teikyouseido.mhlw.go.jp/znk-web/juminkanja/S2430/initialize?prefCd=20&kikanCd=3206203880&kikanKbn=3", "url2": null, "内容": "塩沢歯科医院【3:歯科】長野県長野市合戦場１－９５" }, "geometry": { "type": "Point", "coordinates": [ 138.156855, 36.579539 ] } },
{ "type": "Feature", "properties": { "ID": "2033206203910", "正式名称": "みろく歯科クリニック", "機関区分": 3, "都道府県コード": 20, "市区町村コード": 201, "所在地": "長野県長野市篠ノ井塩崎", "緯度": 36.56429, "経度": 138.137385, "url": "https://www.iryou.teikyouseido.mhlw.go.jp/znk-web/juminkanja/S2430/initialize?prefCd=20&kikanCd=3206203910&kikanKbn=3", "url2": null, "内容": "みろく歯科クリニック【3:歯科】長野県長野市篠ノ井塩崎" }, "geometry": { "type": "Point", "coordinates": [ 138.137385, 36.56429 ] } },
{ "type": "Feature", "properties": { "ID": "2033206204050", "正式名称": "宮崎歯科医院", "機関区分": 3, "都道府県コード": 20, "市区町村コード": 201, "所在地": "長野県長野市篠ノ井御幣川２８８－１", "緯度": 36.569317, "経度": 138.14044, "url": "https://www.iryou.teikyouseido.mhlw.go.jp/znk-web/juminkanja/S2430/initialize?prefCd=20&kikanCd=3206204050&kikanKbn=3", "url2": null, "内容": "宮崎歯科医院【3:歯科】長野県長野市篠ノ井御幣川２８８－１" }, "geometry": { "type": "Point", "coordinates": [ 138.14044, 36.569317 ] } },
{ "type": "Feature", "properties": { "ID": "2033206204210", "正式名称": "やまざき歯科クリニック", "機関区分": 3, "都道府県コード": 20, "市区町村コード": 201, "所在地": "長野県長野市稲里町下氷鉋１６４−２", "緯度": 36.601925, "経度": 138.176047, "url": "https://www.iryou.teikyouseido.mhlw.go.jp/znk-web/juminkanja/S2430/initialize?prefCd=20&kikanCd=3206204210&kikanKbn=3", "url2": null, "内容": "やまざき歯科クリニック【3:歯科】長野県長野市稲里町下氷鉋１６４−２" }, "geometry": { "type": "Point", "coordinates": [ 138.176047, 36.601925 ] } },
{ "type": "Feature", "properties": { "ID": "2033206301210", "正式名称": "林歯科医院", "機関区分": 3, "都道府県コード": 20, "市区町村コード": 218, "所在地": "長野県千曲市上山田温泉１－３４－６", "緯度": 36.482383, "経度": 138.142777, "url": "https://www.iryou.teikyouseido.mhlw.go.jp/znk-web/juminkanja/S2430/initialize?prefCd=20&kikanCd=3206301210&kikanKbn=3", "url2": "hayashi.dental", "内容": "林歯科医院【3:歯科】長野県千曲市上山田温泉１－３４－６" }, "geometry": { "type": "Point", "coordinates": [ 138.142777, 36.482383 ] } },
{ "type": "Feature", "properties": { "ID": "2033206301340", "正式名称": "小宮山歯科医院", "機関区分": 3, "都道府県コード": 20, "市区町村コード": 521, "所在地": "長野県埴科郡坂城町坂城６３８５", "緯度": 36.465886, "経度": 138.183579, "url": "https://www.iryou.teikyouseido.mhlw.go.jp/znk-web/juminkanja/S2430/initialize?prefCd=20&kikanCd=3206301340&kikanKbn=3", "url2": null, "内容": "小宮山歯科医院【3:歯科】長野県埴科郡坂城町坂城６３８５" }, "geometry": { "type": "Point", "coordinates": [ 138.183579, 36.465886 ] } },
{ "type": "Feature", "properties": { "ID": "2033206301500", "正式名称": "近藤歯科医院", "機関区分": 3, "都道府県コード": 20, "市区町村コード": 521, "所在地": "長野県埴科郡坂城町中之条１１０４", "緯度": 36.446166, "経度": 138.192302, "url": "https://www.iryou.teikyouseido.mhlw.go.jp/znk-web/juminkanja/S2430/initialize?prefCd=20&kikanCd=3206301500&kikanKbn=3", "url2": null, "内容": "近藤歯科医院【3:歯科】長野県埴科郡坂城町中之条１１０４" }, "geometry": { "type": "Point", "coordinates": [ 138.192302, 36.446166 ] } },
{ "type": "Feature", "properties": { "ID": "2033206301630", "正式名称": "医療法人　大村歯科医院", "機関区分": 3, "都道府県コード": 20, "市区町村コード": 218, "所在地": "長野県千曲市戸倉１６９７", "緯度": 36.483688, "経度": 138.150415, "url": "https://www.iryou.teikyouseido.mhlw.go.jp/znk-web/juminkanja/S2430/initialize?prefCd=20&kikanCd=3206301630&kikanKbn=3", "url2": null, "内容": "医療法人　大村歯科医院【3:歯科】長野県千曲市戸倉１６９７" }, "geometry": { "type": "Point", "coordinates": [ 138.150415, 36.483688 ] } },
{ "type": "Feature", "properties": { "ID": "2033206302190", "正式名称": "竹内歯科医院", "機関区分": 3, "都道府県コード": 20, "市区町村コード": 218, "所在地": "長野県千曲市大字屋代３０９番地１", "緯度": 36.535515, "経度": 138.135664, "url": "https://www.iryou.teikyouseido.mhlw.go.jp/znk-web/juminkanja/S2430/initialize?prefCd=20&kikanCd=3206302190&kikanKbn=3", "url2": "http://takeuchi-shika.cihp2.jp/", "内容": "竹内歯科医院【3:歯科】長野県千曲市大字屋代３０９番地１" }, "geometry": { "type": "Point", "coordinates": [ 138.135664, 36.535515 ] } },
{ "type": "Feature", "properties": { "ID": "2033206302220", "正式名称": "滝沢歯科医院", "機関区分": 3, "都道府県コード": 20, "市区町村コード": 218, "所在地": "長野県千曲市磯部９９２－５", "緯度": 36.480883, "経度": 138.152581, "url": "https://www.iryou.teikyouseido.mhlw.go.jp/znk-web/juminkanja/S2430/initialize?prefCd=20&kikanCd=3206302220&kikanKbn=3", "url2": null, "内容": "滝沢歯科医院【3:歯科】長野県千曲市磯部９９２－５" }, "geometry": { "type": "Point", "coordinates": [ 138.152581, 36.480883 ] } },
{ "type": "Feature", "properties": { "ID": "2033206302770", "正式名称": "宮坂歯科医院", "機関区分": 3, "都道府県コード": 20, "市区町村コード": 218, "所在地": "長野県千曲市小島３１５０", "緯度": 36.532265, "経度": 138.126415, "url": "https://www.iryou.teikyouseido.mhlw.go.jp/znk-web/juminkanja/S2430/initialize?prefCd=20&kikanCd=3206302770&kikanKbn=3", "url2": null, "内容": "宮坂歯科医院【3:歯科】長野県千曲市小島３１５０" }, "geometry": { "type": "Point", "coordinates": [ 138.126415, 36.532265 ] } },
{ "type": "Feature", "properties": { "ID": "2033206302800", "正式名称": "医療法人宮本会宮本歯科医院", "機関区分": 3, "都道府県コード": 20, "市区町村コード": 218, "所在地": "長野県千曲市戸倉１９２３－１", "緯度": 36.490715, "経度": 138.148859, "url": "https://www.iryou.teikyouseido.mhlw.go.jp/znk-web/juminkanja/S2430/initialize?prefCd=20&kikanCd=3206302800&kikanKbn=3", "url2": "https://www.miyamoto-dentalclinic.com", "内容": "医療法人宮本会宮本歯科医院【3:歯科】長野県千曲市戸倉１９２３－１" }, "geometry": { "type": "Point", "coordinates": [ 138.148859, 36.490715 ] } },
{ "type": "Feature", "properties": { "ID": "2033206303100", "正式名称": "宮原歯科医院", "機関区分": 3, "都道府県コード": 20, "市区町村コード": 521, "所在地": "長野県埴科郡坂城町大字網掛３１６８－１", "緯度": 36.448276, "経度": 138.169276, "url": "https://www.iryou.teikyouseido.mhlw.go.jp/znk-web/juminkanja/S2430/initialize?prefCd=20&kikanCd=3206303100&kikanKbn=3", "url2": null, "内容": "宮原歯科医院【3:歯科】長野県埴科郡坂城町大字網掛３１６８－１" }, "geometry": { "type": "Point", "coordinates": [ 138.169276, 36.448276 ] } },
{ "type": "Feature", "properties": { "ID": "2033206303360", "正式名称": "柳沢歯科医院", "機関区分": 3, "都道府県コード": 20, "市区町村コード": 218, "所在地": "長野県千曲市稲荷山６２５－１２", "緯度": 36.538681, "経度": 138.106222, "url": "https://www.iryou.teikyouseido.mhlw.go.jp/znk-web/juminkanja/S2430/initialize?prefCd=20&kikanCd=3206303360&kikanKbn=3", "url2": null, "内容": "柳沢歯科医院【3:歯科】長野県千曲市稲荷山６２５－１２" }, "geometry": { "type": "Point", "coordinates": [ 138.106222, 36.538681 ] } },
{ "type": "Feature", "properties": { "ID": "2033206303520", "正式名称": "医療法人　青木歯科医院", "機関区分": 3, "都道府県コード": 20, "市区町村コード": 218, "所在地": "長野県千曲市八幡３００４－２２", "緯度": 36.519627, "経度": 138.104334, "url": "https://www.iryou.teikyouseido.mhlw.go.jp/znk-web/juminkanja/S2430/initialize?prefCd=20&kikanCd=3206303520&kikanKbn=3", "url2": null, "内容": "医療法人　青木歯科医院【3:歯科】長野県千曲市八幡３００４－２２" }, "geometry": { "type": "Point", "coordinates": [ 138.104334, 36.519627 ] } },
{ "type": "Feature", "properties": { "ID": "2033206303650", "正式名称": "医療法人武井会　たけい歯科クリニック", "機関区分": 3, "都道府県コード": 20, "市区町村コード": 218, "所在地": "長野県千曲市鋳物師屋４８９－５", "緯度": 36.52185, "経度": 138.12286, "url": "https://www.iryou.teikyouseido.mhlw.go.jp/znk-web/juminkanja/S2430/initialize?prefCd=20&kikanCd=3206303650&kikanKbn=3", "url2": "http://www.takeiclinic.jp/", "内容": "医療法人武井会　たけい歯科クリニック【3:歯科】長野県千曲市鋳物師屋４８９－５" }, "geometry": { "type": "Point", "coordinates": [ 138.12286, 36.52185 ] } },
{ "type": "Feature", "properties": { "ID": "2033206400230", "正式名称": "矢島歯科医院", "機関区分": 3, "都道府県コード": 20, "市区町村コード": 207, "所在地": "長野県須坂市横町２８７", "緯度": 36.655645, "経度": 138.312449, "url": "https://www.iryou.teikyouseido.mhlw.go.jp/znk-web/juminkanja/S2430/initialize?prefCd=20&kikanCd=3206400230&kikanKbn=3", "url2": "http://www.yajimashika.com/", "内容": "矢島歯科医院【3:歯科】長野県須坂市横町２８７" }, "geometry": { "type": "Point", "coordinates": [ 138.312449, 36.655645 ] } },
{ "type": "Feature", "properties": { "ID": "2033206400360", "正式名称": "高野歯科医院", "機関区分": 3, "都道府県コード": 20, "市区町村コード": 207, "所在地": "長野県須坂市春木町１１０７", "緯度": 36.658112, "経度": 138.309837, "url": "https://www.iryou.teikyouseido.mhlw.go.jp/znk-web/juminkanja/S2430/initialize?prefCd=20&kikanCd=3206400360&kikanKbn=3", "url2": null, "内容": "高野歯科医院【3:歯科】長野県須坂市春木町１１０７" }, "geometry": { "type": "Point", "coordinates": [ 138.309837, 36.658112 ] } },
{ "type": "Feature", "properties": { "ID": "2033206400520", "正式名称": "橋本歯科医院", "機関区分": 3, "都道府県コード": 20, "市区町村コード": 207, "所在地": "長野県須坂市北原町５５５", "緯度": 36.64884, "経度": 138.312088, "url": "https://www.iryou.teikyouseido.mhlw.go.jp/znk-web/juminkanja/S2430/initialize?prefCd=20&kikanCd=3206400520&kikanKbn=3", "url2": null, "内容": "橋本歯科医院【3:歯科】長野県須坂市北原町５５５" }, "geometry": { "type": "Point", "coordinates": [ 138.312088, 36.64884 ] } },
{ "type": "Feature", "properties": { "ID": "2033206400650", "正式名称": "医療法人小野澤歯科医院", "機関区分": 3, "都道府県コード": 20, "市区町村コード": 207, "所在地": "長野県須坂市馬場町１０５３", "緯度": 36.656756, "経度": 138.310033, "url": "https://www.iryou.teikyouseido.mhlw.go.jp/znk-web/juminkanja/S2430/initialize?prefCd=20&kikanCd=3206400650&kikanKbn=3", "url2": null, "内容": "医療法人小野澤歯科医院【3:歯科】長野県須坂市馬場町１０５３" }, "geometry": { "type": "Point", "coordinates": [ 138.310033, 36.656756 ] } },
{ "type": "Feature", "properties": { "ID": "2033206401080", "正式名称": "山口歯科医院", "機関区分": 3, "都道府県コード": 20, "市区町村コード": 207, "所在地": "長野県須坂市須坂１２４１－１４", "緯度": 36.657339, "経度": 138.308061, "url": "https://www.iryou.teikyouseido.mhlw.go.jp/znk-web/juminkanja/S2430/initialize?prefCd=20&kikanCd=3206401080&kikanKbn=3", "url2": "http://www.yamaguchishikaiinn.com", "内容": "山口歯科医院【3:歯科】長野県須坂市須坂１２４１－１４" }, "geometry": { "type": "Point", "coordinates": [ 138.308061, 36.657339 ] } },
{ "type": "Feature", "properties": { "ID": "2033206401240", "正式名称": "遠藤歯科医院", "機関区分": 3, "都道府県コード": 20, "市区町村コード": 207, "所在地": "長野県須坂市臥竜１－５－１６", "緯度": 36.647174, "経度": 138.312783, "url": "https://www.iryou.teikyouseido.mhlw.go.jp/znk-web/juminkanja/S2430/initialize?prefCd=20&kikanCd=3206401240&kikanKbn=3", "url2": "https://haisha-yoyaku.jp/bun2sdental/detail/index/id/2030730200/", "内容": "遠藤歯科医院【3:歯科】長野県須坂市臥竜１－５－１６" }, "geometry": { "type": "Point", "coordinates": [ 138.312783, 36.647174 ] } },
{ "type": "Feature", "properties": { "ID": "2033206401370", "正式名称": "最上歯科医院", "機関区分": 3, "都道府県コード": 20, "市区町村コード": 207, "所在地": "長野県須坂市北横町１２８２－３", "緯度": 36.657506, "経度": 138.30345, "url": "https://www.iryou.teikyouseido.mhlw.go.jp/znk-web/juminkanja/S2430/initialize?prefCd=20&kikanCd=3206401370&kikanKbn=3", "url2": null, "内容": "最上歯科医院【3:歯科】長野県須坂市北横町１２８２－３" }, "geometry": { "type": "Point", "coordinates": [ 138.30345, 36.657506 ] } },
{ "type": "Feature", "properties": { "ID": "2033206401820", "正式名称": "望月歯科医院", "機関区分": 3, "都道府県コード": 20, "市区町村コード": 207, "所在地": "長野県須坂市墨坂南２－２０－１５", "緯度": 36.645451, "経度": 138.297895, "url": "https://www.iryou.teikyouseido.mhlw.go.jp/znk-web/juminkanja/S2430/initialize?prefCd=20&kikanCd=3206401820&kikanKbn=3", "url2": null, "内容": "望月歯科医院【3:歯科】長野県須坂市墨坂南２－２０－１５" }, "geometry": { "type": "Point", "coordinates": [ 138.297895, 36.645451 ] } },
{ "type": "Feature", "properties": { "ID": "2033206401950", "正式名称": "江口歯科医院", "機関区分": 3, "都道府県コード": 20, "市区町村コード": 207, "所在地": "長野県須坂市須坂９２０－１３", "緯度": 36.660061, "経度": 138.314504, "url": "https://www.iryou.teikyouseido.mhlw.go.jp/znk-web/juminkanja/S2430/initialize?prefCd=20&kikanCd=3206401950&kikanKbn=3", "url2": null, "内容": "江口歯科医院【3:歯科】長野県須坂市須坂９２０－１３" }, "geometry": { "type": "Point", "coordinates": [ 138.314504, 36.660061 ] } },
{ "type": "Feature", "properties": { "ID": "2033206402250", "正式名称": "三田歯科医院", "機関区分": 3, "都道府県コード": 20, "市区町村コード": 541, "所在地": "長野県上高井郡小布施町小布施９１７－６", "緯度": 36.691974, "経度": 138.31392, "url": "https://www.iryou.teikyouseido.mhlw.go.jp/znk-web/juminkanja/S2430/initialize?prefCd=20&kikanCd=3206402250&kikanKbn=3", "url2": null, "内容": "三田歯科医院【3:歯科】長野県上高井郡小布施町小布施９１７－６" }, "geometry": { "type": "Point", "coordinates": [ 138.31392, 36.691974 ] } },
{ "type": "Feature", "properties": { "ID": "2033206402380", "正式名称": "浅沼歯科医院", "機関区分": 3, "都道府県コード": 20, "市区町村コード": 207, "所在地": "長野県須坂市幸高町２８３－１", "緯度": 36.639202, "経度": 138.285758, "url": "https://www.iryou.teikyouseido.mhlw.go.jp/znk-web/juminkanja/S2430/initialize?prefCd=20&kikanCd=3206402380&kikanKbn=3", "url2": null, "内容": "浅沼歯科医院【3:歯科】長野県須坂市幸高町２８３－１" }, "geometry": { "type": "Point", "coordinates": [ 138.285758, 36.639202 ] } },
{ "type": "Feature", "properties": { "ID": "2033206404560", "正式名称": "小林歯科医院", "機関区分": 3, "都道府県コード": 20, "市区町村コード": 207, "所在地": "長野県須坂市立町１４６４－５", "緯度": 36.65184, "経度": 138.3102, "url": "https://www.iryou.teikyouseido.mhlw.go.jp/znk-web/juminkanja/S2430/initialize?prefCd=20&kikanCd=3206404560&kikanKbn=3", "url2": null, "内容": "小林歯科医院【3:歯科】長野県須坂市立町１４６４－５" }, "geometry": { "type": "Point", "coordinates": [ 138.3102, 36.65184 ] } },
{ "type": "Feature", "properties": { "ID": "2033206500130", "正式名称": "吉岡歯科医院", "機関区分": 3, "都道府県コード": 20, "市区町村コード": 211, "所在地": "長野県中野市中野１６０３", "緯度": 36.747997, "経度": 138.373496, "url": "https://www.iryou.teikyouseido.mhlw.go.jp/znk-web/juminkanja/S2430/initialize?prefCd=20&kikanCd=3206500130&kikanKbn=3", "url2": null, "内容": "吉岡歯科医院【3:歯科】長野県中野市中野１６０３" }, "geometry": { "type": "Point", "coordinates": [ 138.373496, 36.747997 ] } },
{ "type": "Feature", "properties": { "ID": "2033206500260", "正式名称": "金山歯科医院", "機関区分": 3, "都道府県コード": 20, "市区町村コード": 211, "所在地": "長野県中野市中央４－３－１５", "緯度": 36.746053, "経度": 138.374996, "url": "https://www.iryou.teikyouseido.mhlw.go.jp/znk-web/juminkanja/S2430/initialize?prefCd=20&kikanCd=3206500260&kikanKbn=3", "url2": null, "内容": "金山歯科医院【3:歯科】長野県中野市中央４－３－１５" }, "geometry": { "type": "Point", "coordinates": [ 138.374996, 36.746053 ] } },
{ "type": "Feature", "properties": { "ID": "2033206500550", "正式名称": "古田歯科医院", "機関区分": 3, "都道府県コード": 20, "市区町村コード": 211, "所在地": "長野県中野市西１－５－６３", "緯度": 36.746164, "経度": 138.366635, "url": "https://www.iryou.teikyouseido.mhlw.go.jp/znk-web/juminkanja/S2430/initialize?prefCd=20&kikanCd=3206500550&kikanKbn=3", "url2": null, "内容": "古田歯科医院【3:歯科】長野県中野市西１－５－６３" }, "geometry": { "type": "Point", "coordinates": [ 138.366635, 36.746164 ] } },
{ "type": "Feature", "properties": { "ID": "2033206500840", "正式名称": "町田歯科医院", "機関区分": 3, "都道府県コード": 20, "市区町村コード": 211, "所在地": "長野県中野市大字岩船１６７－４", "緯度": 36.742633, "経度": 138.353214, "url": "https://www.iryou.teikyouseido.mhlw.go.jp/znk-web/juminkanja/S2430/initialize?prefCd=20&kikanCd=3206500840&kikanKbn=3", "url2": null, "内容": "町田歯科医院【3:歯科】長野県中野市大字岩船１６７－４" }, "geometry": { "type": "Point", "coordinates": [ 138.353214, 36.742633 ] } },
{ "type": "Feature", "properties": { "ID": "2033206501300", "正式名称": "富井歯科医院", "機関区分": 3, "都道府県コード": 20, "市区町村コード": 563, "所在地": "長野県下高井郡野沢温泉村豊郷４３７４－１", "緯度": 36.919312, "経度": 138.443566, "url": "https://www.iryou.teikyouseido.mhlw.go.jp/znk-web/juminkanja/S2430/initialize?prefCd=20&kikanCd=3206501300&kikanKbn=3", "url2": null, "内容": "富井歯科医院【3:歯科】長野県下高井郡野沢温泉村豊郷４３７４－１" }, "geometry": { "type": "Point", "coordinates": [ 138.443566, 36.919312 ] } },
{ "type": "Feature", "properties": { "ID": "2033206501430", "正式名称": "西条歯科医院", "機関区分": 3, "都道府県コード": 20, "市区町村コード": 211, "所在地": "長野県中野市西条８９３－２", "緯度": 36.741053, "経度": 138.367524, "url": "https://www.iryou.teikyouseido.mhlw.go.jp/znk-web/juminkanja/S2430/initialize?prefCd=20&kikanCd=3206501430&kikanKbn=3", "url2": null, "内容": "西条歯科医院【3:歯科】長野県中野市西条８９３－２" }, "geometry": { "type": "Point", "coordinates": [ 138.367524, 36.741053 ] } },
{ "type": "Feature", "properties": { "ID": "2033206501560", "正式名称": "古川歯科医院", "機関区分": 3, "都道府県コード": 20, "市区町村コード": 211, "所在地": "長野県中野市東山５－１", "緯度": 36.747858, "経度": 138.377773, "url": "https://www.iryou.teikyouseido.mhlw.go.jp/znk-web/juminkanja/S2430/initialize?prefCd=20&kikanCd=3206501560&kikanKbn=3", "url2": null, "内容": "古川歯科医院【3:歯科】長野県中野市東山５－１" }, "geometry": { "type": "Point", "coordinates": [ 138.377773, 36.747858 ] } },
{ "type": "Feature", "properties": { "ID": "2033206501690", "正式名称": "岩下歯科医院", "機関区分": 3, "都道府県コード": 20, "市区町村コード": 211, "所在地": "長野県中野市中野１７０３", "緯度": 36.746775, "経度": 138.361858, "url": "https://www.iryou.teikyouseido.mhlw.go.jp/znk-web/juminkanja/S2430/initialize?prefCd=20&kikanCd=3206501690&kikanKbn=3", "url2": null, "内容": "岩下歯科医院【3:歯科】長野県中野市中野１７０３" }, "geometry": { "type": "Point", "coordinates": [ 138.361858, 36.746775 ] } },
{ "type": "Feature", "properties": { "ID": "2033206501720", "正式名称": "畔上歯科医院", "機関区分": 3, "都道府県コード": 20, "市区町村コード": 211, "所在地": "長野県中野市中央１－６－１３", "緯度": 36.744942, "経度": 138.371385, "url": "https://www.iryou.teikyouseido.mhlw.go.jp/znk-web/juminkanja/S2430/initialize?prefCd=20&kikanCd=3206501720&kikanKbn=3", "url2": null, "内容": "畔上歯科医院【3:歯科】長野県中野市中央１－６－１３" }, "geometry": { "type": "Point", "coordinates": [ 138.371385, 36.744942 ] } },
{ "type": "Feature", "properties": { "ID": "2033206501980", "正式名称": "小山歯科医院", "機関区分": 3, "都道府県コード": 20, "市区町村コード": 561, "所在地": "長野県下高井郡山ノ内町平穏３０４１－１", "緯度": 36.740044, "経度": 138.417947, "url": "https://www.iryou.teikyouseido.mhlw.go.jp/znk-web/juminkanja/S2430/initialize?prefCd=20&kikanCd=3206501980&kikanKbn=3", "url2": null, "内容": "小山歯科医院【3:歯科】長野県下高井郡山ノ内町平穏３０４１－１" }, "geometry": { "type": "Point", "coordinates": [ 138.417947, 36.740044 ] } },
{ "type": "Feature", "properties": { "ID": "2033206502020", "正式名称": "山本歯科医院", "機関区分": 3, "都道府県コード": 20, "市区町村コード": 561, "所在地": "長野県下高井郡山ノ内町平穏２８３１ー６", "緯度": 36.737222, "経度": 138.422881, "url": "https://www.iryou.teikyouseido.mhlw.go.jp/znk-web/juminkanja/S2430/initialize?prefCd=20&kikanCd=3206502020&kikanKbn=3", "url2": null, "内容": "山本歯科医院【3:歯科】長野県下高井郡山ノ内町平穏２８３１ー６" }, "geometry": { "type": "Point", "coordinates": [ 138.422881, 36.737222 ] } },
{ "type": "Feature", "properties": { "ID": "2033206502150", "正式名称": "宮本歯科医院", "機関区分": 3, "都道府県コード": 20, "市区町村コード": 211, "所在地": "長野県中野市江部１３２８－３", "緯度": 36.742553, "経度": 138.346665, "url": "https://www.iryou.teikyouseido.mhlw.go.jp/znk-web/juminkanja/S2430/initialize?prefCd=20&kikanCd=3206502150&kikanKbn=3", "url2": null, "内容": "宮本歯科医院【3:歯科】長野県中野市江部１３２８－３" }, "geometry": { "type": "Point", "coordinates": [ 138.346665, 36.742553 ] } },
{ "type": "Feature", "properties": { "ID": "2033206502280", "正式名称": "みよし歯科", "機関区分": 3, "都道府県コード": 20, "市区町村コード": 211, "所在地": "長野県中野市三好町１－３－２７", "緯度": 36.740692, "経度": 138.369024, "url": "https://www.iryou.teikyouseido.mhlw.go.jp/znk-web/juminkanja/S2430/initialize?prefCd=20&kikanCd=3206502280&kikanKbn=3", "url2": null, "内容": "みよし歯科【3:歯科】長野県中野市三好町１－３－２７" }, "geometry": { "type": "Point", "coordinates": [ 138.369024, 36.740692 ] } },
{ "type": "Feature", "properties": { "ID": "2033206502310", "正式名称": "みゆき歯科", "機関区分": 3, "都道府県コード": 20, "市区町村コード": 211, "所在地": "長野県中野市西２－５－９", "緯度": 36.748441, "経度": 138.365191, "url": "https://www.iryou.teikyouseido.mhlw.go.jp/znk-web/juminkanja/S2430/initialize?prefCd=20&kikanCd=3206502310&kikanKbn=3", "url2": null, "内容": "みゆき歯科【3:歯科】長野県中野市西２－５－９" }, "geometry": { "type": "Point", "coordinates": [ 138.365191, 36.748441 ] } },
{ "type": "Feature", "properties": { "ID": "2033206502440", "正式名称": "うえだ歯科医院", "機関区分": 3, "都道府県コード": 20, "市区町村コード": 561, "所在地": "長野県下高井郡山ノ内町夜間瀬２４９２－３０", "緯度": 36.75983, "経度": 138.402826, "url": "https://www.iryou.teikyouseido.mhlw.go.jp/znk-web/juminkanja/S2430/initialize?prefCd=20&kikanCd=3206502440&kikanKbn=3", "url2": null, "内容": "うえだ歯科医院【3:歯科】長野県下高井郡山ノ内町夜間瀬２４９２－３０" }, "geometry": { "type": "Point", "coordinates": [ 138.402826, 36.75983 ] } },
{ "type": "Feature", "properties": { "ID": "2033206600610", "正式名称": "市川歯科医院", "機関区分": 3, "都道府県コード": 20, "市区町村コード": 201, "所在地": "長野県長野市吉田３ー２２ー１１", "緯度": 36.668102, "経度": 138.22203, "url": "https://www.iryou.teikyouseido.mhlw.go.jp/znk-web/juminkanja/S2430/initialize?prefCd=20&kikanCd=3206600610&kikanKbn=3", "url2": null, "内容": "市川歯科医院【3:歯科】長野県長野市吉田３ー２２ー１１" }, "geometry": { "type": "Point", "coordinates": [ 138.22203, 36.668102 ] } },
{ "type": "Feature", "properties": { "ID": "2033206600740", "正式名称": "中村歯科医院", "機関区分": 3, "都道府県コード": 20, "市区町村コード": 201, "所在地": "長野県長野市西後町６０６", "緯度": 36.652753, "経度": 138.185322, "url": "https://www.iryou.teikyouseido.mhlw.go.jp/znk-web/juminkanja/S2430/initialize?prefCd=20&kikanCd=3206600740&kikanKbn=3", "url2": null, "内容": "中村歯科医院【3:歯科】長野県長野市西後町６０６" }, "geometry": { "type": "Point", "coordinates": [ 138.185322, 36.652753 ] } },
{ "type": "Feature", "properties": { "ID": "2033206601460", "正式名称": "中川歯科医院", "機関区分": 3, "都道府県コード": 20, "市区町村コード": 201, "所在地": "長野県長野市旭町１１３３", "緯度": 36.655419, "経度": 138.183294, "url": "https://www.iryou.teikyouseido.mhlw.go.jp/znk-web/juminkanja/S2430/initialize?prefCd=20&kikanCd=3206601460&kikanKbn=3", "url2": "http://www.nakagawa-sika.jp/", "内容": "中川歯科医院【3:歯科】長野県長野市旭町１１３３" }, "geometry": { "type": "Point", "coordinates": [ 138.183294, 36.655419 ] } },
{ "type": "Feature", "properties": { "ID": "2033206601910", "正式名称": "内田歯科医院", "機関区分": 3, "都道府県コード": 20, "市区町村コード": 201, "所在地": "長野県長野市上千歳町１２１４", "緯度": 36.648198, "経度": 138.188738, "url": "https://www.iryou.teikyouseido.mhlw.go.jp/znk-web/juminkanja/S2430/initialize?prefCd=20&kikanCd=3206601910&kikanKbn=3", "url2": null, "内容": "内田歯科医院【3:歯科】長野県長野市上千歳町１２１４" }, "geometry": { "type": "Point", "coordinates": [ 138.188738, 36.648198 ] } },
{ "type": "Feature", "properties": { "ID": "2033206603480", "正式名称": "和田歯科医院", "機関区分": 3, "都道府県コード": 20, "市区町村コード": 201, "所在地": "長野県長野市西町１０００", "緯度": 36.657475, "経度": 138.18646, "url": "https://www.iryou.teikyouseido.mhlw.go.jp/znk-web/juminkanja/S2430/initialize?prefCd=20&kikanCd=3206603480&kikanKbn=3", "url2": null, "内容": "和田歯科医院【3:歯科】長野県長野市西町１０００" }, "geometry": { "type": "Point", "coordinates": [ 138.18646, 36.657475 ] } },
{ "type": "Feature", "properties": { "ID": "2033206603640", "正式名称": "刀根川歯科医院", "機関区分": 3, "都道府県コード": 20, "市区町村コード": 201, "所在地": "長野県長野市大字安茂里９２３", "緯度": 36.64056, "経度": 138.176434, "url": "https://www.iryou.teikyouseido.mhlw.go.jp/znk-web/juminkanja/S2430/initialize?prefCd=20&kikanCd=3206603640&kikanKbn=3", "url2": null, "内容": "刀根川歯科医院【3:歯科】長野県長野市大字安茂里９２３" }, "geometry": { "type": "Point", "coordinates": [ 138.176434, 36.64056 ] } },
{ "type": "Feature", "properties": { "ID": "2033206603770", "正式名称": "岡村歯科医院", "機関区分": 3, "都道府県コード": 20, "市区町村コード": 201, "所在地": "長野県長野市南県町６５０", "緯度": 36.648615, "経度": 138.19421, "url": "https://www.iryou.teikyouseido.mhlw.go.jp/znk-web/juminkanja/S2430/initialize?prefCd=20&kikanCd=3206603770&kikanKbn=3", "url2": null, "内容": "岡村歯科医院【3:歯科】長野県長野市南県町６５０" }, "geometry": { "type": "Point", "coordinates": [ 138.19421, 36.648615 ] } },
{ "type": "Feature", "properties": { "ID": "2033206604100", "正式名称": "医療法人　愛歯会　高見澤歯科医院", "機関区分": 3, "都道府県コード": 20, "市区町村コード": 201, "所在地": "長野県長野市南千歳２−１２−４", "緯度": 36.647393, "経度": 138.191349, "url": "https://www.iryou.teikyouseido.mhlw.go.jp/znk-web/juminkanja/S2430/initialize?prefCd=20&kikanCd=3206604100&kikanKbn=3", "url2": null, "内容": "医療法人　愛歯会　高見澤歯科医院【3:歯科】長野県長野市南千歳２−１２−４" }, "geometry": { "type": "Point", "coordinates": [ 138.191349, 36.647393 ] } },
{ "type": "Feature", "properties": { "ID": "2033206604490", "正式名称": "渡辺歯科", "機関区分": 3, "都道府県コード": 20, "市区町村コード": 201, "所在地": "長野県長野市中越２－３７－２８", "緯度": 36.665447, "経度": 138.221762, "url": "https://www.iryou.teikyouseido.mhlw.go.jp/znk-web/juminkanja/S2430/initialize?prefCd=20&kikanCd=3206604490&kikanKbn=3", "url2": null, "内容": "渡辺歯科【3:歯科】長野県長野市中越２－３７－２８" }, "geometry": { "type": "Point", "coordinates": [ 138.221762, 36.665447 ] } },
{ "type": "Feature", "properties": { "ID": "2033206604780", "正式名称": "笠井歯科医院", "機関区分": 3, "都道府県コード": 20, "市区町村コード": 201, "所在地": "長野県長野市高田９１６－１", "緯度": 36.644866, "経度": 138.203154, "url": "https://www.iryou.teikyouseido.mhlw.go.jp/znk-web/juminkanja/S2430/initialize?prefCd=20&kikanCd=3206604780&kikanKbn=3", "url2": "https://www.kasaidental.online/", "内容": "笠井歯科医院【3:歯科】長野県長野市高田９１６－１" }, "geometry": { "type": "Point", "coordinates": [ 138.203154, 36.644866 ] } },
{ "type": "Feature", "properties": { "ID": "2033206604810", "正式名称": "川原歯科医院", "機関区分": 3, "都道府県コード": 20, "市区町村コード": 201, "所在地": "長野県長野市三輪７－７－２", "緯度": 36.658808, "経度": 138.192876, "url": "https://www.iryou.teikyouseido.mhlw.go.jp/znk-web/juminkanja/S2430/initialize?prefCd=20&kikanCd=3206604810&kikanKbn=3", "url2": null, "内容": "川原歯科医院【3:歯科】長野県長野市三輪７－７－２" }, "geometry": { "type": "Point", "coordinates": [ 138.192876, 36.658808 ] } },
{ "type": "Feature", "properties": { "ID": "2033206605110", "正式名称": "本村歯科医院", "機関区分": 3, "都道府県コード": 20, "市区町村コード": 201, "所在地": "長野県長野市岡田町１３０ー１０", "緯度": 36.641191, "経度": 138.180544, "url": "https://www.iryou.teikyouseido.mhlw.go.jp/znk-web/juminkanja/S2430/initialize?prefCd=20&kikanCd=3206605110&kikanKbn=3", "url2": null, "内容": "本村歯科医院【3:歯科】長野県長野市岡田町１３０ー１０" }, "geometry": { "type": "Point", "coordinates": [ 138.180544, 36.641191 ] } },
{ "type": "Feature", "properties": { "ID": "2033206605790", "正式名称": "清水歯科医院", "機関区分": 3, "都道府県コード": 20, "市区町村コード": 201, "所在地": "長野県長野市浅川東条２７１－２", "緯度": 36.682389, "経度": 138.200764, "url": "https://www.iryou.teikyouseido.mhlw.go.jp/znk-web/juminkanja/S2430/initialize?prefCd=20&kikanCd=3206605790&kikanKbn=3", "url2": null, "内容": "清水歯科医院【3:歯科】長野県長野市浅川東条２７１－２" }, "geometry": { "type": "Point", "coordinates": [ 138.200764, 36.682389 ] } },
{ "type": "Feature", "properties": { "ID": "2033206605820", "正式名称": "堀内歯科医院", "機関区分": 3, "都道府県コード": 20, "市区町村コード": 201, "所在地": "長野県長野市新田町１１０６", "緯度": 36.650392, "経度": 138.184961, "url": "https://www.iryou.teikyouseido.mhlw.go.jp/znk-web/juminkanja/S2430/initialize?prefCd=20&kikanCd=3206605820&kikanKbn=3", "url2": "https://www.horiuchi-dc418.com/", "内容": "堀内歯科医院【3:歯科】長野県長野市新田町１１０６" }, "geometry": { "type": "Point", "coordinates": [ 138.184961, 36.650392 ] } },
{ "type": "Feature", "properties": { "ID": "2033206606250", "正式名称": "谷口歯科医院", "機関区分": 3, "都道府県コード": 20, "市区町村コード": 201, "所在地": "長野県長野市南石堂町１２７１番地１", "緯度": 36.645559, "経度": 138.185239, "url": "https://www.iryou.teikyouseido.mhlw.go.jp/znk-web/juminkanja/S2430/initialize?prefCd=20&kikanCd=3206606250&kikanKbn=3", "url2": "http://www.taniguchishika.jp", "内容": "谷口歯科医院【3:歯科】長野県長野市南石堂町１２７１番地１" }, "geometry": { "type": "Point", "coordinates": [ 138.185239, 36.645559 ] } },
{ "type": "Feature", "properties": { "ID": "2033206606540", "正式名称": "村川歯科医院", "機関区分": 3, "都道府県コード": 20, "市区町村コード": 201, "所在地": "長野県長野市南石堂町１４１９", "緯度": 36.645115, "経度": 138.186794, "url": "https://www.iryou.teikyouseido.mhlw.go.jp/znk-web/juminkanja/S2430/initialize?prefCd=20&kikanCd=3206606540&kikanKbn=3", "url2": null, "内容": "村川歯科医院【3:歯科】長野県長野市南石堂町１４１９" }, "geometry": { "type": "Point", "coordinates": [ 138.186794, 36.645115 ] } },
{ "type": "Feature", "properties": { "ID": "2033206606830", "正式名称": "早川歯科医院", "機関区分": 3, "都道府県コード": 20, "市区町村コード": 201, "所在地": "長野県長野市南県町１０４１ー３新建新聞社第３ビル３Ｆ", "緯度": 36.648615, "経度": 138.19421, "url": "https://www.iryou.teikyouseido.mhlw.go.jp/znk-web/juminkanja/S2430/initialize?prefCd=20&kikanCd=3206606830&kikanKbn=3", "url2": null, "内容": "早川歯科医院【3:歯科】長野県長野市南県町１０４１ー３新建新聞社第３ビル３Ｆ" }, "geometry": { "type": "Point", "coordinates": [ 138.19421, 36.648615 ] } },
{ "type": "Feature", "properties": { "ID": "2033206606960", "正式名称": "小林歯科医院", "機関区分": 3, "都道府県コード": 20, "市区町村コード": 201, "所在地": "長野県長野市諏訪町１６４５", "緯度": 36.65442, "経度": 138.186377, "url": "https://www.iryou.teikyouseido.mhlw.go.jp/znk-web/juminkanja/S2430/initialize?prefCd=20&kikanCd=3206606960&kikanKbn=3", "url2": null, "内容": "小林歯科医院【3:歯科】長野県長野市諏訪町１６４５" }, "geometry": { "type": "Point", "coordinates": [ 138.186377, 36.65442 ] } },
{ "type": "Feature", "properties": { "ID": "2033206607260", "正式名称": "鈴木歯科医院", "機関区分": 3, "都道府県コード": 20, "市区町村コード": 201, "所在地": "長野県長野市箱清水１－１５－１８", "緯度": 36.666391, "経度": 138.190598, "url": "https://www.iryou.teikyouseido.mhlw.go.jp/znk-web/juminkanja/S2430/initialize?prefCd=20&kikanCd=3206607260&kikanKbn=3", "url2": null, "内容": "鈴木歯科医院【3:歯科】長野県長野市箱清水１－１５－１８" }, "geometry": { "type": "Point", "coordinates": [ 138.190598, 36.666391 ] } },
{ "type": "Feature", "properties": { "ID": "2033206607550", "正式名称": "大久保歯科医院", "機関区分": 3, "都道府県コード": 20, "市区町村コード": 201, "所在地": "長野県長野市南高田１７７９", "緯度": 36.64095, "経度": 138.214125, "url": "https://www.iryou.teikyouseido.mhlw.go.jp/znk-web/juminkanja/S2430/initialize?prefCd=20&kikanCd=3206607550&kikanKbn=3", "url2": null, "内容": "大久保歯科医院【3:歯科】長野県長野市南高田１７７９" }, "geometry": { "type": "Point", "coordinates": [ 138.214125, 36.64095 ] } },
{ "type": "Feature", "properties": { "ID": "2033206607680", "正式名称": "増子歯科医院", "機関区分": 3, "都道府県コード": 20, "市区町村コード": 201, "所在地": "長野県長野市南千歳町１－８－２", "緯度": 36.646254, "経度": 138.189905, "url": "https://www.iryou.teikyouseido.mhlw.go.jp/znk-web/juminkanja/S2430/initialize?prefCd=20&kikanCd=3206607680&kikanKbn=3", "url2": null, "内容": "増子歯科医院【3:歯科】長野県長野市南千歳町１－８－２" }, "geometry": { "type": "Point", "coordinates": [ 138.189905, 36.646254 ] } },
{ "type": "Feature", "properties": { "ID": "2033206607710", "正式名称": "医療法人美隆会　吉田歯科医院", "機関区分": 3, "都道府県コード": 20, "市区町村コード": 201, "所在地": "長野県長野市松代町松代１７３", "緯度": 36.562508, "経度": 138.20063, "url": "https://www.iryou.teikyouseido.mhlw.go.jp/znk-web/juminkanja/S2430/initialize?prefCd=20&kikanCd=3206607710&kikanKbn=3", "url2": "http://ysd-dent.com/", "内容": "医療法人美隆会　吉田歯科医院【3:歯科】長野県長野市松代町松代１７３" }, "geometry": { "type": "Point", "coordinates": [ 138.20063, 36.562508 ] } },
{ "type": "Feature", "properties": { "ID": "2033206607970", "正式名称": "若穂歯科医院", "機関区分": 3, "都道府県コード": 20, "市区町村コード": 201, "所在地": "長野県長野市若穂綿内８６７４ー３", "緯度": 36.626008, "経度": 138.258233, "url": "https://www.iryou.teikyouseido.mhlw.go.jp/znk-web/juminkanja/S2430/initialize?prefCd=20&kikanCd=3206607970&kikanKbn=3", "url2": "https://wakahodental.com/", "内容": "若穂歯科医院【3:歯科】長野県長野市若穂綿内８６７４ー３" }, "geometry": { "type": "Point", "coordinates": [ 138.258233, 36.626008 ] } },
{ "type": "Feature", "properties": { "ID": "2033206608270", "正式名称": "原山歯科医院", "機関区分": 3, "都道府県コード": 20, "市区町村コード": 201, "所在地": "長野県長野市神楽橋１０－１０４", "緯度": 36.680751, "経度": 138.210041, "url": "https://www.iryou.teikyouseido.mhlw.go.jp/znk-web/juminkanja/S2430/initialize?prefCd=20&kikanCd=3206608270&kikanKbn=3", "url2": "https://haisha-yoyaku.jp/bun2sdental/detail/index/id/2030131540/", "内容": "原山歯科医院【3:歯科】長野県長野市神楽橋１０－１０４" }, "geometry": { "type": "Point", "coordinates": [ 138.210041, 36.680751 ] } },
{ "type": "Feature", "properties": { "ID": "2033206608430", "正式名称": "後藤歯科医院", "機関区分": 3, "都道府県コード": 20, "市区町村コード": 201, "所在地": "長野県長野市伊勢宮１－２２－２９", "緯度": 36.633172, "経度": 138.172296, "url": "https://www.iryou.teikyouseido.mhlw.go.jp/znk-web/juminkanja/S2430/initialize?prefCd=20&kikanCd=3206608430&kikanKbn=3", "url2": null, "内容": "後藤歯科医院【3:歯科】長野県長野市伊勢宮１－２２－２９" }, "geometry": { "type": "Point", "coordinates": [ 138.172296, 36.633172 ] } },
{ "type": "Feature", "properties": { "ID": "2033206608690", "正式名称": "細尾歯科医院", "機関区分": 3, "都道府県コード": 20, "市区町村コード": 201, "所在地": "長野県長野市信州新町新町４９番地２", "緯度": 36.572091, "経度": 138.013784, "url": "https://www.iryou.teikyouseido.mhlw.go.jp/znk-web/juminkanja/S2430/initialize?prefCd=20&kikanCd=3206608690&kikanKbn=3", "url2": null, "内容": "細尾歯科医院【3:歯科】長野県長野市信州新町新町４９番地２" }, "geometry": { "type": "Point", "coordinates": [ 138.013784, 36.572091 ] } },
{ "type": "Feature", "properties": { "ID": "2033206608980", "正式名称": "大内歯科医院", "機関区分": 3, "都道府県コード": 20, "市区町村コード": 201, "所在地": "長野県長野市信州新町新町２０５", "緯度": 36.573561, "経度": 138.016169, "url": "https://www.iryou.teikyouseido.mhlw.go.jp/znk-web/juminkanja/S2430/initialize?prefCd=20&kikanCd=3206608980&kikanKbn=3", "url2": null, "内容": "大内歯科医院【3:歯科】長野県長野市信州新町新町２０５" }, "geometry": { "type": "Point", "coordinates": [ 138.016169, 36.573561 ] } },
{ "type": "Feature", "properties": { "ID": "2033206609570", "正式名称": "田村歯科医院", "機関区分": 3, "都道府県コード": 20, "市区町村コード": 590, "所在地": "長野県上水内郡飯綱町牟礼２７２９", "緯度": 36.753271, "経度": 138.237035, "url": "https://www.iryou.teikyouseido.mhlw.go.jp/znk-web/juminkanja/S2430/initialize?prefCd=20&kikanCd=3206609570&kikanKbn=3", "url2": null, "内容": "田村歯科医院【3:歯科】長野県上水内郡飯綱町牟礼２７２９" }, "geometry": { "type": "Point", "coordinates": [ 138.237035, 36.753271 ] } },
{ "type": "Feature", "properties": { "ID": "2033206610130", "正式名称": "田口歯科医院", "機関区分": 3, "都道府県コード": 20, "市区町村コード": 201, "所在地": "長野県長野市浅川西条１０５９", "緯度": 36.686667, "経度": 138.213651, "url": "https://www.iryou.teikyouseido.mhlw.go.jp/znk-web/juminkanja/S2430/initialize?prefCd=20&kikanCd=3206610130&kikanKbn=3", "url2": null, "内容": "田口歯科医院【3:歯科】長野県長野市浅川西条１０５９" }, "geometry": { "type": "Point", "coordinates": [ 138.213651, 36.686667 ] } },
{ "type": "Feature", "properties": { "ID": "2033206610260", "正式名称": "河野歯科医院", "機関区分": 3, "都道府県コード": 20, "市区町村コード": 201, "所在地": "長野県長野市上松２－２－２０", "緯度": 36.665724, "経度": 138.196042, "url": "https://www.iryou.teikyouseido.mhlw.go.jp/znk-web/juminkanja/S2430/initialize?prefCd=20&kikanCd=3206610260&kikanKbn=3", "url2": "http://www.kouno-shika.com/", "内容": "河野歯科医院【3:歯科】長野県長野市上松２－２－２０" }, "geometry": { "type": "Point", "coordinates": [ 138.196042, 36.665724 ] } },
{ "type": "Feature", "properties": { "ID": "2033206610680", "正式名称": "やまもと歯科クリニック", "機関区分": 3, "都道府県コード": 20, "市区町村コード": 201, "所在地": "長野県長野市北尾張部７１５－６", "緯度": 36.654199, "経度": 138.236484, "url": "https://www.iryou.teikyouseido.mhlw.go.jp/znk-web/juminkanja/S2430/initialize?prefCd=20&kikanCd=3206610680&kikanKbn=3", "url2": "http://www.sdc.note-cms.com", "内容": "やまもと歯科クリニック【3:歯科】長野県長野市北尾張部７１５－６" }, "geometry": { "type": "Point", "coordinates": [ 138.236484, 36.654199 ] } },
{ "type": "Feature", "properties": { "ID": "2033206610970", "正式名称": "中沢歯科医院", "機関区分": 3, "都道府県コード": 20, "市区町村コード": 201, "所在地": "長野県長野市稲田１－９－４", "緯度": 36.674335, "経度": 138.216596, "url": "https://www.iryou.teikyouseido.mhlw.go.jp/znk-web/juminkanja/S2430/initialize?prefCd=20&kikanCd=3206610970&kikanKbn=3", "url2": null, "内容": "中沢歯科医院【3:歯科】長野県長野市稲田１－９－４" }, "geometry": { "type": "Point", "coordinates": [ 138.216596, 36.674335 ] } },
{ "type": "Feature", "properties": { "ID": "2033206611010", "正式名称": "若里歯科クリニック", "機関区分": 3, "都道府県コード": 20, "市区町村コード": 201, "所在地": "長野県長野市若里３－１０－３５", "緯度": 36.628978, "経度": 138.191766, "url": "https://www.iryou.teikyouseido.mhlw.go.jp/znk-web/juminkanja/S2430/initialize?prefCd=20&kikanCd=3206611010&kikanKbn=3", "url2": null, "内容": "若里歯科クリニック【3:歯科】長野県長野市若里３－１０－３５" }, "geometry": { "type": "Point", "coordinates": [ 138.191766, 36.628978 ] } },
{ "type": "Feature", "properties": { "ID": "2033206611430", "正式名称": "丸山歯科医院", "機関区分": 3, "都道府県コード": 20, "市区町村コード": 583, "所在地": "長野県上水内郡信濃町柏原４３４－５", "緯度": 36.806069, "経度": 138.205841, "url": "https://www.iryou.teikyouseido.mhlw.go.jp/znk-web/juminkanja/S2430/initialize?prefCd=20&kikanCd=3206611430&kikanKbn=3", "url2": null, "内容": "丸山歯科医院【3:歯科】長野県上水内郡信濃町柏原４３４－５" }, "geometry": { "type": "Point", "coordinates": [ 138.205841, 36.806069 ] } },
{ "type": "Feature", "properties": { "ID": "2033206611560", "正式名称": "医療法人　内田矯正歯科医院", "機関区分": 3, "都道府県コード": 20, "市区町村コード": 201, "所在地": "長野県長野市末広町１９７０－１　浪やビル３階", "緯度": 36.64356, "経度": 138.187905, "url": "https://www.iryou.teikyouseido.mhlw.go.jp/znk-web/juminkanja/S2430/initialize?prefCd=20&kikanCd=3206611560&kikanKbn=3", "url2": null, "内容": "医療法人　内田矯正歯科医院【3:歯科】長野県長野市末広町１９７０－１　浪やビル３階" }, "geometry": { "type": "Point", "coordinates": [ 138.187905, 36.64356 ] } },
{ "type": "Feature", "properties": { "ID": "2033206611720", "正式名称": "礒歯科医院", "機関区分": 3, "都道府県コード": 20, "市区町村コード": 201, "所在地": "長野県長野市稲田１－３５－２３", "緯度": 36.677279, "経度": 138.21929, "url": "https://www.iryou.teikyouseido.mhlw.go.jp/znk-web/juminkanja/S2430/initialize?prefCd=20&kikanCd=3206611720&kikanKbn=3", "url2": "https://www.iso-shika.com/", "内容": "礒歯科医院【3:歯科】長野県長野市稲田１－３５－２３" }, "geometry": { "type": "Point", "coordinates": [ 138.21929, 36.677279 ] } },
{ "type": "Feature", "properties": { "ID": "2033206611850", "正式名称": "島田歯科医院", "機関区分": 3, "都道府県コード": 20, "市区町村コード": 201, "所在地": "長野県長野市三輪８丁目５２－２５", "緯度": 36.668918, "経度": 138.203486, "url": "https://www.iryou.teikyouseido.mhlw.go.jp/znk-web/juminkanja/S2430/initialize?prefCd=20&kikanCd=3206611850&kikanKbn=3", "url2": "https://shimadadentalclinic.com/", "内容": "島田歯科医院【3:歯科】長野県長野市三輪８丁目５２－２５" }, "geometry": { "type": "Point", "coordinates": [ 138.203486, 36.668918 ] } },
{ "type": "Feature", "properties": { "ID": "2033206611980", "正式名称": "細尾歯科医院", "機関区分": 3, "都道府県コード": 20, "市区町村コード": 201, "所在地": "長野県長野市高田五分一６８０−６", "緯度": 36.646088, "経度": 138.216875, "url": "https://www.iryou.teikyouseido.mhlw.go.jp/znk-web/juminkanja/S2430/initialize?prefCd=20&kikanCd=3206611980&kikanKbn=3", "url2": null, "内容": "細尾歯科医院【3:歯科】長野県長野市高田五分一６８０−６" }, "geometry": { "type": "Point", "coordinates": [ 138.216875, 36.646088 ] } },
{ "type": "Feature", "properties": { "ID": "2033206612020", "正式名称": "竹重歯科医院", "機関区分": 3, "都道府県コード": 20, "市区町村コード": 201, "所在地": "長野県長野市徳間１−２８−１１", "緯度": 36.681084, "経度": 138.220984, "url": "https://www.iryou.teikyouseido.mhlw.go.jp/znk-web/juminkanja/S2430/initialize?prefCd=20&kikanCd=3206612020&kikanKbn=3", "url2": null, "内容": "竹重歯科医院【3:歯科】長野県長野市徳間１−２８−１１" }, "geometry": { "type": "Point", "coordinates": [ 138.220984, 36.681084 ] } },
{ "type": "Feature", "properties": { "ID": "2033206612150", "正式名称": "金箱歯科医院", "機関区分": 3, "都道府県コード": 20, "市区町村コード": 201, "所在地": "長野県長野市早苗町６０", "緯度": 36.649393, "経度": 138.196182, "url": "https://www.iryou.teikyouseido.mhlw.go.jp/znk-web/juminkanja/S2430/initialize?prefCd=20&kikanCd=3206612150&kikanKbn=3", "url2": null, "内容": "金箱歯科医院【3:歯科】長野県長野市早苗町６０" }, "geometry": { "type": "Point", "coordinates": [ 138.196182, 36.649393 ] } },
{ "type": "Feature", "properties": { "ID": "2033206612280", "正式名称": "医療法人　小林歯科医院", "機関区分": 3, "都道府県コード": 20, "市区町村コード": 201, "所在地": "長野県長野市浅川４ー１１３ー１４７", "緯度": 36.682195, "経度": 138.209679, "url": "https://www.iryou.teikyouseido.mhlw.go.jp/znk-web/juminkanja/S2430/initialize?prefCd=20&kikanCd=3206612280&kikanKbn=3", "url2": "http://www.k-dc.or.jp/", "内容": "医療法人　小林歯科医院【3:歯科】長野県長野市浅川４ー１１３ー１４７" }, "geometry": { "type": "Point", "coordinates": [ 138.209679, 36.682195 ] } },
{ "type": "Feature", "properties": { "ID": "2033206612440", "正式名称": "わかおみ歯科医院", "機関区分": 3, "都道府県コード": 20, "市区町村コード": 201, "所在地": "長野県長野市横沢町７４８－８　わかおみ歯科医院", "緯度": 36.661974, "経度": 138.184266, "url": "https://www.iryou.teikyouseido.mhlw.go.jp/znk-web/juminkanja/S2430/initialize?prefCd=20&kikanCd=3206612440&kikanKbn=3", "url2": null, "内容": "わかおみ歯科医院【3:歯科】長野県長野市横沢町７４８－８　わかおみ歯科医院" }, "geometry": { "type": "Point", "coordinates": [ 138.184266, 36.661974 ] } },
{ "type": "Feature", "properties": { "ID": "2033206612600", "正式名称": "倉田歯科医院", "機関区分": 3, "都道府県コード": 20, "市区町村コード": 201, "所在地": "長野県長野市大豆島１５２９－８", "緯度": 36.627091, "経度": 138.230041, "url": "https://www.iryou.teikyouseido.mhlw.go.jp/znk-web/juminkanja/S2430/initialize?prefCd=20&kikanCd=3206612600&kikanKbn=3", "url2": null, "内容": "倉田歯科医院【3:歯科】長野県長野市大豆島１５２９－８" }, "geometry": { "type": "Point", "coordinates": [ 138.230041, 36.627091 ] } },
{ "type": "Feature", "properties": { "ID": "2033206612990", "正式名称": "北島歯科医院三輪診療所", "機関区分": 3, "都道府県コード": 20, "市区町村コード": 201, "所在地": "長野県長野市三輪１－２－３５", "緯度": 36.65592, "経度": 138.205959, "url": "https://www.iryou.teikyouseido.mhlw.go.jp/znk-web/juminkanja/S2430/initialize?prefCd=20&kikanCd=3206612990&kikanKbn=3", "url2": null, "内容": "北島歯科医院三輪診療所【3:歯科】長野県長野市三輪１－２－３５" }, "geometry": { "type": "Point", "coordinates": [ 138.205959, 36.65592 ] } },
{ "type": "Feature", "properties": { "ID": "2033206613030", "正式名称": "中村歯科クリニック", "機関区分": 3, "都道府県コード": 20, "市区町村コード": 201, "所在地": "長野県長野市稲葉日詰１８６６－８", "緯度": 36.636645, "経度": 138.216181, "url": "https://www.iryou.teikyouseido.mhlw.go.jp/znk-web/juminkanja/S2430/initialize?prefCd=20&kikanCd=3206613030&kikanKbn=3", "url2": "https://www.nakamura-dc.info/", "内容": "中村歯科クリニック【3:歯科】長野県長野市稲葉日詰１８６６－８" }, "geometry": { "type": "Point", "coordinates": [ 138.216181, 36.636645 ] } },
{ "type": "Feature", "properties": { "ID": "2033206613290", "正式名称": "たなか歯科", "機関区分": 3, "都道府県コード": 20, "市区町村コード": 201, "所在地": "長野県長野市中御所１－２８－２６", "緯度": 36.640838, "経度": 138.1796, "url": "https://www.iryou.teikyouseido.mhlw.go.jp/znk-web/juminkanja/S2430/initialize?prefCd=20&kikanCd=3206613290&kikanKbn=3", "url2": null, "内容": "たなか歯科【3:歯科】長野県長野市中御所１－２８－２６" }, "geometry": { "type": "Point", "coordinates": [ 138.1796, 36.640838 ] } },
{ "type": "Feature", "properties": { "ID": "2033206613320", "正式名称": "医療法人　博慈会　永島歯科医院", "機関区分": 3, "都道府県コード": 20, "市区町村コード": 201, "所在地": "長野県長野市大字鶴賀緑町１６２１", "緯度": 36.650309, "経度": 138.194432, "url": "https://www.iryou.teikyouseido.mhlw.go.jp/znk-web/juminkanja/S2430/initialize?prefCd=20&kikanCd=3206613320&kikanKbn=3", "url2": null, "内容": "医療法人　博慈会　永島歯科医院【3:歯科】長野県長野市大字鶴賀緑町１６２１" }, "geometry": { "type": "Point", "coordinates": [ 138.194432, 36.650309 ] } },
{ "type": "Feature", "properties": { "ID": "2033206613450", "正式名称": "渡辺歯科矯正歯科医院", "機関区分": 3, "都道府県コード": 20, "市区町村コード": 201, "所在地": "長野県長野市南堀２４５", "緯度": 36.665642, "経度": 138.240816, "url": "https://www.iryou.teikyouseido.mhlw.go.jp/znk-web/juminkanja/S2430/initialize?prefCd=20&kikanCd=3206613450&kikanKbn=3", "url2": null, "内容": "渡辺歯科矯正歯科医院【3:歯科】長野県長野市南堀２４５" }, "geometry": { "type": "Point", "coordinates": [ 138.240816, 36.665642 ] } },
{ "type": "Feature", "properties": { "ID": "2033206613580", "正式名称": "いいだ歯科医院", "機関区分": 3, "都道府県コード": 20, "市区町村コード": 201, "所在地": "長野県長野市若里６−１−６ベルウィング２Ｆ", "緯度": 36.627617, "経度": 138.191267, "url": "https://www.iryou.teikyouseido.mhlw.go.jp/znk-web/juminkanja/S2430/initialize?prefCd=20&kikanCd=3206613580&kikanKbn=3", "url2": null, "内容": "いいだ歯科医院【3:歯科】長野県長野市若里６−１−６ベルウィング２Ｆ" }, "geometry": { "type": "Point", "coordinates": [ 138.191267, 36.627617 ] } },
{ "type": "Feature", "properties": { "ID": "2033206613610", "正式名称": "藤原歯科医院", "機関区分": 3, "都道府県コード": 20, "市区町村コード": 201, "所在地": "長野県長野市東和田２０３－３", "緯度": 36.65717, "経度": 138.224568, "url": "https://www.iryou.teikyouseido.mhlw.go.jp/znk-web/juminkanja/S2430/initialize?prefCd=20&kikanCd=3206613610&kikanKbn=3", "url2": null, "内容": "藤原歯科医院【3:歯科】長野県長野市東和田２０３－３" }, "geometry": { "type": "Point", "coordinates": [ 138.224568, 36.65717 ] } },
{ "type": "Feature", "properties": { "ID": "2033206613870", "正式名称": "山田歯科医院", "機関区分": 3, "都道府県コード": 20, "市区町村コード": 201, "所在地": "長野県長野市西尾張部１１２０−３", "緯度": 36.647097, "経度": 138.2288, "url": "https://www.iryou.teikyouseido.mhlw.go.jp/znk-web/juminkanja/S2430/initialize?prefCd=20&kikanCd=3206613870&kikanKbn=3", "url2": null, "内容": "山田歯科医院【3:歯科】長野県長野市西尾張部１１２０−３" }, "geometry": { "type": "Point", "coordinates": [ 138.2288, 36.647097 ] } },
{ "type": "Feature", "properties": { "ID": "2033206614040", "正式名称": "金井歯科医院", "機関区分": 3, "都道府県コード": 20, "市区町村コード": 201, "所在地": "長野県長野市伊勢宮３丁目５番２０号", "緯度": 36.6277, "経度": 138.16638, "url": "https://www.iryou.teikyouseido.mhlw.go.jp/znk-web/juminkanja/S2430/initialize?prefCd=20&kikanCd=3206614040&kikanKbn=3", "url2": null, "内容": "金井歯科医院【3:歯科】長野県長野市伊勢宮３丁目５番２０号" }, "geometry": { "type": "Point", "coordinates": [ 138.16638, 36.6277 ] } },
{ "type": "Feature", "properties": { "ID": "2033206614170", "正式名称": "和田第二歯科矯正医院", "機関区分": 3, "都道府県コード": 20, "市区町村コード": 201, "所在地": "長野県長野市稲葉南俣２５０２", "緯度": 36.637617, "経度": 138.206682, "url": "https://www.iryou.teikyouseido.mhlw.go.jp/znk-web/juminkanja/S2430/initialize?prefCd=20&kikanCd=3206614170&kikanKbn=3", "url2": null, "内容": "和田第二歯科矯正医院【3:歯科】長野県長野市稲葉南俣２５０２" }, "geometry": { "type": "Point", "coordinates": [ 138.206682, 36.637617 ] } },
{ "type": "Feature", "properties": { "ID": "2033206614200", "正式名称": "かねこ歯科医院", "機関区分": 3, "都道府県コード": 20, "市区町村コード": 201, "所在地": "長野県長野市富竹８５４−７", "緯度": 36.675002, "経度": 138.24726, "url": "https://www.iryou.teikyouseido.mhlw.go.jp/znk-web/juminkanja/S2430/initialize?prefCd=20&kikanCd=3206614200&kikanKbn=3", "url2": null, "内容": "かねこ歯科医院【3:歯科】長野県長野市富竹８５４−７" }, "geometry": { "type": "Point", "coordinates": [ 138.24726, 36.675002 ] } },
{ "type": "Feature", "properties": { "ID": "2033206614750", "正式名称": "さわぐち歯科医院", "機関区分": 3, "都道府県コード": 20, "市区町村コード": 201, "所在地": "長野県長野市西三才２２４９−１", "緯度": 36.685107, "経度": 138.241189, "url": "https://www.iryou.teikyouseido.mhlw.go.jp/znk-web/juminkanja/S2430/initialize?prefCd=20&kikanCd=3206614750&kikanKbn=3", "url2": null, "内容": "さわぐち歯科医院【3:歯科】長野県長野市西三才２２４９−１" }, "geometry": { "type": "Point", "coordinates": [ 138.241189, 36.685107 ] } },
{ "type": "Feature", "properties": { "ID": "2033206615050", "正式名称": "ひさし歯科医院", "機関区分": 3, "都道府県コード": 20, "市区町村コード": 201, "所在地": "長野県長野市安茂里小市２－８－２７", "緯度": 36.624339, "経度": 138.149631, "url": "https://www.iryou.teikyouseido.mhlw.go.jp/znk-web/juminkanja/S2430/initialize?prefCd=20&kikanCd=3206615050&kikanKbn=3", "url2": null, "内容": "ひさし歯科医院【3:歯科】長野県長野市安茂里小市２－８－２７" }, "geometry": { "type": "Point", "coordinates": [ 138.149631, 36.624339 ] } },
{ "type": "Feature", "properties": { "ID": "2033206615180", "正式名称": "高見沢歯科クリニック", "機関区分": 3, "都道府県コード": 20, "市区町村コード": 201, "所在地": "長野県長野市桐原２−２５−３", "緯度": 36.666058, "経度": 138.217957, "url": "https://www.iryou.teikyouseido.mhlw.go.jp/znk-web/juminkanja/S2430/initialize?prefCd=20&kikanCd=3206615180&kikanKbn=3", "url2": null, "内容": "高見沢歯科クリニック【3:歯科】長野県長野市桐原２−２５−３" }, "geometry": { "type": "Point", "coordinates": [ 138.217957, 36.666058 ] } },
{ "type": "Feature", "properties": { "ID": "2033206615210", "正式名称": "宮島歯科医院", "機関区分": 3, "都道府県コード": 20, "市区町村コード": 201, "所在地": "長野県長野市高田１３６８－１", "緯度": 36.641644, "経度": 138.209931, "url": "https://www.iryou.teikyouseido.mhlw.go.jp/znk-web/juminkanja/S2430/initialize?prefCd=20&kikanCd=3206615210&kikanKbn=3", "url2": "https://www.ha-miyajima.jp/", "内容": "宮島歯科医院【3:歯科】長野県長野市高田１３６８－１" }, "geometry": { "type": "Point", "coordinates": [ 138.209931, 36.641644 ] } },
{ "type": "Feature", "properties": { "ID": "2033206615340", "正式名称": "奥井歯科医院", "機関区分": 3, "都道府県コード": 20, "市区町村コード": 201, "所在地": "長野県長野市南石堂町１２９８－１８", "緯度": 36.645059, "経度": 138.184128, "url": "https://www.iryou.teikyouseido.mhlw.go.jp/znk-web/juminkanja/S2430/initialize?prefCd=20&kikanCd=3206615340&kikanKbn=3", "url2": "http://okui-shika.com/", "内容": "奥井歯科医院【3:歯科】長野県長野市南石堂町１２９８－１８" }, "geometry": { "type": "Point", "coordinates": [ 138.184128, 36.645059 ] } },
{ "type": "Feature", "properties": { "ID": "2033206615470", "正式名称": "丸山さとし歯科医院", "機関区分": 3, "都道府県コード": 20, "市区町村コード": 590, "所在地": "長野県上水内郡飯綱町普光寺８０２", "緯度": 36.758437, "経度": 138.238424, "url": "https://www.iryou.teikyouseido.mhlw.go.jp/znk-web/juminkanja/S2430/initialize?prefCd=20&kikanCd=3206615470&kikanKbn=3", "url2": null, "内容": "丸山さとし歯科医院【3:歯科】長野県上水内郡飯綱町普光寺８０２" }, "geometry": { "type": "Point", "coordinates": [ 138.238424, 36.758437 ] } },
{ "type": "Feature", "properties": { "ID": "2033206615500", "正式名称": "釜田歯科医院", "機関区分": 3, "都道府県コード": 20, "市区町村コード": 201, "所在地": "長野県長野市新諏訪１丁目８番５１号", "緯度": 36.659169, "経度": 138.174211, "url": "https://www.iryou.teikyouseido.mhlw.go.jp/znk-web/juminkanja/S2430/initialize?prefCd=20&kikanCd=3206615500&kikanKbn=3", "url2": null, "内容": "釜田歯科医院【3:歯科】長野県長野市新諏訪１丁目８番５１号" }, "geometry": { "type": "Point", "coordinates": [ 138.174211, 36.659169 ] } },
{ "type": "Feature", "properties": { "ID": "2033206615890", "正式名称": "あもり歯科医院", "機関区分": 3, "都道府県コード": 20, "市区町村コード": 201, "所在地": "長野県長野市安茂里１２２８", "緯度": 36.636255, "経度": 138.169796, "url": "https://www.iryou.teikyouseido.mhlw.go.jp/znk-web/juminkanja/S2430/initialize?prefCd=20&kikanCd=3206615890&kikanKbn=3", "url2": null, "内容": "あもり歯科医院【3:歯科】長野県長野市安茂里１２２８" }, "geometry": { "type": "Point", "coordinates": [ 138.169796, 36.636255 ] } },
{ "type": "Feature", "properties": { "ID": "2033206615920", "正式名称": "小池歯科医院", "機関区分": 3, "都道府県コード": 20, "市区町村コード": 201, "所在地": "長野県長野市差出南１－６－１　八紘レジデンス１階", "緯度": 36.632616, "経度": 138.176768, "url": "https://www.iryou.teikyouseido.mhlw.go.jp/znk-web/juminkanja/S2430/initialize?prefCd=20&kikanCd=3206615920&kikanKbn=3", "url2": "http://koike-dental.com/", "内容": "小池歯科医院【3:歯科】長野県長野市差出南１－６－１　八紘レジデンス１階" }, "geometry": { "type": "Point", "coordinates": [ 138.176768, 36.632616 ] } },
{ "type": "Feature", "properties": { "ID": "2033206616190", "正式名称": "武内歯科医院", "機関区分": 3, "都道府県コード": 20, "市区町村コード": 201, "所在地": "長野県長野市三輪田町１３３８－４", "緯度": 36.656642, "経度": 138.191599, "url": "https://www.iryou.teikyouseido.mhlw.go.jp/znk-web/juminkanja/S2430/initialize?prefCd=20&kikanCd=3206616190&kikanKbn=3", "url2": "https://dentweb.wixsite.com/takeuchishika/", "内容": "武内歯科医院【3:歯科】長野県長野市三輪田町１３３８－４" }, "geometry": { "type": "Point", "coordinates": [ 138.191599, 36.656642 ] } },
{ "type": "Feature", "properties": { "ID": "2033206616220", "正式名称": "山田歯科医院", "機関区分": 3, "都道府県コード": 20, "市区町村コード": 201, "所在地": "長野県長野市横沢町１３２８－１", "緯度": 36.662391, "経度": 138.183821, "url": "https://www.iryou.teikyouseido.mhlw.go.jp/znk-web/juminkanja/S2430/initialize?prefCd=20&kikanCd=3206616220&kikanKbn=3", "url2": null, "内容": "山田歯科医院【3:歯科】長野県長野市横沢町１３２８－１" }, "geometry": { "type": "Point", "coordinates": [ 138.183821, 36.662391 ] } },
{ "type": "Feature", "properties": { "ID": "2033206616510", "正式名称": "小山歯科医院", "機関区分": 3, "都道府県コード": 20, "市区町村コード": 201, "所在地": "長野県長野市松代町松代１５５１", "緯度": 36.561042, "経度": 138.194991, "url": "https://www.iryou.teikyouseido.mhlw.go.jp/znk-web/juminkanja/S2430/initialize?prefCd=20&kikanCd=3206616510&kikanKbn=3", "url2": null, "内容": "小山歯科医院【3:歯科】長野県長野市松代町松代１５５１" }, "geometry": { "type": "Point", "coordinates": [ 138.194991, 36.561042 ] } },
{ "type": "Feature", "properties": { "ID": "2033206616930", "正式名称": "久保田歯科医院", "機関区分": 3, "都道府県コード": 20, "市区町村コード": 201, "所在地": "長野県長野市南石堂町１２６０", "緯度": 36.645782, "経度": 138.185627, "url": "https://www.iryou.teikyouseido.mhlw.go.jp/znk-web/juminkanja/S2430/initialize?prefCd=20&kikanCd=3206616930&kikanKbn=3", "url2": "http://web.me.com/naganodentist", "内容": "久保田歯科医院【3:歯科】長野県長野市南石堂町１２６０" }, "geometry": { "type": "Point", "coordinates": [ 138.185627, 36.645782 ] } },
{ "type": "Feature", "properties": { "ID": "2033206617070", "正式名称": "峯村歯科医院", "機関区分": 3, "都道府県コード": 20, "市区町村コード": 201, "所在地": "長野県長野市上松１－１６－３４", "緯度": 36.670807, "経度": 138.198653, "url": "https://www.iryou.teikyouseido.mhlw.go.jp/znk-web/juminkanja/S2430/initialize?prefCd=20&kikanCd=3206617070&kikanKbn=3", "url2": null, "内容": "峯村歯科医院【3:歯科】長野県長野市上松１－１６－３４" }, "geometry": { "type": "Point", "coordinates": [ 138.198653, 36.670807 ] } },
{ "type": "Feature", "properties": { "ID": "2033206617230", "正式名称": "アークス歯科医院", "機関区分": 3, "都道府県コード": 20, "市区町村コード": 201, "所在地": "長野県長野市アークス１－３２　アークスセンター４階", "緯度": 36.623979, "経度": 138.196711, "url": "https://www.iryou.teikyouseido.mhlw.go.jp/znk-web/juminkanja/S2430/initialize?prefCd=20&kikanCd=3206617230&kikanKbn=3", "url2": null, "内容": "アークス歯科医院【3:歯科】長野県長野市アークス１－３２　アークスセンター４階" }, "geometry": { "type": "Point", "coordinates": [ 138.196711, 36.623979 ] } },
{ "type": "Feature", "properties": { "ID": "2033206617520", "正式名称": "松澤歯科医院", "機関区分": 3, "都道府県コード": 20, "市区町村コード": 201, "所在地": "長野県長野市上松２－２９－３", "緯度": 36.667502, "経度": 138.190959, "url": "https://www.iryou.teikyouseido.mhlw.go.jp/znk-web/juminkanja/S2430/initialize?prefCd=20&kikanCd=3206617520&kikanKbn=3", "url2": null, "内容": "松澤歯科医院【3:歯科】長野県長野市上松２－２９－３" }, "geometry": { "type": "Point", "coordinates": [ 138.190959, 36.667502 ] } },
{ "type": "Feature", "properties": { "ID": "2033206617780", "正式名称": "長野市国民健康保険鬼無里歯科診療所", "機関区分": 3, "都道府県コード": 20, "市区町村コード": 201, "所在地": "長野県長野市鬼無里２１８番地", "緯度": 36.681523, "経度": 138.005808, "url": "https://www.iryou.teikyouseido.mhlw.go.jp/znk-web/juminkanja/S2430/initialize?prefCd=20&kikanCd=3206617780&kikanKbn=3", "url2": null, "内容": "長野市国民健康保険鬼無里歯科診療所【3:歯科】長野県長野市鬼無里２１８番地" }, "geometry": { "type": "Point", "coordinates": [ 138.005808, 36.681523 ] } },
{ "type": "Feature", "properties": { "ID": "2033206617810", "正式名称": "伊豫田歯科医院", "機関区分": 3, "都道府県コード": 20, "市区町村コード": 201, "所在地": "長野県長野市松代町西寺尾１３３９", "緯度": 36.570846, "経度": 138.199018, "url": "https://www.iryou.teikyouseido.mhlw.go.jp/znk-web/juminkanja/S2430/initialize?prefCd=20&kikanCd=3206617810&kikanKbn=3", "url2": "https://www.iyoda-shika.com", "内容": "伊豫田歯科医院【3:歯科】長野県長野市松代町西寺尾１３３９" }, "geometry": { "type": "Point", "coordinates": [ 138.199018, 36.570846 ] } },
{ "type": "Feature", "properties": { "ID": "2033206617940", "正式名称": "医療法人　草薙歯科医院", "機関区分": 3, "都道府県コード": 20, "市区町村コード": 201, "所在地": "長野県長野市大字鶴賀緑町１１０７－９", "緯度": 36.647782, "経度": 138.19271, "url": "https://www.iryou.teikyouseido.mhlw.go.jp/znk-web/juminkanja/S2430/initialize?prefCd=20&kikanCd=3206617940&kikanKbn=3", "url2": null, "内容": "医療法人　草薙歯科医院【3:歯科】長野県長野市大字鶴賀緑町１１０７－９" }, "geometry": { "type": "Point", "coordinates": [ 138.19271, 36.647782 ] } },
{ "type": "Feature", "properties": { "ID": "2033206618370", "正式名称": "ちはる歯科医院", "機関区分": 3, "都道府県コード": 20, "市区町村コード": 201, "所在地": "長野県長野市田中１２８７－９", "緯度": 36.695388, "経度": 138.229011, "url": "https://www.iryou.teikyouseido.mhlw.go.jp/znk-web/juminkanja/S2430/initialize?prefCd=20&kikanCd=3206618370&kikanKbn=3", "url2": null, "内容": "ちはる歯科医院【3:歯科】長野県長野市田中１２８７－９" }, "geometry": { "type": "Point", "coordinates": [ 138.229011, 36.695388 ] } },
{ "type": "Feature", "properties": { "ID": "2033206618530", "正式名称": "たまい歯科医院", "機関区分": 3, "都道府県コード": 20, "市区町村コード": 201, "所在地": "長野県長野市若里１−２１−２５　八洲若里第一ビル２０１", "緯度": 36.632978, "経度": 138.189294, "url": "https://www.iryou.teikyouseido.mhlw.go.jp/znk-web/juminkanja/S2430/initialize?prefCd=20&kikanCd=3206618530&kikanKbn=3", "url2": null, "内容": "たまい歯科医院【3:歯科】長野県長野市若里１−２１−２５　八洲若里第一ビル２０１" }, "geometry": { "type": "Point", "coordinates": [ 138.189294, 36.632978 ] } },
{ "type": "Feature", "properties": { "ID": "2033206618660", "正式名称": "みわ歯科・小児歯科医院", "機関区分": 3, "都道府県コード": 20, "市区町村コード": 201, "所在地": "長野県長野市三輪１－９－２８", "緯度": 36.65842, "経度": 138.208375, "url": "https://www.iryou.teikyouseido.mhlw.go.jp/znk-web/juminkanja/S2430/initialize?prefCd=20&kikanCd=3206618660&kikanKbn=3", "url2": null, "内容": "みわ歯科・小児歯科医院【3:歯科】長野県長野市三輪１－９－２８" }, "geometry": { "type": "Point", "coordinates": [ 138.208375, 36.65842 ] } },
{ "type": "Feature", "properties": { "ID": "2033206618790", "正式名称": "小林歯科クリニック", "機関区分": 3, "都道府県コード": 20, "市区町村コード": 201, "所在地": "長野県長野市西尾張部２１５", "緯度": 36.64706, "経度": 138.223596, "url": "https://www.iryou.teikyouseido.mhlw.go.jp/znk-web/juminkanja/S2430/initialize?prefCd=20&kikanCd=3206618790&kikanKbn=3", "url2": "http://kobayashidental.jimdo.com/", "内容": "小林歯科クリニック【3:歯科】長野県長野市西尾張部２１５" }, "geometry": { "type": "Point", "coordinates": [ 138.223596, 36.64706 ] } },
{ "type": "Feature", "properties": { "ID": "2033206618950", "正式名称": "風間歯科クリニック", "機関区分": 3, "都道府県コード": 20, "市区町村コード": 201, "所在地": "長野県長野市風間１９０１－１", "緯度": 36.638653, "経度": 138.228661, "url": "https://www.iryou.teikyouseido.mhlw.go.jp/znk-web/juminkanja/S2430/initialize?prefCd=20&kikanCd=3206618950&kikanKbn=3", "url2": null, "内容": "風間歯科クリニック【3:歯科】長野県長野市風間１９０１－１" }, "geometry": { "type": "Point", "coordinates": [ 138.228661, 36.638653 ] } },
{ "type": "Feature", "properties": { "ID": "2033206619120", "正式名称": "医療法人とくま歯科医院", "機関区分": 3, "都道府県コード": 20, "市区町村コード": 201, "所在地": "長野県長野市徳間６２９－６", "緯度": 36.677585, "経度": 138.228761, "url": "https://www.iryou.teikyouseido.mhlw.go.jp/znk-web/juminkanja/S2430/initialize?prefCd=20&kikanCd=3206619120&kikanKbn=3", "url2": null, "内容": "医療法人とくま歯科医院【3:歯科】長野県長野市徳間６２９－６" }, "geometry": { "type": "Point", "coordinates": [ 138.228761, 36.677585 ] } },
{ "type": "Feature", "properties": { "ID": "2033206619540", "正式名称": "柳澤歯科医院", "機関区分": 3, "都道府県コード": 20, "市区町村コード": 207, "所在地": "長野県須坂市大字日滝字宮原８５７－４", "緯度": 36.658673, "経度": 138.328198, "url": "https://www.iryou.teikyouseido.mhlw.go.jp/znk-web/juminkanja/S2430/initialize?prefCd=20&kikanCd=3206619540&kikanKbn=3", "url2": null, "内容": "柳澤歯科医院【3:歯科】長野県須坂市大字日滝字宮原８５７－４" }, "geometry": { "type": "Point", "coordinates": [ 138.328198, 36.658673 ] } },
{ "type": "Feature", "properties": { "ID": "2033206619670", "正式名称": "斎藤歯科医院", "機関区分": 3, "都道府県コード": 20, "市区町村コード": 201, "所在地": "長野県長野市豊野町蟹沢２６１５", "緯度": 36.721221, "経度": 138.302809, "url": "https://www.iryou.teikyouseido.mhlw.go.jp/znk-web/juminkanja/S2430/initialize?prefCd=20&kikanCd=3206619670&kikanKbn=3", "url2": null, "内容": "斎藤歯科医院【3:歯科】長野県長野市豊野町蟹沢２６１５" }, "geometry": { "type": "Point", "coordinates": [ 138.302809, 36.721221 ] } },
{ "type": "Feature", "properties": { "ID": "2033206619700", "正式名称": "たけうち矯正歯科医院", "機関区分": 3, "都道府県コード": 20, "市区町村コード": 201, "所在地": "長野県長野市大字栗田２１５２番地　ステラビルＢ－３Ｆ", "緯度": 36.641754, "経度": 138.189877, "url": "https://www.iryou.teikyouseido.mhlw.go.jp/znk-web/juminkanja/S2430/initialize?prefCd=20&kikanCd=3206619700&kikanKbn=3", "url2": null, "内容": "たけうち矯正歯科医院【3:歯科】長野県長野市大字栗田２１５２番地　ステラビルＢ－３Ｆ" }, "geometry": { "type": "Point", "coordinates": [ 138.189877, 36.641754 ] } },
{ "type": "Feature", "properties": { "ID": "2033206619960", "正式名称": "きたながの歯科医院", "機関区分": 3, "都道府県コード": 20, "市区町村コード": 201, "所在地": "長野県長野市吉田３－２２－４１ノルテながの１Ｆ", "緯度": 36.667252, "経度": 138.221873, "url": "https://www.iryou.teikyouseido.mhlw.go.jp/znk-web/juminkanja/S2430/initialize?prefCd=20&kikanCd=3206619960&kikanKbn=3", "url2": null, "内容": "きたながの歯科医院【3:歯科】長野県長野市吉田３－２２－４１ノルテながの１Ｆ" }, "geometry": { "type": "Point", "coordinates": [ 138.221873, 36.667252 ] } },
{ "type": "Feature", "properties": { "ID": "2033206620100", "正式名称": "浜歯科医院", "機関区分": 3, "都道府県コード": 20, "市区町村コード": 201, "所在地": "長野県長野市川中島町今井１４８７－２", "緯度": 36.597981, "経度": 138.152716, "url": "https://www.iryou.teikyouseido.mhlw.go.jp/znk-web/juminkanja/S2430/initialize?prefCd=20&kikanCd=3206620100&kikanKbn=3", "url2": "https://www.hama-dentalclinic.com/", "内容": "浜歯科医院【3:歯科】長野県長野市川中島町今井１４８７－２" }, "geometry": { "type": "Point", "coordinates": [ 138.152716, 36.597981 ] } },
{ "type": "Feature", "properties": { "ID": "2033206620230", "正式名称": "柳町歯科医院", "機関区分": 3, "都道府県コード": 20, "市区町村コード": 201, "所在地": "長野県長野市大字三輪１２４９－１２", "緯度": 36.654864, "経度": 138.200181, "url": "https://www.iryou.teikyouseido.mhlw.go.jp/znk-web/juminkanja/S2430/initialize?prefCd=20&kikanCd=3206620230&kikanKbn=3", "url2": null, "内容": "柳町歯科医院【3:歯科】長野県長野市大字三輪１２４９－１２" }, "geometry": { "type": "Point", "coordinates": [ 138.200181, 36.654864 ] } },
{ "type": "Feature", "properties": { "ID": "2033206620360", "正式名称": "大門歯科クリニック", "機関区分": 3, "都道府県コード": 20, "市区町村コード": 201, "所在地": "長野県長野市大門町５１－１　柏与ビル３階", "緯度": 36.655447, "経度": 138.18771, "url": "https://www.iryou.teikyouseido.mhlw.go.jp/znk-web/juminkanja/S2430/initialize?prefCd=20&kikanCd=3206620360&kikanKbn=3", "url2": null, "内容": "大門歯科クリニック【3:歯科】長野県長野市大門町５１－１　柏与ビル３階" }, "geometry": { "type": "Point", "coordinates": [ 138.18771, 36.655447 ] } },
{ "type": "Feature", "properties": { "ID": "2033206620490", "正式名称": "旭ケ丘歯科クリニック", "機関区分": 3, "都道府県コード": 20, "市区町村コード": 207, "所在地": "長野県須坂市大字小河原２１１３－４", "緯度": 36.678781, "経度": 138.309615, "url": "https://www.iryou.teikyouseido.mhlw.go.jp/znk-web/juminkanja/S2430/initialize?prefCd=20&kikanCd=3206620490&kikanKbn=3", "url2": null, "内容": "旭ケ丘歯科クリニック【3:歯科】長野県須坂市大字小河原２１１３－４" }, "geometry": { "type": "Point", "coordinates": [ 138.309615, 36.678781 ] } },
{ "type": "Feature", "properties": { "ID": "2033206620810", "正式名称": "榑沼歯科医院", "機関区分": 3, "都道府県コード": 20, "市区町村コード": 218, "所在地": "長野県千曲市内川８０４－１", "緯度": 36.508824, "経度": 138.132888, "url": "https://www.iryou.teikyouseido.mhlw.go.jp/znk-web/juminkanja/S2430/initialize?prefCd=20&kikanCd=3206620810&kikanKbn=3", "url2": null, "内容": "榑沼歯科医院【3:歯科】長野県千曲市内川８０４－１" }, "geometry": { "type": "Point", "coordinates": [ 138.132888, 36.508824 ] } },
{ "type": "Feature", "properties": { "ID": "2033206620940", "正式名称": "馬場歯科医院", "機関区分": 3, "都道府県コード": 20, "市区町村コード": 201, "所在地": "長野県長野市稲里町中央３－３７－８", "緯度": 36.603564, "経度": 138.163214, "url": "https://www.iryou.teikyouseido.mhlw.go.jp/znk-web/juminkanja/S2430/initialize?prefCd=20&kikanCd=3206620940&kikanKbn=3", "url2": null, "内容": "馬場歯科医院【3:歯科】長野県長野市稲里町中央３－３７－８" }, "geometry": { "type": "Point", "coordinates": [ 138.163214, 36.603564 ] } },
{ "type": "Feature", "properties": { "ID": "2033206621370", "正式名称": "あかいけ歯科クリニック", "機関区分": 3, "都道府県コード": 20, "市区町村コード": 521, "所在地": "長野県埴科郡坂城町南条７０６３－１", "緯度": 36.427168, "経度": 138.192719, "url": "https://www.iryou.teikyouseido.mhlw.go.jp/znk-web/juminkanja/S2430/initialize?prefCd=20&kikanCd=3206621370&kikanKbn=3", "url2": "http://akaikedentalclinic.wixsite.com/home", "内容": "あかいけ歯科クリニック【3:歯科】長野県埴科郡坂城町南条７０６３－１" }, "geometry": { "type": "Point", "coordinates": [ 138.192719, 36.427168 ] } },
{ "type": "Feature", "properties": { "ID": "2033206621530", "正式名称": "高島歯科医院", "機関区分": 3, "都道府県コード": 20, "市区町村コード": 207, "所在地": "長野県須坂市南横町１５４７－１", "緯度": 36.651812, "経度": 138.305783, "url": "https://www.iryou.teikyouseido.mhlw.go.jp/znk-web/juminkanja/S2430/initialize?prefCd=20&kikanCd=3206621530&kikanKbn=3", "url2": null, "内容": "高島歯科医院【3:歯科】長野県須坂市南横町１５４７－１" }, "geometry": { "type": "Point", "coordinates": [ 138.305783, 36.651812 ] } },
{ "type": "Feature", "properties": { "ID": "2033206621660", "正式名称": "光希歯科医院", "機関区分": 3, "都道府県コード": 20, "市区町村コード": 207, "所在地": "長野県須坂市塩川町２５５３－２", "緯度": 36.654395, "経度": 138.294256, "url": "https://www.iryou.teikyouseido.mhlw.go.jp/znk-web/juminkanja/S2430/initialize?prefCd=20&kikanCd=3206621660&kikanKbn=3", "url2": "https://www.mikishika.net/", "内容": "光希歯科医院【3:歯科】長野県須坂市塩川町２５５３－２" }, "geometry": { "type": "Point", "coordinates": [ 138.294256, 36.654395 ] } },
{ "type": "Feature", "properties": { "ID": "2033206621820", "正式名称": "しおいり歯科医院", "機関区分": 3, "都道府県コード": 20, "市区町村コード": 218, "所在地": "長野県千曲市雨宮７４４－５", "緯度": 36.547625, "経度": 138.145913, "url": "https://www.iryou.teikyouseido.mhlw.go.jp/znk-web/juminkanja/S2430/initialize?prefCd=20&kikanCd=3206621820&kikanKbn=3", "url2": null, "内容": "しおいり歯科医院【3:歯科】長野県千曲市雨宮７４４－５" }, "geometry": { "type": "Point", "coordinates": [ 138.145913, 36.547625 ] } },
{ "type": "Feature", "properties": { "ID": "2033206621950", "正式名称": "医療法人信州口腔外科インプラントセンター", "機関区分": 3, "都道府県コード": 20, "市区町村コード": 541, "所在地": "長野県上高井郡小布施町小布施林２２４９－１", "緯度": 36.699223, "経度": 138.305615, "url": "https://www.iryou.teikyouseido.mhlw.go.jp/znk-web/juminkanja/S2430/initialize?prefCd=20&kikanCd=3206621950&kikanKbn=3", "url2": "https://www.sinshu-implant.com/", "内容": "医療法人信州口腔外科インプラントセンター【3:歯科】長野県上高井郡小布施町小布施林２２４９－１" }, "geometry": { "type": "Point", "coordinates": [ 138.305615, 36.699223 ] } },
{ "type": "Feature", "properties": { "ID": "2033206622090", "正式名称": "こみやま歯科医院", "機関区分": 3, "都道府県コード": 20, "市区町村コード": 218, "所在地": "長野県千曲市力石１３１２－７", "緯度": 36.464108, "経度": 138.161387, "url": "https://www.iryou.teikyouseido.mhlw.go.jp/znk-web/juminkanja/S2430/initialize?prefCd=20&kikanCd=3206622090&kikanKbn=3", "url2": "https://www.komishika.com", "内容": "こみやま歯科医院【3:歯科】長野県千曲市力石１３１２－７" }, "geometry": { "type": "Point", "coordinates": [ 138.161387, 36.464108 ] } },
{ "type": "Feature", "properties": { "ID": "2033206622250", "正式名称": "あらい歯科クリニック", "機関区分": 3, "都道府県コード": 20, "市区町村コード": 207, "所在地": "長野県須坂市臥竜４－７－２", "緯度": 36.643424, "経度": 138.318588, "url": "https://www.iryou.teikyouseido.mhlw.go.jp/znk-web/juminkanja/S2430/initialize?prefCd=20&kikanCd=3206622250&kikanKbn=3", "url2": "https://itp.ne.jp/info/203431738112741200/", "内容": "あらい歯科クリニック【3:歯科】長野県須坂市臥竜４－７－２" }, "geometry": { "type": "Point", "coordinates": [ 138.318588, 36.643424 ] } },
{ "type": "Feature", "properties": { "ID": "2033206622380", "正式名称": "中条歯科診療所", "機関区分": 3, "都道府県コード": 20, "市区町村コード": 201, "所在地": "長野県長野市中条２６２６", "緯度": 36.611809, "経度": 138.035975, "url": "https://www.iryou.teikyouseido.mhlw.go.jp/znk-web/juminkanja/S2430/initialize?prefCd=20&kikanCd=3206622380&kikanKbn=3", "url2": null, "内容": "中条歯科診療所【3:歯科】長野県長野市中条２６２６" }, "geometry": { "type": "Point", "coordinates": [ 138.035975, 36.611809 ] } },
{ "type": "Feature", "properties": { "ID": "2033206622410", "正式名称": "関歯科医院", "機関区分": 3, "都道府県コード": 20, "市区町村コード": 218, "所在地": "長野県千曲市粟佐１１３０－１", "緯度": 36.537515, "経度": 138.12061, "url": "https://www.iryou.teikyouseido.mhlw.go.jp/znk-web/juminkanja/S2430/initialize?prefCd=20&kikanCd=3206622410&kikanKbn=3", "url2": null, "内容": "関歯科医院【3:歯科】長野県千曲市粟佐１１３０－１" }, "geometry": { "type": "Point", "coordinates": [ 138.12061, 36.537515 ] } },
{ "type": "Feature", "properties": { "ID": "2033206623000", "正式名称": "野口歯科医院", "機関区分": 3, "都道府県コード": 20, "市区町村コード": 541, "所在地": "長野県上高井郡小布施町小布施１１２６－１", "緯度": 36.697328, "経度": 138.315278, "url": "https://www.iryou.teikyouseido.mhlw.go.jp/znk-web/juminkanja/S2430/initialize?prefCd=20&kikanCd=3206623000&kikanKbn=3", "url2": "http://aqua333.wixsite.com/noguchidc", "内容": "野口歯科医院【3:歯科】長野県上高井郡小布施町小布施１１２６－１" }, "geometry": { "type": "Point", "coordinates": [ 138.315278, 36.697328 ] } },
{ "type": "Feature", "properties": { "ID": "2033206623260", "正式名称": "今井歯科医院", "機関区分": 3, "都道府県コード": 20, "市区町村コード": 588, "所在地": "長野県上水内郡小川村高府１３２７８", "緯度": 36.618275, "経度": 137.968594, "url": "https://www.iryou.teikyouseido.mhlw.go.jp/znk-web/juminkanja/S2430/initialize?prefCd=20&kikanCd=3206623260&kikanKbn=3", "url2": null, "内容": "今井歯科医院【3:歯科】長野県上水内郡小川村高府１３２７８" }, "geometry": { "type": "Point", "coordinates": [ 137.968594, 36.618275 ] } },
{ "type": "Feature", "properties": { "ID": "2033206623390", "正式名称": "こだま歯科医院", "機関区分": 3, "都道府県コード": 20, "市区町村コード": 583, "所在地": "長野県上水内郡信濃町柏原２４３４－１", "緯度": 36.809983, "経度": 138.200614, "url": "https://www.iryou.teikyouseido.mhlw.go.jp/znk-web/juminkanja/S2430/initialize?prefCd=20&kikanCd=3206623390&kikanKbn=3", "url2": null, "内容": "こだま歯科医院【3:歯科】長野県上水内郡信濃町柏原２４３４－１" }, "geometry": { "type": "Point", "coordinates": [ 138.200614, 36.809983 ] } },
{ "type": "Feature", "properties": { "ID": "2033206623420", "正式名称": "若林歯科", "機関区分": 3, "都道府県コード": 20, "市区町村コード": 218, "所在地": "長野県千曲市杭瀬下５０", "緯度": 36.530999, "経度": 138.122107, "url": "https://www.iryou.teikyouseido.mhlw.go.jp/znk-web/juminkanja/S2430/initialize?prefCd=20&kikanCd=3206623420&kikanKbn=3", "url2": "https://wakabayashidental.jp", "内容": "若林歯科【3:歯科】長野県千曲市杭瀬下５０" }, "geometry": { "type": "Point", "coordinates": [ 138.122107, 36.530999 ] } },
{ "type": "Feature", "properties": { "ID": "2033206623550", "正式名称": "土屋歯科医院", "機関区分": 3, "都道府県コード": 20, "市区町村コード": 541, "所在地": "長野県上高井郡小布施町小布施９３０番２２", "緯度": 36.693053, "経度": 138.315011, "url": "https://www.iryou.teikyouseido.mhlw.go.jp/znk-web/juminkanja/S2430/initialize?prefCd=20&kikanCd=3206623550&kikanKbn=3", "url2": null, "内容": "土屋歯科医院【3:歯科】長野県上高井郡小布施町小布施９３０番２２" }, "geometry": { "type": "Point", "coordinates": [ 138.315011, 36.693053 ] } },
{ "type": "Feature", "properties": { "ID": "2033206623680", "正式名称": "すざか歯科クリニック", "機関区分": 3, "都道府県コード": 20, "市区町村コード": 207, "所在地": "長野県須坂市大字須坂字新町６０８番地１", "緯度": 36.656259, "経度": 138.310584, "url": "https://www.iryou.teikyouseido.mhlw.go.jp/znk-web/juminkanja/S2430/initialize?prefCd=20&kikanCd=3206623680&kikanKbn=3", "url2": null, "内容": "すざか歯科クリニック【3:歯科】長野県須坂市大字須坂字新町６０８番地１" }, "geometry": { "type": "Point", "coordinates": [ 138.310584, 36.656259 ] } },
{ "type": "Feature", "properties": { "ID": "2033206623710", "正式名称": "渡辺歯科医院", "機関区分": 3, "都道府県コード": 20, "市区町村コード": 218, "所在地": "長野県千曲市稲荷山１０７７－１", "緯度": 36.530294, "経度": 138.100011, "url": "https://www.iryou.teikyouseido.mhlw.go.jp/znk-web/juminkanja/S2430/initialize?prefCd=20&kikanCd=3206623710&kikanKbn=3", "url2": "http://chikumashi-watanabeshika.com/", "内容": "渡辺歯科医院【3:歯科】長野県千曲市稲荷山１０７７－１" }, "geometry": { "type": "Point", "coordinates": [ 138.100011, 36.530294 ] } },
{ "type": "Feature", "properties": { "ID": "2033206623840", "正式名称": "つかだ歯科クリニック", "機関区分": 3, "都道府県コード": 20, "市区町村コード": 521, "所在地": "長野県埴科郡坂城町坂城６７６５", "緯度": 36.460836, "経度": 138.189246, "url": "https://www.iryou.teikyouseido.mhlw.go.jp/znk-web/juminkanja/S2430/initialize?prefCd=20&kikanCd=3206623840&kikanKbn=3", "url2": "https://www.tsukada-dental.com/", "内容": "つかだ歯科クリニック【3:歯科】長野県埴科郡坂城町坂城６７６５" }, "geometry": { "type": "Point", "coordinates": [ 138.189246, 36.460836 ] } },
{ "type": "Feature", "properties": { "ID": "2033206623970", "正式名称": "滝沢歯科医院", "機関区分": 3, "都道府県コード": 20, "市区町村コード": 218, "所在地": "長野県千曲市粟佐１２９１", "緯度": 36.535392, "経度": 138.120233, "url": "https://www.iryou.teikyouseido.mhlw.go.jp/znk-web/juminkanja/S2430/initialize?prefCd=20&kikanCd=3206623970&kikanKbn=3", "url2": null, "内容": "滝沢歯科医院【3:歯科】長野県千曲市粟佐１２９１" }, "geometry": { "type": "Point", "coordinates": [ 138.120233, 36.535392 ] } },
{ "type": "Feature", "properties": { "ID": "2033206624010", "正式名称": "Ｋｏｂａｙａｓｈｉ　Ｄｅｎｔａｌ　Ｃｌｉｎｉｃ", "機関区分": 3, "都道府県コード": 20, "市区町村コード": 207, "所在地": "長野県須坂市中島町９３１番地", "緯度": 36.65428, "経度": 138.27797, "url": "https://www.iryou.teikyouseido.mhlw.go.jp/znk-web/juminkanja/S2430/initialize?prefCd=20&kikanCd=3206624010&kikanKbn=3", "url2": null, "内容": "Ｋｏｂａｙａｓｈｉ　Ｄｅｎｔａｌ　Ｃｌｉｎｉｃ【3:歯科】長野県須坂市中島町９３１番地" }, "geometry": { "type": "Point", "coordinates": [ 138.27797, 36.65428 ] } },
{ "type": "Feature", "properties": { "ID": "2033206624140", "正式名称": "小川村国民健康保険直営歯科診療所", "機関区分": 3, "都道府県コード": 20, "市区町村コード": 588, "所在地": "長野県上水内郡小川村大字高府１３５５０番地", "緯度": 36.616794, "経度": 137.964731, "url": "https://www.iryou.teikyouseido.mhlw.go.jp/znk-web/juminkanja/S2430/initialize?prefCd=20&kikanCd=3206624140&kikanKbn=3", "url2": null, "内容": "小川村国民健康保険直営歯科診療所【3:歯科】長野県上水内郡小川村大字高府１３５５０番地" }, "geometry": { "type": "Point", "coordinates": [ 137.964731, 36.616794 ] } },
{ "type": "Feature", "properties": { "ID": "2033206624270", "正式名称": "須坂たんぽぽ歯科クリニック", "機関区分": 3, "都道府県コード": 20, "市区町村コード": 207, "所在地": "長野県須坂市大字福島３８６番地１イオンモール須坂２階", "緯度": 36.643339, "経度": 138.267101, "url": "https://www.iryou.teikyouseido.mhlw.go.jp/znk-web/juminkanja/S2430/initialize?prefCd=20&kikanCd=3206624270&kikanKbn=3", "url2": null, "内容": "須坂たんぽぽ歯科クリニック【3:歯科】長野県須坂市大字福島３８６番地１イオンモール須坂２階" }, "geometry": { "type": "Point", "coordinates": [ 138.267101, 36.643339 ] } },
{ "type": "Feature", "properties": { "ID": "2033206701100", "正式名称": "栄村国民健康保険　栄村歯科診療所", "機関区分": 3, "都道府県コード": 20, "市区町村コード": 602, "所在地": "長野県下水内郡栄村北信３６０２－１", "緯度": 36.98878, "経度": 138.576635, "url": "https://www.iryou.teikyouseido.mhlw.go.jp/znk-web/juminkanja/S2430/initialize?prefCd=20&kikanCd=3206701100&kikanKbn=3", "url2": null, "内容": "栄村国民健康保険　栄村歯科診療所【3:歯科】長野県下水内郡栄村北信３６０２－１" }, "geometry": { "type": "Point", "coordinates": [ 138.576635, 36.98878 ] } },
{ "type": "Feature", "properties": { "ID": "2033206701650", "正式名称": "横田歯科医院", "機関区分": 3, "都道府県コード": 20, "市区町村コード": 213, "所在地": "長野県飯山市飯山２４２－５", "緯度": 36.845402, "経度": 138.360715, "url": "https://www.iryou.teikyouseido.mhlw.go.jp/znk-web/juminkanja/S2430/initialize?prefCd=20&kikanCd=3206701650&kikanKbn=3", "url2": null, "内容": "横田歯科医院【3:歯科】長野県飯山市飯山２４２－５" }, "geometry": { "type": "Point", "coordinates": [ 138.360715, 36.845402 ] } },
{ "type": "Feature", "properties": { "ID": "2033206701780", "正式名称": "芳川歯科医院", "機関区分": 3, "都道府県コード": 20, "市区町村コード": 562, "所在地": "長野県下高井郡木島平村大字穂高字清水２９８５－３", "緯度": 36.861013, "経度": 138.405516, "url": "https://www.iryou.teikyouseido.mhlw.go.jp/znk-web/juminkanja/S2430/initialize?prefCd=20&kikanCd=3206701780&kikanKbn=3", "url2": null, "内容": "芳川歯科医院【3:歯科】長野県下高井郡木島平村大字穂高字清水２９８５－３" }, "geometry": { "type": "Point", "coordinates": [ 138.405516, 36.861013 ] } },
{ "type": "Feature", "properties": { "ID": "2033206701940", "正式名称": "内山歯科クリニック", "機関区分": 3, "都道府県コード": 20, "市区町村コード": 213, "所在地": "長野県飯山市飯山２７７５", "緯度": 36.857484, "経度": 138.365742, "url": "https://www.iryou.teikyouseido.mhlw.go.jp/znk-web/juminkanja/S2430/initialize?prefCd=20&kikanCd=3206701940&kikanKbn=3", "url2": null, "内容": "内山歯科クリニック【3:歯科】長野県飯山市飯山２７７５" }, "geometry": { "type": "Point", "coordinates": [ 138.365742, 36.857484 ] } },
{ "type": "Feature", "properties": { "ID": "2033206800120", "正式名称": "夏目歯科医院", "機関区分": 3, "都道府県コード": 20, "市区町村コード": 211, "所在地": "長野県中野市小田中５３６－１１", "緯度": 36.736943, "経度": 138.371941, "url": "https://www.iryou.teikyouseido.mhlw.go.jp/znk-web/juminkanja/S2430/initialize?prefCd=20&kikanCd=3206800120&kikanKbn=3", "url2": null, "内容": "夏目歯科医院【3:歯科】長野県中野市小田中５３６－１１" }, "geometry": { "type": "Point", "coordinates": [ 138.371941, 36.736943 ] } },
{ "type": "Feature", "properties": { "ID": "2033206800250", "正式名称": "ふじまき歯科", "機関区分": 3, "都道府県コード": 20, "市区町村コード": 213, "所在地": "長野県飯山市照里１２１４－８", "緯度": 36.918117, "経度": 138.392432, "url": "https://www.iryou.teikyouseido.mhlw.go.jp/znk-web/juminkanja/S2430/initialize?prefCd=20&kikanCd=3206800250&kikanKbn=3", "url2": null, "内容": "ふじまき歯科【3:歯科】長野県飯山市照里１２１４－８" }, "geometry": { "type": "Point", "coordinates": [ 138.392432, 36.918117 ] } },
{ "type": "Feature", "properties": { "ID": "2033206800540", "正式名称": "平井歯科医院", "機関区分": 3, "都道府県コード": 20, "市区町村コード": 213, "所在地": "長野県飯山市飯山２６００－２", "緯度": 36.859734, "経度": 138.364436, "url": "https://www.iryou.teikyouseido.mhlw.go.jp/znk-web/juminkanja/S2430/initialize?prefCd=20&kikanCd=3206800540&kikanKbn=3", "url2": null, "内容": "平井歯科医院【3:歯科】長野県飯山市飯山２６００－２" }, "geometry": { "type": "Point", "coordinates": [ 138.364436, 36.859734 ] } },
{ "type": "Feature", "properties": { "ID": "2033206800700", "正式名称": "岸歯科医院", "機関区分": 3, "都道府県コード": 20, "市区町村コード": 213, "所在地": "長野県飯山市飯山１３８－３", "緯度": 36.844652, "経度": 138.362909, "url": "https://www.iryou.teikyouseido.mhlw.go.jp/znk-web/juminkanja/S2430/initialize?prefCd=20&kikanCd=3206800700&kikanKbn=3", "url2": null, "内容": "岸歯科医院【3:歯科】長野県飯山市飯山１３８－３" }, "geometry": { "type": "Point", "coordinates": [ 138.362909, 36.844652 ] } },
{ "type": "Feature", "properties": { "ID": "2033206800830", "正式名称": "栗山歯科診療所", "機関区分": 3, "都道府県コード": 20, "市区町村コード": 213, "所在地": "長野県飯山市飯山２２６５－１", "緯度": 36.853179, "経度": 138.365187, "url": "https://www.iryou.teikyouseido.mhlw.go.jp/znk-web/juminkanja/S2430/initialize?prefCd=20&kikanCd=3206800830&kikanKbn=3", "url2": null, "内容": "栗山歯科診療所【3:歯科】長野県飯山市飯山２２６５－１" }, "geometry": { "type": "Point", "coordinates": [ 138.365187, 36.853179 ] } },
{ "type": "Feature", "properties": { "ID": "2033206800960", "正式名称": "すばる歯科クリニック", "機関区分": 3, "都道府県コード": 20, "市区町村コード": 211, "所在地": "長野県中野市西条６２７－１", "緯度": 36.739859, "経度": 138.361719, "url": "https://www.iryou.teikyouseido.mhlw.go.jp/znk-web/juminkanja/S2430/initialize?prefCd=20&kikanCd=3206800960&kikanKbn=3", "url2": null, "内容": "すばる歯科クリニック【3:歯科】長野県中野市西条６２７－１" }, "geometry": { "type": "Point", "coordinates": [ 138.361719, 36.739859 ] } },
{ "type": "Feature", "properties": { "ID": "2033206801000", "正式名称": "延徳歯科医院", "機関区分": 3, "都道府県コード": 20, "市区町村コード": 211, "所在地": "長野県中野市篠井７７－５", "緯度": 36.724249, "経度": 138.352915, "url": "https://www.iryou.teikyouseido.mhlw.go.jp/znk-web/juminkanja/S2430/initialize?prefCd=20&kikanCd=3206801000&kikanKbn=3", "url2": "https://www.entoku-dental.com", "内容": "延徳歯科医院【3:歯科】長野県中野市篠井７７－５" }, "geometry": { "type": "Point", "coordinates": [ 138.352915, 36.724249 ] } },
{ "type": "Feature", "properties": { "ID": "2033206801550", "正式名称": "丸山歯科医院", "機関区分": 3, "都道府県コード": 20, "市区町村コード": 211, "所在地": "長野県中野市草間１３６６－４", "緯度": 36.741263, "経度": 138.324561, "url": "https://www.iryou.teikyouseido.mhlw.go.jp/znk-web/juminkanja/S2430/initialize?prefCd=20&kikanCd=3206801550&kikanKbn=3", "url2": null, "内容": "丸山歯科医院【3:歯科】長野県中野市草間１３６６－４" }, "geometry": { "type": "Point", "coordinates": [ 138.324561, 36.741263 ] } }
]
}
