{
"type": "FeatureCollection",
"name": "geo_20_居宅介護支援",
"crs": { "type": "name", "properties": { "name": "urn:ogc:def:crs:OGC:1.3:CRS84" } },
"features": [
{ "type": "Feature", "properties": { "内容": "鍋林長野居宅介護支援事業所【居宅介護支援】長野県長野市アークス1番14号", "url": "https://www.kaigokensaku.mhlw.go.jp/20/index.php?action_kouhyou_detail_004_kani=true&JigyosyoCd=2070106907-00&ServiceCd=430&Type=search", "url2": "www.nabelin.co.jp" }, "geometry": { "type": "Point", "coordinates": [ 138.196293200000014, 36.6250307 ] } },
{ "type": "Feature", "properties": { "内容": "株式会社ジェイハート居宅介護支援事業所【居宅介護支援】長野県長野市吉田3-16-13", "url": "https://www.kaigokensaku.mhlw.go.jp/20/index.php?action_kouhyou_detail_004_kani=true&JigyosyoCd=2070103201-00&ServiceCd=430&Type=search", "url2": "http://ｊ-heart.life.coocan.jp" }, "geometry": { "type": "Point", "coordinates": [ 138.218579200000022, 36.668275 ] } },
{ "type": "Feature", "properties": { "内容": "居宅介護支援事業所　ライズ【居宅介護支援】長野県長野市大字南長野南県町656", "url": "https://www.kaigokensaku.mhlw.go.jp/20/index.php?action_kouhyou_detail_004_kani=true&JigyosyoCd=2070107970-00&ServiceCd=430&Type=search", "url2": null }, "geometry": { "type": "Point", "coordinates": [ 138.1838736, 36.6504005 ] } },
{ "type": "Feature", "properties": { "内容": "居宅介護支援事業所ウエルフェアコスモス【居宅介護支援】長野県長野市大字安茂里伊1783番地17", "url": "https://www.kaigokensaku.mhlw.go.jp/20/index.php?action_kouhyou_detail_004_kani=true&JigyosyoCd=2070105297-00&ServiceCd=430&Type=search", "url2": "www.cosmosnet.or.jp" }, "geometry": { "type": "Point", "coordinates": [ 138.172484073988358, 36.635686578036974 ] } },
{ "type": "Feature", "properties": { "内容": "ふれあい介護サービスセンター居宅介護支援事業所【居宅介護支援】長野県長野市大字鶴賀緑町１７１４番地５長野市ふれあい福祉センター3F", "url": "https://www.kaigokensaku.mhlw.go.jp/20/index.php?action_kouhyou_detail_004_kani=true&JigyosyoCd=2070100157-00&ServiceCd=430&Type=search", "url2": "http://www.csw-naganocity.or.jp/kaigo/care.htm" }, "geometry": { "type": "Point", "coordinates": [ 138.196012399999972, 36.648608 ] } },
{ "type": "Feature", "properties": { "内容": "吉田介護サービスセンター居宅介護支援事業所【居宅介護支援】長野県長野市吉田3丁目22－41ノルテながの", "url": "https://www.kaigokensaku.mhlw.go.jp/20/index.php?action_kouhyou_detail_004_kani=true&JigyosyoCd=2070101999-00&ServiceCd=430&Type=search", "url2": "http://www.csw-naganocity.or.jp/kaigo/care.htm" }, "geometry": { "type": "Point", "coordinates": [ 138.221614526319854, 36.667112691882885 ] } },
{ "type": "Feature", "properties": { "内容": "ツクイ長野【居宅介護支援】長野県長野市風間字巾下１７５６-１", "url": "https://www.kaigokensaku.mhlw.go.jp/20/index.php?action_kouhyou_detail_004_kani=true&JigyosyoCd=2070100835-00&ServiceCd=430&Type=search", "url2": "http://www.tsukui.net" }, "geometry": { "type": "Point", "coordinates": [ 138.228076852453569, 36.636512301240707 ] } },
{ "type": "Feature", "properties": { "内容": "こうほく介護支援センター【居宅介護支援】長野県長野市稲里町下氷鉋682番地", "url": "https://www.kaigokensaku.mhlw.go.jp/20/index.php?action_kouhyou_detail_004_kani=true&JigyosyoCd=2070100074-00&ServiceCd=430&Type=search", "url2": "http://www.asahi-kouhoku.com/" }, "geometry": { "type": "Point", "coordinates": [ 138.175868437434389, 36.60773539327743 ] } },
{ "type": "Feature", "properties": { "内容": "居宅介護支援事業所ケアプラザわかほ【居宅介護支援】長野県長野市若穂綿内６４３４番", "url": "https://www.kaigokensaku.mhlw.go.jp/20/index.php?action_kouhyou_detail_004_kani=true&JigyosyoCd=2070101072-00&ServiceCd=430&Type=search", "url2": "http://zenkouji-df.com/" }, "geometry": { "type": "Point", "coordinates": [ 138.260051299999986, 36.6270247 ] } },
{ "type": "Feature", "properties": { "内容": "居宅介護支援事業所すめらぎ【居宅介護支援】長野県長野市中条住良木８２９１番地１", "url": "https://www.kaigokensaku.mhlw.go.jp/20/index.php?action_kouhyou_detail_004_kani=true&JigyosyoCd=2070106204-00&ServiceCd=430&Type=search", "url2": null }, "geometry": { "type": "Point", "coordinates": [ 138.013400700000034, 36.6053826 ] } },
{ "type": "Feature", "properties": { "内容": "アイム在宅ケアセンター長野北【居宅介護支援】長野県長野市三輪８丁目51-36", "url": "https://www.kaigokensaku.mhlw.go.jp/20/index.php?action_kouhyou_detail_004_kani=true&JigyosyoCd=2070103763-00&ServiceCd=430&Type=search", "url2": "https://www.aim-nagano.com" }, "geometry": { "type": "Point", "coordinates": [ 138.203236599999968, 36.667122 ] } },
{ "type": "Feature", "properties": { "内容": "居宅介護支援事業所むすびの森【居宅介護支援】長野県長野市川中島町御厨1070番地13", "url": "https://www.kaigokensaku.mhlw.go.jp/20/index.php?action_kouhyou_detail_004_kani=true&JigyosyoCd=2070107749-00&ServiceCd=430&Type=search", "url2": "http://musubi-houmon.ikeda-kk.com/" }, "geometry": { "type": "Point", "coordinates": [ 138.158410397676704, 36.591362966852451 ] } },
{ "type": "Feature", "properties": { "内容": "アイム在宅ケアセンター長野【居宅介護支援】長野市長野市川中島町今井1688-5", "url": "https://www.kaigokensaku.mhlw.go.jp/20/index.php?action_kouhyou_detail_004_kani=true&JigyosyoCd=2070103771-00&ServiceCd=430&Type=search", "url2": "https://www.aim-nagano.com" }, "geometry": { "type": "Point", "coordinates": [ 138.153540738960885, 36.595555077034881 ] } },
{ "type": "Feature", "properties": { "内容": "居宅介護支援事業所光和【居宅介護支援】長野県長野市大字三輪1317-10", "url": "https://www.kaigokensaku.mhlw.go.jp/20/index.php?action_kouhyou_detail_004_kani=true&JigyosyoCd=2070107103-00&ServiceCd=430&Type=search", "url2": "http://kowa-fukushi.or.jp/" }, "geometry": { "type": "Point", "coordinates": [ 138.192545088360561, 36.655374221336722 ] } },
{ "type": "Feature", "properties": { "内容": "居宅介護支援事業所　コスモスプラネット稲里【居宅介護支援】長野県長野市稲里町中央1丁目15番1号コスモスプラネット稲里", "url": "https://www.kaigokensaku.mhlw.go.jp/20/index.php?action_kouhyou_detail_004_kani=true&JigyosyoCd=2070107160-00&ServiceCd=430&Type=search", "url2": "http://cosmosnet.or.jp/index.php" }, "geometry": { "type": "Point", "coordinates": [ 138.171965499999942, 36.6056613 ] } },
{ "type": "Feature", "properties": { "内容": "居宅介護支援事業所手と手【居宅介護支援】長野県長野市若槻団地３番地１７", "url": "https://www.kaigokensaku.mhlw.go.jp/20/index.php?action_kouhyou_detail_004_kani=true&JigyosyoCd=2070102906-00&ServiceCd=430&Type=search", "url2": null }, "geometry": { "type": "Point", "coordinates": [ 138.21565140000007, 36.682737 ] } },
{ "type": "Feature", "properties": { "内容": "福祉相談センターかがやき【居宅介護支援】長野県長野市南長池761番地３", "url": "https://www.kaigokensaku.mhlw.go.jp/20/index.php?action_kouhyou_detail_004_kani=true&JigyosyoCd=2070102468-00&ServiceCd=430&Type=search", "url2": "http://www.nagano-koureikyo.jp/" }, "geometry": { "type": "Point", "coordinates": [ 138.228033500000038, 36.6434937 ] } },
{ "type": "Feature", "properties": { "内容": "やさしい手長野高田居宅介護支援事業所【居宅介護支援】長野県長野市大字高田65番地1グランドマストやさしえ長野", "url": "https://www.kaigokensaku.mhlw.go.jp/20/index.php?action_kouhyou_detail_004_kani=true&JigyosyoCd=2070106212-00&ServiceCd=430&Type=search", "url2": "http://www.yasashiite.com/subdomains/section/256/" }, "geometry": { "type": "Point", "coordinates": [ 138.205397400000038, 36.6516107 ] } },
{ "type": "Feature", "properties": { "内容": "居宅介護支援事業所　篠ノ井総合病院【居宅介護支援】長野県長野市篠ノ井会６６６番地１", "url": "https://www.kaigokensaku.mhlw.go.jp/20/index.php?action_kouhyou_detail_004_kani=true&JigyosyoCd=2070100124-00&ServiceCd=430&Type=search", "url2": "http://www.shinonoi-ghp.jp/" }, "geometry": { "type": "Point", "coordinates": [ 138.149172261901867, 36.574827246113379 ] } },
{ "type": "Feature", "properties": { "内容": "指定居宅介護支援事業所ライフデザイン【居宅介護支援】長野県長野市大字高田1029-1", "url": "https://www.kaigokensaku.mhlw.go.jp/20/index.php?action_kouhyou_detail_004_kani=true&JigyosyoCd=2070102476-00&ServiceCd=430&Type=search", "url2": "http://ldcenter.org" }, "geometry": { "type": "Point", "coordinates": [ 138.202833200477613, 36.642048370997252 ] } },
{ "type": "Feature", "properties": { "内容": "中条介護サービスセンター居宅介護支援事業所【居宅介護支援】長野県長野市中条日高3964番地2", "url": "https://www.kaigokensaku.mhlw.go.jp/20/index.php?action_kouhyou_detail_004_kani=true&JigyosyoCd=2070104373-00&ServiceCd=430&Type=search", "url2": "http://www.csw-naganocity.or.jp/kaigo/care.htm" }, "geometry": { "type": "Point", "coordinates": [ 138.040731100000016, 36.6120576 ] } },
{ "type": "Feature", "properties": { "内容": "若槻ホームケアプランセンター【居宅介護支援】長野県長野市上野１丁目１４６２－１", "url": "https://www.kaigokensaku.mhlw.go.jp/20/index.php?action_kouhyou_detail_004_kani=true&JigyosyoCd=2070101411-00&ServiceCd=430&Type=search", "url2": null }, "geometry": { "type": "Point", "coordinates": [ 138.226572667983987, 36.692255364236843 ] } },
{ "type": "Feature", "properties": { "内容": "ケアプランセンター川中島【居宅介護支援】長野県長野市川中島町原１５２－６", "url": "https://www.kaigokensaku.mhlw.go.jp/20/index.php?action_kouhyou_detail_004_kani=true&JigyosyoCd=2070105586-00&ServiceCd=430&Type=search", "url2": null }, "geometry": { "type": "Point", "coordinates": [ 138.147363499999983, 36.589044 ] } },
{ "type": "Feature", "properties": { "内容": "豊野介護サービスセンター居宅介護支援事業所【居宅介護支援】長野県長野市豊野町豊野655番地5", "url": "https://www.kaigokensaku.mhlw.go.jp/20/index.php?action_kouhyou_detail_004_kani=true&JigyosyoCd=2073400018-00&ServiceCd=430&Type=search", "url2": "http://www.csw-naganocity.or.jp/kaigo/care.htm" }, "geometry": { "type": "Point", "coordinates": [ 138.2832436, 36.7113977 ] } },
{ "type": "Feature", "properties": { "内容": "医療法人平成会小島病院居宅介護支援事業所【居宅介護支援】長野県長野市若里5丁目8番6号", "url": "https://www.kaigokensaku.mhlw.go.jp/20/index.php?action_kouhyou_detail_004_kani=true&JigyosyoCd=2070106758-00&ServiceCd=430&Type=search", "url2": "http://kojima-hosp.or.jp" }, "geometry": { "type": "Point", "coordinates": [ 138.185664499999973, 36.628327 ] } },
{ "type": "Feature", "properties": { "内容": "訪問看護ステーションりんご【居宅介護支援】長野県長野市篠ノ井小松原２３６０", "url": "https://www.kaigokensaku.mhlw.go.jp/20/index.php?action_kouhyou_detail_004_kani=true&JigyosyoCd=2060190135-00&ServiceCd=430&Type=search", "url2": null }, "geometry": { "type": "Point", "coordinates": [ 138.131047800000033, 36.6062752 ] } },
{ "type": "Feature", "properties": { "内容": "ケアマネセンター　レインボー【居宅介護支援】長野県長野市大字吉１８２７番地１", "url": "https://www.kaigokensaku.mhlw.go.jp/20/index.php?action_kouhyou_detail_004_kani=true&JigyosyoCd=2070104431-00&ServiceCd=430&Type=search", "url2": "http://harmony-rainbow.main.jp/" }, "geometry": { "type": "Point", "coordinates": [ 138.240710900000039, 36.6992447 ] } },
{ "type": "Feature", "properties": { "内容": "三陽介護サービスセンター居宅介護支援事業所【居宅介護支援】長野県長野市西尾張部1124－6", "url": "https://www.kaigokensaku.mhlw.go.jp/20/index.php?action_kouhyou_detail_004_kani=true&JigyosyoCd=2070105784-00&ServiceCd=430&Type=search", "url2": "http://www.csw-naganocity.or.jp/kaigo/care.htm" }, "geometry": { "type": "Point", "coordinates": [ 138.230558200000019, 36.6469348 ] } },
{ "type": "Feature", "properties": { "内容": "燦倶楽部【居宅介護支援】長野県長野市安茂里小路１４５５番地１太田アパートＢ棟", "url": "https://www.kaigokensaku.mhlw.go.jp/20/index.php?action_kouhyou_detail_004_kani=true&JigyosyoCd=2070106345-00&ServiceCd=430&Type=search", "url2": "http://www.tikifuku-nagano.jp" }, "geometry": { "type": "Point", "coordinates": [ 138.165296, 36.6340701 ] } },
{ "type": "Feature", "properties": { "内容": "グリーンヒル【居宅介護支援】長野県長野市篠ノ井布施五明1973番地", "url": "https://www.kaigokensaku.mhlw.go.jp/20/index.php?action_kouhyou_detail_004_kani=true&JigyosyoCd=2070100280-00&ServiceCd=430&Type=search", "url2": null }, "geometry": { "type": "Point", "coordinates": [ 138.11700129999997, 36.574075 ] } },
{ "type": "Feature", "properties": { "内容": "賛育会豊野居宅介護支援事業所【居宅介護支援】長野県長野市豊野町豊野６５９－１（介護老人福祉施設豊野清風園）", "url": "https://www.kaigokensaku.mhlw.go.jp/20/index.php?action_kouhyou_detail_004_kani=true&JigyosyoCd=2073400133-00&ServiceCd=430&Type=search", "url2": "https://www.san-ikukai.or.jp" }, "geometry": { "type": "Point", "coordinates": [ 138.28300749999994, 36.7111144 ] } },
{ "type": "Feature", "properties": { "内容": "フランセーズ悠居宅介護支援事業所【居宅介護支援】長野県長野市吉田４－１９－3", "url": "https://www.kaigokensaku.mhlw.go.jp/20/index.php?action_kouhyou_detail_004_kani=true&JigyosyoCd=2070101445-00&ServiceCd=430&Type=search", "url2": "http://www.hakuyukai.com/" }, "geometry": { "type": "Point", "coordinates": [ 138.2306946, 36.6673922 ] } },
{ "type": "Feature", "properties": { "内容": "あさひ介護支援センター【居宅介護支援】長野県長野市高田1130-1", "url": "https://www.kaigokensaku.mhlw.go.jp/20/index.php?action_kouhyou_detail_004_kani=true&JigyosyoCd=2070102245-00&ServiceCd=430&Type=search", "url2": "http://www.asahi-fukusi.jp" }, "geometry": { "type": "Point", "coordinates": [ 138.207755499999962, 36.6413736 ] } },
{ "type": "Feature", "properties": { "内容": "居宅介護支援事業所コスモスプラネット篠ノ井【居宅介護支援】長野県長野市篠ノ井会614-1", "url": "https://www.kaigokensaku.mhlw.go.jp/20/index.php?action_kouhyou_detail_004_kani=true&JigyosyoCd=2070105131-00&ServiceCd=430&Type=search", "url2": null }, "geometry": { "type": "Point", "coordinates": [ 138.150956205557236, 36.57037287941445 ] } },
{ "type": "Feature", "properties": { "内容": "居宅介護支援事業所朝日山【居宅介護支援】長野県長野市大字安茂里1535番地1", "url": "https://www.kaigokensaku.mhlw.go.jp/20/index.php?action_kouhyou_detail_004_kani=true&JigyosyoCd=2070107061-00&ServiceCd=430&Type=search", "url2": null }, "geometry": { "type": "Point", "coordinates": [ 138.162391325400023, 36.631385163348767 ] } },
{ "type": "Feature", "properties": { "内容": "在宅介護支援室　あすか【居宅介護支援】長野県長野市南堀639番地", "url": "https://www.kaigokensaku.mhlw.go.jp/20/index.php?action_kouhyou_detail_004_kani=true&JigyosyoCd=2070105115-00&ServiceCd=430&Type=search", "url2": null }, "geometry": { "type": "Point", "coordinates": [ 138.2346748, 36.6674534 ] } },
{ "type": "Feature", "properties": { "内容": "安茂里介護サービスセンター居宅介護支援事業所【居宅介護支援】長野県長野市大字安茂里1775番地安茂里老人福祉センター　2階", "url": "https://www.kaigokensaku.mhlw.go.jp/20/index.php?action_kouhyou_detail_004_kani=true&JigyosyoCd=2070101114-00&ServiceCd=430&Type=search", "url2": "http://www.csw-naganocity.or.jp/kaigo/care.htm" }, "geometry": { "type": "Point", "coordinates": [ 138.172123100000022, 36.6372227 ] } },
{ "type": "Feature", "properties": { "内容": "株式会社ケアネット長野サービスセンター北長池【居宅介護支援】長野県長野市大字北長池1242-1", "url": "https://www.kaigokensaku.mhlw.go.jp/20/index.php?action_kouhyou_detail_004_kani=true&JigyosyoCd=2070107186-00&ServiceCd=430&Type=search", "url2": "carenet.fujitsu.com" }, "geometry": { "type": "Point", "coordinates": [ 138.24611219999997, 36.6566869 ] } },
{ "type": "Feature", "properties": { "内容": "居宅介護支援事業所コスモス【居宅介護支援】長野県長野市小島田町４４９番地", "url": "https://www.kaigokensaku.mhlw.go.jp/20/index.php?action_kouhyou_detail_004_kani=true&JigyosyoCd=2070100231-00&ServiceCd=430&Type=search", "url2": "http://cosmosnet.or.jp/guide/zaitaku/index.html#link05" }, "geometry": { "type": "Point", "coordinates": [ 138.1810597, 36.5954945 ] } },
{ "type": "Feature", "properties": { "内容": "居宅介護支援センターサンビラかわなかじま【居宅介護支援】長野県長野市川中島町今里６０８－１", "url": "https://www.kaigokensaku.mhlw.go.jp/20/index.php?action_kouhyou_detail_004_kani=true&JigyosyoCd=2070103359-00&ServiceCd=430&Type=search", "url2": "http://sunvilla.or.jp/" }, "geometry": { "type": "Point", "coordinates": [ 138.1481096, 36.6105558 ] } },
{ "type": "Feature", "properties": { "内容": "さくらえちょう敬老園居宅介護支援事業所【居宅介護支援】長野県長野市桜枝町823－1", "url": "https://www.kaigokensaku.mhlw.go.jp/20/index.php?action_kouhyou_detail_004_kani=true&JigyosyoCd=2070102088-00&ServiceCd=430&Type=search", "url2": "http://www.keiroen.or.jp/keiroen/html/shisetu/sakuraecyo.htm" }, "geometry": { "type": "Point", "coordinates": [ 138.184863700000051, 36.6588782 ] } },
{ "type": "Feature", "properties": { "内容": "みなみながの居宅介護支援事業所【居宅介護支援】長野県長野市篠ノ井東福寺字上庭1405-1", "url": "https://www.kaigokensaku.mhlw.go.jp/20/index.php?action_kouhyou_detail_004_kani=true&JigyosyoCd=2070105248-00&ServiceCd=430&Type=search", "url2": null }, "geometry": { "type": "Point", "coordinates": [ 138.178455098251789, 36.583190529728803 ] } },
{ "type": "Feature", "properties": { "内容": "やすらぎの園居宅介護支援事業所【居宅介護支援】長野県長野市篠ノ井杵淵字新田前213番地4", "url": "https://www.kaigokensaku.mhlw.go.jp/20/index.php?action_kouhyou_detail_004_kani=true&JigyosyoCd=2070100223-00&ServiceCd=430&Type=search", "url2": "http://m-yasuragi.com/" }, "geometry": { "type": "Point", "coordinates": [ 138.187119766864754, 36.579900415696208 ] } },
{ "type": "Feature", "properties": { "内容": "尚和寮【居宅介護支援】長野県長野市松代町東条９４－１", "url": "https://www.kaigokensaku.mhlw.go.jp/20/index.php?action_kouhyou_detail_004_kani=true&JigyosyoCd=2070103946-00&ServiceCd=430&Type=search", "url2": "http://nagano-shajikyo.or.jp/nsjk/syouwa" }, "geometry": { "type": "Point", "coordinates": [ 138.212553500000013, 36.565994 ] } },
{ "type": "Feature", "properties": { "内容": "ふれあい荘【居宅介護支援】長野県長野市松代町西寺尾１０００番地", "url": "https://www.kaigokensaku.mhlw.go.jp/20/index.php?action_kouhyou_detail_004_kani=true&JigyosyoCd=2070100090-00&ServiceCd=430&Type=search", "url2": "http://fureaiso.shinshi-fukushi.com/" }, "geometry": { "type": "Point", "coordinates": [ 138.196447300000045, 36.5753305 ] } },
{ "type": "Feature", "properties": { "内容": "老人保健施設ケアポート三輪【居宅介護支援】長野県長野市三輪５丁目４３番地２０", "url": "https://www.kaigokensaku.mhlw.go.jp/20/index.php?action_kouhyou_detail_004_kani=true&JigyosyoCd=2050180062-00&ServiceCd=430&Type=search", "url2": "http://www7.ocn.ne.jp/~keapoto/index.html" }, "geometry": { "type": "Point", "coordinates": [ 138.202006100000062, 36.6584928 ] } },
{ "type": "Feature", "properties": { "内容": "まじょの介護便居宅介護支援事業所【居宅介護支援】長野県長野市川中島町原575－1", "url": "https://www.kaigokensaku.mhlw.go.jp/20/index.php?action_kouhyou_detail_004_kani=true&JigyosyoCd=2070107517-00&ServiceCd=430&Type=search", "url2": null }, "geometry": { "type": "Point", "coordinates": [ 138.152414, 36.5852339 ] } },
{ "type": "Feature", "properties": { "内容": "花時計居宅介護支援事業所【居宅介護支援】長野県長野市大字稲葉２５０６番地５", "url": "https://www.kaigokensaku.mhlw.go.jp/20/index.php?action_kouhyou_detail_004_kani=true&JigyosyoCd=2070106279-00&ServiceCd=430&Type=search", "url2": null }, "geometry": { "type": "Point", "coordinates": [ 138.207048800000024, 36.639297600000013 ] } },
{ "type": "Feature", "properties": { "内容": "介護支援センターあゆみ【居宅介護支援】長野県長野市大字風間1100-415", "url": "https://www.kaigokensaku.mhlw.go.jp/20/index.php?action_kouhyou_detail_004_kani=true&JigyosyoCd=2070106964-00&ServiceCd=430&Type=search", "url2": "https://www.ayumi2798.jp/" }, "geometry": { "type": "Point", "coordinates": [ 138.217701499999947, 36.6340754 ] } },
{ "type": "Feature", "properties": { "内容": "株式会社いちご【居宅介護支援】長野県長野市松代町牧島６４０", "url": "https://www.kaigokensaku.mhlw.go.jp/20/index.php?action_kouhyou_detail_004_kani=true&JigyosyoCd=2070107533-00&ServiceCd=430&Type=search", "url2": null }, "geometry": { "type": "Point", "coordinates": [ 138.2126666, 36.5907349 ] } },
{ "type": "Feature", "properties": { "内容": "プレシャスライフ居宅介護支援事業所【居宅介護支援】長野県長野市川合新田370-405", "url": "https://www.kaigokensaku.mhlw.go.jp/20/index.php?action_kouhyou_detail_004_kani=true&JigyosyoCd=2070107657-00&ServiceCd=430&Type=search", "url2": null }, "geometry": { "type": "Point", "coordinates": [ 138.2131195, 36.6226811 ] } },
{ "type": "Feature", "properties": { "内容": "鬼無里介護サービスセンター居宅介護支援事業所【居宅介護支援】長野県長野市鬼無里１６０番地３", "url": "https://www.kaigokensaku.mhlw.go.jp/20/index.php?action_kouhyou_detail_004_kani=true&JigyosyoCd=2073400182-00&ServiceCd=430&Type=search", "url2": "http://www.csw-naganocity.or.jp/kaigo/care.htm" }, "geometry": { "type": "Point", "coordinates": [ 138.00312729999996, 36.680392 ] } },
{ "type": "Feature", "properties": { "内容": "奈の華ケアプランセンター【居宅介護支援】長野県長野市南堀32番地1", "url": "https://www.kaigokensaku.mhlw.go.jp/20/index.php?action_kouhyou_detail_004_kani=true&JigyosyoCd=2070106154-00&ServiceCd=430&Type=search", "url2": null }, "geometry": { "type": "Point", "coordinates": [ 138.247088699999978, 36.6601355 ] } },
{ "type": "Feature", "properties": { "内容": "居宅介護支援事業所　長野赤十字病院【居宅介護支援】長野県長野市若里５－２２－１", "url": "https://www.kaigokensaku.mhlw.go.jp/20/index.php?action_kouhyou_detail_004_kani=true&JigyosyoCd=2070100348-00&ServiceCd=430&Type=search", "url2": "http://www.nagano-med.jrc.or.jp" }, "geometry": { "type": "Point", "coordinates": [ 138.190649399999984, 36.6265385 ] } },
{ "type": "Feature", "properties": { "内容": "居宅介護支援事業所豊岡荘【居宅介護支援】長野県長野市戸隠豊岡1384番地", "url": "https://www.kaigokensaku.mhlw.go.jp/20/index.php?action_kouhyou_detail_004_kani=true&JigyosyoCd=2070107848-00&ServiceCd=430&Type=search", "url2": "tokuyou.kowa-fukushi.or.jp" }, "geometry": { "type": "Point", "coordinates": [ 138.089469900000012, 36.7070645 ] } },
{ "type": "Feature", "properties": { "内容": "居宅介護支援事業所　長野松代総合病院【居宅介護支援】長野県長野市松代町松代１８３", "url": "https://www.kaigokensaku.mhlw.go.jp/20/index.php?action_kouhyou_detail_004_kani=true&JigyosyoCd=2070100132-00&ServiceCd=430&Type=search", "url2": "http://www.nagano-matsushiro.or.jp" }, "geometry": { "type": "Point", "coordinates": [ 138.199083299999984, 36.5638736 ] } },
{ "type": "Feature", "properties": { "内容": "居宅介護支援事業所新町病院【居宅介護支援】長野県長野市信州新町上条137番地", "url": "https://www.kaigokensaku.mhlw.go.jp/20/index.php?action_kouhyou_detail_004_kani=true&JigyosyoCd=2070106956-00&ServiceCd=430&Type=search", "url2": "http://www.shinmachi-hsp.com" }, "geometry": { "type": "Point", "coordinates": [ 138.0213202, 36.5731083 ] } },
{ "type": "Feature", "properties": { "内容": "ニチイケアセンター篠ノ井【居宅介護支援】長野県長野市篠ノ井御幣川１２３２番地１", "url": "https://www.kaigokensaku.mhlw.go.jp/20/index.php?action_kouhyou_detail_004_kani=true&JigyosyoCd=2070100926-00&ServiceCd=430&Type=search", "url2": "http://www.nichiigakkan.co.jp/service/care/home/careplan.html" }, "geometry": { "type": "Point", "coordinates": [ 138.1414039, 36.5756062 ] } },
{ "type": "Feature", "properties": { "内容": "福祉相談センターりんごの郷【居宅介護支援】長野県長野市大字穂保字町裏207番地1", "url": "https://www.kaigokensaku.mhlw.go.jp/20/index.php?action_kouhyou_detail_004_kani=true&JigyosyoCd=2070103565-00&ServiceCd=430&Type=search", "url2": "http://www.ja-naganokai.or.jp/facilities/ringo/index.php" }, "geometry": { "type": "Point", "coordinates": [ 138.269406743224295, 36.681609646727267 ] } },
{ "type": "Feature", "properties": { "内容": "博仁会桜荘社会福祉総合施設【居宅介護支援】長野県長野市篠ノ井二ツ柳字大当1535-1", "url": "https://www.kaigokensaku.mhlw.go.jp/20/index.php?action_kouhyou_detail_004_kani=true&JigyosyoCd=2070100272-00&ServiceCd=430&Type=search", "url2": "https://hakujinkai-nagano.or.jp/sakurasou/" }, "geometry": { "type": "Point", "coordinates": [ 138.129033599999957, 36.5693341 ] } },
{ "type": "Feature", "properties": { "内容": "さくら介護支援センター【居宅介護支援】長野県長野市稲田1－42－2", "url": "https://www.kaigokensaku.mhlw.go.jp/20/index.php?action_kouhyou_detail_004_kani=true&JigyosyoCd=2070105644-00&ServiceCd=430&Type=search", "url2": null }, "geometry": { "type": "Point", "coordinates": [ 138.25024, 36.673792 ] } },
{ "type": "Feature", "properties": { "内容": "えにし長野事業所【居宅介護支援】長野県長野市大字鶴賀権堂町2215-3大通りエムティービル201", "url": "https://www.kaigokensaku.mhlw.go.jp/20/index.php?action_kouhyou_detail_004_kani=true&JigyosyoCd=2070101080-00&ServiceCd=430&Type=search", "url2": "https://www.enishi-web.com" }, "geometry": { "type": "Point", "coordinates": [ 138.192081599999938, 36.6521151 ] } },
{ "type": "Feature", "properties": { "内容": "はーとかずら居宅介護支援事業所【居宅介護支援】長野県長野市三輪8丁目25番10号", "url": "https://www.kaigokensaku.mhlw.go.jp/20/index.php?action_kouhyou_detail_004_kani=true&JigyosyoCd=2070107772-00&ServiceCd=430&Type=search", "url2": null }, "geometry": { "type": "Point", "coordinates": [ 138.197740900000014, 36.6641291 ] } },
{ "type": "Feature", "properties": { "内容": "長野医療生活協同組合在宅総合ステーションながの【居宅介護支援】長野県長野市大字鶴賀東鶴賀町1547-19", "url": "https://www.kaigokensaku.mhlw.go.jp/20/index.php?action_kouhyou_detail_004_kani=true&JigyosyoCd=2070100041-00&ServiceCd=430&Type=search", "url2": "http://www.healthcoop-nagano.or.jp/" }, "geometry": { "type": "Point", "coordinates": [ 138.19652990000003, 36.651794400000014 ] } },
{ "type": "Feature", "properties": { "内容": "指定居宅介護支援事業所おたすけ・ぴあっと【居宅介護支援】長野県長野市大字高田1134-1ぴあ・ぷらざ2F", "url": "https://www.kaigokensaku.mhlw.go.jp/20/index.php?action_kouhyou_detail_004_kani=true&JigyosyoCd=2070104316-00&ServiceCd=430&Type=search", "url2": "http://mystep.rulez.jp/" }, "geometry": { "type": "Point", "coordinates": [ 138.207599382738152, 36.641311163068146 ] } },
{ "type": "Feature", "properties": { "内容": "居宅介護支援事業所　つどい【居宅介護支援】長野県長野市大字鶴賀七瀬南部314ハイホームズ七瀬205号", "url": "https://www.kaigokensaku.mhlw.go.jp/20/index.php?action_kouhyou_detail_004_kani=true&JigyosyoCd=2070106675-00&ServiceCd=430&Type=search", "url2": null }, "geometry": { "type": "Point", "coordinates": [ 138.200765246263131, 36.642957644529581 ] } },
{ "type": "Feature", "properties": { "内容": "ニチイケアセンター高田【居宅介護支援】長野県長野市高田1031-１", "url": "https://www.kaigokensaku.mhlw.go.jp/20/index.php?action_kouhyou_detail_004_kani=true&JigyosyoCd=2070101049-00&ServiceCd=430&Type=search", "url2": "http://www.nichiigakkan.co.jp/service/care/home/careplan.html" }, "geometry": { "type": "Point", "coordinates": [ 138.2028838, 36.6416733 ] } },
{ "type": "Feature", "properties": { "内容": "指定居宅介護支援事業所　介護屋【居宅介護支援】長野県長野市伊勢宮２丁目21-18", "url": "https://www.kaigokensaku.mhlw.go.jp/20/index.php?action_kouhyou_detail_004_kani=true&JigyosyoCd=2070101163-00&ServiceCd=430&Type=search", "url2": null }, "geometry": { "type": "Point", "coordinates": [ 138.17166229999998, 36.629232 ] } },
{ "type": "Feature", "properties": { "内容": "アムール若里居宅介護支援事業所【居宅介護支援】長野県長野市若里二丁目10-6", "url": "https://www.kaigokensaku.mhlw.go.jp/20/index.php?action_kouhyou_detail_004_kani=true&JigyosyoCd=2070106485-00&ServiceCd=430&Type=search", "url2": "http://hi-danke.com/" }, "geometry": { "type": "Point", "coordinates": [ 138.193234624007914, 36.633521641652834 ] } },
{ "type": "Feature", "properties": { "内容": "コープながの福祉センター長野北ケアマネージャーステーション【居宅介護支援】長野県長野市檀田２丁目６番２２号", "url": "https://www.kaigokensaku.mhlw.go.jp/20/index.php?action_kouhyou_detail_004_kani=true&JigyosyoCd=2070106832-00&ServiceCd=430&Type=search", "url2": "http://nagano.coopnet.or.jp/support/" }, "geometry": { "type": "Point", "coordinates": [ 138.20797749999997, 36.6792011 ] } },
{ "type": "Feature", "properties": { "内容": "医療法人宮沢医院【居宅介護支援】長野県長野市吉田２－８－１", "url": "https://www.kaigokensaku.mhlw.go.jp/20/index.php?action_kouhyou_detail_004_kani=true&JigyosyoCd=2010117709-00&ServiceCd=430&Type=search", "url2": "http://www.miyazawaiin.com/" }, "geometry": { "type": "Point", "coordinates": [ 138.21739320000006, 36.6696137 ] } },
{ "type": "Feature", "properties": { "内容": "泉平ハイツ指定居宅介護支援事業所【居宅介護支援】長野県長野市豊野町豊野２２９８－２", "url": "https://www.kaigokensaku.mhlw.go.jp/20/index.php?action_kouhyou_detail_004_kani=true&JigyosyoCd=2070107400-00&ServiceCd=430&Type=search", "url2": "https://nagano-swc.com/izumidaira/" }, "geometry": { "type": "Point", "coordinates": [ 138.28589205899965, 36.723451179612496 ] } },
{ "type": "Feature", "properties": { "内容": "社会福祉法人さかえ【居宅介護支援】長野県長野市吉田3丁目13-27ケアホームよしだ", "url": "https://www.kaigokensaku.mhlw.go.jp/20/index.php?action_kouhyou_detail_004_kani=true&JigyosyoCd=2070107111-00&ServiceCd=430&Type=search", "url2": "https://s-sakae.com/" }, "geometry": { "type": "Point", "coordinates": [ 138.220401261376992, 36.671190782701842 ] } },
{ "type": "Feature", "properties": { "内容": "ながでんハートネット居宅介護支援長野【居宅介護支援】長野県長野市東鶴賀町78番地", "url": "https://www.kaigokensaku.mhlw.go.jp/20/index.php?action_kouhyou_detail_004_kani=true&JigyosyoCd=2070105040-00&ServiceCd=430&Type=search", "url2": "http://www.heartnet.co.jp/" }, "geometry": { "type": "Point", "coordinates": [ 138.200075800000036, 36.6513022 ] } },
{ "type": "Feature", "properties": { "内容": "篠ノ井介護サービスセンター居宅介護支援事業所【居宅介護支援】長野県長野市篠ノ井小森587-1", "url": "https://www.kaigokensaku.mhlw.go.jp/20/index.php?action_kouhyou_detail_004_kani=true&JigyosyoCd=2070101130-00&ServiceCd=430&Type=search", "url2": "http://www.csw-naganocity.or.jp/kaigo/care.htm" }, "geometry": { "type": "Point", "coordinates": [ 138.158638, 36.5754039 ] } },
{ "type": "Feature", "properties": { "内容": "コープながの福祉センター長野南　ケアマネージャーステーション【居宅介護支援】長野県長野市篠ノ井御幣川６６８", "url": "https://www.kaigokensaku.mhlw.go.jp/20/index.php?action_kouhyou_detail_004_kani=true&JigyosyoCd=2070100249-00&ServiceCd=430&Type=search", "url2": "http://nagano.coopnet.or.jp/support/" }, "geometry": { "type": "Point", "coordinates": [ 138.141582200000016, 36.5655766 ] } },
{ "type": "Feature", "properties": { "内容": "こすもけあくらぶ【居宅介護支援】長野県長野市川中島町今里８７－６", "url": "https://www.kaigokensaku.mhlw.go.jp/20/index.php?action_kouhyou_detail_004_kani=true&JigyosyoCd=2070101338-00&ServiceCd=430&Type=search", "url2": null }, "geometry": { "type": "Point", "coordinates": [ 138.156067200000052, 36.6033874 ] } },
{ "type": "Feature", "properties": { "内容": "エフビー居宅介護支援事業所長野【居宅介護支援】長野県長野市小島788番地2", "url": "https://www.kaigokensaku.mhlw.go.jp/20/index.php?action_kouhyou_detail_004_kani=true&JigyosyoCd=2070103680-00&ServiceCd=430&Type=search", "url2": "http://www.fb-kaigo.co.jp/service/kyotaku.php" }, "geometry": { "type": "Point", "coordinates": [ 138.258065446557566, 36.665502525345083 ] } },
{ "type": "Feature", "properties": { "内容": "ケアセンター・ライフケア【居宅介護支援】長野県長野市大字栗田2009番地BBBビル3F", "url": "https://www.kaigokensaku.mhlw.go.jp/20/index.php?action_kouhyou_detail_004_kani=true&JigyosyoCd=2070103136-00&ServiceCd=430&Type=search", "url2": "http://lifecare-mayu.com/jigyo/lifecare" }, "geometry": { "type": "Point", "coordinates": [ 138.194877450246764, 36.641722660731638 ] } },
{ "type": "Feature", "properties": { "内容": "長野医療生活協同組合長野中央病院居宅介護支援事業所【居宅介護支援】長野県長野市西鶴賀1570", "url": "https://www.kaigokensaku.mhlw.go.jp/20/index.php?action_kouhyou_detail_004_kani=true&JigyosyoCd=2070107210-00&ServiceCd=430&Type=search", "url2": null }, "geometry": { "type": "Point", "coordinates": [ 138.1953661, 36.6512863 ] } },
{ "type": "Feature", "properties": { "内容": "社会福祉法人ハイネスライフ指定居宅介護支援センター【居宅介護支援】長野県長野市大字南堀３番地１朝日ホーム", "url": "https://www.kaigokensaku.mhlw.go.jp/20/index.php?action_kouhyou_detail_004_kani=true&JigyosyoCd=2070103516-00&ServiceCd=430&Type=search", "url2": "http://highness-life.com/" }, "geometry": { "type": "Point", "coordinates": [ 138.241461752114901, 36.663051244579087 ] } },
{ "type": "Feature", "properties": { "内容": "光仁会富竹の里介護支援センター【居宅介護支援】長野県長野市富竹堰下１６２１番地", "url": "https://www.kaigokensaku.mhlw.go.jp/20/index.php?action_kouhyou_detail_004_kani=true&JigyosyoCd=2070100181-00&ServiceCd=430&Type=search", "url2": "http://tomitake-carenet.com/sisetsu/shien.html" }, "geometry": { "type": "Point", "coordinates": [ 138.2570005, 36.6726757 ] } },
{ "type": "Feature", "properties": { "内容": "インターコート藤居宅介護支援事業所【居宅介護支援】長野県長野市青木島町綱島字小中島７８２－６", "url": "https://www.kaigokensaku.mhlw.go.jp/20/index.php?action_kouhyou_detail_004_kani=true&JigyosyoCd=2070100934-00&ServiceCd=430&Type=search", "url2": "https://intercourt-fuji.com/" }, "geometry": { "type": "Point", "coordinates": [ 138.207630405662741, 36.612034999453137 ] } },
{ "type": "Feature", "properties": { "内容": "居宅介護支援事業所　陽だまり栗田【居宅介護支援】長野県長野市大字栗田字舎利田732番地1", "url": "https://www.kaigokensaku.mhlw.go.jp/20/index.php?action_kouhyou_detail_004_kani=true&JigyosyoCd=2070101486-00&ServiceCd=430&Type=search", "url2": null }, "geometry": { "type": "Point", "coordinates": [ 138.200992400000018, 36.6387904 ] } },
{ "type": "Feature", "properties": { "内容": "ケアステーションエマオ【居宅介護支援】長野市篠ノ井小森７５１番地の１", "url": "https://www.kaigokensaku.mhlw.go.jp/20/index.php?action_kouhyou_detail_004_kani=true&JigyosyoCd=2070100256-00&ServiceCd=430&Type=search", "url2": "http://www.avis.ne.jp/~j-koyama" }, "geometry": { "type": "Point", "coordinates": [ 138.156860599999959, 36.5722375 ] } },
{ "type": "Feature", "properties": { "内容": "ケアプランセンター太陽【居宅介護支援】長野県長野市富竹936-4", "url": "https://www.kaigokensaku.mhlw.go.jp/20/index.php?action_kouhyou_detail_004_kani=true&JigyosyoCd=2070107327-00&ServiceCd=430&Type=search", "url2": null }, "geometry": { "type": "Point", "coordinates": [ 138.255338784655748, 36.676321159567074 ] } },
{ "type": "Feature", "properties": { "内容": "居宅介護支援事業所いろは【居宅介護支援】長野県長野市松代温泉７５－１", "url": "https://www.kaigokensaku.mhlw.go.jp/20/index.php?action_kouhyou_detail_004_kani=true&JigyosyoCd=2070101635-00&ServiceCd=430&Type=search", "url2": "http://kaigo585043852.wordpress.com" }, "geometry": { "type": "Point", "coordinates": [ 138.2104147, 36.5737235 ] } },
{ "type": "Feature", "properties": { "内容": "居宅介護支援事業所フィオーレ【居宅介護支援】長野県長野市稲葉日詰1975ラックス堀内101", "url": "https://www.kaigokensaku.mhlw.go.jp/20/index.php?action_kouhyou_detail_004_kani=true&JigyosyoCd=2070107780-00&ServiceCd=430&Type=search", "url2": null }, "geometry": { "type": "Point", "coordinates": [ 138.21265, 36.63653 ] } },
{ "type": "Feature", "properties": { "内容": "居宅介護支援事業所おあしす【居宅介護支援】長野県長野市川中島上氷鉋1708番地17", "url": "https://www.kaigokensaku.mhlw.go.jp/20/index.php?action_kouhyou_detail_004_kani=true&JigyosyoCd=2070102286-00&ServiceCd=430&Type=search", "url2": null }, "geometry": { "type": "Point", "coordinates": [ 138.160966300000041, 36.6191829 ] } },
{ "type": "Feature", "properties": { "内容": "真心介護センター【居宅介護支援】長野県長野市若里5-10-48若里信越ビル202号室", "url": "https://www.kaigokensaku.mhlw.go.jp/20/index.php?action_kouhyou_detail_004_kani=true&JigyosyoCd=2070105578-00&ServiceCd=430&Type=search", "url2": null }, "geometry": { "type": "Point", "coordinates": [ 138.184780600000067, 36.6267633 ] } },
{ "type": "Feature", "properties": { "内容": "居宅介護支援事業所　コンフォートにしつるが【居宅介護支援】長野県長野市大字鶴賀西鶴賀町１４８４－５", "url": "https://www.kaigokensaku.mhlw.go.jp/20/index.php?action_kouhyou_detail_004_kani=true&JigyosyoCd=2070106840-00&ServiceCd=430&Type=search", "url2": null }, "geometry": { "type": "Point", "coordinates": [ 138.193568300000038, 36.652890500000034 ] } },
{ "type": "Feature", "properties": { "内容": "ふるさと居宅介護支援事業所【居宅介護支援】長野県長野市大字南長池２８６－５", "url": "https://www.kaigokensaku.mhlw.go.jp/20/index.php?action_kouhyou_detail_004_kani=true&JigyosyoCd=2070101221-00&ServiceCd=430&Type=search", "url2": null }, "geometry": { "type": "Point", "coordinates": [ 138.237018300000045, 36.642072 ] } },
{ "type": "Feature", "properties": { "内容": "居宅介護支援事業所ワーカーズながの【居宅介護支援】長野県長野市三輪10丁目2番7号ＮＡビル1階東側", "url": "https://www.kaigokensaku.mhlw.go.jp/20/index.php?action_kouhyou_detail_004_kani=true&JigyosyoCd=2070100082-00&ServiceCd=430&Type=search", "url2": "kaigo@roukyo-nagano.jp" }, "geometry": { "type": "Point", "coordinates": [ 138.2060777, 36.670626599999984 ] } },
{ "type": "Feature", "properties": { "内容": "大岡介護サービスセンター居宅介護支援事業所【居宅介護支援】長野県長野市大岡乙２８７番地", "url": "https://www.kaigokensaku.mhlw.go.jp/20/index.php?action_kouhyou_detail_004_kani=true&JigyosyoCd=2073000123-00&ServiceCd=430&Type=search", "url2": "http://www.csw-naganocity.or.jp/kaigo/care.htm" }, "geometry": { "type": "Point", "coordinates": [ 137.988016799999968, 36.506005 ] } },
{ "type": "Feature", "properties": { "内容": "居宅介護支援事業所介護のあかぎ【居宅介護支援】長野県長野市東犀南2900-3", "url": "https://www.kaigokensaku.mhlw.go.jp/20/index.php?action_kouhyou_detail_004_kani=true&JigyosyoCd=2070105073-00&ServiceCd=430&Type=search", "url2": null }, "geometry": { "type": "Point", "coordinates": [ 138.1804462, 36.5856453 ] } },
{ "type": "Feature", "properties": { "内容": "居宅介護支援事業所　よつ葉のクローバー【居宅介護支援】長野県長野市稲里1丁目17番地2", "url": "https://www.kaigokensaku.mhlw.go.jp/20/index.php?action_kouhyou_detail_004_kani=true&JigyosyoCd=2070106501-00&ServiceCd=430&Type=search", "url2": null }, "geometry": { "type": "Point", "coordinates": [ 138.171782200000052, 36.6132534 ] } },
{ "type": "Feature", "properties": { "内容": "医療法人愛和会居宅介護支援事業所【居宅介護支援】長野県長野市大字鶴賀１０４２", "url": "https://www.kaigokensaku.mhlw.go.jp/20/index.php?action_kouhyou_detail_004_kani=true&JigyosyoCd=2070100116-00&ServiceCd=430&Type=search", "url2": null }, "geometry": { "type": "Point", "coordinates": [ 138.189457700000048, 36.6527487 ] } },
{ "type": "Feature", "properties": { "内容": "居宅介護支援事業所つばさ【居宅介護支援】長野県長野市川合新田414番地1-2ハイム北岡B棟", "url": "https://www.kaigokensaku.mhlw.go.jp/20/index.php?action_kouhyou_detail_004_kani=true&JigyosyoCd=2070108077-00&ServiceCd=430&Type=search", "url2": "https://www.houmonkango-tsubasa.com/" }, "geometry": { "type": "Point", "coordinates": [ 138.2098846, 36.6246591 ] } },
{ "type": "Feature", "properties": { "内容": "指定居宅介護支援事業所　桜ホーム【居宅介護支援】長野県長野市篠ノ井二ツ柳字大当1432-3", "url": "https://www.kaigokensaku.mhlw.go.jp/20/index.php?action_kouhyou_detail_004_kani=true&JigyosyoCd=2070101296-00&ServiceCd=430&Type=search", "url2": "https://hakujinkai-sakurahome.jp/" }, "geometry": { "type": "Point", "coordinates": [ 138.132917438653493, 36.56650776427891 ] } },
{ "type": "Feature", "properties": { "内容": "ケアマネジメントオフィス　悠凛【居宅介護支援】長野県松本市大字島内２０４７番地３", "url": "https://www.kaigokensaku.mhlw.go.jp/20/index.php?action_kouhyou_detail_004_kani=true&JigyosyoCd=2070203894-00&ServiceCd=430&Type=search", "url2": null }, "geometry": { "type": "Point", "coordinates": [ 137.931998300000032, 36.2481963000006 ] } },
{ "type": "Feature", "properties": { "内容": "鍋林松本居宅介護支援事業所【居宅介護支援】長野県　松本市　双葉　8番10号", "url": "https://www.kaigokensaku.mhlw.go.jp/20/index.php?action_kouhyou_detail_004_kani=true&JigyosyoCd=2070204041-00&ServiceCd=430&Type=search", "url2": null }, "geometry": { "type": "Point", "coordinates": [ 137.964335064418037, 36.211911274400201 ] } },
{ "type": "Feature", "properties": { "内容": "つかまの里居宅介護支援センター【居宅介護支援】長野県松本市筑摩３丁目１５－３１", "url": "https://www.kaigokensaku.mhlw.go.jp/20/index.php?action_kouhyou_detail_004_kani=true&JigyosyoCd=2070201153-00&ServiceCd=430&Type=search", "url2": "http://www.mhl.janis.or.jp/~kokusai/tsukama/tsukama3.html" }, "geometry": { "type": "Point", "coordinates": [ 137.983156, 36.2198244 ] } },
{ "type": "Feature", "properties": { "内容": "中川居宅介護支援センター【居宅介護支援】長野県松本市野溝西２－３－２３", "url": "https://www.kaigokensaku.mhlw.go.jp/20/index.php?action_kouhyou_detail_004_kani=true&JigyosyoCd=2070202284-00&ServiceCd=430&Type=search", "url2": null }, "geometry": { "type": "Point", "coordinates": [ 137.953687750494879, 36.200995983595554 ] } },
{ "type": "Feature", "properties": { "内容": "居宅介護支援事業所わがや【居宅介護支援】長野県松本市大字島立２２３７－６２", "url": "https://www.kaigokensaku.mhlw.go.jp/20/index.php?action_kouhyou_detail_004_kani=true&JigyosyoCd=2070202227-00&ServiceCd=430&Type=search", "url2": null }, "geometry": { "type": "Point", "coordinates": [ 137.9350875, 36.2339343 ] } },
{ "type": "Feature", "properties": { "内容": "ケ・セラ社会福祉士事務所【居宅介護支援】長野県松本市出川町11番6号", "url": "https://www.kaigokensaku.mhlw.go.jp/20/index.php?action_kouhyou_detail_004_kani=true&JigyosyoCd=2070203167-00&ServiceCd=430&Type=search", "url2": "http://www.npo-que-sera.org/" }, "geometry": { "type": "Point", "coordinates": [ 137.970278704104658, 36.208918642471218 ] } },
{ "type": "Feature", "properties": { "内容": "ケアプランセンターかけはし【居宅介護支援】長野県松本市島立1080-1カーサマサキB202", "url": "https://www.kaigokensaku.mhlw.go.jp/20/index.php?action_kouhyou_detail_004_kani=true&JigyosyoCd=2070204546-00&ServiceCd=430&Type=search", "url2": null }, "geometry": { "type": "Point", "coordinates": [ 137.9458204, 36.2375454 ] } },
{ "type": "Feature", "properties": { "内容": "えがおのまど居宅介護支援センター【居宅介護支援】長野県松本市大字島内5047番地2", "url": "https://www.kaigokensaku.mhlw.go.jp/20/index.php?action_kouhyou_detail_004_kani=true&JigyosyoCd=2070203787-00&ServiceCd=430&Type=search", "url2": null }, "geometry": { "type": "Point", "coordinates": [ 137.943836199999964, 36.2494799 ] } },
{ "type": "Feature", "properties": { "内容": "一之瀬居宅介護支援事業所【居宅介護支援】長野県松本市島立2100-2", "url": "https://www.kaigokensaku.mhlw.go.jp/20/index.php?action_kouhyou_detail_004_kani=true&JigyosyoCd=2070204587-00&ServiceCd=430&Type=search", "url2": "https://inh.or.jp/" }, "geometry": { "type": "Point", "coordinates": [ 137.9373201, 36.2295541 ] } },
{ "type": "Feature", "properties": { "内容": "居宅介護支援事業所　なごみ【居宅介護支援】長野県松本市寿北5-34-23", "url": "https://www.kaigokensaku.mhlw.go.jp/20/index.php?action_kouhyou_detail_004_kani=true&JigyosyoCd=2070202912-00&ServiceCd=430&Type=search", "url2": null }, "geometry": { "type": "Point", "coordinates": [ 137.9844675, 36.1997212 ] } },
{ "type": "Feature", "properties": { "内容": "松本協立居宅介護支援センター【居宅介護支援】長野県松本市巾上9番26号", "url": "https://www.kaigokensaku.mhlw.go.jp/20/index.php?action_kouhyou_detail_004_kani=true&JigyosyoCd=2070200023-00&ServiceCd=430&Type=search", "url2": "http://www.chushin-miniren.gr.jp/care/m_kyotaku" }, "geometry": { "type": "Point", "coordinates": [ 137.962155100000018, 36.2295443 ] } },
{ "type": "Feature", "properties": { "内容": "居宅介護支援事業所けやき【居宅介護支援】長野県松本市神林3834番2", "url": "https://www.kaigokensaku.mhlw.go.jp/20/index.php?action_kouhyou_detail_004_kani=true&JigyosyoCd=2070202557-00&ServiceCd=430&Type=search", "url2": null }, "geometry": { "type": "Point", "coordinates": [ 137.936335699999972, 36.1971091 ] } },
{ "type": "Feature", "properties": { "内容": "NPO法人ラポール居宅介護支援事業所【居宅介護支援】長野県松本市城東1丁目ー３－１０", "url": "https://www.kaigokensaku.mhlw.go.jp/20/index.php?action_kouhyou_detail_004_kani=true&JigyosyoCd=2070202946-00&ServiceCd=430&Type=search", "url2": null }, "geometry": { "type": "Point", "coordinates": [ 137.9748588, 36.23753 ] } },
{ "type": "Feature", "properties": { "内容": "社会福祉法人松本市社会福祉協議会指定居宅介護支援事業所【居宅介護支援】長野県松本市双葉4-16松本市総合社会福祉センター内", "url": "https://www.kaigokensaku.mhlw.go.jp/20/index.php?action_kouhyou_detail_004_kani=true&JigyosyoCd=2070200015-00&ServiceCd=430&Type=search", "url2": "http://www.syakyo-matsumoto.or.jp/approach/insurance/shitei01.php" }, "geometry": { "type": "Point", "coordinates": [ 137.967352600000027, 36.2079031 ] } },
{ "type": "Feature", "properties": { "内容": "居宅介護支援センター　歩【居宅介護支援】長野県松本市笹部2-6-5", "url": "https://www.kaigokensaku.mhlw.go.jp/20/index.php?action_kouhyou_detail_004_kani=true&JigyosyoCd=2070204009-00&ServiceCd=430&Type=search", "url2": null }, "geometry": { "type": "Point", "coordinates": [ 137.954197099999988, 36.2147972 ] } },
{ "type": "Feature", "properties": { "内容": "医療法人心泉会上條記念病院【居宅介護支援】長野県松本市村井町西2-16-1", "url": "https://www.kaigokensaku.mhlw.go.jp/20/index.php?action_kouhyou_detail_004_kani=true&JigyosyoCd=2010217335-00&ServiceCd=430&Type=search", "url2": "http://www.kamijyomhp.or.jp/kaigo/zaitaku.html" }, "geometry": { "type": "Point", "coordinates": [ 137.947433, 36.1724485 ] } },
{ "type": "Feature", "properties": { "内容": "社会福祉相談センターたんぽぽ【居宅介護支援】長野県松本市本庄２丁目３番１８号不動産情報センタービル１階東", "url": "https://www.kaigokensaku.mhlw.go.jp/20/index.php?action_kouhyou_detail_004_kani=true&JigyosyoCd=2070200981-00&ServiceCd=430&Type=search", "url2": "http://nagano.koureikyou.or.jp/" }, "geometry": { "type": "Point", "coordinates": [ 137.972282421179216, 36.225816139320358 ] } },
{ "type": "Feature", "properties": { "内容": "居宅介護支援事業所　みはらし【居宅介護支援】長野県松本市中山6343", "url": "https://www.kaigokensaku.mhlw.go.jp/20/index.php?action_kouhyou_detail_004_kani=true&JigyosyoCd=2070204181-00&ServiceCd=430&Type=search", "url2": null }, "geometry": { "type": "Point", "coordinates": [ 138.0038856, 36.1804431 ] } },
{ "type": "Feature", "properties": { "内容": "社会福祉法人松本市社会福祉協議会西部居宅介護支援事業所【居宅介護支援】長野県松本市波田4417－1松本市役所波田支所3階", "url": "https://www.kaigokensaku.mhlw.go.jp/20/index.php?action_kouhyou_detail_004_kani=true&JigyosyoCd=2070202482-00&ServiceCd=430&Type=search", "url2": "http://www.syakyo-matsumoto.or.jp/" }, "geometry": { "type": "Point", "coordinates": [ 137.855929100000054, 36.200621500000011 ] } },
{ "type": "Feature", "properties": { "内容": "ゆめの里和田福祉相談センター【居宅介護支援】長野県松本市和田2240-9", "url": "https://www.kaigokensaku.mhlw.go.jp/20/index.php?action_kouhyou_detail_004_kani=true&JigyosyoCd=2070202235-00&ServiceCd=430&Type=search", "url2": "http://yumenosato.info/hukushi_blog/index.html" }, "geometry": { "type": "Point", "coordinates": [ 137.969124400000027, 36.2146273 ] } },
{ "type": "Feature", "properties": { "内容": "居宅介護支援事業所　樹下夢【居宅介護支援】長野県松本市里山辺129-1フォーブル御母家103号", "url": "https://www.kaigokensaku.mhlw.go.jp/20/index.php?action_kouhyou_detail_004_kani=true&JigyosyoCd=2070204066-00&ServiceCd=430&Type=search", "url2": null }, "geometry": { "type": "Point", "coordinates": [ 137.9984813, 36.2495772 ] } },
{ "type": "Feature", "properties": { "内容": "セントラル・ビオス【居宅介護支援】長野県松本市大手２丁目９－２３", "url": "https://www.kaigokensaku.mhlw.go.jp/20/index.php?action_kouhyou_detail_004_kani=true&JigyosyoCd=2070201740-00&ServiceCd=430&Type=search", "url2": "http://www.central-bios.jp" }, "geometry": { "type": "Point", "coordinates": [ 137.966387599999962, 36.2366185 ] } },
{ "type": "Feature", "properties": { "内容": "居宅介護支援事業所　ケアマネとらじ【居宅介護支援】長野県松本市大字笹賀1899番地2", "url": "https://www.kaigokensaku.mhlw.go.jp/20/index.php?action_kouhyou_detail_004_kani=true&JigyosyoCd=2070204520-00&ServiceCd=430&Type=search", "url2": null }, "geometry": { "type": "Point", "coordinates": [ 137.935489437045845, 36.165612444599454 ] } },
{ "type": "Feature", "properties": { "内容": "あかぎ居宅介護支援事業所【居宅介護支援】長野県松本市里山辺1840-1", "url": "https://www.kaigokensaku.mhlw.go.jp/20/index.php?action_kouhyou_detail_004_kani=true&JigyosyoCd=2070203100-00&ServiceCd=430&Type=search", "url2": null }, "geometry": { "type": "Point", "coordinates": [ 138.002461, 36.2395115 ] } },
{ "type": "Feature", "properties": { "内容": "愛光苑ケアマネセンター【居宅介護支援】長野県松本市蟻ケ崎5－4－10", "url": "https://www.kaigokensaku.mhlw.go.jp/20/index.php?action_kouhyou_detail_004_kani=true&JigyosyoCd=2070203266-00&ServiceCd=430&Type=search", "url2": "http://www.miraisai.co.jp" }, "geometry": { "type": "Point", "coordinates": [ 137.961824670602653, 36.250577414857034 ] } },
{ "type": "Feature", "properties": { "内容": "あがたケアサポート【居宅介護支援】長野県松本市県2-4-7", "url": "https://www.kaigokensaku.mhlw.go.jp/20/index.php?action_kouhyou_detail_004_kani=true&JigyosyoCd=2070204660-00&ServiceCd=430&Type=search", "url2": null }, "geometry": { "type": "Point", "coordinates": [ 137.9852314, 36.2336087 ] } },
{ "type": "Feature", "properties": { "内容": "特別養護老人ホーム真寿園　松本市寿在宅介護支援センター【居宅介護支援】長野県松本市寿中２－２０－１", "url": "https://www.kaigokensaku.mhlw.go.jp/20/index.php?action_kouhyou_detail_004_kani=true&JigyosyoCd=2070200031-00&ServiceCd=430&Type=search", "url2": "http://www.shinjyuen.net/" }, "geometry": { "type": "Point", "coordinates": [ 137.968675599999983, 36.1788929 ] } },
{ "type": "Feature", "properties": { "内容": "ごてん居宅介護支援事業所【居宅介護支援】長野県松本市浅間温泉3-31-28", "url": "https://www.kaigokensaku.mhlw.go.jp/20/index.php?action_kouhyou_detail_004_kani=true&JigyosyoCd=2070202276-00&ServiceCd=430&Type=search", "url2": "http://www.caretown.org" }, "geometry": { "type": "Point", "coordinates": [ 137.991942, 36.2658379 ] } },
{ "type": "Feature", "properties": { "内容": "ニチイケアセンター松本笹賀【居宅介護支援】長野県松本市笹賀３９６７－３", "url": "https://www.kaigokensaku.mhlw.go.jp/20/index.php?action_kouhyou_detail_004_kani=true&JigyosyoCd=2070200593-00&ServiceCd=430&Type=search", "url2": "http://www.nichiigakkan.co.jp/service/care/home/careplan.html" }, "geometry": { "type": "Point", "coordinates": [ 137.93425579999996, 36.1802694 ] } },
{ "type": "Feature", "properties": { "内容": "筑摩あんしん館【居宅介護支援】長野県松本市筑摩4丁目20番17号", "url": "https://www.kaigokensaku.mhlw.go.jp/20/index.php?action_kouhyou_detail_004_kani=true&JigyosyoCd=2070200940-00&ServiceCd=430&Type=search", "url2": null }, "geometry": { "type": "Point", "coordinates": [ 137.985854744596821, 36.223781861074798 ] } },
{ "type": "Feature", "properties": { "内容": "ケアマネあずさ【居宅介護支援】長野県松本市梓川梓1645番地1", "url": "https://www.kaigokensaku.mhlw.go.jp/20/index.php?action_kouhyou_detail_004_kani=true&JigyosyoCd=2070201815-00&ServiceCd=430&Type=search", "url2": "https://azusa-clinic.jp" }, "geometry": { "type": "Point", "coordinates": [ 137.8668626, 36.2225863 ] } },
{ "type": "Feature", "properties": { "内容": "ケアプランニングはればれ【居宅介護支援】長野県松本市開智1-6-17", "url": "https://www.kaigokensaku.mhlw.go.jp/20/index.php?action_kouhyou_detail_004_kani=true&JigyosyoCd=2070204108-00&ServiceCd=430&Type=search", "url2": "http://hp.kaipoke.biz/3bh" }, "geometry": { "type": "Point", "coordinates": [ 137.96539438332826, 36.240661794208073 ] } },
{ "type": "Feature", "properties": { "内容": "松本しろにし【居宅介護支援】長野県松本市城西１丁目５番地１６号", "url": "https://www.kaigokensaku.mhlw.go.jp/20/index.php?action_kouhyou_detail_004_kani=true&JigyosyoCd=2010217111-00&ServiceCd=430&Type=search", "url2": "http://www.shironishi.or.jp/sh/care/" }, "geometry": { "type": "Point", "coordinates": [ 137.962537900000029, 36.2394735 ] } },
{ "type": "Feature", "properties": { "内容": "居宅介護支援事業所サルビア【居宅介護支援】長野県松本市梓川倭2682-1", "url": "https://www.kaigokensaku.mhlw.go.jp/20/index.php?action_kouhyou_detail_004_kani=true&JigyosyoCd=2070202797-00&ServiceCd=430&Type=search", "url2": "http://www.salvia.nagano.jp" }, "geometry": { "type": "Point", "coordinates": [ 137.900818156293553, 36.238521817178096 ] } },
{ "type": "Feature", "properties": { "内容": "丸の内居宅介護支援センター【居宅介護支援】長野県松本市島立674-1１階", "url": "https://www.kaigokensaku.mhlw.go.jp/20/index.php?action_kouhyou_detail_004_kani=true&JigyosyoCd=2070200072-00&ServiceCd=430&Type=search", "url2": "http://www.marunouchi.or.jp" }, "geometry": { "type": "Point", "coordinates": [ 137.952365960999259, 36.236310073495517 ] } },
{ "type": "Feature", "properties": { "内容": "ウィズ松本居宅介護支援事業所【居宅介護支援】長野県松本市筑摩２丁目２７番３０号", "url": "https://www.kaigokensaku.mhlw.go.jp/20/index.php?action_kouhyou_detail_004_kani=true&JigyosyoCd=2070201666-00&ServiceCd=430&Type=search", "url2": "https://socialnetwork.co.jp" }, "geometry": { "type": "Point", "coordinates": [ 137.983347399999957, 36.2241461 ] } },
{ "type": "Feature", "properties": { "内容": "居宅介護支援センター百楽【居宅介護支援】長野県松本市村井町南１－３１－６", "url": "https://www.kaigokensaku.mhlw.go.jp/20/index.php?action_kouhyou_detail_004_kani=true&JigyosyoCd=2070202151-00&ServiceCd=430&Type=search", "url2": null }, "geometry": { "type": "Point", "coordinates": [ 137.960430271739568, 36.174734085281592 ] } },
{ "type": "Feature", "properties": { "内容": "エフビー居宅介護支援事業所松本【居宅介護支援】長野県松本市大字島内5000-3サンライフ犬飼B101", "url": "https://www.kaigokensaku.mhlw.go.jp/20/index.php?action_kouhyou_detail_004_kani=true&JigyosyoCd=2070202441-00&ServiceCd=430&Type=search", "url2": "http://www.fb-kaigo.co.jp/service/kyotaku.php" }, "geometry": { "type": "Point", "coordinates": [ 137.942817567667362, 36.251150491669485 ] } },
{ "type": "Feature", "properties": { "内容": "ツクイ松本【居宅介護支援】長野県松本市井川城3-4-43", "url": "https://www.kaigokensaku.mhlw.go.jp/20/index.php?action_kouhyou_detail_004_kani=true&JigyosyoCd=2070200197-00&ServiceCd=430&Type=search", "url2": "https://www.tsukui.net" }, "geometry": { "type": "Point", "coordinates": [ 137.964196899999934, 36.2186404 ] } },
{ "type": "Feature", "properties": { "内容": "松本福祉センター【居宅介護支援】長野県松本市大手４丁目１０番１６号", "url": "https://www.kaigokensaku.mhlw.go.jp/20/index.php?action_kouhyou_detail_004_kani=true&JigyosyoCd=2070204298-00&ServiceCd=430&Type=search", "url2": "https://fukushi.matsusen.jp/plan/" }, "geometry": { "type": "Point", "coordinates": [ 137.972201399999989, 36.2364696 ] } },
{ "type": "Feature", "properties": { "内容": "うつくしがはら温泉敬老園居宅介護支援事業所【居宅介護支援】長野県松本市里山辺６７－１", "url": "https://www.kaigokensaku.mhlw.go.jp/20/index.php?action_kouhyou_detail_004_kani=true&JigyosyoCd=2070200734-00&ServiceCd=430&Type=search", "url2": "http://www.keiroen.or.jp" }, "geometry": { "type": "Point", "coordinates": [ 137.997328, 36.2473519 ] } },
{ "type": "Feature", "properties": { "内容": "ぶらうん【居宅介護支援】長野県松本市島内3499-1", "url": "https://www.kaigokensaku.mhlw.go.jp/20/index.php?action_kouhyou_detail_004_kani=true&JigyosyoCd=2070203597-00&ServiceCd=430&Type=search", "url2": null }, "geometry": { "type": "Point", "coordinates": [ 137.949399800000037, 36.2478663 ] } },
{ "type": "Feature", "properties": { "内容": "居宅介護支援事業所ハーモニー【居宅介護支援】長野県松本市大字島内字広田４０６４番地２", "url": "https://www.kaigokensaku.mhlw.go.jp/20/index.php?action_kouhyou_detail_004_kani=true&JigyosyoCd=2070201781-00&ServiceCd=430&Type=search", "url2": "http://www.harmony-matsumoto.or.jp" }, "geometry": { "type": "Point", "coordinates": [ 137.94415570000001, 36.2482245 ] } },
{ "type": "Feature", "properties": { "内容": "藤森居宅介護支援センター【居宅介護支援】長野県松本市中央３－２－７（在宅支援センター　ふじの花）", "url": "https://www.kaigokensaku.mhlw.go.jp/20/index.php?action_kouhyou_detail_004_kani=true&JigyosyoCd=2070200056-00&ServiceCd=430&Type=search", "url2": "http://www.fujimori-hosp.jp/" }, "geometry": { "type": "Point", "coordinates": [ 137.9718593, 36.2333276 ] } },
{ "type": "Feature", "properties": { "内容": "めぐり愛【居宅介護支援】長野県松本市波田10070-7", "url": "https://www.kaigokensaku.mhlw.go.jp/20/index.php?action_kouhyou_detail_004_kani=true&JigyosyoCd=2070203753-00&ServiceCd=430&Type=search", "url2": "http://wwwnanatsuboshi.or.jp" }, "geometry": { "type": "Point", "coordinates": [ 137.813101, 36.1703072 ] } },
{ "type": "Feature", "properties": { "内容": "なべりんケアプランセンター【居宅介護支援】長野県松本市双葉8番10号", "url": "https://www.kaigokensaku.mhlw.go.jp/20/index.php?action_kouhyou_detail_004_kani=true&JigyosyoCd=2070203993-00&ServiceCd=430&Type=search", "url2": "http://www.ainabelin.com" }, "geometry": { "type": "Point", "coordinates": [ 137.964663800000039, 36.211372 ] } },
{ "type": "Feature", "properties": { "内容": "介護サービス百寿しが【居宅介護支援】長野県松本市会田4023-1", "url": "https://www.kaigokensaku.mhlw.go.jp/20/index.php?action_kouhyou_detail_004_kani=true&JigyosyoCd=2072700582-00&ServiceCd=430&Type=search", "url2": null }, "geometry": { "type": "Point", "coordinates": [ 137.985387299999957, 36.3545445 ] } },
{ "type": "Feature", "properties": { "内容": "相澤居宅介護支援事業所【居宅介護支援】長野県松本市本庄2-10-21", "url": "https://www.kaigokensaku.mhlw.go.jp/20/index.php?action_kouhyou_detail_004_kani=true&JigyosyoCd=2070200098-00&ServiceCd=430&Type=search", "url2": "http://www.ai-hosp.or.jp/shinryo/a_center_2.html" }, "geometry": { "type": "Point", "coordinates": [ 137.97526831045073, 36.227503432028165 ] } },
{ "type": "Feature", "properties": { "内容": "相澤居宅介護支援事業所にいむら【居宅介護支援】長野県松本市島立2026-14", "url": "https://www.kaigokensaku.mhlw.go.jp/20/index.php?action_kouhyou_detail_004_kani=true&JigyosyoCd=2070202938-00&ServiceCd=430&Type=search", "url2": "https://jisenkai.aizawahospital.jp/home_medical" }, "geometry": { "type": "Point", "coordinates": [ 137.939358560676737, 36.22800089948116 ] } },
{ "type": "Feature", "properties": { "内容": "相澤居宅介護支援事業所　松本みなみ【居宅介護支援】長野県松本市寿小赤672番地1", "url": "https://www.kaigokensaku.mhlw.go.jp/20/index.php?action_kouhyou_detail_004_kani=true&JigyosyoCd=2070204231-00&ServiceCd=430&Type=search", "url2": "jisenkai.aizawahospital.jp/home₋medical/" }, "geometry": { "type": "Point", "coordinates": [ 137.974097, 36.173271499999984 ] } },
{ "type": "Feature", "properties": { "内容": "ニチイケアセンター松本桐【居宅介護支援】長野県松本市桐3-2-45山本ビル２Ｆ", "url": "https://www.kaigokensaku.mhlw.go.jp/20/index.php?action_kouhyou_detail_004_kani=true&JigyosyoCd=2070201435-00&ServiceCd=430&Type=search", "url2": "http://www.nichiigakkan.co.jp/service/care/home/careplan.html" }, "geometry": { "type": "Point", "coordinates": [ 137.9761969, 36.2524253 ] } },
{ "type": "Feature", "properties": { "内容": "サクラケア松本【居宅介護支援】長野県松本市梓川倭466-3", "url": "https://www.kaigokensaku.mhlw.go.jp/20/index.php?action_kouhyou_detail_004_kani=true&JigyosyoCd=2074000551-00&ServiceCd=430&Type=search", "url2": "https://www.sakura-care.co.jp/" }, "geometry": { "type": "Point", "coordinates": [ 137.8908511, 36.2359923 ] } },
{ "type": "Feature", "properties": { "内容": "居宅支援センターふれあい【居宅介護支援】長野県松本市征矢野２-１２-４６", "url": "https://www.kaigokensaku.mhlw.go.jp/20/index.php?action_kouhyou_detail_004_kani=true&JigyosyoCd=2070201369-00&ServiceCd=430&Type=search", "url2": "http://takasawatsusho.co.jp/biz.html" }, "geometry": { "type": "Point", "coordinates": [ 137.954900800000019, 36.2152349 ] } },
{ "type": "Feature", "properties": { "内容": "うつくしの里居宅介護支援事業所【居宅介護支援】長野県松本市大字里山辺藤井９１０－１", "url": "https://www.kaigokensaku.mhlw.go.jp/20/index.php?action_kouhyou_detail_004_kani=true&JigyosyoCd=2070200221-00&ServiceCd=430&Type=search", "url2": "http://www.ja-naganokai.or.jp/facilities/utsukushi/index.php" }, "geometry": { "type": "Point", "coordinates": [ 138.004180857255506, 36.243473613217688 ] } },
{ "type": "Feature", "properties": { "内容": "ケアプランセンター糸【居宅介護支援】長野県松本市城西1-181-7", "url": "https://www.kaigokensaku.mhlw.go.jp/20/index.php?action_kouhyou_detail_004_kani=true&JigyosyoCd=2070204389-00&ServiceCd=430&Type=search", "url2": null }, "geometry": { "type": "Point", "coordinates": [ 137.9605884, 36.2398329 ] } },
{ "type": "Feature", "properties": { "内容": "居宅介護支援事業所　結いの街【居宅介護支援】長野県松本市井川城3丁目11番8号住宅型有料老人ホーム結いまぁる井川城内", "url": "https://www.kaigokensaku.mhlw.go.jp/20/index.php?action_kouhyou_detail_004_kani=true&JigyosyoCd=2070203829-00&ServiceCd=430&Type=search", "url2": "http://yuinomati.org/" }, "geometry": { "type": "Point", "coordinates": [ 137.969627869074714, 36.218038099362573 ] } },
{ "type": "Feature", "properties": { "内容": "有限会社塩原薬局【居宅介護支援】長野県松本市波田5445-4", "url": "https://www.kaigokensaku.mhlw.go.jp/20/index.php?action_kouhyou_detail_004_kani=true&JigyosyoCd=2072700574-00&ServiceCd=430&Type=search", "url2": null }, "geometry": { "type": "Point", "coordinates": [ 137.856803399999961, 36.2018913 ] } },
{ "type": "Feature", "properties": { "内容": "たまきケアプランセンター【居宅介護支援】長野県松本市波田6579", "url": "https://www.kaigokensaku.mhlw.go.jp/20/index.php?action_kouhyou_detail_004_kani=true&JigyosyoCd=2070204702-00&ServiceCd=430&Type=search", "url2": null }, "geometry": { "type": "Point", "coordinates": [ 137.8603976, 36.1993091 ] } },
{ "type": "Feature", "properties": { "内容": "ホームケア居宅支援センター【居宅介護支援】長野県松本市征矢野2-2-29-1ＡｒｒｏｗＣ", "url": "https://www.kaigokensaku.mhlw.go.jp/20/index.php?action_kouhyou_detail_004_kani=true&JigyosyoCd=2070204629-00&ServiceCd=430&Type=search", "url2": null }, "geometry": { "type": "Point", "coordinates": [ 137.9552026, 36.2186626 ] } },
{ "type": "Feature", "properties": { "内容": "社会福祉法人松本市社会福祉協議会北部居宅介護支援事業所【居宅介護支援】長野県松本市元町3-7-1ふくふくらいず　１階", "url": "https://www.kaigokensaku.mhlw.go.jp/20/index.php?action_kouhyou_detail_004_kani=true&JigyosyoCd=2070201971-00&ServiceCd=430&Type=search", "url2": null }, "geometry": { "type": "Point", "coordinates": [ 137.983729499999981, 36.2505148 ] } },
{ "type": "Feature", "properties": { "内容": "居宅介護支援事業所日々輝【居宅介護支援】長野県松本市両島13-33", "url": "https://www.kaigokensaku.mhlw.go.jp/20/index.php?action_kouhyou_detail_004_kani=true&JigyosyoCd=2070204512-00&ServiceCd=430&Type=search", "url2": null }, "geometry": { "type": "Point", "coordinates": [ 137.9511353, 36.2230794 ] } },
{ "type": "Feature", "properties": { "内容": "アイケア居宅介護支援事業所【居宅介護支援】長野県松本市大字岡田町102番地2サービス付き高齢者向け住宅アイケア", "url": "https://www.kaigokensaku.mhlw.go.jp/20/index.php?action_kouhyou_detail_004_kani=true&JigyosyoCd=2070204280-00&ServiceCd=430&Type=search", "url2": "https://aikea1102.amebaownd.com" }, "geometry": { "type": "Point", "coordinates": [ 137.975731200000013, 36.2730806 ] } },
{ "type": "Feature", "properties": { "内容": "特定非営利活動法人峠茶屋【居宅介護支援】長野県松本市刈谷原町531-1", "url": "https://www.kaigokensaku.mhlw.go.jp/20/index.php?action_kouhyou_detail_004_kani=true&JigyosyoCd=2070201476-00&ServiceCd=430&Type=search", "url2": "http://www.touge.or.jp" }, "geometry": { "type": "Point", "coordinates": [ 137.99186596630102, 36.317539489340163 ] } },
{ "type": "Feature", "properties": { "内容": "あんずの木松本居宅介護支援事業所【居宅介護支援】神林2660-10フレグランスミムラ203", "url": "https://www.kaigokensaku.mhlw.go.jp/20/index.php?action_kouhyou_detail_004_kani=true&JigyosyoCd=2070204645-00&ServiceCd=430&Type=search", "url2": null }, "geometry": { "type": "Point", "coordinates": [ 137.9329721, 36.1820886 ] } },
{ "type": "Feature", "properties": { "内容": "ほほ笑み介護支援センター【居宅介護支援】長野県上田市上田原707－2キネタクビル１F", "url": "https://www.kaigokensaku.mhlw.go.jp/20/index.php?action_kouhyou_detail_004_kani=true&JigyosyoCd=2070300666-00&ServiceCd=430&Type=search", "url2": "http://hohoemikaigo.com/" }, "geometry": { "type": "Point", "coordinates": [ 138.201907399999982, 36.3874959 ] } },
{ "type": "Feature", "properties": { "内容": "いずみの居宅介護支援事業所【居宅介護支援】長野県上田市小泉７２－１", "url": "https://www.kaigokensaku.mhlw.go.jp/20/index.php?action_kouhyou_detail_004_kani=true&JigyosyoCd=2070301383-00&ServiceCd=430&Type=search", "url2": "http://km-rehacenter.jp/" }, "geometry": { "type": "Point", "coordinates": [ 138.194938699999966, 36.3863681 ] } },
{ "type": "Feature", "properties": { "内容": "コープながの福祉センター上田ケアマネージャーステーション【居宅介護支援】長野県上田市古里742-4", "url": "https://www.kaigokensaku.mhlw.go.jp/20/index.php?action_kouhyou_detail_004_kani=true&JigyosyoCd=2070300732-00&ServiceCd=430&Type=search", "url2": "http://nagano.coopnet.jp/" }, "geometry": { "type": "Point", "coordinates": [ 138.283088305384808, 36.394070839568734 ] } },
{ "type": "Feature", "properties": { "内容": "ローマンうえだ福祉相談センターひだまり【居宅介護支援】長野県上田市殿城２５０－１", "url": "https://www.kaigokensaku.mhlw.go.jp/20/index.php?action_kouhyou_detail_004_kani=true&JigyosyoCd=2070300559-00&ServiceCd=430&Type=search", "url2": "http://www.ja-naganokai.or.jp/facilities/ueda/index.php" }, "geometry": { "type": "Point", "coordinates": [ 138.305597700000021, 36.4138366 ] } },
{ "type": "Feature", "properties": { "内容": "「陽だまり」居宅介護支援事業所【居宅介護支援】長野県上田市上田２５２８－１サービス付き高齢者向け住宅「陽だまり」内", "url": "https://www.kaigokensaku.mhlw.go.jp/20/index.php?action_kouhyou_detail_004_kani=true&JigyosyoCd=2070301961-00&ServiceCd=430&Type=search", "url2": null }, "geometry": { "type": "Point", "coordinates": [ 138.256746668375513, 36.417245260739634 ] } },
{ "type": "Feature", "properties": { "内容": "あやめの里居宅介護支援事業所【居宅介護支援】長野県上田市殿城239番地1", "url": "https://www.kaigokensaku.mhlw.go.jp/20/index.php?action_kouhyou_detail_004_kani=true&JigyosyoCd=2070301391-00&ServiceCd=430&Type=search", "url2": "https://km-rehacenter.jp/profile/home-care-support/office/" }, "geometry": { "type": "Point", "coordinates": [ 138.301453600000059, 36.4034062 ] } },
{ "type": "Feature", "properties": { "内容": "ケアサポートしおだ【居宅介護支援】長野県上田市本郷596-4", "url": "https://www.kaigokensaku.mhlw.go.jp/20/index.php?action_kouhyou_detail_004_kani=true&JigyosyoCd=2070300104-00&ServiceCd=430&Type=search", "url2": "caresupport-shioda@shiodahp.jp" }, "geometry": { "type": "Point", "coordinates": [ 138.199604248755946, 36.360690837250878 ] } },
{ "type": "Feature", "properties": { "内容": "医療法人秀栄会岸医院【居宅介護支援】長野県上田市上丸子３２８－１", "url": "https://www.kaigokensaku.mhlw.go.jp/20/index.php?action_kouhyou_detail_004_kani=true&JigyosyoCd=2010317705-00&ServiceCd=430&Type=search", "url2": "http://www.kishi-clinic.or.jp" }, "geometry": { "type": "Point", "coordinates": [ 138.270959700000049, 36.3282124 ] } },
{ "type": "Feature", "properties": { "内容": "鹿教湯三才山リハビリテーションセンター　しおだ福祉相談センター【居宅介護支援】長野県上田市中野64番地1", "url": "https://www.kaigokensaku.mhlw.go.jp/20/index.php?action_kouhyou_detail_004_kani=true&JigyosyoCd=2070302357-00&ServiceCd=430&Type=search", "url2": "https://km-rehacenter.jp/profile/home-care-support/office/" }, "geometry": { "type": "Point", "coordinates": [ 138.198532670500214, 36.363220793366153 ] } },
{ "type": "Feature", "properties": { "内容": "介護相談センターまごころ【居宅介護支援】長野県上田市別所温泉１８２８番地２", "url": "https://www.kaigokensaku.mhlw.go.jp/20/index.php?action_kouhyou_detail_004_kani=true&JigyosyoCd=2070300054-00&ServiceCd=430&Type=search", "url2": "URL.http://care-net.biz./20/choujuen/" }, "geometry": { "type": "Point", "coordinates": [ 138.158899, 36.3529822 ] } },
{ "type": "Feature", "properties": { "内容": "居宅介護支援センターアザレアン【居宅介護支援】長野県上田市真田町長7141-1", "url": "https://www.kaigokensaku.mhlw.go.jp/20/index.php?action_kouhyou_detail_004_kani=true&JigyosyoCd=2070302282-00&ServiceCd=430&Type=search", "url2": "http://www.azarean.jp/" }, "geometry": { "type": "Point", "coordinates": [ 138.305811, 36.4433922 ] } },
{ "type": "Feature", "properties": { "内容": "医療法人健静会上田病院居宅介護支援事業所【居宅介護支援】長野県上田市中央１－３－３", "url": "https://www.kaigokensaku.mhlw.go.jp/20/index.php?action_kouhyou_detail_004_kani=true&JigyosyoCd=2070300047-00&ServiceCd=430&Type=search", "url2": "http://www.ueda-hp.or.jp" }, "geometry": { "type": "Point", "coordinates": [ 138.251572200000027, 36.3984869 ] } },
{ "type": "Feature", "properties": { "内容": "御所苑居宅介護支援センター【居宅介護支援】長野県上田市御所666番地", "url": "https://www.kaigokensaku.mhlw.go.jp/20/index.php?action_kouhyou_detail_004_kani=true&JigyosyoCd=2070300039-00&ServiceCd=430&Type=search", "url2": "http://maruyamakai.or.jp" }, "geometry": { "type": "Point", "coordinates": [ 138.234151, 36.3986841 ] } },
{ "type": "Feature", "properties": { "内容": "丸子中央病院居宅介護支援センター【居宅介護支援】長野県上田市中丸子1771番地1", "url": "https://www.kaigokensaku.mhlw.go.jp/20/index.php?action_kouhyou_detail_004_kani=true&JigyosyoCd=2072200013-00&ServiceCd=430&Type=search", "url2": "https://maruko-hp.jp" }, "geometry": { "type": "Point", "coordinates": [ 138.270923700000026, 36.3264349 ] } },
{ "type": "Feature", "properties": { "内容": "うえだ敬老園居宅介護支援事業所【居宅介護支援】長野県上田市中央3-14-5", "url": "https://www.kaigokensaku.mhlw.go.jp/20/index.php?action_kouhyou_detail_004_kani=true&JigyosyoCd=2070301938-00&ServiceCd=430&Type=search", "url2": "http:/www.keiroen.or.jp" }, "geometry": { "type": "Point", "coordinates": [ 138.254982899999987, 36.402133399999975 ] } },
{ "type": "Feature", "properties": { "内容": "医療法人健救会柳澤病院居宅介護支援事業所【居宅介護支援】長野県上田市中央西一丁目２番１０号", "url": "https://www.kaigokensaku.mhlw.go.jp/20/index.php?action_kouhyou_detail_004_kani=true&JigyosyoCd=2070300096-00&ServiceCd=430&Type=search", "url2": "http://kenkyukai.or.jp/" }, "geometry": { "type": "Point", "coordinates": [ 138.248097674205042, 36.405187845119315 ] } },
{ "type": "Feature", "properties": { "内容": "依田窪福祉会居宅介護支援事業【居宅介護支援】長野県上田市下武石776番地１依田窪特別養護老人ホームともしび内", "url": "https://www.kaigokensaku.mhlw.go.jp/20/index.php?action_kouhyou_detail_004_kani=true&JigyosyoCd=2072200070-00&ServiceCd=430&Type=search", "url2": "https://www.yodakubofukushikai.jp/" }, "geometry": { "type": "Point", "coordinates": [ 138.229001299999936, 36.2860691 ] } },
{ "type": "Feature", "properties": { "内容": "介護相談室きずな【居宅介護支援】長野県上田市神畑506番地", "url": "https://www.kaigokensaku.mhlw.go.jp/20/index.php?action_kouhyou_detail_004_kani=true&JigyosyoCd=2070302258-00&ServiceCd=430&Type=search", "url2": null }, "geometry": { "type": "Point", "coordinates": [ 138.213720599999988, 36.3822385 ] } },
{ "type": "Feature", "properties": { "内容": "しおがわ敬老園居宅介護支援事業所【居宅介護支援】長野県上田市塩川1001", "url": "https://www.kaigokensaku.mhlw.go.jp/20/index.php?action_kouhyou_detail_004_kani=true&JigyosyoCd=2070302001-00&ServiceCd=430&Type=search", "url2": "http://www.keiroen.or.jp" }, "geometry": { "type": "Point", "coordinates": [ 138.309871700000031, 36.3530189 ] } },
{ "type": "Feature", "properties": { "内容": "エフビー居宅介護支援事業所上田【居宅介護支援】長野県上田市古里９１４番地６", "url": "https://www.kaigokensaku.mhlw.go.jp/20/index.php?action_kouhyou_detail_004_kani=true&JigyosyoCd=2070300989-00&ServiceCd=430&Type=search", "url2": "http://www.fb-kaigo.co.jp/service/kyotaku.php" }, "geometry": { "type": "Point", "coordinates": [ 138.283289200000041, 36.392246 ] } },
{ "type": "Feature", "properties": { "内容": "ニチイケアセンターときわぎ【居宅介護支援】長野県上田市常磐城654-4", "url": "https://www.kaigokensaku.mhlw.go.jp/20/index.php?action_kouhyou_detail_004_kani=true&JigyosyoCd=2070300088-00&ServiceCd=430&Type=search", "url2": null }, "geometry": { "type": "Point", "coordinates": [ 138.242585700000063, 36.4163737 ] } },
{ "type": "Feature", "properties": { "内容": "翼　居宅介護支援事業所【居宅介護支援】長野県上田市真田町本原５０３－３", "url": "https://www.kaigokensaku.mhlw.go.jp/20/index.php?action_kouhyou_detail_004_kani=true&JigyosyoCd=2070302324-00&ServiceCd=430&Type=search", "url2": null }, "geometry": { "type": "Point", "coordinates": [ 138.2990211, 36.4279675 ] } },
{ "type": "Feature", "properties": { "内容": "ニチイケアセンターこさと【居宅介護支援】長野県上田市上野60-7", "url": "https://www.kaigokensaku.mhlw.go.jp/20/index.php?action_kouhyou_detail_004_kani=true&JigyosyoCd=2070300757-00&ServiceCd=430&Type=search", "url2": "https://www.nichiigakkan.co.jp" }, "geometry": { "type": "Point", "coordinates": [ 138.289682399999947, 36.4036975 ] } },
{ "type": "Feature", "properties": { "内容": "特定非営利活動法人わっこ自立福祉会指定居宅介護支援事業所【居宅介護支援】長野県上田市保野８３０－１", "url": "https://www.kaigokensaku.mhlw.go.jp/20/index.php?action_kouhyou_detail_004_kani=true&JigyosyoCd=2070300393-00&ServiceCd=430&Type=search", "url2": "http://www12.ueda.ne.jp/~jiritu/" }, "geometry": { "type": "Point", "coordinates": [ 138.202769200000034, 36.3743723 ] } },
{ "type": "Feature", "properties": { "内容": "室賀の里いきいき介護センター【居宅介護支援】長野県上田市上室賀19番地", "url": "https://www.kaigokensaku.mhlw.go.jp/20/index.php?action_kouhyou_detail_004_kani=true&JigyosyoCd=2070300021-00&ServiceCd=430&Type=search", "url2": "https://shiinomikai.com" }, "geometry": { "type": "Point", "coordinates": [ 138.159658, 36.402979 ] } },
{ "type": "Feature", "properties": { "内容": "まるこ敬老園居宅介護支援事業所【居宅介護支援】長野県上田市中丸子1623-11", "url": "https://www.kaigokensaku.mhlw.go.jp/20/index.php?action_kouhyou_detail_004_kani=true&JigyosyoCd=2072200021-00&ServiceCd=430&Type=search", "url2": "http://www.keiroen.or.jp/keiroen/html/shisetu/maruko.htm" }, "geometry": { "type": "Point", "coordinates": [ 138.269763210424799, 36.336076946458014 ] } },
{ "type": "Feature", "properties": { "内容": "長野県厚生農業協同組合連合会鹿教湯三才山リハビリテーションセンター鹿教湯病院【居宅介護支援】長野県上田市鹿教湯温泉１３０８", "url": "https://www.kaigokensaku.mhlw.go.jp/20/index.php?action_kouhyou_detail_004_kani=true&JigyosyoCd=2010317713-00&ServiceCd=430&Type=search", "url2": "http://km-rehacenter.jp/" }, "geometry": { "type": "Point", "coordinates": [ 138.135628206082174, 36.302280805468321 ] } },
{ "type": "Feature", "properties": { "内容": "上田生協訪問看護ステーション【居宅介護支援】長野県上田市上塩尻３９３－１", "url": "https://www.kaigokensaku.mhlw.go.jp/20/index.php?action_kouhyou_detail_004_kani=true&JigyosyoCd=2060390073-00&ServiceCd=430&Type=search", "url2": "http://www.toshin-iryou.com/" }, "geometry": { "type": "Point", "coordinates": [ 138.2209762, 36.4149211 ] } },
{ "type": "Feature", "properties": { "内容": "居宅介護支援ネットワークさくらんぼ【居宅介護支援】長野県上田市保野７１０番地", "url": "https://www.kaigokensaku.mhlw.go.jp/20/index.php?action_kouhyou_detail_004_kani=true&JigyosyoCd=2070300013-00&ServiceCd=430&Type=search", "url2": "http://www.koujin-kai.or.jp/sakuranbo/index.html" }, "geometry": { "type": "Point", "coordinates": [ 138.1924838, 36.3743389 ] } },
{ "type": "Feature", "properties": { "内容": "うらら介護相談室【居宅介護支援】長野県上田市神畑乙７５－３", "url": "https://www.kaigokensaku.mhlw.go.jp/20/index.php?action_kouhyou_detail_004_kani=true&JigyosyoCd=2070301409-00&ServiceCd=430&Type=search", "url2": "http://lifturara.sakura.ne.jp" }, "geometry": { "type": "Point", "coordinates": [ 138.217712400000011, 36.3771526 ] } },
{ "type": "Feature", "properties": { "内容": "聖　居宅介護支援事業所【居宅介護支援】長野県上田市小泉917番地", "url": "https://www.kaigokensaku.mhlw.go.jp/20/index.php?action_kouhyou_detail_004_kani=true&JigyosyoCd=2070301557-00&ServiceCd=430&Type=search", "url2": null }, "geometry": { "type": "Point", "coordinates": [ 138.184242499999982, 36.3836099 ] } },
{ "type": "Feature", "properties": { "内容": "すまりは居宅介護支援事業所【居宅介護支援】長野県上田市大屋213", "url": "https://www.kaigokensaku.mhlw.go.jp/20/index.php?action_kouhyou_detail_004_kani=true&JigyosyoCd=2070301763-00&ServiceCd=430&Type=search", "url2": null }, "geometry": { "type": "Point", "coordinates": [ 138.297758400000021, 36.3708992 ] } },
{ "type": "Feature", "properties": { "内容": "下之条あい居宅介護支援事業所【居宅介護支援】長野県上田市下之条804-39", "url": "https://www.kaigokensaku.mhlw.go.jp/20/index.php?action_kouhyou_detail_004_kani=true&JigyosyoCd=2070301797-00&ServiceCd=430&Type=search", "url2": "http://ls-ashi.sakura.ne.jp" }, "geometry": { "type": "Point", "coordinates": [ 138.219709132068857, 36.403059642889765 ] } },
{ "type": "Feature", "properties": { "内容": "神科居宅介護支援センターぬくもり【居宅介護支援】長野県上田市住吉322", "url": "https://www.kaigokensaku.mhlw.go.jp/20/index.php?action_kouhyou_detail_004_kani=true&JigyosyoCd=2070300153-00&ServiceCd=430&Type=search", "url2": "http://www.jishyukai.or.jp" }, "geometry": { "type": "Point", "coordinates": [ 138.279236, 36.4058444 ] } },
{ "type": "Feature", "properties": { "内容": "うえだはら敬老園居宅介護支援事業所【居宅介護支援】長野県上田市上田原1050", "url": "https://www.kaigokensaku.mhlw.go.jp/20/index.php?action_kouhyou_detail_004_kani=true&JigyosyoCd=2070300468-00&ServiceCd=430&Type=search", "url2": "http://www.keiroen.or.jp/" }, "geometry": { "type": "Point", "coordinates": [ 138.2284022, 36.3887155 ] } },
{ "type": "Feature", "properties": { "内容": "上田市社会福祉協議会介護相談センター【居宅介護支援】長野県上田市中央三丁目5番1号", "url": "https://www.kaigokensaku.mhlw.go.jp/20/index.php?action_kouhyou_detail_004_kani=true&JigyosyoCd=2070301102-00&ServiceCd=430&Type=search", "url2": "http://ueda-shakyo.com/" }, "geometry": { "type": "Point", "coordinates": [ 138.253135599999951, 36.4041308 ] } },
{ "type": "Feature", "properties": { "内容": "上田市社会福祉協議会丸子介護相談センター【居宅介護支援】長野県上田市上丸子１６００番地１", "url": "https://www.kaigokensaku.mhlw.go.jp/20/index.php?action_kouhyou_detail_004_kani=true&JigyosyoCd=2070301078-00&ServiceCd=430&Type=search", "url2": null }, "geometry": { "type": "Point", "coordinates": [ 138.269177306745831, 36.323983577993666 ] } },
{ "type": "Feature", "properties": { "内容": "岡谷市社会福祉協議会指定居宅介護支援事業所【居宅介護支援】長野県岡谷市長地権現町４－１１－５０", "url": "https://www.kaigokensaku.mhlw.go.jp/20/index.php?action_kouhyou_detail_004_kani=true&JigyosyoCd=2070400011-00&ServiceCd=430&Type=search", "url2": "http://www.okaya-shakyo.or.jp" }, "geometry": { "type": "Point", "coordinates": [ 138.068374, 36.0602018 ] } },
{ "type": "Feature", "properties": { "内容": "やさしい手わかみや居宅介護支援事業所【居宅介護支援】長野県岡谷市堀ノ内1-1-15コーミーハイツ103", "url": "https://www.kaigokensaku.mhlw.go.jp/20/index.php?action_kouhyou_detail_004_kani=true&JigyosyoCd=2070400946-00&ServiceCd=430&Type=search", "url2": "https://yasashiite.com/subdomains/section/763" }, "geometry": { "type": "Point", "coordinates": [ 138.060333620671457, 36.067052465857685 ] } },
{ "type": "Feature", "properties": { "内容": "諏訪湖畔病院居宅介護支援事業所【居宅介護支援】長野県岡谷市長地小萩１丁目１１番３０号", "url": "https://www.kaigokensaku.mhlw.go.jp/20/index.php?action_kouhyou_detail_004_kani=true&JigyosyoCd=2070400060-00&ServiceCd=430&Type=search", "url2": null }, "geometry": { "type": "Point", "coordinates": [ 138.055602300000032, 36.0808989 ] } },
{ "type": "Feature", "properties": { "内容": "ニチイケアセンターおかや【居宅介護支援】長野県岡谷市長地権現町1-7-26", "url": "https://www.kaigokensaku.mhlw.go.jp/20/index.php?action_kouhyou_detail_004_kani=true&JigyosyoCd=2070400169-00&ServiceCd=430&Type=search", "url2": "http://sp.chizumaru.com/dbh/nichii/detailmap.aspx?account=nichii&accmd=0&bid=0162205H96&scl=1000&clk=2" }, "geometry": { "type": "Point", "coordinates": [ 138.069879200000059, 36.0667816 ] } },
{ "type": "Feature", "properties": { "内容": "ウェルハートおかや指定居宅介護支援事業所【居宅介護支援】長野県岡谷市長地片間町１－１１－１", "url": "https://www.kaigokensaku.mhlw.go.jp/20/index.php?action_kouhyou_detail_004_kani=true&JigyosyoCd=2070400094-00&ServiceCd=430&Type=search", "url2": "https://www.wellheart-okaya.com/" }, "geometry": { "type": "Point", "coordinates": [ 138.059557600000062, 36.0766301 ] } },
{ "type": "Feature", "properties": { "内容": "居宅介護支援事業所湯けむり【居宅介護支援】長野県岡谷市南宮３-３-８", "url": "https://www.kaigokensaku.mhlw.go.jp/20/index.php?action_kouhyou_detail_004_kani=true&JigyosyoCd=2070400417-00&ServiceCd=430&Type=search", "url2": "http://www.heisei-kai.jp/" }, "geometry": { "type": "Point", "coordinates": [ 138.0659243, 36.0584852 ] } },
{ "type": "Feature", "properties": { "内容": "岡谷市民病院居宅介護支援事業所【居宅介護支援】長野県岡谷市本町４－１１－３３", "url": "https://www.kaigokensaku.mhlw.go.jp/20/index.php?action_kouhyou_detail_004_kani=true&JigyosyoCd=2070400763-00&ServiceCd=430&Type=search", "url2": "htt://www.okaya-hosp.jp" }, "geometry": { "type": "Point", "coordinates": [ 138.048031199999969, 36.0654144 ] } },
{ "type": "Feature", "properties": { "内容": "居宅介護支援事業所　ほーぷ【居宅介護支援】長野県岡谷市山下町二丁目15-6", "url": "https://www.kaigokensaku.mhlw.go.jp/20/index.php?action_kouhyou_detail_004_kani=true&JigyosyoCd=2070400888-00&ServiceCd=430&Type=search", "url2": null }, "geometry": { "type": "Point", "coordinates": [ 138.041727782818214, 36.070075614236146 ] } },
{ "type": "Feature", "properties": { "内容": "居宅介護支援事業所　和縁【居宅介護支援】長野県岡谷市湊二丁目１１番１４-４号", "url": "https://www.kaigokensaku.mhlw.go.jp/20/index.php?action_kouhyou_detail_004_kani=true&JigyosyoCd=2070400805-00&ServiceCd=430&Type=search", "url2": "go.waen@po32.lcv.ne.jp" }, "geometry": { "type": "Point", "coordinates": [ 138.058904716268984, 36.045067030057275 ] } },
{ "type": "Feature", "properties": { "内容": "居宅介護支援事業所　きずな【居宅介護支援】長野県岡谷市長地御所2-14-2あずさＡ　206号", "url": "https://www.kaigokensaku.mhlw.go.jp/20/index.php?action_kouhyou_detail_004_kani=true&JigyosyoCd=2070400862-00&ServiceCd=430&Type=search", "url2": null }, "geometry": { "type": "Point", "coordinates": [ 138.074195300000042, 36.0731114 ] } },
{ "type": "Feature", "properties": { "内容": "医療法人龍川会居宅介護支援センターほんまち【居宅介護支援】飯田市本町四丁目５番地", "url": "https://www.kaigokensaku.mhlw.go.jp/20/index.php?action_kouhyou_detail_004_kani=true&JigyosyoCd=2070500851-00&ServiceCd=430&Type=search", "url2": null }, "geometry": { "type": "Point", "coordinates": [ 137.821599200000037, 35.5169802 ] } },
{ "type": "Feature", "properties": { "内容": "菅沼病院【居宅介護支援】飯田市鼎中平１９７０", "url": "https://www.kaigokensaku.mhlw.go.jp/20/index.php?action_kouhyou_detail_004_kani=true&JigyosyoCd=2010517288-00&ServiceCd=430&Type=search", "url2": null }, "geometry": { "type": "Point", "coordinates": [ 137.82534940000005, 35.5073926 ] } },
{ "type": "Feature", "properties": { "内容": "共に歩む会介護相談所【居宅介護支援】長野県飯田市羽場赤坂2021番地50", "url": "https://www.kaigokensaku.mhlw.go.jp/20/index.php?action_kouhyou_detail_004_kani=true&JigyosyoCd=2070502089-00&ServiceCd=430&Type=search", "url2": null }, "geometry": { "type": "Point", "coordinates": [ 137.796157599999987, 35.5195938 ] } },
{ "type": "Feature", "properties": { "内容": "飯田市社協とおやま居宅介護支援センター【居宅介護支援】長野県飯田市南信濃和田１５５０番地", "url": "https://www.kaigokensaku.mhlw.go.jp/20/index.php?action_kouhyou_detail_004_kani=true&JigyosyoCd=2072500883-00&ServiceCd=430&Type=search", "url2": "http://www.iidashakyo.or.jp" }, "geometry": { "type": "Point", "coordinates": [ 137.928941464418017, 35.318539877100058 ] } },
{ "type": "Feature", "properties": { "内容": "ケアセンターあさがお【居宅介護支援】長野県飯田市南信濃八重河内302-32", "url": "https://www.kaigokensaku.mhlw.go.jp/20/index.php?action_kouhyou_detail_004_kani=true&JigyosyoCd=2070502352-00&ServiceCd=430&Type=search", "url2": null }, "geometry": { "type": "Point", "coordinates": [ 137.927599661321096, 35.311877141903864 ] } },
{ "type": "Feature", "properties": { "内容": "ニチイケアセンター飯田【居宅介護支援】長野県飯田市大瀬木２９８－１", "url": "https://www.kaigokensaku.mhlw.go.jp/20/index.php?action_kouhyou_detail_004_kani=true&JigyosyoCd=2070500406-00&ServiceCd=430&Type=search", "url2": "http://sp.chizumaru.com/dbh/nichii/detailmap.aspx?account=nichii&accmd=0&bid=0162205E57&scl=1000&clk=2" }, "geometry": { "type": "Point", "coordinates": [ 137.796497899999963, 35.4965577 ] } },
{ "type": "Feature", "properties": { "内容": "居宅介護支援センターわたはん【居宅介護支援】長野県飯田市三日市場2100", "url": "https://www.kaigokensaku.mhlw.go.jp/20/index.php?action_kouhyou_detail_004_kani=true&JigyosyoCd=2070501123-00&ServiceCd=430&Type=search", "url2": "http://www.wn-sekizenkai.or.jp" }, "geometry": { "type": "Point", "coordinates": [ 137.796429507409727, 35.486126633399458 ] } },
{ "type": "Feature", "properties": { "内容": "ケアプランセンターみんと【居宅介護支援】長野県飯田市座光寺3531番地6松村接骨院内", "url": "https://www.kaigokensaku.mhlw.go.jp/20/index.php?action_kouhyou_detail_004_kani=true&JigyosyoCd=2070502261-00&ServiceCd=430&Type=search", "url2": "https://www.imacoco-mint.com/" }, "geometry": { "type": "Point", "coordinates": [ 137.85949, 35.5336994 ] } },
{ "type": "Feature", "properties": { "内容": "介護のかふね居宅支援事業所【居宅介護支援】長野県飯田市北方2456-3", "url": "https://www.kaigokensaku.mhlw.go.jp/20/index.php?action_kouhyou_detail_004_kani=true&JigyosyoCd=2070500661-00&ServiceCd=430&Type=search", "url2": "http://kafune.jp/" }, "geometry": { "type": "Point", "coordinates": [ 137.795707037959943, 35.50566577651216 ] } },
{ "type": "Feature", "properties": { "内容": "ゆめの郷ケアプランセンター【居宅介護支援】長野県飯田市松尾代田910-1シルバーハウスゆめの郷", "url": "https://www.kaigokensaku.mhlw.go.jp/20/index.php?action_kouhyou_detail_004_kani=true&JigyosyoCd=2070500158-00&ServiceCd=430&Type=search", "url2": null }, "geometry": { "type": "Point", "coordinates": [ 137.828258399999982, 35.4913196 ] } },
{ "type": "Feature", "properties": { "内容": "有限会社　わくわく【居宅介護支援】長野県飯田市松尾寺所７０４３番地１", "url": "https://www.kaigokensaku.mhlw.go.jp/20/index.php?action_kouhyou_detail_004_kani=true&JigyosyoCd=2070500133-00&ServiceCd=430&Type=search", "url2": "waku2mx1.avis.ne.jp" }, "geometry": { "type": "Point", "coordinates": [ 137.855694399999948, 35.4959004 ] } },
{ "type": "Feature", "properties": { "内容": "グループかけはし居宅介護支援事業所【居宅介護支援】長野県飯田市上郷黒田2763-1", "url": "https://www.kaigokensaku.mhlw.go.jp/20/index.php?action_kouhyou_detail_004_kani=true&JigyosyoCd=2070500547-00&ServiceCd=430&Type=search", "url2": "https://g-kakehashi.jp/" }, "geometry": { "type": "Point", "coordinates": [ 137.834902599999964, 35.5327648 ] } },
{ "type": "Feature", "properties": { "内容": "健和会特定在宅総合支援センター【居宅介護支援】長野県飯田市鼎上山1552-1", "url": "https://www.kaigokensaku.mhlw.go.jp/20/index.php?action_kouhyou_detail_004_kani=true&JigyosyoCd=2070500117-00&ServiceCd=430&Type=search", "url2": "http://www.kenwakai.or.jp/" }, "geometry": { "type": "Point", "coordinates": [ 137.826432313539158, 35.504044146734806 ] } },
{ "type": "Feature", "properties": { "内容": "介護支援センターますと【居宅介護支援】長野県飯田市羽場町1-6-11", "url": "https://www.kaigokensaku.mhlw.go.jp/20/index.php?action_kouhyou_detail_004_kani=true&JigyosyoCd=2070501156-00&ServiceCd=430&Type=search", "url2": "https://www.mast-iida.co.jp/" }, "geometry": { "type": "Point", "coordinates": [ 137.8108063, 35.5189776 ] } },
{ "type": "Feature", "properties": { "内容": "居宅介護支援飯田病院【居宅介護支援】長野県飯田市大通1丁目30番地２えんじゅビル2階", "url": "https://www.kaigokensaku.mhlw.go.jp/20/index.php?action_kouhyou_detail_004_kani=true&JigyosyoCd=2070501982-00&ServiceCd=430&Type=search", "url2": "http://www.iida.or.jp" }, "geometry": { "type": "Point", "coordinates": [ 137.8180969, 35.5158359 ] } },
{ "type": "Feature", "properties": { "内容": "医療法人輝山会輝山会総合介護支援センター【居宅介護支援】長野県飯田市毛賀１７０７番地新棟アネックス", "url": "https://www.kaigokensaku.mhlw.go.jp/20/index.php?action_kouhyou_detail_004_kani=true&JigyosyoCd=2070500174-00&ServiceCd=430&Type=search", "url2": null }, "geometry": { "type": "Point", "coordinates": [ 137.841502100000071, 35.4770412 ] } },
{ "type": "Feature", "properties": { "内容": "飯田市立病院居宅介護支援センター【居宅介護支援】長野県飯田市八幡町438番地", "url": "https://www.kaigokensaku.mhlw.go.jp/20/index.php?action_kouhyou_detail_004_kani=true&JigyosyoCd=2070500042-00&ServiceCd=430&Type=search", "url2": "http://www.imh.jp" }, "geometry": { "type": "Point", "coordinates": [ 137.836112800000024, 35.499310600000015 ] } },
{ "type": "Feature", "properties": { "内容": "居宅介護支援事業所　ピュアスマイル飯田【居宅介護支援】長野県飯田市山本581-2", "url": "https://www.kaigokensaku.mhlw.go.jp/20/index.php?action_kouhyou_detail_004_kani=true&JigyosyoCd=2070502139-00&ServiceCd=430&Type=search", "url2": null }, "geometry": { "type": "Point", "coordinates": [ 137.7538931, 35.4792435 ] } },
{ "type": "Feature", "properties": { "内容": "居宅介護支援事業所あぐりかなえ【居宅介護支援】長野県飯田市鼎上山2662-1", "url": "https://www.kaigokensaku.mhlw.go.jp/20/index.php?action_kouhyou_detail_004_kani=true&JigyosyoCd=2070502022-00&ServiceCd=430&Type=search", "url2": null }, "geometry": { "type": "Point", "coordinates": [ 137.82721319999996, 35.5072121 ] } },
{ "type": "Feature", "properties": { "内容": "居宅介護支援事業所　虹【居宅介護支援】長野県飯田市鼎名古熊2105-1ローズアネックスビルⅡ　2階", "url": "https://www.kaigokensaku.mhlw.go.jp/20/index.php?action_kouhyou_detail_004_kani=true&JigyosyoCd=2070502238-00&ServiceCd=430&Type=search", "url2": null }, "geometry": { "type": "Point", "coordinates": [ 137.8269838, 35.4987161 ] } },
{ "type": "Feature", "properties": { "内容": "みつばさ居宅介護支援事業所【居宅介護支援】長野県飯田市上殿岡692-2みつばさレジデンス飯田内", "url": "https://www.kaigokensaku.mhlw.go.jp/20/index.php?action_kouhyou_detail_004_kani=true&JigyosyoCd=2070502063-00&ServiceCd=430&Type=search", "url2": null }, "geometry": { "type": "Point", "coordinates": [ 137.807468495921427, 35.497429750913355 ] } },
{ "type": "Feature", "properties": { "内容": "愛・居宅介護支援事業所飯田【居宅介護支援】長野県飯田市育良町3-1-1", "url": "https://www.kaigokensaku.mhlw.go.jp/20/index.php?action_kouhyou_detail_004_kani=true&JigyosyoCd=2070501636-00&ServiceCd=430&Type=search", "url2": "https://i-sogofukushi.com/" }, "geometry": { "type": "Point", "coordinates": [ 137.802015599999976, 35.5009129 ] } },
{ "type": "Feature", "properties": { "内容": "介護相談センターゆい【居宅介護支援】長野県飯田市龍江3283-1", "url": "https://www.kaigokensaku.mhlw.go.jp/20/index.php?action_kouhyou_detail_004_kani=true&JigyosyoCd=2070501081-00&ServiceCd=430&Type=search", "url2": "http://yuinosato-nagano.or.jp/" }, "geometry": { "type": "Point", "coordinates": [ 137.821269600000051, 35.4420892 ] } },
{ "type": "Feature", "properties": { "内容": "飯田市社協居宅介護支援センター【居宅介護支援】長野県飯田市松尾代田６０１番地２高松学園飯田短期大学旧学生寮内", "url": "https://www.kaigokensaku.mhlw.go.jp/20/index.php?action_kouhyou_detail_004_kani=true&JigyosyoCd=2070500208-00&ServiceCd=430&Type=search", "url2": null }, "geometry": { "type": "Point", "coordinates": [ 137.833685147261349, 35.49494810298026 ] } },
{ "type": "Feature", "properties": { "内容": "居宅介護支援事業所　たまゆら【居宅介護支援】長野県飯田市羽場町1-7-9", "url": "https://www.kaigokensaku.mhlw.go.jp/20/index.php?action_kouhyou_detail_004_kani=true&JigyosyoCd=2070502154-00&ServiceCd=430&Type=search", "url2": "http://nagano-tamayura.com" }, "geometry": { "type": "Point", "coordinates": [ 137.810983951689593, 35.518200377999136 ] } },
{ "type": "Feature", "properties": { "内容": "みよし家介護サービス居宅介護支援事業所【居宅介護支援】長野県諏訪市湯の脇2-9-13", "url": "https://www.kaigokensaku.mhlw.go.jp/20/index.php?action_kouhyou_detail_004_kani=true&JigyosyoCd=2070600735-00&ServiceCd=430&Type=search", "url2": "http://www.miyosiya.jp" }, "geometry": { "type": "Point", "coordinates": [ 138.115763893254098, 36.050158711431472 ] } },
{ "type": "Feature", "properties": { "内容": "いぶき居宅介護支援事業所【居宅介護支援】長野県諏訪市大字中洲２５３６－１", "url": "https://www.kaigokensaku.mhlw.go.jp/20/index.php?action_kouhyou_detail_004_kani=true&JigyosyoCd=2070600651-00&ServiceCd=430&Type=search", "url2": "http://www.ibuki-ikiiki.com/" }, "geometry": { "type": "Point", "coordinates": [ 138.123846917860391, 36.003777558791754 ] } },
{ "type": "Feature", "properties": { "内容": "居宅介護支援事業所　こころ高島【居宅介護支援】長野県諏訪市高島一丁目21番14号　こころのひろば内", "url": "https://www.kaigokensaku.mhlw.go.jp/20/index.php?action_kouhyou_detail_004_kani=true&JigyosyoCd=2070600537-00&ServiceCd=430&Type=search", "url2": "http://www.kokoro5560.or.jp" }, "geometry": { "type": "Point", "coordinates": [ 138.114033090647752, 36.040362077279113 ] } },
{ "type": "Feature", "properties": { "内容": "居宅介護支援事業所ゆうな【居宅介護支援】長野県諏訪市沖田町3丁目12センタービル2F", "url": "https://www.kaigokensaku.mhlw.go.jp/20/index.php?action_kouhyou_detail_004_kani=true&JigyosyoCd=2070600933-00&ServiceCd=430&Type=search", "url2": null }, "geometry": { "type": "Point", "coordinates": [ 138.1387052, 36.0120902 ] } },
{ "type": "Feature", "properties": { "内容": "諏訪赤十字居宅介護支援事業所【居宅介護支援】長野県諏訪市湖岸通り5-11-50", "url": "https://www.kaigokensaku.mhlw.go.jp/20/index.php?action_kouhyou_detail_004_kani=true&JigyosyoCd=2070600792-00&ServiceCd=430&Type=search", "url2": null }, "geometry": { "type": "Point", "coordinates": [ 138.10670719999996, 36.0431326 ] } },
{ "type": "Feature", "properties": { "内容": "かりんの里指定居宅介護支援事業所【居宅介護支援】長野県諏訪市湖岸通り５丁目１１－５介護老人保健施設かりんの里内", "url": "https://www.kaigokensaku.mhlw.go.jp/20/index.php?action_kouhyou_detail_004_kani=true&JigyosyoCd=2070600032-00&ServiceCd=430&Type=search", "url2": "http://suwafukushi.com/nursing_care/home_care_support/" }, "geometry": { "type": "Point", "coordinates": [ 138.110029764007322, 36.042171838260025 ] } },
{ "type": "Feature", "properties": { "内容": "居宅介護支援事業所掬水【居宅介護支援】長野県諏訪市豊田837-1", "url": "https://www.kaigokensaku.mhlw.go.jp/20/index.php?action_kouhyou_detail_004_kani=true&JigyosyoCd=2070600925-00&ServiceCd=430&Type=search", "url2": "http://www.heisei-kai.jp/" }, "geometry": { "type": "Point", "coordinates": [ 138.0953836, 36.0324476 ] } },
{ "type": "Feature", "properties": { "内容": "諏訪市社会福祉協議会指定居宅介護支援事業所西山の里【居宅介護支援】長野県諏訪市湖南４０１６－１", "url": "https://www.kaigokensaku.mhlw.go.jp/20/index.php?action_kouhyou_detail_004_kani=true&JigyosyoCd=2070600214-00&ServiceCd=430&Type=search", "url2": null }, "geometry": { "type": "Point", "coordinates": [ 138.101078599999937, 36.0101587 ] } },
{ "type": "Feature", "properties": { "内容": "富士見高原医療福祉センター　ケアネットセンターすわこ居宅介護支援事業所【居宅介護支援】長野県諏訪市豊田2400番地9", "url": "https://www.kaigokensaku.mhlw.go.jp/20/index.php?action_kouhyou_detail_004_kani=true&JigyosyoCd=2070600982-00&ServiceCd=430&Type=search", "url2": "http://fujimihp.com/?page_id=2645" }, "geometry": { "type": "Point", "coordinates": [ 138.08137821491286, 36.029107736644889 ] } },
{ "type": "Feature", "properties": { "内容": "諏訪市社会福祉協議会指定居宅介護支援事業所【居宅介護支援】長野県諏訪市四賀2213-1", "url": "https://www.kaigokensaku.mhlw.go.jp/20/index.php?action_kouhyou_detail_004_kani=true&JigyosyoCd=2070600024-00&ServiceCd=430&Type=search", "url2": "http://www.suwacity-shakyo.or.jp/" }, "geometry": { "type": "Point", "coordinates": [ 138.126842300000021, 36.0162616 ] } },
{ "type": "Feature", "properties": { "内容": "聖母介護支援センター【居宅介護支援】長野県諏訪市大和１－５－７老人ホーム聖母寮", "url": "https://www.kaigokensaku.mhlw.go.jp/20/index.php?action_kouhyou_detail_004_kani=true&JigyosyoCd=2070600156-00&ServiceCd=430&Type=search", "url2": "http://www.seibonokai.com/" }, "geometry": { "type": "Point", "coordinates": [ 138.111571114155595, 36.059976867808977 ] } },
{ "type": "Feature", "properties": { "内容": "医療法人清風会宮坂医院【居宅介護支援】長野県諏訪市元町4-10", "url": "https://www.kaigokensaku.mhlw.go.jp/20/index.php?action_kouhyou_detail_004_kani=true&JigyosyoCd=2010617229-00&ServiceCd=430&Type=search", "url2": "http://www.lcv.ne.jp/~hartcare" }, "geometry": { "type": "Point", "coordinates": [ 138.123541899999964, 36.0392947 ] } },
{ "type": "Feature", "properties": { "内容": "居宅介護支援事業所しらかば【居宅介護支援】長野県須坂市大字須坂1528-3島田ビル２階", "url": "https://www.kaigokensaku.mhlw.go.jp/20/index.php?action_kouhyou_detail_004_kani=true&JigyosyoCd=2070700634-00&ServiceCd=430&Type=search", "url2": "https://www.shirakaba-kaigo.com" }, "geometry": { "type": "Point", "coordinates": [ 138.307592193408738, 36.650553505939193 ] } },
{ "type": "Feature", "properties": { "内容": "居宅介護支援事業所たのし家【居宅介護支援】長野県須坂市大字野辺６６番地１１", "url": "https://www.kaigokensaku.mhlw.go.jp/20/index.php?action_kouhyou_detail_004_kani=true&JigyosyoCd=2070700303-00&ServiceCd=430&Type=search", "url2": null }, "geometry": { "type": "Point", "coordinates": [ 138.29476550000004, 36.6343185 ] } },
{ "type": "Feature", "properties": { "内容": "居宅介護支援事業所リリーフライフ【居宅介護支援】長野県須坂市大字須坂1387-10", "url": "https://www.kaigokensaku.mhlw.go.jp/20/index.php?action_kouhyou_detail_004_kani=true&JigyosyoCd=2070700683-00&ServiceCd=430&Type=search", "url2": "https://www.relieflife.info/facility/" }, "geometry": { "type": "Point", "coordinates": [ 138.310785, 36.6521059 ] } },
{ "type": "Feature", "properties": { "内容": "社会福祉法人須坂市社会福祉協議会居宅介護支援事業部【居宅介護支援】長野県須坂市大字須坂476-1", "url": "https://www.kaigokensaku.mhlw.go.jp/20/index.php?action_kouhyou_detail_004_kani=true&JigyosyoCd=2070700436-00&ServiceCd=430&Type=search", "url2": "https://www.suzaka-shakyo.jp/" }, "geometry": { "type": "Point", "coordinates": [ 138.312973528899562, 36.657920264991809 ] } },
{ "type": "Feature", "properties": { "内容": "居宅介護支援事業豊洲【居宅介護支援】長野県須坂市大字相之島519", "url": "https://www.kaigokensaku.mhlw.go.jp/20/index.php?action_kouhyou_detail_004_kani=true&JigyosyoCd=2070700527-00&ServiceCd=430&Type=search", "url2": null }, "geometry": { "type": "Point", "coordinates": [ 138.284829492065455, 36.675922139910682 ] } },
{ "type": "Feature", "properties": { "内容": "高齢者総合福祉施設須坂やすらぎの園【居宅介護支援】長野県須坂市大字日滝字寺窪２８８７-１", "url": "https://www.kaigokensaku.mhlw.go.jp/20/index.php?action_kouhyou_detail_004_kani=true&JigyosyoCd=2070700055-00&ServiceCd=430&Type=search", "url2": "http://suzaka-yasuraginosono.com/index" }, "geometry": { "type": "Point", "coordinates": [ 138.307191699999947, 36.6510973 ] } },
{ "type": "Feature", "properties": { "内容": "株式会社ケアネット長野サービスセンター【居宅介護支援】長野県須坂市大字小山字蒔田2518-1", "url": "https://www.kaigokensaku.mhlw.go.jp/20/index.php?action_kouhyou_detail_004_kani=true&JigyosyoCd=2070700105-00&ServiceCd=430&Type=search", "url2": "http://www.carenet.fujitsu.com" }, "geometry": { "type": "Point", "coordinates": [ 138.288834661502023, 36.656343446708014 ] } },
{ "type": "Feature", "properties": { "内容": "グリーン在宅介護支援センター【居宅介護支援】長野県須坂市大字仁礼７番地１０", "url": "https://www.kaigokensaku.mhlw.go.jp/20/index.php?action_kouhyou_detail_004_kani=true&JigyosyoCd=2070700220-00&ServiceCd=430&Type=search", "url2": "https://www.greenarum.jp/" }, "geometry": { "type": "Point", "coordinates": [ 138.338664699999981, 36.6137439 ] } },
{ "type": "Feature", "properties": { "内容": "居宅介護支援事業所　須坂荘【居宅介護支援】長野県須坂市大字塩野951番地", "url": "https://www.kaigokensaku.mhlw.go.jp/20/index.php?action_kouhyou_detail_004_kani=true&JigyosyoCd=2070700725-00&ServiceCd=430&Type=search", "url2": "https://www.greenarum.jp/" }, "geometry": { "type": "Point", "coordinates": [ 138.3344079, 36.6258482 ] } },
{ "type": "Feature", "properties": { "内容": "医療法人公仁会轟居宅介護支援事業所【居宅介護支援】長野県須坂市大字須坂1239番地", "url": "https://www.kaigokensaku.mhlw.go.jp/20/index.php?action_kouhyou_detail_004_kani=true&JigyosyoCd=2070700493-00&ServiceCd=430&Type=search", "url2": "http://www.todoroki-h.jp/" }, "geometry": { "type": "Point", "coordinates": [ 138.3084416, 36.657677099999987 ] } },
{ "type": "Feature", "properties": { "内容": "NPO法人良風来居宅介護支援事業所【居宅介護支援】長野県須坂市臥竜五丁目8番3号", "url": "https://www.kaigokensaku.mhlw.go.jp/20/index.php?action_kouhyou_detail_004_kani=true&JigyosyoCd=2070700741-00&ServiceCd=430&Type=search", "url2": "http://hp.kaipoke.biz/4yx/" }, "geometry": { "type": "Point", "coordinates": [ 138.3183852, 36.6458682 ] } },
{ "type": "Feature", "properties": { "内容": "居宅介護支援事業所STARS【居宅介護支援】長野県須坂市大字須坂常盤町７５２－イ", "url": "https://www.kaigokensaku.mhlw.go.jp/20/index.php?action_kouhyou_detail_004_kani=true&JigyosyoCd=2070700618-00&ServiceCd=430&Type=search", "url2": "stars@aqua.ocn.ne.jp" }, "geometry": { "type": "Point", "coordinates": [ 138.306033500000012, 36.6556662 ] } },
{ "type": "Feature", "properties": { "内容": "居宅介護支援事業所タブノキ【居宅介護支援】長野県小諸市市97", "url": "https://www.kaigokensaku.mhlw.go.jp/20/index.php?action_kouhyou_detail_004_kani=true&JigyosyoCd=2070800822-00&ServiceCd=430&Type=search", "url2": null }, "geometry": { "type": "Point", "coordinates": [ 138.4374903, 36.2863499 ] } },
{ "type": "Feature", "properties": { "内容": "介護老人保健施設メディトピア小諸【居宅介護支援】長野県小諸市大字諸３５１", "url": "https://www.kaigokensaku.mhlw.go.jp/20/index.php?action_kouhyou_detail_004_kani=true&JigyosyoCd=2050880026-00&ServiceCd=430&Type=search", "url2": "http://www.yanagibashi.or.jp/page2.html" }, "geometry": { "type": "Point", "coordinates": [ 138.411961499999961, 36.3390064 ] } },
{ "type": "Feature", "properties": { "内容": "シルバーケアのぞみ【居宅介護支援】長野県小諸市和田841-7", "url": "https://www.kaigokensaku.mhlw.go.jp/20/index.php?action_kouhyou_detail_004_kani=true&JigyosyoCd=2070800376-00&ServiceCd=430&Type=search", "url2": "https://nozomi-g.co.jp" }, "geometry": { "type": "Point", "coordinates": [ 138.462865653787418, 36.297196939229593 ] } },
{ "type": "Feature", "properties": { "内容": "浅間南麓こもろ医療センター居宅介護支援事業所【居宅介護支援】長野県小諸市相生町3丁目3番21号", "url": "https://www.kaigokensaku.mhlw.go.jp/20/index.php?action_kouhyou_detail_004_kani=true&JigyosyoCd=2070800012-00&ServiceCd=430&Type=search", "url2": "http://komoro-mc.com/" }, "geometry": { "type": "Point", "coordinates": [ 138.426096285675044, 36.326862480556585 ] } },
{ "type": "Feature", "properties": { "内容": "老人保健施設こまくさ【居宅介護支援】長野県小諸市南町二丁目２番27号", "url": "https://www.kaigokensaku.mhlw.go.jp/20/index.php?action_kouhyou_detail_004_kani=true&JigyosyoCd=2050880018-00&ServiceCd=430&Type=search", "url2": "http://komoro-mc.com/komakusa/service/" }, "geometry": { "type": "Point", "coordinates": [ 138.427819, 36.3230586 ] } },
{ "type": "Feature", "properties": { "内容": "介護支援相談所愛灯園【居宅介護支援】長野県小諸市己字高峯143番地1", "url": "https://www.kaigokensaku.mhlw.go.jp/20/index.php?action_kouhyou_detail_004_kani=true&JigyosyoCd=2070800087-00&ServiceCd=430&Type=search", "url2": "http://www.aitouen.org" }, "geometry": { "type": "Point", "coordinates": [ 138.45289761114509, 36.345920117018046 ] } },
{ "type": "Feature", "properties": { "内容": "寿園介護ステーション居宅介護支援事業所【居宅介護支援】長野県小諸市御影新田2090-1", "url": "https://www.kaigokensaku.mhlw.go.jp/20/index.php?action_kouhyou_detail_004_kani=true&JigyosyoCd=2070800731-00&ServiceCd=430&Type=search", "url2": null }, "geometry": { "type": "Point", "coordinates": [ 138.46847230000003, 36.3038121 ] } },
{ "type": "Feature", "properties": { "内容": "居宅介護支援事業所エソラ【居宅介護支援】長野県小諸市甲72番地9東山ハイツ101号", "url": "https://www.kaigokensaku.mhlw.go.jp/20/index.php?action_kouhyou_detail_004_kani=true&JigyosyoCd=2070800848-00&ServiceCd=430&Type=search", "url2": null }, "geometry": { "type": "Point", "coordinates": [ 138.4406013, 36.3085389 ] } },
{ "type": "Feature", "properties": { "内容": "ケアプランセンターあさま【居宅介護支援】長野県小諸市耳取948番地1", "url": "https://www.kaigokensaku.mhlw.go.jp/20/index.php?action_kouhyou_detail_004_kani=true&JigyosyoCd=2070800772-00&ServiceCd=430&Type=search", "url2": null }, "geometry": { "type": "Point", "coordinates": [ 138.437978849073801, 36.290926595358243 ] } },
{ "type": "Feature", "properties": { "内容": "ケアマネジメントオフィス・ノア【居宅介護支援】長野県小諸市相生町3－1－7", "url": "https://www.kaigokensaku.mhlw.go.jp/20/index.php?action_kouhyou_detail_004_kani=true&JigyosyoCd=2070800277-00&ServiceCd=430&Type=search", "url2": null }, "geometry": { "type": "Point", "coordinates": [ 138.425507800663809, 36.328450501923555 ] } },
{ "type": "Feature", "properties": { "内容": "あすか小諸【居宅介護支援】長野県小諸市相生町1-3-3", "url": "https://www.kaigokensaku.mhlw.go.jp/20/index.php?action_kouhyou_detail_004_kani=true&JigyosyoCd=2070800558-00&ServiceCd=430&Type=search", "url2": "http://www.tbcss.co.jp/asuka_komoro/" }, "geometry": { "type": "Point", "coordinates": [ 138.42277480000007, 36.3270079 ] } },
{ "type": "Feature", "properties": { "内容": "伊那市社会福祉協議会　居宅介護支援センター【居宅介護支援】長野県伊那市山寺２９８－１伊那市福祉まちづくりセンター内", "url": "https://www.kaigokensaku.mhlw.go.jp/20/index.php?action_kouhyou_detail_004_kani=true&JigyosyoCd=2070900010-00&ServiceCd=430&Type=search", "url2": "https://ina-shakyo.jp/elderly/pages/root/residential/" }, "geometry": { "type": "Point", "coordinates": [ 137.96814709391785, 35.845631102108257 ] } },
{ "type": "Feature", "properties": { "内容": "ふれ愛センターつどい居宅介護支援事業所【居宅介護支援】長野県伊那市御園1407−1", "url": "https://www.kaigokensaku.mhlw.go.jp/20/index.php?action_kouhyou_detail_004_kani=true&JigyosyoCd=2070900812-00&ServiceCd=430&Type=search", "url2": null }, "geometry": { "type": "Point", "coordinates": [ 137.960175973938021, 35.853558178247404 ] } },
{ "type": "Feature", "properties": { "内容": "老人保健施設すずたけ指定居宅介護支援事業所【居宅介護支援】長野県伊那市美篶７７９２番地３", "url": "https://www.kaigokensaku.mhlw.go.jp/20/index.php?action_kouhyou_detail_004_kani=true&JigyosyoCd=2070900234-00&ServiceCd=430&Type=search", "url2": null }, "geometry": { "type": "Point", "coordinates": [ 138.001780899999972, 35.8427713 ] } },
{ "type": "Feature", "properties": { "内容": "居宅介護支援事業所フラワー伊那【居宅介護支援】長野県伊那市下新田3198-1", "url": "https://www.kaigokensaku.mhlw.go.jp/20/index.php?action_kouhyou_detail_004_kani=true&JigyosyoCd=2070900358-00&ServiceCd=430&Type=search", "url2": "http:／／www.kaigo-hanaoka.com/" }, "geometry": { "type": "Point", "coordinates": [ 137.953544, 35.8288753 ] } },
{ "type": "Feature", "properties": { "内容": "ニチイケアセンター伊那【居宅介護支援】長野県伊那市上新田２７６７－１", "url": "https://www.kaigokensaku.mhlw.go.jp/20/index.php?action_kouhyou_detail_004_kani=true&JigyosyoCd=2070900127-00&ServiceCd=430&Type=search", "url2": "http://www.nichiigakkan.co.jp/service/care/home/careplan.html" }, "geometry": { "type": "Point", "coordinates": [ 137.958715899999987, 35.8268423 ] } },
{ "type": "Feature", "properties": { "内容": "富士見高原医療福祉センター　介護サービスステーション伊那【居宅介護支援】長野県伊那市上牧6530番地", "url": "https://www.kaigokensaku.mhlw.go.jp/20/index.php?action_kouhyou_detail_004_kani=true&JigyosyoCd=2070900879-00&ServiceCd=430&Type=search", "url2": "http://fujimihp.com/" }, "geometry": { "type": "Point", "coordinates": [ 137.977114300000011, 35.852979 ] } },
{ "type": "Feature", "properties": { "内容": "介護支援センターわたげ【居宅介護支援】長野県伊那市美篶中県4854-1", "url": "https://www.kaigokensaku.mhlw.go.jp/20/index.php?action_kouhyou_detail_004_kani=true&JigyosyoCd=2070900515-00&ServiceCd=430&Type=search", "url2": "tanpopo-iina.com" }, "geometry": { "type": "Point", "coordinates": [ 138.00813241013185, 35.836197131406891 ] } },
{ "type": "Feature", "properties": { "内容": "介護支援センターひまわり【居宅介護支援】長野県伊那市狐島３８５８－１", "url": "https://www.kaigokensaku.mhlw.go.jp/20/index.php?action_kouhyou_detail_004_kani=true&JigyosyoCd=2070900242-00&ServiceCd=430&Type=search", "url2": null }, "geometry": { "type": "Point", "coordinates": [ 137.956393599999956, 35.8340581 ] } },
{ "type": "Feature", "properties": { "内容": "みぶの里指定居宅介護支援事業所【居宅介護支援】長野県伊那市美篶5324-1", "url": "https://www.kaigokensaku.mhlw.go.jp/20/index.php?action_kouhyou_detail_004_kani=true&JigyosyoCd=2070900739-00&ServiceCd=430&Type=search", "url2": "https://s-sawayaka.or.jp" }, "geometry": { "type": "Point", "coordinates": [ 138.006589690290866, 35.832585864008344 ] } },
{ "type": "Feature", "properties": { "内容": "ベストプラン　こぶし【居宅介護支援】長野県伊那市荒井３８３５－１", "url": "https://www.kaigokensaku.mhlw.go.jp/20/index.php?action_kouhyou_detail_004_kani=true&JigyosyoCd=2070900747-00&ServiceCd=430&Type=search", "url2": "http://www.e-seizankai.or.jp" }, "geometry": { "type": "Point", "coordinates": [ 137.943919942327852, 35.848908733856241 ] } },
{ "type": "Feature", "properties": { "内容": "サンハート美和【居宅介護支援】長野県伊那市長谷非持484番地1", "url": "https://www.kaigokensaku.mhlw.go.jp/20/index.php?action_kouhyou_detail_004_kani=true&JigyosyoCd=2070900523-00&ServiceCd=430&Type=search", "url2": null }, "geometry": { "type": "Point", "coordinates": [ 138.082394458491507, 35.811003317958658 ] } },
{ "type": "Feature", "properties": { "内容": "生協ケアプランセンターあおば【居宅介護支援】長野県伊那市狐島3895生協総合ケアセンターいな", "url": "https://www.kaigokensaku.mhlw.go.jp/20/index.php?action_kouhyou_detail_004_kani=true&JigyosyoCd=2070900697-00&ServiceCd=430&Type=search", "url2": null }, "geometry": { "type": "Point", "coordinates": [ 137.9632262, 35.8371882 ] } },
{ "type": "Feature", "properties": { "内容": "居宅介護支援つばさ相談室【居宅介護支援】長野県伊那市美篶上原4323-1サンワハイツ2号", "url": "https://www.kaigokensaku.mhlw.go.jp/20/index.php?action_kouhyou_detail_004_kani=true&JigyosyoCd=2070900952-00&ServiceCd=430&Type=search", "url2": null }, "geometry": { "type": "Point", "coordinates": [ 138.014151713105747, 35.841164853145735 ] } },
{ "type": "Feature", "properties": { "内容": "介護支援センターゆりかご【居宅介護支援】長野県駒ヶ根市赤穂９１９４－１", "url": "https://www.kaigokensaku.mhlw.go.jp/20/index.php?action_kouhyou_detail_004_kani=true&JigyosyoCd=2071000323-00&ServiceCd=430&Type=search", "url2": null }, "geometry": { "type": "Point", "coordinates": [ 137.930358, 35.7097443 ] } },
{ "type": "Feature", "properties": { "内容": "株式会社　あい介護センター【居宅介護支援】長野県駒ヶ根市赤穂１１３１－１", "url": "https://www.kaigokensaku.mhlw.go.jp/20/index.php?action_kouhyou_detail_004_kani=true&JigyosyoCd=2071000018-00&ServiceCd=430&Type=search", "url2": "http://www.bijininal.com/aikaigo/310kyotaku.php" }, "geometry": { "type": "Point", "coordinates": [ 137.921241099999946, 35.744942 ] } },
{ "type": "Feature", "properties": { "内容": "老人保健施設フラワーハイツ居宅介護支援事業所【居宅介護支援】長野県駒ヶ根市赤穂3249番地4", "url": "https://www.kaigokensaku.mhlw.go.jp/20/index.php?action_kouhyou_detail_004_kani=true&JigyosyoCd=2051080014-00&ServiceCd=430&Type=search", "url2": "http://inanfukushi.or.jp/" }, "geometry": { "type": "Point", "coordinates": [ 137.919810900000016, 35.7369844 ] } },
{ "type": "Feature", "properties": { "内容": "駒ヶ根市社会福祉協議会居宅介護支援事業所【居宅介護支援】長野県駒ヶ根市中沢3583番地１３", "url": "https://www.kaigokensaku.mhlw.go.jp/20/index.php?action_kouhyou_detail_004_kani=true&JigyosyoCd=2071000042-00&ServiceCd=430&Type=search", "url2": "http://www.kmshakyo.server-shared.com/" }, "geometry": { "type": "Point", "coordinates": [ 137.982047103288323, 35.733093082312358 ] } },
{ "type": "Feature", "properties": { "内容": "エーデルこまがね指定居宅介護支援事業所【居宅介護支援】長野県駒ヶ根市赤穂14424番地3", "url": "https://www.kaigokensaku.mhlw.go.jp/20/index.php?action_kouhyou_detail_004_kani=true&JigyosyoCd=2071000133-00&ServiceCd=430&Type=search", "url2": "http://care-net.biz/20/edel-komagane" }, "geometry": { "type": "Point", "coordinates": [ 137.951189200000044, 35.717808 ] } },
{ "type": "Feature", "properties": { "内容": "居宅介護支援事業所　咲いた咲いた【居宅介護支援】長野県中野市大字豊津2451-1", "url": "https://www.kaigokensaku.mhlw.go.jp/20/index.php?action_kouhyou_detail_004_kani=true&JigyosyoCd=2071100792-00&ServiceCd=430&Type=search", "url2": null }, "geometry": { "type": "Point", "coordinates": [ 138.323803700000013, 36.7721185 ] } },
{ "type": "Feature", "properties": { "内容": "しんしゅうなかの敬老園居宅介護支援事業所【居宅介護支援】長野県中野市西一丁目6番5号", "url": "https://www.kaigokensaku.mhlw.go.jp/20/index.php?action_kouhyou_detail_004_kani=true&JigyosyoCd=2071100347-00&ServiceCd=430&Type=search", "url2": "nakano@keiroen.or.jp" }, "geometry": { "type": "Point", "coordinates": [ 138.364340003041093, 36.745739846121374 ] } },
{ "type": "Feature", "properties": { "内容": "ニチイケアセンター中野若宮【居宅介護支援】長野県中野市大字新井356-5", "url": "https://www.kaigokensaku.mhlw.go.jp/20/index.php?action_kouhyou_detail_004_kani=true&JigyosyoCd=2071100586-00&ServiceCd=430&Type=search", "url2": "http://www.nichiigakkan.co.jp/service/care/home/careplan.html" }, "geometry": { "type": "Point", "coordinates": [ 138.366686499999986, 36.7611892 ] } },
{ "type": "Feature", "properties": { "内容": "アップル居宅介護支援事業所【居宅介護支援】長野県中野市吉田519", "url": "https://www.kaigokensaku.mhlw.go.jp/20/index.php?action_kouhyou_detail_004_kani=true&JigyosyoCd=2071100859-00&ServiceCd=430&Type=search", "url2": null }, "geometry": { "type": "Point", "coordinates": [ 138.3571164, 36.7540967 ] } },
{ "type": "Feature", "properties": { "内容": "居宅介護支援事業所えにし【居宅介護支援】長野県中野市大字新井361-1", "url": "https://www.kaigokensaku.mhlw.go.jp/20/index.php?action_kouhyou_detail_004_kani=true&JigyosyoCd=2071100156-00&ServiceCd=430&Type=search", "url2": "http://www.enishi-web.com" }, "geometry": { "type": "Point", "coordinates": [ 138.36468949999994, 36.7608503 ] } },
{ "type": "Feature", "properties": { "内容": "居宅介護支援事業所よろこび【居宅介護支援】長野県中野市西条168-2", "url": "https://www.kaigokensaku.mhlw.go.jp/20/index.php?action_kouhyou_detail_004_kani=true&JigyosyoCd=2071100438-00&ServiceCd=430&Type=search", "url2": null }, "geometry": { "type": "Point", "coordinates": [ 138.356691129060181, 36.737082594779601 ] } },
{ "type": "Feature", "properties": { "内容": "中野市社会福祉協議会指定居宅介護支援事業所【居宅介護支援】長野県中野市大字西条７０番地１中野市福祉ふれあいセンター", "url": "https://www.kaigokensaku.mhlw.go.jp/20/index.php?action_kouhyou_detail_004_kani=true&JigyosyoCd=2071100024-00&ServiceCd=430&Type=search", "url2": "http:syakyo@nakanoshi.net" }, "geometry": { "type": "Point", "coordinates": [ 138.359537499999988, 36.7331168 ] } },
{ "type": "Feature", "properties": { "内容": "北信総合病院【居宅介護支援】長野県中野市西１丁目５番６３号", "url": "https://www.kaigokensaku.mhlw.go.jp/20/index.php?action_kouhyou_detail_004_kani=true&JigyosyoCd=2011117047-00&ServiceCd=430&Type=search", "url2": "http://www.hokushin-hosp.jp/html/bumon/regional_care_center.php?id=0" }, "geometry": { "type": "Point", "coordinates": [ 138.366289400000028, 36.7469184 ] } },
{ "type": "Feature", "properties": { "内容": "プランセンターちとせ中野事業所【居宅介護支援】長野県中野市大字吉田589-1", "url": "https://www.kaigokensaku.mhlw.go.jp/20/index.php?action_kouhyou_detail_004_kani=true&JigyosyoCd=2071100669-00&ServiceCd=430&Type=search", "url2": "https://www.fukushi-chitose.or.jp/" }, "geometry": { "type": "Point", "coordinates": [ 138.358485130192747, 36.756422119707331 ] } },
{ "type": "Feature", "properties": { "内容": "ながでんハートネット居宅介護支援中野【居宅介護支援】長野県中野市西1-1-1", "url": "https://www.kaigokensaku.mhlw.go.jp/20/index.php?action_kouhyou_detail_004_kani=true&JigyosyoCd=2071100651-00&ServiceCd=430&Type=search", "url2": "http://www.heartnet.co.jp/" }, "geometry": { "type": "Point", "coordinates": [ 138.364695634120949, 36.744856565056075 ] } },
{ "type": "Feature", "properties": { "内容": "相談処ねこの手【居宅介護支援】長野県中野市新保170-1", "url": "https://www.kaigokensaku.mhlw.go.jp/20/index.php?action_kouhyou_detail_004_kani=true&JigyosyoCd=2071100875-00&ServiceCd=430&Type=search", "url2": null }, "geometry": { "type": "Point", "coordinates": [ 138.358232399999963, 36.7269165 ] } },
{ "type": "Feature", "properties": { "内容": "居宅介護支援事業所　すまいる【居宅介護支援】長野県中野市大字新野59-1", "url": "https://www.kaigokensaku.mhlw.go.jp/20/index.php?action_kouhyou_detail_004_kani=true&JigyosyoCd=2071100636-00&ServiceCd=430&Type=search", "url2": null }, "geometry": { "type": "Point", "coordinates": [ 138.371397900000034, 36.7213797 ] } },
{ "type": "Feature", "properties": { "内容": "やわらぎの家居宅介護支援事業所【居宅介護支援】長野県中野市岩船19-17", "url": "https://www.kaigokensaku.mhlw.go.jp/20/index.php?action_kouhyou_detail_004_kani=true&JigyosyoCd=2071100537-00&ServiceCd=430&Type=search", "url2": null }, "geometry": { "type": "Point", "coordinates": [ 138.348278157362756, 36.738902968240296 ] } },
{ "type": "Feature", "properties": { "内容": "居宅介護支援事業所ひなたぼっこ【居宅介護支援】長野県中野市吉田1249-1", "url": "https://www.kaigokensaku.mhlw.go.jp/20/index.php?action_kouhyou_detail_004_kani=true&JigyosyoCd=2071100446-00&ServiceCd=430&Type=search", "url2": null }, "geometry": { "type": "Point", "coordinates": [ 138.368791900000019, 36.7542344 ] } },
{ "type": "Feature", "properties": { "内容": "在宅ケアセンター湯の花【居宅介護支援】長野県中野市大字田麦341-3", "url": "https://www.kaigokensaku.mhlw.go.jp/20/index.php?action_kouhyou_detail_004_kani=true&JigyosyoCd=2071100750-00&ServiceCd=430&Type=search", "url2": "http://hp.kaipoke.biz/tb9/" }, "geometry": { "type": "Point", "coordinates": [ 138.348324400000024, 36.7722072 ] } },
{ "type": "Feature", "properties": { "内容": "居宅介護支援事業所あんじゃね【居宅介護支援】長野県大町市美麻3363-6　さくら内さくら　内", "url": "https://www.kaigokensaku.mhlw.go.jp/20/index.php?action_kouhyou_detail_004_kani=true&JigyosyoCd=2071200378-00&ServiceCd=430&Type=search", "url2": null }, "geometry": { "type": "Point", "coordinates": [ 137.892434282803407, 36.534693147486514 ] } },
{ "type": "Feature", "properties": { "内容": "アムール大町居宅介護支援事業所【居宅介護支援】長野県大町市大町4603-1", "url": "https://www.kaigokensaku.mhlw.go.jp/20/index.php?action_kouhyou_detail_004_kani=true&JigyosyoCd=2071200444-00&ServiceCd=430&Type=search", "url2": "http://www.hi.-danke.com/" }, "geometry": { "type": "Point", "coordinates": [ 137.860496199999943, 36.5029569 ] } },
{ "type": "Feature", "properties": { "内容": "市立大町総合病院居宅介護支援事業所【居宅介護支援】長野県大町３１３０番地", "url": "https://www.kaigokensaku.mhlw.go.jp/20/index.php?action_kouhyou_detail_004_kani=true&JigyosyoCd=2071200022-00&ServiceCd=430&Type=search", "url2": null }, "geometry": { "type": "Point", "coordinates": [ 137.857565900000054, 36.5010627 ] } },
{ "type": "Feature", "properties": { "内容": "ぽれぽれ野の花在宅サービスセンター【居宅介護支援】長野県大町市大町1698番地7", "url": "https://www.kaigokensaku.mhlw.go.jp/20/index.php?action_kouhyou_detail_004_kani=true&JigyosyoCd=2071200261-00&ServiceCd=430&Type=search", "url2": "http://www.porepore.info/" }, "geometry": { "type": "Point", "coordinates": [ 137.8579436, 36.5212264 ] } },
{ "type": "Feature", "properties": { "内容": "大町市社会福祉協議会指定居宅介護支援事業所【居宅介護支援】長野県大町市大町１１２９番地大町市総合福祉センター", "url": "https://www.kaigokensaku.mhlw.go.jp/20/index.php?action_kouhyou_detail_004_kani=true&JigyosyoCd=2071200113-00&ServiceCd=430&Type=search", "url2": "http://www.omachishakyo.org" }, "geometry": { "type": "Point", "coordinates": [ 137.86154495026247, 36.506223922846544 ] } },
{ "type": "Feature", "properties": { "内容": "カトレヤ居宅介護支援センター【居宅介護支援】長野県大町市平1955番地971", "url": "https://www.kaigokensaku.mhlw.go.jp/20/index.php?action_kouhyou_detail_004_kani=true&JigyosyoCd=2071200089-00&ServiceCd=430&Type=search", "url2": "http://www.syuukoukai.jp" }, "geometry": { "type": "Point", "coordinates": [ 137.803920100000028, 36.5206969 ] } },
{ "type": "Feature", "properties": { "内容": "居宅介護支援事業所北アルプスの風【居宅介護支援】長野県大町市常盤南松原4831-10", "url": "https://www.kaigokensaku.mhlw.go.jp/20/index.php?action_kouhyou_detail_004_kani=true&JigyosyoCd=2071200477-00&ServiceCd=430&Type=search", "url2": "http://www.kita-alps.org/kaigo/sien/index.html" }, "geometry": { "type": "Point", "coordinates": [ 137.850131199999964, 36.4481778 ] } },
{ "type": "Feature", "properties": { "内容": "長生居宅介護支援事業所【居宅介護支援】長野県大町市大町4121番地2", "url": "https://www.kaigokensaku.mhlw.go.jp/20/index.php?action_kouhyou_detail_004_kani=true&JigyosyoCd=2071200303-00&ServiceCd=430&Type=search", "url2": null }, "geometry": { "type": "Point", "coordinates": [ 137.857032600000025, 36.5059759 ] } },
{ "type": "Feature", "properties": { "内容": "居宅介護支援事業所ゆりかご【居宅介護支援】長野県飯山市大字静間２８９８", "url": "https://www.kaigokensaku.mhlw.go.jp/20/index.php?action_kouhyou_detail_004_kani=true&JigyosyoCd=2071300194-00&ServiceCd=430&Type=search", "url2": "http://www.yuri-kago.co.jp" }, "geometry": { "type": "Point", "coordinates": [ 138.347079186938458, 36.824699845654806 ] } },
{ "type": "Feature", "properties": { "内容": "飯山市社協指定居宅介護支援事業所【居宅介護支援】長野県飯山市大字飯山７３５５－４", "url": "https://www.kaigokensaku.mhlw.go.jp/20/index.php?action_kouhyou_detail_004_kani=true&JigyosyoCd=2071300012-00&ServiceCd=430&Type=search", "url2": "https://iiyama-shakyo.or.jp/" }, "geometry": { "type": "Point", "coordinates": [ 138.35950379999997, 36.8669175 ] } },
{ "type": "Feature", "properties": { "内容": "飯山赤十字病院居宅介護支援事業所【居宅介護支援】長野県飯山市大字飯山226−１飯山赤十字病院", "url": "https://www.kaigokensaku.mhlw.go.jp/20/index.php?action_kouhyou_detail_004_kani=true&JigyosyoCd=2071300483-00&ServiceCd=430&Type=search", "url2": "https://www.iiyama.jrc.or.jp/" }, "geometry": { "type": "Point", "coordinates": [ 138.3622468, 36.8445744 ] } },
{ "type": "Feature", "properties": { "内容": "居宅介護支援事業所　ゆかりケア【居宅介護支援】長野県茅野市ちの274-8住まいる茅野", "url": "https://www.kaigokensaku.mhlw.go.jp/20/index.php?action_kouhyou_detail_004_kani=true&JigyosyoCd=2071401117-00&ServiceCd=430&Type=search", "url2": "http://www.yukari-care.com" }, "geometry": { "type": "Point", "coordinates": [ 138.1420575, 35.9984539 ] } },
{ "type": "Feature", "properties": { "内容": "土橋整形外科歯科医院【居宅介護支援】長野県茅野市塚原２－２－２２", "url": "https://www.kaigokensaku.mhlw.go.jp/20/index.php?action_kouhyou_detail_004_kani=true&JigyosyoCd=2011417173-00&ServiceCd=430&Type=search", "url2": null }, "geometry": { "type": "Point", "coordinates": [ 138.157046, 35.9942151 ] } },
{ "type": "Feature", "properties": { "内容": "居宅介護支援事業所　米沢【居宅介護支援】長野県茅野市米沢4133-2", "url": "https://www.kaigokensaku.mhlw.go.jp/20/index.php?action_kouhyou_detail_004_kani=true&JigyosyoCd=2071401000-00&ServiceCd=430&Type=search", "url2": null }, "geometry": { "type": "Point", "coordinates": [ 138.184857599999987, 36.0311227 ] } },
{ "type": "Feature", "properties": { "内容": "居宅介護支援事業所ケアマネセロリ【居宅介護支援】長野県茅野市ちの1353番地3", "url": "https://www.kaigokensaku.mhlw.go.jp/20/index.php?action_kouhyou_detail_004_kani=true&JigyosyoCd=2071400903-00&ServiceCd=430&Type=search", "url2": null }, "geometry": { "type": "Point", "coordinates": [ 138.143412474868796, 36.007231364426247 ] } },
{ "type": "Feature", "properties": { "内容": "桜ハウス居宅介護支援事業所【居宅介護支援】長野県茅野市宮川４９００番地４", "url": "https://www.kaigokensaku.mhlw.go.jp/20/index.php?action_kouhyou_detail_004_kani=true&JigyosyoCd=2071400515-00&ServiceCd=430&Type=search", "url2": "http://www.takaneh-support.co.jp" }, "geometry": { "type": "Point", "coordinates": [ 138.161434800000052, 35.9897075 ] } },
{ "type": "Feature", "properties": { "内容": "茅野市社会福祉協議会　居宅介護支援事業所【居宅介護支援】長野県茅野市宮川3975番地茅野市西部保健福祉サービスセンター内", "url": "https://www.kaigokensaku.mhlw.go.jp/20/index.php?action_kouhyou_detail_004_kani=true&JigyosyoCd=2071400010-00&ServiceCd=430&Type=search", "url2": "https://www.sharara.or.jp/kaigo/kaigohoken/" }, "geometry": { "type": "Point", "coordinates": [ 138.1507163, 35.9902848 ] } },
{ "type": "Feature", "properties": { "内容": "ニチイケアセンターすわ【居宅介護支援】長野県茅野市宮川中河原　4245-1", "url": "https://www.kaigokensaku.mhlw.go.jp/20/index.php?action_kouhyou_detail_004_kani=true&JigyosyoCd=2071400432-00&ServiceCd=430&Type=search", "url2": "http://sp.chizumaru.com/dbh/nichii/detailmap.aspx?account=nichii&accmd=0&bid=0162205E61&scl=1000&clk=2" }, "geometry": { "type": "Point", "coordinates": [ 138.147041599999966, 35.9899848 ] } },
{ "type": "Feature", "properties": { "内容": "桜の実居宅介護支援事業所【居宅介護支援】長野県茅野市玉川3046番地1桜ハウス玉川内", "url": "https://www.kaigokensaku.mhlw.go.jp/20/index.php?action_kouhyou_detail_004_kani=true&JigyosyoCd=2071401083-00&ServiceCd=430&Type=search", "url2": "http://www.takaneh-support.co.jp/" }, "geometry": { "type": "Point", "coordinates": [ 138.184856074868776, 35.992660535117878 ] } },
{ "type": "Feature", "properties": { "内容": "訪問看護ステーションりんどう【居宅介護支援】長野県茅野市塚原二丁目５番４５号", "url": "https://www.kaigokensaku.mhlw.go.jp/20/index.php?action_kouhyou_detail_004_kani=true&JigyosyoCd=2061490013-00&ServiceCd=430&Type=search", "url2": "http://www.rindou-nurse.or.jp/" }, "geometry": { "type": "Point", "coordinates": [ 138.158876400000054, 35.9945207 ] } },
{ "type": "Feature", "properties": { "内容": "諏訪中央病院訪問看護ステーションいろは【居宅介護支援】長野県茅野市宮川3975番地", "url": "https://www.kaigokensaku.mhlw.go.jp/20/index.php?action_kouhyou_detail_004_kani=true&JigyosyoCd=2061490039-00&ServiceCd=430&Type=search", "url2": "http://suwachuo.jp/" }, "geometry": { "type": "Point", "coordinates": [ 138.150669757077566, 35.990204939089701 ] } },
{ "type": "Feature", "properties": { "内容": "居宅介護支援事業所　こまくさ【居宅介護支援】長野県茅野市ちの3094－6", "url": "https://www.kaigokensaku.mhlw.go.jp/20/index.php?action_kouhyou_detail_004_kani=true&JigyosyoCd=2011417215-00&ServiceCd=430&Type=search", "url2": "http://www.lcv.ne.jp/~komakusa/kyotaku-riyou.html" }, "geometry": { "type": "Point", "coordinates": [ 138.1503842, 35.993561703921465 ] } },
{ "type": "Feature", "properties": { "内容": "諏訪中央病院組合介護老人保健施設やすらぎの丘居宅介護支援事業所【居宅介護支援】長野県茅野市玉川４３００", "url": "https://www.kaigokensaku.mhlw.go.jp/20/index.php?action_kouhyou_detail_004_kani=true&JigyosyoCd=2051480016-00&ServiceCd=430&Type=search", "url2": null }, "geometry": { "type": "Point", "coordinates": [ 138.176958300000024, 35.9910467 ] } },
{ "type": "Feature", "properties": { "内容": "居宅介護支援事業所　寿和寮【居宅介護支援】長野県茅野市宮川5010-1", "url": "https://www.kaigokensaku.mhlw.go.jp/20/index.php?action_kouhyou_detail_004_kani=true&JigyosyoCd=2071400812-00&ServiceCd=430&Type=search", "url2": "www.heisei-kai.jp/" }, "geometry": { "type": "Point", "coordinates": [ 138.163687500000037, 35.9872412 ] } },
{ "type": "Feature", "properties": { "内容": "居宅介護支援事業所なごみ【居宅介護支援】長野県茅野市仲町12-16", "url": "https://www.kaigokensaku.mhlw.go.jp/20/index.php?action_kouhyou_detail_004_kani=true&JigyosyoCd=2071401182-00&ServiceCd=430&Type=search", "url2": null }, "geometry": { "type": "Point", "coordinates": [ 138.1543991, 35.9928716 ] } },
{ "type": "Feature", "properties": { "内容": "富士見高原医療福祉センター　ケアネットセンター茅野居宅介護支援事業所【居宅介護支援】長野県茅野市仲町17-33JA仲町ビル１階", "url": "https://www.kaigokensaku.mhlw.go.jp/20/index.php?action_kouhyou_detail_004_kani=true&JigyosyoCd=2071401042-00&ServiceCd=430&Type=search", "url2": "http://fujimihp.com/?page_id=2645" }, "geometry": { "type": "Point", "coordinates": [ 138.159775321757394, 35.992856041191565 ] } },
{ "type": "Feature", "properties": { "内容": "ケアプランセンターかいき諏訪【居宅介護支援】長野県茅野市玉川4617", "url": "https://www.kaigokensaku.mhlw.go.jp/20/index.php?action_kouhyou_detail_004_kani=true&JigyosyoCd=2070601030-00&ServiceCd=430&Type=search", "url2": null }, "geometry": { "type": "Point", "coordinates": [ 138.171798499690482, 35.990436821524597 ] } },
{ "type": "Feature", "properties": { "内容": "エクセレントライフ【居宅介護支援】長野県茅野市北山５５１３－１５９エクセレントライフ蓼科", "url": "https://www.kaigokensaku.mhlw.go.jp/20/index.php?action_kouhyou_detail_004_kani=true&JigyosyoCd=2071400499-00&ServiceCd=430&Type=search", "url2": "https://www.excellent-life.jp/" }, "geometry": { "type": "Point", "coordinates": [ 138.277547799999979, 36.0449366 ] } },
{ "type": "Feature", "properties": { "内容": "こまくさ福祉会居宅介護支援事業所【居宅介護支援】長野県茅野市ちの3052-1（ベルビア１F）", "url": "https://www.kaigokensaku.mhlw.go.jp/20/index.php?action_kouhyou_detail_004_kani=true&JigyosyoCd=2071401141-00&ServiceCd=430&Type=search", "url2": "https://www.komakusa.or.jp/" }, "geometry": { "type": "Point", "coordinates": [ 138.151708626765242, 35.993892128801619 ] } },
{ "type": "Feature", "properties": { "内容": "塩尻協立ケアプランセンター【居宅介護支援】長野県塩尻市桟敷４３７", "url": "https://www.kaigokensaku.mhlw.go.jp/20/index.php?action_kouhyou_detail_004_kani=true&JigyosyoCd=2071500298-00&ServiceCd=430&Type=search", "url2": "http://www.chushin-miniren.gr.jp/shiojiri/dep/home_care/" }, "geometry": { "type": "Point", "coordinates": [ 137.969147600000042, 36.1143145 ] } },
{ "type": "Feature", "properties": { "内容": "居宅介護支援事業所福祉支援センターナカノ【居宅介護支援】長野県塩尻市広丘堅石２１４６番地５６０", "url": "https://www.kaigokensaku.mhlw.go.jp/20/index.php?action_kouhyou_detail_004_kani=true&JigyosyoCd=2071500736-00&ServiceCd=430&Type=search", "url2": "http://www17.ocn.ne.jp/~unakano/" }, "geometry": { "type": "Point", "coordinates": [ 137.951967599999989, 36.131312 ] } },
{ "type": "Feature", "properties": { "内容": "ケアハウスえんれい【居宅介護支援】長野県塩尻市大字片丘６７７８番地３", "url": "https://www.kaigokensaku.mhlw.go.jp/20/index.php?action_kouhyou_detail_004_kani=true&JigyosyoCd=2071500082-00&ServiceCd=430&Type=search", "url2": null }, "geometry": { "type": "Point", "coordinates": [ 137.998357100000021, 36.1521467 ] } },
{ "type": "Feature", "properties": { "内容": "ニチイケアセンター塩尻ききょう【居宅介護支援】長野県塩尻市大門65-11", "url": "https://www.kaigokensaku.mhlw.go.jp/20/index.php?action_kouhyou_detail_004_kani=true&JigyosyoCd=2071500629-00&ServiceCd=430&Type=search", "url2": "http://www.nichiigakkan.co.jp/service/care/home/careplan.html" }, "geometry": { "type": "Point", "coordinates": [ 137.9435664, 36.1170081 ] } },
{ "type": "Feature", "properties": { "内容": "まほろばケアマネージメントサービス【居宅介護支援】長野県塩尻市宗賀１２９５番地", "url": "https://www.kaigokensaku.mhlw.go.jp/20/index.php?action_kouhyou_detail_004_kani=true&JigyosyoCd=2071500066-00&ServiceCd=430&Type=search", "url2": "http://www.keijin-kai.jp" }, "geometry": { "type": "Point", "coordinates": [ 137.931957051645213, 36.111318995658387 ] } },
{ "type": "Feature", "properties": { "内容": "ひらいで・遺跡のまちケアマネジメント【居宅介護支援】長野県塩尻市大門５番町１２番４１号", "url": "https://www.kaigokensaku.mhlw.go.jp/20/index.php?action_kouhyou_detail_004_kani=true&JigyosyoCd=2071500280-00&ServiceCd=430&Type=search", "url2": "http://www.hiraide-kagu.com/shop/categories/s02.html" }, "geometry": { "type": "Point", "coordinates": [ 137.958025600000042, 36.1130282 ] } },
{ "type": "Feature", "properties": { "内容": "居宅介護支援事業所社協ふれあい【居宅介護支援】長野県塩尻市大字広丘堅石２１５１－２", "url": "https://www.kaigokensaku.mhlw.go.jp/20/index.php?action_kouhyou_detail_004_kani=true&JigyosyoCd=2071500272-00&ServiceCd=430&Type=search", "url2": "http://www.shiojirishakyo.or.jp/" }, "geometry": { "type": "Point", "coordinates": [ 137.949430219100918, 36.134899358657229 ] } },
{ "type": "Feature", "properties": { "内容": "居宅介護支援事業所せせらぎ【居宅介護支援】長野県塩尻市宗賀１２９８－９２", "url": "https://www.kaigokensaku.mhlw.go.jp/20/index.php?action_kouhyou_detail_004_kani=true&JigyosyoCd=2071500744-00&ServiceCd=430&Type=search", "url2": "http://www.heisei-kai.jp/." }, "geometry": { "type": "Point", "coordinates": [ 137.9315011, 36.1123808 ] } },
{ "type": "Feature", "properties": { "内容": "居宅介護支援事業所こまくさ野村【居宅介護支援】長野県塩尻市広丘野村2146", "url": "https://www.kaigokensaku.mhlw.go.jp/20/index.php?action_kouhyou_detail_004_kani=true&JigyosyoCd=2071500454-00&ServiceCd=430&Type=search", "url2": "http://www.komakusa-nomura.jp" }, "geometry": { "type": "Point", "coordinates": [ 137.955408300000045, 36.1485155 ] } },
{ "type": "Feature", "properties": { "内容": "相澤居宅介護支援事業所しおじり【居宅介護支援】長野県塩尻市大字大門79-2", "url": "https://www.kaigokensaku.mhlw.go.jp/20/index.php?action_kouhyou_detail_004_kani=true&JigyosyoCd=2071500546-00&ServiceCd=430&Type=search", "url2": "https://jisenkai.aizawahospital.jp/home_medical" }, "geometry": { "type": "Point", "coordinates": [ 137.946162557424941, 36.119242485469314 ] } },
{ "type": "Feature", "properties": { "内容": "ロングライフ塩尻【居宅介護支援】長野県塩尻市広丘高出１６１４－2", "url": "https://www.kaigokensaku.mhlw.go.jp/20/index.php?action_kouhyou_detail_004_kani=true&JigyosyoCd=2071500025-00&ServiceCd=430&Type=search", "url2": "kyotaku-8526@outlook.jp" }, "geometry": { "type": "Point", "coordinates": [ 137.959073100000069, 36.1216828 ] } },
{ "type": "Feature", "properties": { "内容": "ＪＡ洗馬居宅介護支援事業所【居宅介護支援】長野県塩尻市大字洗馬９８３番地", "url": "https://www.kaigokensaku.mhlw.go.jp/20/index.php?action_kouhyou_detail_004_kani=true&JigyosyoCd=2071500827-00&ServiceCd=430&Type=search", "url2": null }, "geometry": { "type": "Point", "coordinates": [ 137.923574723725892, 36.117429359702243 ] } },
{ "type": "Feature", "properties": { "内容": "ケアオフィスウィッシュしおじり【居宅介護支援】長野県塩尻市広丘野村2050-10", "url": "https://www.kaigokensaku.mhlw.go.jp/20/index.php?action_kouhyou_detail_004_kani=true&JigyosyoCd=2071500793-00&ServiceCd=430&Type=search", "url2": "https://www.wish-clover.com/" }, "geometry": { "type": "Point", "coordinates": [ 137.94931710000003, 36.1488181 ] } },
{ "type": "Feature", "properties": { "内容": "居宅介護支援事業所フラワー塩尻【居宅介護支援】長野県塩尻市広丘高出2228-10", "url": "https://www.kaigokensaku.mhlw.go.jp/20/index.php?action_kouhyou_detail_004_kani=true&JigyosyoCd=2071501080-00&ServiceCd=430&Type=search", "url2": null }, "geometry": { "type": "Point", "coordinates": [ 137.950542899999988, 36.1273689 ] } },
{ "type": "Feature", "properties": { "内容": "居宅介護支援事業所　桜草【居宅介護支援】長野県佐久市望月285番地２", "url": "https://www.kaigokensaku.mhlw.go.jp/20/index.php?action_kouhyou_detail_004_kani=true&JigyosyoCd=2071701854-00&ServiceCd=430&Type=search", "url2": "http://www.yuugen-fukushikai.com" }, "geometry": { "type": "Point", "coordinates": [ 138.3577398, 36.264257699999987 ] } },
{ "type": "Feature", "properties": { "内容": "ケアプランセンター　ばんり【居宅介護支援】長野県佐久市長土呂793－12", "url": "https://www.kaigokensaku.mhlw.go.jp/20/index.php?action_kouhyou_detail_004_kani=true&JigyosyoCd=2071701847-00&ServiceCd=430&Type=search", "url2": "https://welfuture.co.jp/" }, "geometry": { "type": "Point", "coordinates": [ 138.4731816, 36.2918814 ] } },
{ "type": "Feature", "properties": { "内容": "ほのか介護居宅支援事業所【居宅介護支援】長野県佐久市臼田81-1", "url": "https://www.kaigokensaku.mhlw.go.jp/20/index.php?action_kouhyou_detail_004_kani=true&JigyosyoCd=2071701805-00&ServiceCd=430&Type=search", "url2": null }, "geometry": { "type": "Point", "coordinates": [ 138.478593274729889, 36.194918996359839 ] } },
{ "type": "Feature", "properties": { "内容": "あんしん居宅介護支援事業所【居宅介護支援】長野県佐久市野沢３３３－１ウェルガーデン佐久内", "url": "https://www.kaigokensaku.mhlw.go.jp/20/index.php?action_kouhyou_detail_004_kani=true&JigyosyoCd=2071700724-00&ServiceCd=430&Type=search", "url2": null }, "geometry": { "type": "Point", "coordinates": [ 138.461224, 36.226376 ] } },
{ "type": "Feature", "properties": { "内容": "佐久総合病院ケアマネジメントセンター【居宅介護支援】長野県佐久市塚原801-1", "url": "https://www.kaigokensaku.mhlw.go.jp/20/index.php?action_kouhyou_detail_004_kani=true&JigyosyoCd=2071700427-00&ServiceCd=430&Type=search", "url2": null }, "geometry": { "type": "Point", "coordinates": [ 138.447941760165179, 36.268636547846889 ] } },
{ "type": "Feature", "properties": { "内容": "長野県厚生農業協同組合連合会佐久総合病院【居宅介護支援】長野県佐久市臼田197番地", "url": "https://www.kaigokensaku.mhlw.go.jp/20/index.php?action_kouhyou_detail_004_kani=true&JigyosyoCd=2011717283-00&ServiceCd=430&Type=search", "url2": null }, "geometry": { "type": "Point", "coordinates": [ 138.480006799999956, 36.1984151 ] } },
{ "type": "Feature", "properties": { "内容": "佐久市立国保浅間総合病院　指定居宅介護支援事業所【居宅介護支援】長野県佐久市岩村田１８６２-１佐久市立国保浅間総合病院　南棟２階", "url": "https://www.kaigokensaku.mhlw.go.jp/20/index.php?action_kouhyou_detail_004_kani=true&JigyosyoCd=2011717341-00&ServiceCd=430&Type=search", "url2": "https://asamaghp.jp/" }, "geometry": { "type": "Point", "coordinates": [ 138.468855599999983, 36.2700967 ] } },
{ "type": "Feature", "properties": { "内容": "さくだいら敬老園居宅介護支援事業所【居宅介護支援】長野県佐久市佐久平駅北17-4パストラルさくだいら", "url": "https://www.kaigokensaku.mhlw.go.jp/20/index.php?action_kouhyou_detail_004_kani=true&JigyosyoCd=2071700831-00&ServiceCd=430&Type=search", "url2": null }, "geometry": { "type": "Point", "coordinates": [ 138.4610341, 36.2806258 ] } },
{ "type": "Feature", "properties": { "内容": "佐久だいら居宅介護支援事業所【居宅介護支援】長野県佐久市常田77-1", "url": "https://www.kaigokensaku.mhlw.go.jp/20/index.php?action_kouhyou_detail_004_kani=true&JigyosyoCd=2071700435-00&ServiceCd=430&Type=search", "url2": "http://www.carehouse-sakudaira.com/sakukyotaku.php" }, "geometry": { "type": "Point", "coordinates": [ 138.449171200000023, 36.2818975 ] } },
{ "type": "Feature", "properties": { "内容": "居宅介護支援事業所ケアセンターさくら【居宅介護支援】長野県佐久市下小田切７３", "url": "https://www.kaigokensaku.mhlw.go.jp/20/index.php?action_kouhyou_detail_004_kani=true&JigyosyoCd=2072000496-00&ServiceCd=430&Type=search", "url2": "http://www.amemiya.or.jp/sakura/" }, "geometry": { "type": "Point", "coordinates": [ 138.4791404, 36.1921826 ] } },
{ "type": "Feature", "properties": { "内容": "望月悠玄福祉会指定居宅介護支援事業所【居宅介護支援】長野県佐久市望月３２６-4特別養護老人ホーム　結いの家内", "url": "https://www.kaigokensaku.mhlw.go.jp/20/index.php?action_kouhyou_detail_004_kani=true&JigyosyoCd=2072100411-00&ServiceCd=430&Type=search", "url2": "http://www.yuugen-fukushikai.com" }, "geometry": { "type": "Point", "coordinates": [ 138.374021099999936, 36.2570732 ] } },
{ "type": "Feature", "properties": { "内容": "ケイジン地域ケアセンター中込【居宅介護支援】長野県佐久市中込３丁目２番地８", "url": "https://www.kaigokensaku.mhlw.go.jp/20/index.php?action_kouhyou_detail_004_kani=true&JigyosyoCd=2071700047-00&ServiceCd=430&Type=search", "url2": "http://www.keijinnet.or.jp" }, "geometry": { "type": "Point", "coordinates": [ 138.478740760118853, 36.227980527913722 ] } },
{ "type": "Feature", "properties": { "内容": "ニチイケアセンターなかごみ【居宅介護支援】長野県佐久市中込字中原３６３９-３５", "url": "https://www.kaigokensaku.mhlw.go.jp/20/index.php?action_kouhyou_detail_004_kani=true&JigyosyoCd=2071700401-00&ServiceCd=430&Type=search", "url2": "http://sp.chizumaru.com/dbh/nichii/detailmap.aspx?account=nichii&accmd=0&bid=0162105K05&scl=1000&clk=2" }, "geometry": { "type": "Point", "coordinates": [ 138.468125699999973, 36.2511262 ] } },
{ "type": "Feature", "properties": { "内容": "金澤病院居宅介護支援事業所【居宅介護支援】長野県佐久市大字岩村田８０２－１", "url": "https://www.kaigokensaku.mhlw.go.jp/20/index.php?action_kouhyou_detail_004_kani=true&JigyosyoCd=2071700120-00&ServiceCd=430&Type=search", "url2": "http://www.avis.ne.jp/~kanaza/pg57.html" }, "geometry": { "type": "Point", "coordinates": [ 138.479196399999978, 36.2743021 ] } },
{ "type": "Feature", "properties": { "内容": "佐久福寿園【居宅介護支援】長野県佐久市岩村田４２１３番地", "url": "https://www.kaigokensaku.mhlw.go.jp/20/index.php?action_kouhyou_detail_004_kani=true&JigyosyoCd=2071700096-00&ServiceCd=430&Type=search", "url2": "http://www.janis.or.jp/users/fukujuen/index.htm" }, "geometry": { "type": "Point", "coordinates": [ 138.4866846, 36.273919 ] } },
{ "type": "Feature", "properties": { "内容": "川西赤十字居宅介護支援事業所【居宅介護支援】長野県佐久市望月３４２番地", "url": "https://www.kaigokensaku.mhlw.go.jp/20/index.php?action_kouhyou_detail_004_kani=true&JigyosyoCd=2071700658-00&ServiceCd=430&Type=search", "url2": "kawanishi.jrc.or.jp" }, "geometry": { "type": "Point", "coordinates": [ 138.358799911222832, 36.265860832501154 ] } },
{ "type": "Feature", "properties": { "内容": "エフビー居宅介護支援事業所佐久【居宅介護支援】長野県佐久市長土呂９０８-１ケアライフ礎", "url": "https://www.kaigokensaku.mhlw.go.jp/20/index.php?action_kouhyou_detail_004_kani=true&JigyosyoCd=2071700807-00&ServiceCd=430&Type=search", "url2": "http://www.fb-kaigo.co.jp/service/kyotaku.php" }, "geometry": { "type": "Point", "coordinates": [ 138.469925, 36.290747 ] } },
{ "type": "Feature", "properties": { "内容": "らいおんハート佐久ケアプランセンター【居宅介護支援】長野県佐久市前山３２１－３クアハウス佐久", "url": "https://www.kaigokensaku.mhlw.go.jp/20/index.php?action_kouhyou_detail_004_kani=true&JigyosyoCd=2071701870-00&ServiceCd=430&Type=search", "url2": null }, "geometry": { "type": "Point", "coordinates": [ 138.4525526, 36.2150091 ] } },
{ "type": "Feature", "properties": { "内容": "ケアプランセンター星の里【居宅介護支援】長野県佐久市臼田785-6", "url": "https://www.kaigokensaku.mhlw.go.jp/20/index.php?action_kouhyou_detail_004_kani=true&JigyosyoCd=2071701672-00&ServiceCd=430&Type=search", "url2": "http://www.ja-naganokai.or.jp/" }, "geometry": { "type": "Point", "coordinates": [ 138.479084300000011, 36.2082612 ] } },
{ "type": "Feature", "properties": { "内容": "いろどり生活応援相談室【居宅介護支援】長野県佐久市中込2982-1上原ビル2階5号", "url": "https://www.kaigokensaku.mhlw.go.jp/20/index.php?action_kouhyou_detail_004_kani=true&JigyosyoCd=2071701722-00&ServiceCd=430&Type=search", "url2": null }, "geometry": { "type": "Point", "coordinates": [ 138.4702341, 36.2488505 ] } },
{ "type": "Feature", "properties": { "内容": "浅科薬局【居宅介護支援】長野県佐久市桑山1241-1", "url": "https://www.kaigokensaku.mhlw.go.jp/20/index.php?action_kouhyou_detail_004_kani=true&JigyosyoCd=2041747516-00&ServiceCd=430&Type=search", "url2": "kanebako@iaa.itkeeper.ne.jp" }, "geometry": { "type": "Point", "coordinates": [ 138.397568200000023, 36.2752802 ] } },
{ "type": "Feature", "properties": { "内容": "ニチイケアセンター聖【居宅介護支援】長野県千曲市八幡３５３８－１", "url": "https://www.kaigokensaku.mhlw.go.jp/20/index.php?action_kouhyou_detail_004_kani=true&JigyosyoCd=2071600189-00&ServiceCd=430&Type=search", "url2": "http://www.nichiigakkan.co.jp/service/care/home/careplan.html" }, "geometry": { "type": "Point", "coordinates": [ 138.100879, 36.5146839 ] } },
{ "type": "Feature", "properties": { "内容": "いせや薬局【居宅介護支援】長野県千曲市稲荷山８３５", "url": "https://www.kaigokensaku.mhlw.go.jp/20/index.php?action_kouhyou_detail_004_kani=true&JigyosyoCd=2041847027-00&ServiceCd=430&Type=search", "url2": "iseyayakkyoku.co.jp" }, "geometry": { "type": "Point", "coordinates": [ 138.104181499999981, 36.5342626 ] } },
{ "type": "Feature", "properties": { "内容": "居宅介護支援事業所屋代の華【居宅介護支援】長野県千曲市屋代１０９９－１", "url": "https://www.kaigokensaku.mhlw.go.jp/20/index.php?action_kouhyou_detail_004_kani=true&JigyosyoCd=2071800979-00&ServiceCd=430&Type=search", "url2": null }, "geometry": { "type": "Point", "coordinates": [ 138.126693100000011, 36.5383322 ] } },
{ "type": "Feature", "properties": { "内容": "ささえ愛居宅介護支援事業所【居宅介護支援】長野県千曲市大字鋳物師屋356-1", "url": "https://www.kaigokensaku.mhlw.go.jp/20/index.php?action_kouhyou_detail_004_kani=true&JigyosyoCd=2071801027-00&ServiceCd=430&Type=search", "url2": null }, "geometry": { "type": "Point", "coordinates": [ 138.127314899999988, 36.5175675 ] } },
{ "type": "Feature", "properties": { "内容": "居宅介護支援事業所森の里【居宅介護支援】長野県千曲市大字森字青田1024番地3", "url": "https://www.kaigokensaku.mhlw.go.jp/20/index.php?action_kouhyou_detail_004_kani=true&JigyosyoCd=2071600049-00&ServiceCd=430&Type=search", "url2": "http://www.taishikai.or.jp/kaigo/sub07.html" }, "geometry": { "type": "Point", "coordinates": [ 138.148812800877408, 36.526874644334015 ] } },
{ "type": "Feature", "properties": { "内容": "千曲市社会福祉協議会　居宅介護支援事業所【居宅介護支援】長野県千曲市磯部1110番地1", "url": "https://www.kaigokensaku.mhlw.go.jp/20/index.php?action_kouhyou_detail_004_kani=true&JigyosyoCd=2071800078-00&ServiceCd=430&Type=search", "url2": "https://chikuma-shakyo.jp" }, "geometry": { "type": "Point", "coordinates": [ 138.149586299999982, 36.4813349 ] } },
{ "type": "Feature", "properties": { "内容": "居宅介護支援事業所　杏寿荘【居宅介護支援】長野県千曲市大字倉科79番地", "url": "https://www.kaigokensaku.mhlw.go.jp/20/index.php?action_kouhyou_detail_004_kani=true&JigyosyoCd=2071800821-00&ServiceCd=430&Type=search", "url2": "https://www.kyojuso.com/" }, "geometry": { "type": "Point", "coordinates": [ 138.156098, 36.532456 ] } },
{ "type": "Feature", "properties": { "内容": "ハートケア上山田【居宅介護支援】長野県千曲市上山田温泉３－３４－３", "url": "https://www.kaigokensaku.mhlw.go.jp/20/index.php?action_kouhyou_detail_004_kani=true&JigyosyoCd=2071800409-00&ServiceCd=430&Type=search", "url2": "http://naganojukoukai.com/" }, "geometry": { "type": "Point", "coordinates": [ 138.145782899999972, 36.4763473 ] } },
{ "type": "Feature", "properties": { "内容": "アップルハウス居宅介護支援事業所【居宅介護支援】長野県千曲市屋代1165", "url": "https://www.kaigokensaku.mhlw.go.jp/20/index.php?action_kouhyou_detail_004_kani=true&JigyosyoCd=2071800433-00&ServiceCd=430&Type=search", "url2": null }, "geometry": { "type": "Point", "coordinates": [ 138.134055900000021, 36.5465787 ] } },
{ "type": "Feature", "properties": { "内容": "社会福祉法人千寿会居宅介護支援事業所【居宅介護支援】長野県千曲市大字戸倉２４４０－１", "url": "https://www.kaigokensaku.mhlw.go.jp/20/index.php?action_kouhyou_detail_004_kani=true&JigyosyoCd=2073100147-00&ServiceCd=430&Type=search", "url2": "https://sites.google.com/site/carehousetikuma/carehouse" }, "geometry": { "type": "Point", "coordinates": [ 138.146465400000011, 36.4898216 ] } },
{ "type": "Feature", "properties": { "内容": "こばやし介護相談室【居宅介護支援】長野県千曲市大字寂蒔1244-1", "url": "https://www.kaigokensaku.mhlw.go.jp/20/index.php?action_kouhyou_detail_004_kani=true&JigyosyoCd=2071800631-00&ServiceCd=430&Type=search", "url2": null }, "geometry": { "type": "Point", "coordinates": [ 138.133228499999973, 36.5198124 ] } },
{ "type": "Feature", "properties": { "内容": "エフビー居宅介護支援事業所千曲【居宅介護支援】長野県千曲市戸倉1910番地1ミヤサンビル102", "url": "https://www.kaigokensaku.mhlw.go.jp/20/index.php?action_kouhyou_detail_004_kani=true&JigyosyoCd=2071801068-00&ServiceCd=430&Type=search", "url2": "https://fb-kaigo.co,.jp" }, "geometry": { "type": "Point", "coordinates": [ 138.149431099999987, 36.4915545 ] } },
{ "type": "Feature", "properties": { "内容": "介護支援センターはやしや【居宅介護支援】長野県千曲市上山田温泉一丁目50番地1", "url": "https://www.kaigokensaku.mhlw.go.jp/20/index.php?action_kouhyou_detail_004_kani=true&JigyosyoCd=2071800813-00&ServiceCd=430&Type=search", "url2": null }, "geometry": { "type": "Point", "coordinates": [ 138.14130190000003, 36.4815583 ] } },
{ "type": "Feature", "properties": { "内容": "サクラケア千曲店居宅介護支援事業所【居宅介護支援】長野県千曲市小島３１７２", "url": "https://www.kaigokensaku.mhlw.go.jp/20/index.php?action_kouhyou_detail_004_kani=true&JigyosyoCd=2071800045-00&ServiceCd=430&Type=search", "url2": "http://www.sakura-care.co.jp/mc/business/index.html#shop" }, "geometry": { "type": "Point", "coordinates": [ 138.1271848, 36.5342994 ] } },
{ "type": "Feature", "properties": { "内容": "居宅介護支援事業所あっといーずホーム【居宅介護支援】長野県千曲市磯部１７０－２", "url": "https://www.kaigokensaku.mhlw.go.jp/20/index.php?action_kouhyou_detail_004_kani=true&JigyosyoCd=2071800375-00&ServiceCd=430&Type=search", "url2": "http://www.at-ease-care.com" }, "geometry": { "type": "Point", "coordinates": [ 138.159735800000021, 36.4812199 ] } },
{ "type": "Feature", "properties": { "内容": "ちくま居宅介護支援事業所【居宅介護支援】長野県千曲市千本柳347番地", "url": "https://www.kaigokensaku.mhlw.go.jp/20/index.php?action_kouhyou_detail_004_kani=true&JigyosyoCd=2071800938-00&ServiceCd=430&Type=search", "url2": "chikuma@ja-naganokai.or.jp" }, "geometry": { "type": "Point", "coordinates": [ 138.1320466, 36.5050241 ] } },
{ "type": "Feature", "properties": { "内容": "ケアサポートサロンゆめりあ【居宅介護支援】長野県東御市常田493-1", "url": "https://www.kaigokensaku.mhlw.go.jp/20/index.php?action_kouhyou_detail_004_kani=true&JigyosyoCd=2071900373-00&ServiceCd=430&Type=search", "url2": "https://www.asucomelife.com/" }, "geometry": { "type": "Point", "coordinates": [ 138.3430232, 36.3616132 ] } },
{ "type": "Feature", "properties": { "内容": "介護支援センターゆとり【居宅介護支援】長野県東御市祢津３３７-１３", "url": "https://www.kaigokensaku.mhlw.go.jp/20/index.php?action_kouhyou_detail_004_kani=true&JigyosyoCd=2072200054-00&ServiceCd=430&Type=search", "url2": "http://www.ryokufuukai.or.jp/" }, "geometry": { "type": "Point", "coordinates": [ 138.35706730000004, 36.3690296 ] } },
{ "type": "Feature", "properties": { "内容": "ケアポートみまきマネージメントセンター【居宅介護支援】長野県東御市布下３７在宅総合支援センター", "url": "https://www.kaigokensaku.mhlw.go.jp/20/index.php?action_kouhyou_detail_004_kani=true&JigyosyoCd=2072100064-00&ServiceCd=430&Type=search", "url2": "http://www.cpmimaki.or.jp" }, "geometry": { "type": "Point", "coordinates": [ 138.360104458058231, 36.335702675815128 ] } },
{ "type": "Feature", "properties": { "内容": "社会福祉法人　東御市社会福祉協議会【居宅介護支援】長野県東御市鞍掛197番地", "url": "https://www.kaigokensaku.mhlw.go.jp/20/index.php?action_kouhyou_detail_004_kani=true&JigyosyoCd=2071900043-00&ServiceCd=430&Type=search", "url2": "https://www.tomisyakyo.or.jp/" }, "geometry": { "type": "Point", "coordinates": [ 138.35026, 36.3605723 ] } },
{ "type": "Feature", "properties": { "内容": "居宅介護支援事業所　心おもい【居宅介護支援】長野県東御市常田220-1", "url": "https://www.kaigokensaku.mhlw.go.jp/20/index.php?action_kouhyou_detail_004_kani=true&JigyosyoCd=2071900357-00&ServiceCd=430&Type=search", "url2": null }, "geometry": { "type": "Point", "coordinates": [ 138.3463063, 36.3584194 ] } },
{ "type": "Feature", "properties": { "内容": "介護相談室こころ【居宅介護支援】長野県東御市田中１８５番地２", "url": "https://www.kaigokensaku.mhlw.go.jp/20/index.php?action_kouhyou_detail_004_kani=true&JigyosyoCd=2072200492-00&ServiceCd=430&Type=search", "url2": "http://www.chiisagata.jp" }, "geometry": { "type": "Point", "coordinates": [ 138.331176502763356, 36.355340946168759 ] } },
{ "type": "Feature", "properties": { "内容": "かぐや姫居宅介護支援事業所【居宅介護支援】長野県安曇野市穂高　6071番地9", "url": "https://www.kaigokensaku.mhlw.go.jp/20/index.php?action_kouhyou_detail_004_kani=true&JigyosyoCd=2074001179-00&ServiceCd=430&Type=search", "url2": null }, "geometry": { "type": "Point", "coordinates": [ 137.8854948, 36.3389704 ] } },
{ "type": "Feature", "properties": { "内容": "とよしな【居宅介護支援】長野県安曇野市豊科５６３３－１介護老人保健施設　安曇野メディア内", "url": "https://www.kaigokensaku.mhlw.go.jp/20/index.php?action_kouhyou_detail_004_kani=true&JigyosyoCd=2052880016-00&ServiceCd=430&Type=search", "url2": "http://www.shironishi.or.jp/az/kyotaku.htm" }, "geometry": { "type": "Point", "coordinates": [ 137.904487199999949, 36.3042342 ] } },
{ "type": "Feature", "properties": { "内容": "相談支援センター集（つどい）【居宅介護支援】長野県安曇野市豊科　2210－10", "url": "https://www.kaigokensaku.mhlw.go.jp/20/index.php?action_kouhyou_detail_004_kani=true&JigyosyoCd=2074000999-00&ServiceCd=430&Type=search", "url2": null }, "geometry": { "type": "Point", "coordinates": [ 137.903215100000011, 36.2930811 ] } },
{ "type": "Feature", "properties": { "内容": "居宅介護支援事業所あず【居宅介護支援】長野県安曇野市穂高柏原1542-6", "url": "https://www.kaigokensaku.mhlw.go.jp/20/index.php?action_kouhyou_detail_004_kani=true&JigyosyoCd=2074000619-00&ServiceCd=430&Type=search", "url2": null }, "geometry": { "type": "Point", "coordinates": [ 137.8887949, 36.3248545 ] } },
{ "type": "Feature", "properties": { "内容": "穂高病院　居宅ケアプランふるる【居宅介護支援】長野県安曇野市穂高4303-1　北棟2階", "url": "https://www.kaigokensaku.mhlw.go.jp/20/index.php?action_kouhyou_detail_004_kani=true&JigyosyoCd=2074001419-00&ServiceCd=430&Type=search", "url2": "https://hotaka-hospital.or.jp/department/fururu-kyotaku" }, "geometry": { "type": "Point", "coordinates": [ 137.887995600000011, 36.3407923 ] } },
{ "type": "Feature", "properties": { "内容": "ほっとひだまり【居宅介護支援】長野県安曇野市豊科高家781－1", "url": "https://www.kaigokensaku.mhlw.go.jp/20/index.php?action_kouhyou_detail_004_kani=true&JigyosyoCd=2074000775-00&ServiceCd=430&Type=search", "url2": "www.crew-g.co.jp/index.html" }, "geometry": { "type": "Point", "coordinates": [ 137.928856201188665, 36.273184844088632 ] } },
{ "type": "Feature", "properties": { "内容": "孝明居宅介護支援事業所【居宅介護支援】長野県安曇野市穂高北穂高２５３１番地３", "url": "https://www.kaigokensaku.mhlw.go.jp/20/index.php?action_kouhyou_detail_004_kani=true&JigyosyoCd=2072700525-00&ServiceCd=430&Type=search", "url2": "http://park7.wakwak.com/~koumei/jigyo/koumei.html" }, "geometry": { "type": "Point", "coordinates": [ 137.879423289024317, 36.353458150110768 ] } },
{ "type": "Feature", "properties": { "内容": "居宅介護支援事業所こだま【居宅介護支援】長野県安曇野市堀金烏川1079－1", "url": "https://www.kaigokensaku.mhlw.go.jp/20/index.php?action_kouhyou_detail_004_kani=true&JigyosyoCd=2074000098-00&ServiceCd=430&Type=search", "url2": "soumeikai.net" }, "geometry": { "type": "Point", "coordinates": [ 137.850029869311584, 36.304810007690399 ] } },
{ "type": "Feature", "properties": { "内容": "サンクス居宅介護支援事業所【居宅介護支援】長野県安曇野市穂高有明9990-1", "url": "https://www.kaigokensaku.mhlw.go.jp/20/index.php?action_kouhyou_detail_004_kani=true&JigyosyoCd=2074000155-00&ServiceCd=430&Type=search", "url2": "http://thanks-saiwainomachi.com" }, "geometry": { "type": "Point", "coordinates": [ 137.861631399999965, 36.346152900000014 ] } },
{ "type": "Feature", "properties": { "内容": "居宅介護支援事業所風を詠む【居宅介護支援】長野県安曇野市豊科南穂高442番地7", "url": "https://www.kaigokensaku.mhlw.go.jp/20/index.php?action_kouhyou_detail_004_kani=true&JigyosyoCd=2074000361-00&ServiceCd=430&Type=search", "url2": "https://kazewoyomu.com/" }, "geometry": { "type": "Point", "coordinates": [ 137.9106473754631, 36.300804697284477 ] } },
{ "type": "Feature", "properties": { "内容": "安曇野南介護相談センター【居宅介護支援】長野県安曇野市三郷明盛1491ミサトピアロピテル一日市場内", "url": "https://www.kaigokensaku.mhlw.go.jp/20/index.php?action_kouhyou_detail_004_kani=true&JigyosyoCd=2072800101-00&ServiceCd=430&Type=search", "url2": "https://nanatsunokane.or.jp/care/azumino-center" }, "geometry": { "type": "Point", "coordinates": [ 137.902965823089659, 36.259138289445929 ] } },
{ "type": "Feature", "properties": { "内容": "福祉サポートさくら坂【居宅介護支援】長野県安曇野市豊科光1708-41", "url": "https://www.kaigokensaku.mhlw.go.jp/20/index.php?action_kouhyou_detail_004_kani=true&JigyosyoCd=2074000247-00&ServiceCd=430&Type=search", "url2": null }, "geometry": { "type": "Point", "coordinates": [ 137.933612499999981, 36.3186889 ] } },
{ "type": "Feature", "properties": { "内容": "ケアプランすみれ【居宅介護支援】長野県安曇野市穂高1380はうすあづみA棟106号", "url": "https://www.kaigokensaku.mhlw.go.jp/20/index.php?action_kouhyou_detail_004_kani=true&JigyosyoCd=2074001153-00&ServiceCd=430&Type=search", "url2": null }, "geometry": { "type": "Point", "coordinates": [ 137.893460499687677, 36.32782554510451 ] } },
{ "type": "Feature", "properties": { "内容": "ケアプランなかむら【居宅介護支援】長野県安曇野市穂高柏原1425-1", "url": "https://www.kaigokensaku.mhlw.go.jp/20/index.php?action_kouhyou_detail_004_kani=true&JigyosyoCd=2074001054-00&ServiceCd=430&Type=search", "url2": null }, "geometry": { "type": "Point", "coordinates": [ 137.8812313, 36.323761 ] } },
{ "type": "Feature", "properties": { "内容": "暮らし・ケア・IT　までな【居宅介護支援】長野県安曇野市豊科2248番地1", "url": "https://www.kaigokensaku.mhlw.go.jp/20/index.php?action_kouhyou_detail_004_kani=true&JigyosyoCd=2074001286-00&ServiceCd=430&Type=search", "url2": null }, "geometry": { "type": "Point", "coordinates": [ 137.9052465, 36.2912117 ] } },
{ "type": "Feature", "properties": { "内容": "居宅介護支援センターまがりっと【居宅介護支援】長野県安曇野市三郷温2195-1カーサナガオ１０６", "url": "https://www.kaigokensaku.mhlw.go.jp/20/index.php?action_kouhyou_detail_004_kani=true&JigyosyoCd=2072800762-00&ServiceCd=430&Type=search", "url2": null }, "geometry": { "type": "Point", "coordinates": [ 137.883843799999966, 36.2555329 ] } },
{ "type": "Feature", "properties": { "内容": "居宅介護支援事業所アイ・ユーほたか【居宅介護支援】長野県安曇野市穂高4563番地7", "url": "https://www.kaigokensaku.mhlw.go.jp/20/index.php?action_kouhyou_detail_004_kani=true&JigyosyoCd=2072800051-00&ServiceCd=430&Type=search", "url2": "http://www.e-office.gr.jp/i-you-hotaka/kyotaku.html" }, "geometry": { "type": "Point", "coordinates": [ 137.886402, 36.3429679 ] } },
{ "type": "Feature", "properties": { "内容": "ケアサポートきずな【居宅介護支援】長野県安曇野市堀金烏川5119", "url": "https://www.kaigokensaku.mhlw.go.jp/20/index.php?action_kouhyou_detail_004_kani=true&JigyosyoCd=2074000692-00&ServiceCd=430&Type=search", "url2": null }, "geometry": { "type": "Point", "coordinates": [ 137.874464100000068, 36.3060775 ] } },
{ "type": "Feature", "properties": { "内容": "ケアプランとまり木【居宅介護支援】長野県安曇野市穂高有明1836番地２", "url": "https://www.kaigokensaku.mhlw.go.jp/20/index.php?action_kouhyou_detail_004_kani=true&JigyosyoCd=2074001021-00&ServiceCd=430&Type=search", "url2": null }, "geometry": { "type": "Point", "coordinates": [ 137.8640024, 36.3530325 ] } },
{ "type": "Feature", "properties": { "内容": "あんずの木居宅介護支援事業所【居宅介護支援】長野県安曇野市三郷明盛1615番地２F　アトリエマリー", "url": "https://www.kaigokensaku.mhlw.go.jp/20/index.php?action_kouhyou_detail_004_kani=true&JigyosyoCd=2074001351-00&ServiceCd=430&Type=search", "url2": "http://hp.kaipoke.biz/74z/" }, "geometry": { "type": "Point", "coordinates": [ 137.8995114, 36.2575545 ] } },
{ "type": "Feature", "properties": { "内容": "居宅介護支援事業所あづみの【居宅介護支援】長野県安曇野市穂高北穂高１７１６－１", "url": "https://www.kaigokensaku.mhlw.go.jp/20/index.php?action_kouhyou_detail_004_kani=true&JigyosyoCd=2072800382-00&ServiceCd=430&Type=search", "url2": "http://www.hima-sun.com/" }, "geometry": { "type": "Point", "coordinates": [ 137.875624499999958, 36.3704282 ] } },
{ "type": "Feature", "properties": { "内容": "ケアプランニングオフィス　さらん【居宅介護支援】長野県安曇野市豊科4021-9レジデンス吉野1-Ｂ", "url": "https://www.kaigokensaku.mhlw.go.jp/20/index.php?action_kouhyou_detail_004_kani=true&JigyosyoCd=2074000510-00&ServiceCd=430&Type=search", "url2": null }, "geometry": { "type": "Point", "coordinates": [ 137.904759600000034, 36.300654 ] } },
{ "type": "Feature", "properties": { "内容": "居宅介護支援事業所こうしゅう穂高【居宅介護支援】長野県安曇野市穂高6571番地", "url": "https://www.kaigokensaku.mhlw.go.jp/20/index.php?action_kouhyou_detail_004_kani=true&JigyosyoCd=2074001203-00&ServiceCd=430&Type=search", "url2": "http://koushu-nagano.jp/" }, "geometry": { "type": "Point", "coordinates": [ 137.8773175, 36.3368308 ] } },
{ "type": "Feature", "properties": { "内容": "相澤居宅介護支援事業所あずみの【居宅介護支援】長野県安曇野市穂高787中田医院２階", "url": "https://www.kaigokensaku.mhlw.go.jp/20/index.php?action_kouhyou_detail_004_kani=true&JigyosyoCd=2074000759-00&ServiceCd=430&Type=search", "url2": "https://jisenkai.aizawahospital.jp/home_medical/" }, "geometry": { "type": "Point", "coordinates": [ 137.893798899999979, 36.3236399 ] } },
{ "type": "Feature", "properties": { "内容": "居宅介護支援事業所たきべ野【居宅介護支援】長野県安曇野市豊科高家5090番地1", "url": "https://www.kaigokensaku.mhlw.go.jp/20/index.php?action_kouhyou_detail_004_kani=true&JigyosyoCd=2072800796-00&ServiceCd=430&Type=search", "url2": "http://takibeno.or.jp/" }, "geometry": { "type": "Point", "coordinates": [ 137.9189351, 36.2575448 ] } },
{ "type": "Feature", "properties": { "内容": "居宅介護支援事業所和（なごみ）【居宅介護支援】長野県安曇野市豊科５１７９-１", "url": "https://www.kaigokensaku.mhlw.go.jp/20/index.php?action_kouhyou_detail_004_kani=true&JigyosyoCd=2074000197-00&ServiceCd=430&Type=search", "url2": null }, "geometry": { "type": "Point", "coordinates": [ 137.894618499999979, 36.3020675 ] } },
{ "type": "Feature", "properties": { "内容": "安曇野赤十字病院居宅介護支援事業所【居宅介護支援】長野県安曇野市豊科5685", "url": "https://www.kaigokensaku.mhlw.go.jp/20/index.php?action_kouhyou_detail_004_kani=true&JigyosyoCd=2072800275-00&ServiceCd=430&Type=search", "url2": "http://www.nagano.jrc.or.jp/" }, "geometry": { "type": "Point", "coordinates": [ 137.90785649999998, 36.30271230000001 ] } },
{ "type": "Feature", "properties": { "内容": "オフィスリビング【居宅介護支援】長野県安曇野市豊科田沢4642-3", "url": "https://www.kaigokensaku.mhlw.go.jp/20/index.php?action_kouhyou_detail_004_kani=true&JigyosyoCd=2074001088-00&ServiceCd=430&Type=search", "url2": null }, "geometry": { "type": "Point", "coordinates": [ 137.936088609786992, 36.312148982745505 ] } },
{ "type": "Feature", "properties": { "内容": "安曇野市社協居宅介護支援センター【居宅介護支援】長野県安曇野市豊科４１６０－１", "url": "https://www.kaigokensaku.mhlw.go.jp/20/index.php?action_kouhyou_detail_004_kani=true&JigyosyoCd=2074000049-00&ServiceCd=430&Type=search", "url2": "kyotaku@azuminoshakyo.or.jp" }, "geometry": { "type": "Point", "coordinates": [ 137.915289499999972, 36.2992739 ] } },
{ "type": "Feature", "properties": { "内容": "居宅介護支援事業所こはる【居宅介護支援】穂高柏原１４６５番地３０", "url": "https://www.kaigokensaku.mhlw.go.jp/20/index.php?action_kouhyou_detail_004_kani=true&JigyosyoCd=2074001427-00&ServiceCd=430&Type=search", "url2": null }, "geometry": { "type": "Point", "coordinates": [ 137.8837557, 36.3252966 ] } },
{ "type": "Feature", "properties": { "内容": "JAあづみ指定居宅介護支援事業所【居宅介護支援】長野県安曇野市豊科南穂高2728-1", "url": "https://www.kaigokensaku.mhlw.go.jp/20/index.php?action_kouhyou_detail_004_kani=true&JigyosyoCd=2072800788-00&ServiceCd=430&Type=search", "url2": "http://www.ja-azm.iijan.or.jp/welfare/kaigo/" }, "geometry": { "type": "Point", "coordinates": [ 137.911538073680134, 36.308954774747832 ] } },
{ "type": "Feature", "properties": { "内容": "ケアプランわらわ【居宅介護支援】長野県安曇野市豊科高家5809-1", "url": "https://www.kaigokensaku.mhlw.go.jp/20/index.php?action_kouhyou_detail_004_kani=true&JigyosyoCd=2074001344-00&ServiceCd=430&Type=search", "url2": null }, "geometry": { "type": "Point", "coordinates": [ 137.9123854, 36.263872 ] } },
{ "type": "Feature", "properties": { "内容": "佐久総合病院　指定居宅介護支援事業所こうみ【居宅介護支援】長野県南佐久郡小海町小海4269番地9", "url": "https://www.kaigokensaku.mhlw.go.jp/20/index.php?action_kouhyou_detail_004_kani=true&JigyosyoCd=2072000785-00&ServiceCd=430&Type=search", "url2": null }, "geometry": { "type": "Point", "coordinates": [ 138.4824203, 36.0883404 ] } },
{ "type": "Feature", "properties": { "内容": "社会福祉法人小海町社会福祉協議会【居宅介護支援】長野県南佐久郡小海町豊里８０５番地", "url": "https://www.kaigokensaku.mhlw.go.jp/20/index.php?action_kouhyou_detail_004_kani=true&JigyosyoCd=2072000074-00&ServiceCd=430&Type=search", "url2": null }, "geometry": { "type": "Point", "coordinates": [ 138.4803316, 36.0836593 ] } },
{ "type": "Feature", "properties": { "内容": "川上村社会福祉協議会指定居宅介護支援事業所【居宅介護支援】長野県南佐久郡川上村大字原３１２番地川上村デイサービスセンター内", "url": "https://www.kaigokensaku.mhlw.go.jp/20/index.php?action_kouhyou_detail_004_kani=true&JigyosyoCd=2072000413-00&ServiceCd=430&Type=search", "url2": "http://kawakami-syakyo.com/wp/wp-admin/" }, "geometry": { "type": "Point", "coordinates": [ 138.5477548, 35.9685684 ] } },
{ "type": "Feature", "properties": { "内容": "南牧村社協指定居宅介護支援事業所【居宅介護支援】長野県南佐久郡南牧村大字海ノ口９６６－１５", "url": "https://www.kaigokensaku.mhlw.go.jp/20/index.php?action_kouhyou_detail_004_kani=true&JigyosyoCd=2072000470-00&ServiceCd=430&Type=search", "url2": null }, "geometry": { "type": "Point", "coordinates": [ 138.490468599999986, 36.0218001 ] } },
{ "type": "Feature", "properties": { "内容": "居宅介護支援事業所　ゆたかな大地【居宅介護支援】長野県南佐久郡南牧村海尻2309-3", "url": "https://www.kaigokensaku.mhlw.go.jp/20/index.php?action_kouhyou_detail_004_kani=true&JigyosyoCd=2072000777-00&ServiceCd=430&Type=search", "url2": "yutakanadaichi777@gmail.com" }, "geometry": { "type": "Point", "coordinates": [ 138.4637344, 35.9481604 ] } },
{ "type": "Feature", "properties": { "内容": "社会福祉法人南相木村社会福祉協議会【居宅介護支援】長野県南佐久郡南相木村3781番地162", "url": "https://www.kaigokensaku.mhlw.go.jp/20/index.php?action_kouhyou_detail_004_kani=true&JigyosyoCd=2072000207-00&ServiceCd=430&Type=search", "url2": "http://www.ytg.janis.or.jp/~mshakyo3781/" }, "geometry": { "type": "Point", "coordinates": [ 138.543611587911187, 36.035916710851936 ] } },
{ "type": "Feature", "properties": { "内容": "北相木村老人福祉複合センターみどり【居宅介護支援】長野県南佐久郡北相木村１６０７番地１", "url": "https://www.kaigokensaku.mhlw.go.jp/20/index.php?action_kouhyou_detail_004_kani=true&JigyosyoCd=2072000082-00&ServiceCd=430&Type=search", "url2": null }, "geometry": { "type": "Point", "coordinates": [ 138.55088330000001, 36.0591688 ] } },
{ "type": "Feature", "properties": { "内容": "訪問看護ステーションやちほ【居宅介護支援】長野県南佐久郡佐久穂町大字畑660番地", "url": "https://www.kaigokensaku.mhlw.go.jp/20/index.php?action_kouhyou_detail_004_kani=true&JigyosyoCd=2062090028-00&ServiceCd=430&Type=search", "url2": null }, "geometry": { "type": "Point", "coordinates": [ 138.471159200000017, 36.143355 ] } },
{ "type": "Feature", "properties": { "内容": "佐久穂町社会福祉協議会指定居宅介護支援事業所【居宅介護支援】長野県南佐久郡佐久穂町大字高野町351番地", "url": "https://www.kaigokensaku.mhlw.go.jp/20/index.php?action_kouhyou_detail_004_kani=true&JigyosyoCd=2072000603-00&ServiceCd=430&Type=search", "url2": null }, "geometry": { "type": "Point", "coordinates": [ 138.478327400000012, 36.162792 ] } },
{ "type": "Feature", "properties": { "内容": "佐久穂町立千曲病院【居宅介護支援】長野県南佐久郡佐久穂町大字高野町３２８番地", "url": "https://www.kaigokensaku.mhlw.go.jp/20/index.php?action_kouhyou_detail_004_kani=true&JigyosyoCd=2012017238-00&ServiceCd=430&Type=search", "url2": "http://www.chikumahospital.jp/chiiki/kyotaku.html" }, "geometry": { "type": "Point", "coordinates": [ 138.477405299999987, 36.1618921 ] } },
{ "type": "Feature", "properties": { "内容": "わんらいふかるいざわ　きょたくかいごしえんじぎょうしょ【居宅介護支援】長野県北佐久郡軽井沢町長倉2484-15", "url": "https://www.kaigokensaku.mhlw.go.jp/20/index.php?action_kouhyou_detail_004_kani=true&JigyosyoCd=2072100940-00&ServiceCd=430&Type=search", "url2": "https://seikatugojyo.lsv.jp/" }, "geometry": { "type": "Point", "coordinates": [ 138.6018065, 36.3442291 ] } },
{ "type": "Feature", "properties": { "内容": "かるいざわ敬老園居宅介護支援事業所【居宅介護支援】長野県北佐久郡軽井沢町追分１４３６", "url": "https://www.kaigokensaku.mhlw.go.jp/20/index.php?action_kouhyou_detail_004_kani=true&JigyosyoCd=2072100353-00&ServiceCd=430&Type=search", "url2": "http://www.keiroen.or.jp" }, "geometry": { "type": "Point", "coordinates": [ 138.550457, 36.3432949 ] } },
{ "type": "Feature", "properties": { "内容": "社会福祉法人軽井沢町社会福祉協議会【居宅介護支援】長野県北佐久郡軽井沢町大字長倉字水名畑4844-1「木もれ陽の里」", "url": "https://www.kaigokensaku.mhlw.go.jp/20/index.php?action_kouhyou_detail_004_kani=true&JigyosyoCd=2072100015-00&ServiceCd=430&Type=search", "url2": "http://www.karuizawashakyo.com/kaigo/kyotaku/" }, "geometry": { "type": "Point", "coordinates": [ 138.561874401146724, 36.33555514297953 ] } },
{ "type": "Feature", "properties": { "内容": "ケアサポート静山荘【居宅介護支援】長野県北佐久郡軽井沢町大字追分１７１０番地１", "url": "https://www.kaigokensaku.mhlw.go.jp/20/index.php?action_kouhyou_detail_004_kani=true&JigyosyoCd=2072100486-00&ServiceCd=430&Type=search", "url2": "http://www.karuizawa-seizanso.com" }, "geometry": { "type": "Point", "coordinates": [ 138.525321003041086, 36.341267536858226 ] } },
{ "type": "Feature", "properties": { "内容": "ニチイケアセンターみよた【居宅介護支援】長野県北佐久郡御代田町大字馬瀬口1712-1", "url": "https://www.kaigokensaku.mhlw.go.jp/20/index.php?action_kouhyou_detail_004_kani=true&JigyosyoCd=2072100676-00&ServiceCd=430&Type=search", "url2": "http://sp.chizumaru.com/dbh/nichii/detailmap.aspx?account=nichii&accmd=0&bid=0162105M77&scl=1000&clk=2" }, "geometry": { "type": "Point", "coordinates": [ 138.510672699999986, 36.3260519 ] } },
{ "type": "Feature", "properties": { "内容": "社会福祉法人御代田町社会福祉協議会ハートピアみよた【居宅介護支援】長野県北佐久郡御代田町大字御代田1772-1御代田町地域福祉センター", "url": "https://www.kaigokensaku.mhlw.go.jp/20/index.php?action_kouhyou_detail_004_kani=true&JigyosyoCd=2072100023-00&ServiceCd=430&Type=search", "url2": "http://miyota-shakyo.sakura.ne.jp/" }, "geometry": { "type": "Point", "coordinates": [ 138.497910899999965, 36.3089873 ] } },
{ "type": "Feature", "properties": { "内容": "居宅介護支援事業所　たてしな【居宅介護支援】長野県北佐久郡立科町大字芦田720番地1", "url": "https://www.kaigokensaku.mhlw.go.jp/20/index.php?action_kouhyou_detail_004_kani=true&JigyosyoCd=2072100783-00&ServiceCd=430&Type=search", "url2": "http://www.hc-tateshina.jp" }, "geometry": { "type": "Point", "coordinates": [ 138.323349250984279, 36.273730431785125 ] } },
{ "type": "Feature", "properties": { "内容": "社会福祉法人大樹会ラポートあおき【居宅介護支援】長野県小県郡青木村大字田沢３４０２番地１", "url": "https://www.kaigokensaku.mhlw.go.jp/20/index.php?action_kouhyou_detail_004_kani=true&JigyosyoCd=2072200088-00&ServiceCd=430&Type=search", "url2": "https://www.daijukai.or.jp/" }, "geometry": { "type": "Point", "coordinates": [ 138.121176399999968, 36.3691903 ] } },
{ "type": "Feature", "properties": { "内容": "依田窪病院指定居宅介護支援事業所【居宅介護支援】長野県小県郡長和町古町2857", "url": "https://www.kaigokensaku.mhlw.go.jp/20/index.php?action_kouhyou_detail_004_kani=true&JigyosyoCd=2072200138-00&ServiceCd=430&Type=search", "url2": "http://www.yodakubo-hp.jp/" }, "geometry": { "type": "Point", "coordinates": [ 138.265640399999938, 36.2730132 ] } },
{ "type": "Feature", "properties": { "内容": "Ｊケア居宅介護支援事業所【居宅介護支援】長野県小県郡長和町長久保295⁻2", "url": "https://www.kaigokensaku.mhlw.go.jp/20/index.php?action_kouhyou_detail_004_kani=true&JigyosyoCd=2072200807-00&ServiceCd=430&Type=search", "url2": null }, "geometry": { "type": "Point", "coordinates": [ 138.2697417, 36.2620635 ] } },
{ "type": "Feature", "properties": { "内容": "居宅介護支援事業所フラワー諏訪【居宅介護支援】長野県諏訪郡下諏訪町高浜6188-1", "url": "https://www.kaigokensaku.mhlw.go.jp/20/index.php?action_kouhyou_detail_004_kani=true&JigyosyoCd=2072300433-00&ServiceCd=430&Type=search", "url2": null }, "geometry": { "type": "Point", "coordinates": [ 138.093904423803679, 36.06771359592716 ] } },
{ "type": "Feature", "properties": { "内容": "社会福祉法人下諏訪町社会福祉協議会【居宅介護支援】長野県諏訪郡下諏訪町１６２番地４", "url": "https://www.kaigokensaku.mhlw.go.jp/20/index.php?action_kouhyou_detail_004_kani=true&JigyosyoCd=2072300029-00&ServiceCd=430&Type=search", "url2": "http://www.shakyo-shimosuwa.or.jp/" }, "geometry": { "type": "Point", "coordinates": [ 138.080604900000054, 36.0809665 ] } },
{ "type": "Feature", "properties": { "内容": "下諏訪町在宅介護支援センター【居宅介護支援】長野県諏訪郡下諏訪町矢木町214-2東館2階", "url": "https://www.kaigokensaku.mhlw.go.jp/20/index.php?action_kouhyou_detail_004_kani=true&JigyosyoCd=2072300086-00&ServiceCd=430&Type=search", "url2": "http://www.skhp.or.jp/zaitaku/" }, "geometry": { "type": "Point", "coordinates": [ 138.082400884228349, 36.07743398065228 ] } },
{ "type": "Feature", "properties": { "内容": "株式会社ケアサポートふきのとう【居宅介護支援】長野県諏訪郡下諏訪町御田町３１３４-７", "url": "https://www.kaigokensaku.mhlw.go.jp/20/index.php?action_kouhyou_detail_004_kani=true&JigyosyoCd=2072300524-00&ServiceCd=430&Type=search", "url2": "https://www.fukinotou.ne.jp/" }, "geometry": { "type": "Point", "coordinates": [ 138.086727399999972, 36.0754892 ] } },
{ "type": "Feature", "properties": { "内容": "富士見町社会福祉協議会指定居宅介護支援事業所【居宅介護支援】長野県諏訪郡富士見町富士見8988番地1", "url": "https://www.kaigokensaku.mhlw.go.jp/20/index.php?action_kouhyou_detail_004_kani=true&JigyosyoCd=2072300078-00&ServiceCd=430&Type=search", "url2": "http://fujimi-shakyo.jp/" }, "geometry": { "type": "Point", "coordinates": [ 138.215095099999985, 35.9136793 ] } },
{ "type": "Feature", "properties": { "内容": "老人保健施設あららぎ【居宅介護支援】長野県諏訪郡富士見町落合11106-1", "url": "https://www.kaigokensaku.mhlw.go.jp/20/index.php?action_kouhyou_detail_004_kani=true&JigyosyoCd=2052380017-00&ServiceCd=430&Type=search", "url2": "https://fujimihp.com/facility/%e8%80%81%e4%ba%ba%e4%bf%9d%e5%81%a5%e6%96%bd%e8%a8%ad%e3%81%82%e3%82%89%e3%82%89%e3%81%8e/" }, "geometry": { "type": "Point", "coordinates": [ 138.244034400000032, 35.9150076 ] } },
{ "type": "Feature", "properties": { "内容": "原村社協居宅介護支援事業所【居宅介護支援】長野県諏訪郡原村6649番地3", "url": "https://www.kaigokensaku.mhlw.go.jp/20/index.php?action_kouhyou_detail_004_kani=true&JigyosyoCd=2072300250-00&ServiceCd=430&Type=search", "url2": "http://www.haramura-syakyou.or.jp/" }, "geometry": { "type": "Point", "coordinates": [ 138.215838399999939, 35.962874 ] } },
{ "type": "Feature", "properties": { "内容": "辰野町社協指定居宅介護支援事業所【居宅介護支援】長野県上伊那郡辰野町大字伊那富２６８１－１", "url": "https://www.kaigokensaku.mhlw.go.jp/20/index.php?action_kouhyou_detail_004_kani=true&JigyosyoCd=2072400068-00&ServiceCd=430&Type=search", "url2": "syakyo@town.tatsuno.lg.jp" }, "geometry": { "type": "Point", "coordinates": [ 137.991961100000026, 35.9771993 ] } },
{ "type": "Feature", "properties": { "内容": "ふらっと居宅介護支援【居宅介護支援】長野県上伊那郡辰野町大字伊那富6333番地2", "url": "https://www.kaigokensaku.mhlw.go.jp/20/index.php?action_kouhyou_detail_004_kani=true&JigyosyoCd=2072401157-00&ServiceCd=430&Type=search", "url2": "flat-tatsuno@honey.ocn.ne.jp" }, "geometry": { "type": "Point", "coordinates": [ 137.985301199999981, 35.9552296 ] } },
{ "type": "Feature", "properties": { "内容": "居宅介護支援事業所　つぼみ【居宅介護支援】長野県上伊那郡辰野町大字伊那富7672番地2", "url": "https://www.kaigokensaku.mhlw.go.jp/20/index.php?action_kouhyou_detail_004_kani=true&JigyosyoCd=2072401363-00&ServiceCd=430&Type=search", "url2": null }, "geometry": { "type": "Point", "coordinates": [ 137.97851, 35.9536213 ] } },
{ "type": "Feature", "properties": { "内容": "辰野町居宅介護支援事業所【居宅介護支援】長野県上伊那郡辰野町大字辰野1445番地5", "url": "https://www.kaigokensaku.mhlw.go.jp/20/index.php?action_kouhyou_detail_004_kani=true&JigyosyoCd=2072401538-00&ServiceCd=430&Type=search", "url2": null }, "geometry": { "type": "Point", "coordinates": [ 137.991490238930652, 35.984174265299089 ] } },
{ "type": "Feature", "properties": { "内容": "居宅介護支援事業所福寿苑【居宅介護支援】長野県上伊那郡辰野町大字伊那富9501-1", "url": "https://www.kaigokensaku.mhlw.go.jp/20/index.php?action_kouhyou_detail_004_kani=true&JigyosyoCd=2072401447-00&ServiceCd=430&Type=search", "url2": null }, "geometry": { "type": "Point", "coordinates": [ 137.9736239, 35.9440273 ] } },
{ "type": "Feature", "properties": { "内容": "富士見高原医療福祉センター介護サービスステーション伊北【居宅介護支援】長野県上伊那郡辰野町伊那富2808番地", "url": "https://www.kaigokensaku.mhlw.go.jp/20/index.php?action_kouhyou_detail_004_kani=true&JigyosyoCd=2072401488-00&ServiceCd=430&Type=search", "url2": "http://fujimihp.com/" }, "geometry": { "type": "Point", "coordinates": [ 137.9879556, 35.9791028 ] } },
{ "type": "Feature", "properties": { "内容": "居宅介護支援事業所　あるぷす【居宅介護支援】長野県上伊那郡辰野町伊那富2842-1", "url": "https://www.kaigokensaku.mhlw.go.jp/20/index.php?action_kouhyou_detail_004_kani=true&JigyosyoCd=2072401603-00&ServiceCd=430&Type=search", "url2": "https//alps-care．co．jp" }, "geometry": { "type": "Point", "coordinates": [ 137.990915699999988, 35.9801937 ] } },
{ "type": "Feature", "properties": { "内容": "介護支援センター　グレイスフル辰野【居宅介護支援】長野県上伊那郡辰野町宮所807", "url": "https://www.kaigokensaku.mhlw.go.jp/20/index.php?action_kouhyou_detail_004_kani=true&JigyosyoCd=2072401397-00&ServiceCd=430&Type=search", "url2": "http://www.sun-vision.or.jp" }, "geometry": { "type": "Point", "coordinates": [ 137.979731439834694, 35.987691139969577 ] } },
{ "type": "Feature", "properties": { "内容": "指定居宅介護支援事業所たくあん【居宅介護支援】長野県上伊那郡箕輪町中箕輪600番地１", "url": "https://www.kaigokensaku.mhlw.go.jp/20/index.php?action_kouhyou_detail_004_kani=true&JigyosyoCd=2072400704-00&ServiceCd=430&Type=search", "url2": "http://takuan.jp" }, "geometry": { "type": "Point", "coordinates": [ 137.985629499999959, 35.9356902 ] } },
{ "type": "Feature", "properties": { "内容": "社会福祉法人箕輪町社会福祉協議会【居宅介護支援】長野県上伊那郡箕輪町大字三日町1372-1", "url": "https://www.kaigokensaku.mhlw.go.jp/20/index.php?action_kouhyou_detail_004_kani=true&JigyosyoCd=2072400076-00&ServiceCd=430&Type=search", "url2": "http://www.minowa-shakyo.or.jp/" }, "geometry": { "type": "Point", "coordinates": [ 137.993899599999963, 35.8966757 ] } },
{ "type": "Feature", "properties": { "内容": "ケアセンターふれあいの里【居宅介護支援】長野県上伊那郡箕輪町大字中箕輪14432－１", "url": "https://www.kaigokensaku.mhlw.go.jp/20/index.php?action_kouhyou_detail_004_kani=true&JigyosyoCd=2072401017-00&ServiceCd=430&Type=search", "url2": "http://carecenter-hureainosato.com/" }, "geometry": { "type": "Point", "coordinates": [ 137.982579100000066, 35.9399543 ] } },
{ "type": "Feature", "properties": { "内容": "介護支援センターグレイスフル上伊那【居宅介護支援】長野県上伊那郡箕輪町大字中箕輪６０６５", "url": "https://www.kaigokensaku.mhlw.go.jp/20/index.php?action_kouhyou_detail_004_kani=true&JigyosyoCd=2072400605-00&ServiceCd=430&Type=search", "url2": null }, "geometry": { "type": "Point", "coordinates": [ 137.9873662, 35.9140512 ] } },
{ "type": "Feature", "properties": { "内容": "生協ケアプランセンターみどり【居宅介護支援】長野県上伊那郡箕輪町大字中箕輪11329-1", "url": "https://www.kaigokensaku.mhlw.go.jp/20/index.php?action_kouhyou_detail_004_kani=true&JigyosyoCd=2072401348-00&ServiceCd=430&Type=search", "url2": null }, "geometry": { "type": "Point", "coordinates": [ 137.992259319049026, 35.902948884140443 ] } },
{ "type": "Feature", "properties": { "内容": "飯島町社協指定居宅介護支援事業所【居宅介護支援】長野県上伊那郡飯島町飯島２５５１番地地域福祉センター石楠花苑内", "url": "https://www.kaigokensaku.mhlw.go.jp/20/index.php?action_kouhyou_detail_004_kani=true&JigyosyoCd=2072400035-00&ServiceCd=430&Type=search", "url2": "http://iisyakyo.or.jp/" }, "geometry": { "type": "Point", "coordinates": [ 137.919394581553689, 35.677749371465687 ] } },
{ "type": "Feature", "properties": { "内容": "ケアホームまんてん居宅介護支援事業所【居宅介護支援】長野県上伊那郡飯島町飯島671-1", "url": "https://www.kaigokensaku.mhlw.go.jp/20/index.php?action_kouhyou_detail_004_kani=true&JigyosyoCd=2072401272-00&ServiceCd=430&Type=search", "url2": "ntt://manten-npo" }, "geometry": { "type": "Point", "coordinates": [ 19.840819, 60.1327949 ] } },
{ "type": "Feature", "properties": { "内容": "生協ケアプランセンターこすも【居宅介護支援】長野県上伊那郡飯島町飯島2050-1番地", "url": "https://www.kaigokensaku.mhlw.go.jp/20/index.php?action_kouhyou_detail_004_kani=true&JigyosyoCd=2072401405-00&ServiceCd=430&Type=search", "url2": "http://www.kamiina-mcoop.com/" }, "geometry": { "type": "Point", "coordinates": [ 137.9266265, 35.6826282 ] } },
{ "type": "Feature", "properties": { "内容": "居宅介護支援事業所いいじまいちご【居宅介護支援】-長野県上伊那郡飯島町飯島2317-1", "url": "https://www.kaigokensaku.mhlw.go.jp/20/index.php?action_kouhyou_detail_004_kani=true&JigyosyoCd=2072401322-00&ServiceCd=430&Type=search", "url2": "http://www.ichigoe.jp" }, "geometry": { "type": "Point", "coordinates": [ 137.925035100000059, 35.6794424 ] } },
{ "type": "Feature", "properties": { "内容": "プチティルーム笑夢【居宅介護支援】長野県上伊那郡南箕輪村１６６７番地７", "url": "https://www.kaigokensaku.mhlw.go.jp/20/index.php?action_kouhyou_detail_004_kani=true&JigyosyoCd=2072401116-00&ServiceCd=430&Type=search", "url2": null }, "geometry": { "type": "Point", "coordinates": [ 137.9299949, 35.8591724 ] } },
{ "type": "Feature", "properties": { "内容": "南箕輪村社協指定居宅介護支援事業所【居宅介護支援】長野県上伊那郡南箕輪村２３８０-１２１２", "url": "https://www.kaigokensaku.mhlw.go.jp/20/index.php?action_kouhyou_detail_004_kani=true&JigyosyoCd=2072400142-00&ServiceCd=430&Type=search", "url2": "http://www.mmshyakyo.com" }, "geometry": { "type": "Point", "coordinates": [ 137.955173002893901, 35.877270601148275 ] } },
{ "type": "Feature", "properties": { "内容": "あったか伊那【居宅介護支援】長野県上伊那郡南箕輪村5933-5", "url": "https://www.kaigokensaku.mhlw.go.jp/20/index.php?action_kouhyou_detail_004_kani=true&JigyosyoCd=2070900465-00&ServiceCd=430&Type=search", "url2": null }, "geometry": { "type": "Point", "coordinates": [ 137.975024100000041, 35.8729002 ] } },
{ "type": "Feature", "properties": { "内容": "居宅介護支援事業所　スローライフ【居宅介護支援】長野県上伊那郡南箕輪村2380-1086", "url": "https://www.kaigokensaku.mhlw.go.jp/20/index.php?action_kouhyou_detail_004_kani=true&JigyosyoCd=2072401439-00&ServiceCd=430&Type=search", "url2": null }, "geometry": { "type": "Point", "coordinates": [ 137.952853837820356, 35.881108467740574 ] } },
{ "type": "Feature", "properties": { "内容": "中川村社会福祉協議会指定居宅介護支援事業所【居宅介護支援】長野県上伊那郡中川村大草4038-1中川村在宅介護支援センター", "url": "https://www.kaigokensaku.mhlw.go.jp/20/index.php?action_kouhyou_detail_004_kani=true&JigyosyoCd=2072400159-00&ServiceCd=430&Type=search", "url2": "http://nakagawas.jp" }, "geometry": { "type": "Point", "coordinates": [ 137.944910700000037, 35.6342784 ] } },
{ "type": "Feature", "properties": { "内容": "宮田村社協指定居宅介護支援事業所【居宅介護支援】長野県上伊那郡宮田村６８３８番地１", "url": "https://www.kaigokensaku.mhlw.go.jp/20/index.php?action_kouhyou_detail_004_kani=true&JigyosyoCd=2072400100-00&ServiceCd=430&Type=search", "url2": "https://www.vill.miyada.nagano.jp/health/pages/root/10480-006" }, "geometry": { "type": "Point", "coordinates": [ 137.948068199999966, 35.7641974 ] } },
{ "type": "Feature", "properties": { "内容": "プラムの里指定居宅介護支援事業所【居宅介護支援】長野県上伊那郡宮田村4804-1", "url": "https://www.kaigokensaku.mhlw.go.jp/20/index.php?action_kouhyou_detail_004_kani=true&JigyosyoCd=2072400795-00&ServiceCd=430&Type=search", "url2": "http://s-sawayaka.or.jp/" }, "geometry": { "type": "Point", "coordinates": [ 137.913754054278598, 35.750285343905411 ] } },
{ "type": "Feature", "properties": { "内容": "居宅介護支援事業所コスモス松川【居宅介護支援】長野県下伊那郡松川町元大島１５６０番地", "url": "https://www.kaigokensaku.mhlw.go.jp/20/index.php?action_kouhyou_detail_004_kani=true&JigyosyoCd=2072501014-00&ServiceCd=430&Type=search", "url2": "http://www.cosmosnet.or.jp/guide/zaitaku/index.html" }, "geometry": { "type": "Point", "coordinates": [ 137.917119, 35.5957976 ] } },
{ "type": "Feature", "properties": { "内容": "松川町社協介護支援センター【居宅介護支援】長野県下伊那郡松川町元大島２９３０－１２", "url": "https://www.kaigokensaku.mhlw.go.jp/20/index.php?action_kouhyou_detail_004_kani=true&JigyosyoCd=2072500339-00&ServiceCd=430&Type=search", "url2": "http://www.matsukawa-shakyo.net/survice.html#kaigo1" }, "geometry": { "type": "Point", "coordinates": [ 137.913724799999954, 35.60323 ] } },
{ "type": "Feature", "properties": { "内容": "下伊那赤十字病院【居宅介護支援】長野県下伊那郡松川町元大島３１５９－１", "url": "https://www.kaigokensaku.mhlw.go.jp/20/index.php?action_kouhyou_detail_004_kani=true&JigyosyoCd=2012517187-00&ServiceCd=430&Type=search", "url2": "http://shimoina.jrc.or.jp" }, "geometry": { "type": "Point", "coordinates": [ 137.911455599999954, 35.6001914 ] } },
{ "type": "Feature", "properties": { "内容": "ケアテック介護支援事業部【居宅介護支援】長野県下伊那郡松川町上片桐３３１４－３", "url": "https://www.kaigokensaku.mhlw.go.jp/20/index.php?action_kouhyou_detail_004_kani=true&JigyosyoCd=2072500586-00&ServiceCd=430&Type=search", "url2": "http://www.caretec.jp" }, "geometry": { "type": "Point", "coordinates": [ 137.905280700000048, 35.6173498 ] } },
{ "type": "Feature", "properties": { "内容": "みつばさ居宅介護支援事業所高森【居宅介護支援】長野県下伊那郡高森町下市田2964-188　2F", "url": "https://www.kaigokensaku.mhlw.go.jp/20/index.php?action_kouhyou_detail_004_kani=true&JigyosyoCd=2072501675-00&ServiceCd=430&Type=search", "url2": "https:www.mitsubasa-kaigo.com" }, "geometry": { "type": "Point", "coordinates": [ 137.8854633, 35.55012030000001 ] } },
{ "type": "Feature", "properties": { "内容": "居宅介護支援事業所あぐり【居宅介護支援】長野県下伊那郡高森町481-1あさぎりの郷", "url": "https://www.kaigokensaku.mhlw.go.jp/20/index.php?action_kouhyou_detail_004_kani=true&JigyosyoCd=2072501634-00&ServiceCd=430&Type=search", "url2": "http://www.ja-naganokai.ro.jp/" }, "geometry": { "type": "Point", "coordinates": [ 137.880213700000013, 35.5409512 ] } },
{ "type": "Feature", "properties": { "内容": "高森町社会福祉協議会居宅介護支援事業所【居宅介護支援】長野県下伊那郡高森町山吹３６１８", "url": "https://www.kaigokensaku.mhlw.go.jp/20/index.php?action_kouhyou_detail_004_kani=true&JigyosyoCd=2072500149-00&ServiceCd=430&Type=search", "url2": "http://www.takamori-shakyo.com/service/kaigo-kyotaku.html" }, "geometry": { "type": "Point", "coordinates": [ 137.888161200000013, 35.5776628 ] } },
{ "type": "Feature", "properties": { "内容": "介護支援まどか【居宅介護支援】長野県下伊那郡高森町牛牧２４６８－４", "url": "https://www.kaigokensaku.mhlw.go.jp/20/index.php?action_kouhyou_detail_004_kani=true&JigyosyoCd=2072500438-00&ServiceCd=430&Type=search", "url2": "http://www.seguchi-nouge.madokakai.jp" }, "geometry": { "type": "Point", "coordinates": [ 137.8518046858444, 35.560781438355725 ] } },
{ "type": "Feature", "properties": { "内容": "特別養護老人ホーム赤石寮【居宅介護支援】長野県下伊那郡阿南町新野２８－４", "url": "https://www.kaigokensaku.mhlw.go.jp/20/index.php?action_kouhyou_detail_004_kani=true&JigyosyoCd=2072500198-00&ServiceCd=430&Type=search", "url2": "http://kayagakikai-anan.jp/" }, "geometry": { "type": "Point", "coordinates": [ 137.761218099999951, 35.2722532 ] } },
{ "type": "Feature", "properties": { "内容": "阿南町社会福祉協議会介護保険事業所【居宅介護支援】長野県下伊那郡阿南町西條709番地", "url": "https://www.kaigokensaku.mhlw.go.jp/20/index.php?action_kouhyou_detail_004_kani=true&JigyosyoCd=2072500354-00&ServiceCd=430&Type=search", "url2": "http://www.anansyakyo.or.jp/" }, "geometry": { "type": "Point", "coordinates": [ 137.811066799999907, 35.3288924 ] } },
{ "type": "Feature", "properties": { "内容": "阿智村社協指定介護支援事業所【居宅介護支援】長野県下伊那郡阿智村駒場４８３番地阿智村保健福祉センター", "url": "https://www.kaigokensaku.mhlw.go.jp/20/index.php?action_kouhyou_detail_004_kani=true&JigyosyoCd=2072500107-00&ServiceCd=430&Type=search", "url2": null }, "geometry": { "type": "Point", "coordinates": [ 137.7474436, 35.443788 ] } },
{ "type": "Feature", "properties": { "内容": "「なごみ」居宅介護支援事業所【居宅介護支援】長野県下伊那郡根羽村3015番地362", "url": "https://www.kaigokensaku.mhlw.go.jp/20/index.php?action_kouhyou_detail_004_kani=true&JigyosyoCd=2072501576-00&ServiceCd=430&Type=search", "url2": "http://iful-jikeikai.com/" }, "geometry": { "type": "Point", "coordinates": [ 137.623258528755201, 35.302554763236245 ] } },
{ "type": "Feature", "properties": { "内容": "光の園ケアプランセンター【居宅介護支援】長野県下伊那郡下條村睦沢7098-8", "url": "https://www.kaigokensaku.mhlw.go.jp/20/index.php?action_kouhyou_detail_004_kani=true&JigyosyoCd=2072500164-00&ServiceCd=430&Type=search", "url2": "http://www.hikari-sono.com/html/careplan.html" }, "geometry": { "type": "Point", "coordinates": [ 137.752823799999987, 35.3944384 ] } },
{ "type": "Feature", "properties": { "内容": "売木村居宅介護支援センター【居宅介護支援】下伊那郡売木村６３４番地", "url": "https://www.kaigokensaku.mhlw.go.jp/20/index.php?action_kouhyou_detail_004_kani=true&JigyosyoCd=2072500032-00&ServiceCd=430&Type=search", "url2": null }, "geometry": { "type": "Point", "coordinates": [ 137.711121700000035, 35.271088 ] } },
{ "type": "Feature", "properties": { "内容": "居宅介護支援センターうるぎ【居宅介護支援】長野県下伊那郡売木村688番地１", "url": "https://www.kaigokensaku.mhlw.go.jp/20/index.php?action_kouhyou_detail_004_kani=true&JigyosyoCd=2072501360-00&ServiceCd=430&Type=search", "url2": null }, "geometry": { "type": "Point", "coordinates": [ 137.711121700000035, 35.271088 ] } },
{ "type": "Feature", "properties": { "内容": "天龍村社協指定居宅介護支援事業所【居宅介護支援】長野県下伊那郡天龍村平岡７７３番地２", "url": "https://www.kaigokensaku.mhlw.go.jp/20/index.php?action_kouhyou_detail_004_kani=true&JigyosyoCd=2072501055-00&ServiceCd=430&Type=search", "url2": null }, "geometry": { "type": "Point", "coordinates": [ 137.859755700000051, 35.282771 ] } },
{ "type": "Feature", "properties": { "内容": "社会福祉法人泰阜村社会福祉協議会指定居宅介護支援事業所【居宅介護支援】長野県下伊那郡泰阜村３２４７番地３", "url": "https://www.kaigokensaku.mhlw.go.jp/20/index.php?action_kouhyou_detail_004_kani=true&JigyosyoCd=2072500206-00&ServiceCd=430&Type=search", "url2": "http://yasuokasyakyo.jp/index.php/kaigo/" }, "geometry": { "type": "Point", "coordinates": [ 137.830006300000036, 35.4062628 ] } },
{ "type": "Feature", "properties": { "内容": "喬木村社協介護サービスセンターふれ愛【居宅介護支援】長野県下伊那郡喬木村6670番地1", "url": "https://www.kaigokensaku.mhlw.go.jp/20/index.php?action_kouhyou_detail_004_kani=true&JigyosyoCd=2072500115-00&ServiceCd=430&Type=search", "url2": "http://takagi-syakyo.com/" }, "geometry": { "type": "Point", "coordinates": [ 137.873538783467069, 35.513394564067113 ] } },
{ "type": "Feature", "properties": { "内容": "ぽけっと居宅介護支援事業所【居宅介護支援】長野県下伊那郡喬木村15816－2", "url": "https://www.kaigokensaku.mhlw.go.jp/20/index.php?action_kouhyou_detail_004_kani=true&JigyosyoCd=2072501022-00&ServiceCd=430&Type=search", "url2": "https://kaigo-pocket.jimdofree.com/" }, "geometry": { "type": "Point", "coordinates": [ 137.865643016333053, 35.50665462210744 ] } },
{ "type": "Feature", "properties": { "内容": "居宅介護支援事業所はやしの杜【居宅介護支援】長野県下伊那郡豊丘村大字神稲４１７６番地", "url": "https://www.kaigokensaku.mhlw.go.jp/20/index.php?action_kouhyou_detail_004_kani=true&JigyosyoCd=2072501287-00&ServiceCd=430&Type=search", "url2": "https://hayashinomori.notion.site/" }, "geometry": { "type": "Point", "coordinates": [ 137.8969217, 35.5430317 ] } },
{ "type": "Feature", "properties": { "内容": "社会福祉法人豊丘村社会福祉協議会指定居宅介護支援事業所【居宅介護支援】長野県下伊那郡豊丘村神稲３０３９－１デイサービスセンターほほえみ", "url": "https://www.kaigokensaku.mhlw.go.jp/20/index.php?action_kouhyou_detail_004_kani=true&JigyosyoCd=2072500214-00&ServiceCd=430&Type=search", "url2": "toyo-sha.jp/" }, "geometry": { "type": "Point", "coordinates": [ 137.895033, 35.5507362 ] } },
{ "type": "Feature", "properties": { "内容": "大鹿村在宅介護支援センター【居宅介護支援】長野県下伊那郡大鹿村大字大河原３６２", "url": "https://www.kaigokensaku.mhlw.go.jp/20/index.php?action_kouhyou_detail_004_kani=true&JigyosyoCd=2072500131-00&ServiceCd=430&Type=search", "url2": null }, "geometry": { "type": "Point", "coordinates": [ 138.034447300000011, 35.5782252 ] } },
{ "type": "Feature", "properties": { "内容": "あい愛ケアセンター【居宅介護支援】木曽郡上松町大字小川２０５０－５", "url": "https://www.kaigokensaku.mhlw.go.jp/20/index.php?action_kouhyou_detail_004_kani=true&JigyosyoCd=2072600550-00&ServiceCd=430&Type=search", "url2": null }, "geometry": { "type": "Point", "coordinates": [ 137.69741590000001, 35.7751327 ] } },
{ "type": "Feature", "properties": { "内容": "上松町社会福祉協議会指定居宅介護支援センター【居宅介護支援】長野県木曽郡上松町大字小川１７０２　ひのきの里総合福祉センター内上松町ひのきの里総合福祉センター", "url": "https://www.kaigokensaku.mhlw.go.jp/20/index.php?action_kouhyou_detail_004_kani=true&JigyosyoCd=2072600576-00&ServiceCd=430&Type=search", "url2": "ａｇｅｍａｔｓｕ－ｓｈａｋｙｏ．ｃｏｍ" }, "geometry": { "type": "Point", "coordinates": [ 137.693491600000016, 35.7833875 ] } },
{ "type": "Feature", "properties": { "内容": "木曽寮　居宅介護支援事業所【居宅介護支援】長野県木曽郡上松町大字荻原1472番地養護老人ホーム　木曽寮", "url": "https://www.kaigokensaku.mhlw.go.jp/20/index.php?action_kouhyou_detail_004_kani=true&JigyosyoCd=2072600881-00&ServiceCd=430&Type=search", "url2": "http://kisoshaji.net" }, "geometry": { "type": "Point", "coordinates": [ 137.7100771, 35.7483305 ] } },
{ "type": "Feature", "properties": { "内容": "南木曽町社協居宅介護支援事業所【居宅介護支援】長野県木曽郡南木曽町田立１４３－１", "url": "https://www.kaigokensaku.mhlw.go.jp/20/index.php?action_kouhyou_detail_004_kani=true&JigyosyoCd=2072600162-00&ServiceCd=430&Type=search", "url2": "http://www.nagisosyakyo.or.jp" }, "geometry": { "type": "Point", "coordinates": [ 137.560751699999969, 35.5887092 ] } },
{ "type": "Feature", "properties": { "内容": "社会福祉法人木祖村社会福祉協議会【居宅介護支援】長野県木曽郡木祖村大字薮原1191番地30幸せテラスまめのわ", "url": "https://www.kaigokensaku.mhlw.go.jp/20/index.php?action_kouhyou_detail_004_kani=true&JigyosyoCd=2072600329-00&ServiceCd=430&Type=search", "url2": "https://kisomura-syakyo.jimdofree.com/" }, "geometry": { "type": "Point", "coordinates": [ 137.782930503381635, 35.935008824078771 ] } },
{ "type": "Feature", "properties": { "内容": "王滝村社会福祉協議会居宅介護支援センター【居宅介護支援】長野県木曽郡王滝村２８３０番地１", "url": "https://www.kaigokensaku.mhlw.go.jp/20/index.php?action_kouhyou_detail_004_kani=true&JigyosyoCd=2072600170-00&ServiceCd=430&Type=search", "url2": null }, "geometry": { "type": "Point", "coordinates": [ 137.552202916146854, 35.807950163758974 ] } },
{ "type": "Feature", "properties": { "内容": "大桑村居宅介護支援事業所「ほのぼの」【居宅介護支援】長野県木曽郡大桑村大字殿９８１－１", "url": "https://www.kaigokensaku.mhlw.go.jp/20/index.php?action_kouhyou_detail_004_kani=true&JigyosyoCd=2072600618-00&ServiceCd=430&Type=search", "url2": "https://www.ookuwa.jp/" }, "geometry": { "type": "Point", "coordinates": [ 137.667624170039346, 35.691001124835353 ] } },
{ "type": "Feature", "properties": { "内容": "木曽町社会福祉協議会居宅介護支援センター【居宅介護支援】長野県木曽郡木曽町日義1600番地１", "url": "https://www.kaigokensaku.mhlw.go.jp/20/index.php?action_kouhyou_detail_004_kani=true&JigyosyoCd=2072600014-00&ServiceCd=430&Type=search", "url2": "www.kisomachi-shakyo.or.jp" }, "geometry": { "type": "Point", "coordinates": [ 137.754862, 35.8770691 ] } },
{ "type": "Feature", "properties": { "内容": "介護支援センター　グレイスフル木曽【居宅介護支援】長野県木曽郡木曽町日義2752-1", "url": "https://www.kaigokensaku.mhlw.go.jp/20/index.php?action_kouhyou_detail_004_kani=true&JigyosyoCd=2072600824-00&ServiceCd=430&Type=search", "url2": "http://www.sun-vision.or.jp" }, "geometry": { "type": "Point", "coordinates": [ 137.757657253308082, 35.88558580007637 ] } },
{ "type": "Feature", "properties": { "内容": "長野県看護協会木曽ケアマネジメントオフィス【居宅介護支援】長野県木曽郡木曽町日義４８５２－１", "url": "https://www.kaigokensaku.mhlw.go.jp/20/index.php?action_kouhyou_detail_004_kani=true&JigyosyoCd=2072600188-00&ServiceCd=430&Type=search", "url2": "http://www.nursen.or.jp/index.php/home-care-2" }, "geometry": { "type": "Point", "coordinates": [ 137.737842099999966, 35.8643428 ] } },
{ "type": "Feature", "properties": { "内容": "てとてと麻績介護支援センター【居宅介護支援】長野県東筑摩郡麻績村日４７６９－１", "url": "https://www.kaigokensaku.mhlw.go.jp/20/index.php?action_kouhyou_detail_004_kani=true&JigyosyoCd=2072700749-00&ServiceCd=430&Type=search", "url2": null }, "geometry": { "type": "Point", "coordinates": [ 138.014623, 36.4391759 ] } },
{ "type": "Feature", "properties": { "内容": "麻績村社会福祉協議会居宅介護支援事業所【居宅介護支援】長野県東筑摩郡麻績村麻2787番地麻績村デイサービスセンターみづき", "url": "https://www.kaigokensaku.mhlw.go.jp/20/index.php?action_kouhyou_detail_004_kani=true&JigyosyoCd=2072700814-00&ServiceCd=430&Type=search", "url2": "https://omi-shakyo.or.jp/" }, "geometry": { "type": "Point", "coordinates": [ 138.030641546032712, 36.448914301399675 ] } },
{ "type": "Feature", "properties": { "内容": "生坂村社協ケアプランサポートセンター【居宅介護支援】長野県東筑摩郡生坂村6271-1", "url": "https://www.kaigokensaku.mhlw.go.jp/20/index.php?action_kouhyou_detail_004_kani=true&JigyosyoCd=2072700152-00&ServiceCd=430&Type=search", "url2": "http://www.ikusaka-shakyo.or.jp/" }, "geometry": { "type": "Point", "coordinates": [ 137.925972660188364, 36.426316571526783 ] } },
{ "type": "Feature", "properties": { "内容": "イナーメ居宅介護支援事業所【居宅介護支援】長野県東筑摩郡山形村3336番地9", "url": "https://www.kaigokensaku.mhlw.go.jp/20/index.php?action_kouhyou_detail_004_kani=true&JigyosyoCd=2072700962-00&ServiceCd=430&Type=search", "url2": null }, "geometry": { "type": "Point", "coordinates": [ 137.868266089331541, 36.16274610648167 ] } },
{ "type": "Feature", "properties": { "内容": "居宅介護サポートセンターいちいの里【居宅介護支援】長野県東筑摩郡山形村４５２８－３いちいの里すばる", "url": "https://www.kaigokensaku.mhlw.go.jp/20/index.php?action_kouhyou_detail_004_kani=true&JigyosyoCd=2072700103-00&ServiceCd=430&Type=search", "url2": "http://poponet-yamagata.or.jp" }, "geometry": { "type": "Point", "coordinates": [ 137.882484455585086, 36.173460648495485 ] } },
{ "type": "Feature", "properties": { "内容": "居宅介護支援事業所　　さんてらす【居宅介護支援】長野県東筑摩郡山形村字野際1261－1", "url": "https://www.kaigokensaku.mhlw.go.jp/20/index.php?action_kouhyou_detail_004_kani=true&JigyosyoCd=2072700970-00&ServiceCd=430&Type=search", "url2": null }, "geometry": { "type": "Point", "coordinates": [ 137.875679600000012, 36.168559 ] } },
{ "type": "Feature", "properties": { "内容": "さんそら相談所【居宅介護支援】長野県東筑摩郡山形村５４０５-８", "url": "https://www.kaigokensaku.mhlw.go.jp/20/index.php?action_kouhyou_detail_004_kani=true&JigyosyoCd=2072700939-00&ServiceCd=430&Type=search", "url2": null }, "geometry": { "type": "Point", "coordinates": [ 137.880383639104252, 36.176494952488717 ] } },
{ "type": "Feature", "properties": { "内容": "居宅介護支援センターかたくりの里【居宅介護支援】長野県東筑摩郡朝日村大字古見７７３番地", "url": "https://www.kaigokensaku.mhlw.go.jp/20/index.php?action_kouhyou_detail_004_kani=true&JigyosyoCd=2072700657-00&ServiceCd=430&Type=search", "url2": "https://www.asahimurasyakyo.jp/" }, "geometry": { "type": "Point", "coordinates": [ 137.859864, 36.125172 ] } },
{ "type": "Feature", "properties": { "内容": "キノネアク相談所【居宅介護支援】長野県東筑摩郡筑北村西条3846", "url": "https://www.kaigokensaku.mhlw.go.jp/20/index.php?action_kouhyou_detail_004_kani=true&JigyosyoCd=2072700921-00&ServiceCd=430&Type=search", "url2": "https://yamafuku.org" }, "geometry": { "type": "Point", "coordinates": [ 138.012521, 36.4064675 ] } },
{ "type": "Feature", "properties": { "内容": "居宅介護支援センターあおぞら【居宅介護支援】長野県東筑摩郡筑北村坂北２１９４番地1", "url": "https://www.kaigokensaku.mhlw.go.jp/20/index.php?action_kouhyou_detail_004_kani=true&JigyosyoCd=2072700145-00&ServiceCd=430&Type=search", "url2": "http://chikuhoku-shakyo.or.jp/" }, "geometry": { "type": "Point", "coordinates": [ 138.015726, 36.4260666 ] } },
{ "type": "Feature", "properties": { "内容": "居宅介護支援事業所たかちゃん家【居宅介護支援】長野県北安曇郡池田町大字池田３２２－１", "url": "https://www.kaigokensaku.mhlw.go.jp/20/index.php?action_kouhyou_detail_004_kani=true&JigyosyoCd=2072900398-00&ServiceCd=430&Type=search", "url2": null }, "geometry": { "type": "Point", "coordinates": [ 137.8743435, 36.4416184 ] } },
{ "type": "Feature", "properties": { "内容": "居宅介護支援事業所菜の花【居宅介護支援】長野県北安曇郡池田町大字会染6119-111", "url": "https://www.kaigokensaku.mhlw.go.jp/20/index.php?action_kouhyou_detail_004_kani=true&JigyosyoCd=2072900646-00&ServiceCd=430&Type=search", "url2": null }, "geometry": { "type": "Point", "coordinates": [ 137.878657400000066, 36.3837763 ] } },
{ "type": "Feature", "properties": { "内容": "いけだ社協介護支援事業所【居宅介護支援】長野県北安曇郡池田町大字池田２００５番地１池田町総合福祉センターやすらぎの郷", "url": "https://www.kaigokensaku.mhlw.go.jp/20/index.php?action_kouhyou_detail_004_kani=true&JigyosyoCd=2072900232-00&ServiceCd=430&Type=search", "url2": "http://www.ikedashakyo.or.jp" }, "geometry": { "type": "Point", "coordinates": [ 137.879204399999907, 36.4227682 ] } },
{ "type": "Feature", "properties": { "内容": "介護支援　きたはら【居宅介護支援】長野県北安曇郡池田町池田4116-2", "url": "https://www.kaigokensaku.mhlw.go.jp/20/index.php?action_kouhyou_detail_004_kani=true&JigyosyoCd=2072900638-00&ServiceCd=430&Type=search", "url2": null }, "geometry": { "type": "Point", "coordinates": [ 137.879018991509383, 36.417429093989696 ] } },
{ "type": "Feature", "properties": { "内容": "長野県厚生農業協同組合連合会北アルプス医療センターあづみ病院【居宅介護支援】長野県北安曇郡池田町大字池田3207-1", "url": "https://www.kaigokensaku.mhlw.go.jp/20/index.php?action_kouhyou_detail_004_kani=true&JigyosyoCd=2012917064-00&ServiceCd=430&Type=search", "url2": "https://www.azumi-ghp.jp/" }, "geometry": { "type": "Point", "coordinates": [ 137.873040899999978, 36.4213488 ] } },
{ "type": "Feature", "properties": { "内容": "ニチイケアセンターあづみ野【居宅介護支援】長野県北安曇郡池田町大字会染12107-2", "url": "https://www.kaigokensaku.mhlw.go.jp/20/index.php?action_kouhyou_detail_004_kani=true&JigyosyoCd=2072900307-00&ServiceCd=430&Type=search", "url2": "http://sp.chizumaru.com/dbh/nichii/detailmap.aspx?account=nichii&accmd=0&bid=0161505I58&scl=2200&clk=2" }, "geometry": { "type": "Point", "coordinates": [ 137.87911859999997, 36.3767357 ] } },
{ "type": "Feature", "properties": { "内容": "オフィス花一輪【居宅介護支援】北安曇群松川村5721-506", "url": "https://www.kaigokensaku.mhlw.go.jp/20/index.php?action_kouhyou_detail_004_kani=true&JigyosyoCd=2072900653-00&ServiceCd=430&Type=search", "url2": null }, "geometry": { "type": "Point", "coordinates": [ 137.866965641802949, 36.413506970112714 ] } },
{ "type": "Feature", "properties": { "内容": "居宅介護支援事業所こうしゅう松川【居宅介護支援】長野県北安曇郡松川村５６５０－５４", "url": "https://www.kaigokensaku.mhlw.go.jp/20/index.php?action_kouhyou_detail_004_kani=true&JigyosyoCd=2072900372-00&ServiceCd=430&Type=search", "url2": "http://koushu-nagano.jp/index.php?id=28" }, "geometry": { "type": "Point", "coordinates": [ 137.866022607145624, 36.404253156292249 ] } },
{ "type": "Feature", "properties": { "内容": "松川村社協居宅介護支援事業所【居宅介護支援】長野県北安曇郡松川村5650-19", "url": "https://www.kaigokensaku.mhlw.go.jp/20/index.php?action_kouhyou_detail_004_kani=true&JigyosyoCd=2072900547-00&ServiceCd=430&Type=search", "url2": "http://www.matsukawa-shakyo.jp/publics/index/73/#page73" }, "geometry": { "type": "Point", "coordinates": [ 137.866583600000013, 36.403264 ] } },
{ "type": "Feature", "properties": { "内容": "ケアマネさん：健寿まつかわ【居宅介護支援】長野県北安曇郡松川村5689-77", "url": "https://www.kaigokensaku.mhlw.go.jp/20/index.php?action_kouhyou_detail_004_kani=true&JigyosyoCd=2072900877-00&ServiceCd=430&Type=search", "url2": null }, "geometry": { "type": "Point", "coordinates": [ 137.854507899999987, 36.4240441 ] } },
{ "type": "Feature", "properties": { "内容": "白馬村社協居宅介護支援事業所【居宅介護支援】長野県北安曇郡白馬村大字北城７０２５番地白馬村保健福祉ふれあいセンター", "url": "https://www.kaigokensaku.mhlw.go.jp/20/index.php?action_kouhyou_detail_004_kani=true&JigyosyoCd=2072900711-00&ServiceCd=430&Type=search", "url2": "http://hakuba-syakyo.jp" }, "geometry": { "type": "Point", "coordinates": [ 137.862603578573641, 36.697739997249279 ] } },
{ "type": "Feature", "properties": { "内容": "居宅介護支援事業所白嶺【居宅介護支援】長野県北安曇郡白馬村大字神城２２８４７－２", "url": "https://www.kaigokensaku.mhlw.go.jp/20/index.php?action_kouhyou_detail_004_kani=true&JigyosyoCd=2072900703-00&ServiceCd=430&Type=search", "url2": "hakurei-nagano.com" }, "geometry": { "type": "Point", "coordinates": [ 137.8452859399506, 36.663916810843297 ] } },
{ "type": "Feature", "properties": { "内容": "しろうま【居宅介護支援】長野県北安曇郡白馬村神城22844介護老人保健施設白馬メディア", "url": "https://www.kaigokensaku.mhlw.go.jp/20/index.php?action_kouhyou_detail_004_kani=true&JigyosyoCd=2072900331-00&ServiceCd=430&Type=search", "url2": null }, "geometry": { "type": "Point", "coordinates": [ 137.846196600000013, 36.6639722 ] } },
{ "type": "Feature", "properties": { "内容": "介護支援せせらぎ【居宅介護支援】長野県北安曇郡小谷村大字中小谷丙２５４４番地３", "url": "https://www.kaigokensaku.mhlw.go.jp/20/index.php?action_kouhyou_detail_004_kani=true&JigyosyoCd=2072900430-00&ServiceCd=430&Type=search", "url2": null }, "geometry": { "type": "Point", "coordinates": [ 137.910893, 36.7958925 ] } },
{ "type": "Feature", "properties": { "内容": "居宅介護さつき合同会社【居宅介護支援】長野県埴科郡坂城町大字坂城６２６１－５", "url": "https://www.kaigokensaku.mhlw.go.jp/20/index.php?action_kouhyou_detail_004_kani=true&JigyosyoCd=2073100329-00&ServiceCd=430&Type=search", "url2": null }, "geometry": { "type": "Point", "coordinates": [ 138.1858536, 36.466626500000025 ] } },
{ "type": "Feature", "properties": { "内容": "南条薬局【居宅介護支援】長野県埴科郡坂城町南条７１６２－１", "url": "https://www.kaigokensaku.mhlw.go.jp/20/index.php?action_kouhyou_detail_004_kani=true&JigyosyoCd=2073100055-00&ServiceCd=430&Type=search", "url2": null }, "geometry": { "type": "Point", "coordinates": [ 138.193479199999956, 36.4242775 ] } },
{ "type": "Feature", "properties": { "内容": "ケアプランセンター向日葵【居宅介護支援】長野県埴科郡坂城町上平1024-1", "url": "https://www.kaigokensaku.mhlw.go.jp/20/index.php?action_kouhyou_detail_004_kani=true&JigyosyoCd=2073100337-00&ServiceCd=430&Type=search", "url2": null }, "geometry": { "type": "Point", "coordinates": [ 138.160352499999988, 36.4469967 ] } },
{ "type": "Feature", "properties": { "内容": "坂城町社会福祉協議会指定居宅介護支援事業所【居宅介護支援】長野県埴科郡坂城町大字中之条2225番地", "url": "https://www.kaigokensaku.mhlw.go.jp/20/index.php?action_kouhyou_detail_004_kani=true&JigyosyoCd=2073100022-00&ServiceCd=430&Type=search", "url2": null }, "geometry": { "type": "Point", "coordinates": [ 138.194911199999979, 36.4503494 ] } },
{ "type": "Feature", "properties": { "内容": "居宅介護支援事業所おかえり【居宅介護支援】長野県上高井郡小布施町大字小布施８５１番地", "url": "https://www.kaigokensaku.mhlw.go.jp/20/index.php?action_kouhyou_detail_004_kani=true&JigyosyoCd=2073200400-00&ServiceCd=430&Type=search", "url2": "https://www.newlife.or.jp/newlife_group/information/2025/09/post-86.php" }, "geometry": { "type": "Point", "coordinates": [ 138.316344500000014, 36.6944833 ] } },
{ "type": "Feature", "properties": { "内容": "小布施町社協指定居宅介護支援事業所【居宅介護支援】長野県上高井郡小布施町大字小布施860-イ千年樹の里　健康福祉センター", "url": "https://www.kaigokensaku.mhlw.go.jp/20/index.php?action_kouhyou_detail_004_kani=true&JigyosyoCd=2073200012-00&ServiceCd=430&Type=search", "url2": "http://obuse-shakyo.org/" }, "geometry": { "type": "Point", "coordinates": [ 138.31704830000001, 36.6901485 ] } },
{ "type": "Feature", "properties": { "内容": "パウル会　居宅介護支援事業所かえで【居宅介護支援】長野県上高井郡小布施町大字小布施851番地の4", "url": "https://www.kaigokensaku.mhlw.go.jp/20/index.php?action_kouhyou_detail_004_kani=true&JigyosyoCd=2073200392-00&ServiceCd=430&Type=search", "url2": "https://www.newlife.or.jp/powell_kai" }, "geometry": { "type": "Point", "coordinates": [ 138.318174, 36.690061 ] } },
{ "type": "Feature", "properties": { "内容": "高山村社会福祉協議会居宅介護支援事業所【居宅介護支援】長野県上高井郡高山村大字牧１３０番地１高山村保健福祉総合センター", "url": "https://www.kaigokensaku.mhlw.go.jp/20/index.php?action_kouhyou_detail_004_kani=true&JigyosyoCd=2073200061-00&ServiceCd=430&Type=search", "url2": "https://shakyo-takayama.jp/" }, "geometry": { "type": "Point", "coordinates": [ 138.377176400000053, 36.6781735 ] } },
{ "type": "Feature", "properties": { "内容": "居宅介護支援事業所喜楽【居宅介護支援】長野県上高井郡高山村大字中山1370番地7", "url": "https://www.kaigokensaku.mhlw.go.jp/20/index.php?action_kouhyou_detail_004_kani=true&JigyosyoCd=2073200384-00&ServiceCd=430&Type=search", "url2": "https//2ndfamily1212.com" }, "geometry": { "type": "Point", "coordinates": [ 138.3671401, 36.685344 ] } },
{ "type": "Feature", "properties": { "内容": "朝日ホームおんせん指定居宅介護支援事業所【居宅介護支援】長野県上高井郡高山村大字牧１５１番地１", "url": "https://www.kaigokensaku.mhlw.go.jp/20/index.php?action_kouhyou_detail_004_kani=true&JigyosyoCd=2073200194-00&ServiceCd=430&Type=search", "url2": null }, "geometry": { "type": "Point", "coordinates": [ 138.376562499999977, 36.679842800000031 ] } },
{ "type": "Feature", "properties": { "内容": "にこにこ居宅介護支援事業所【居宅介護支援】長野県下高井郡山ノ内町大字平穏2926-33", "url": "https://www.kaigokensaku.mhlw.go.jp/20/index.php?action_kouhyou_detail_004_kani=true&JigyosyoCd=2073300358-00&ServiceCd=430&Type=search", "url2": null }, "geometry": { "type": "Point", "coordinates": [ 138.417823699999985, 36.7380208 ] } },
{ "type": "Feature", "properties": { "内容": "ケアプランセンター湯田中【居宅介護支援】長野県下高井郡山ノ内町大字平穏3249番地29", "url": "https://www.kaigokensaku.mhlw.go.jp/20/index.php?action_kouhyou_detail_004_kani=true&JigyosyoCd=2073300473-00&ServiceCd=430&Type=search", "url2": null }, "geometry": { "type": "Point", "coordinates": [ 138.412489599999986, 36.7430489 ] } },
{ "type": "Feature", "properties": { "内容": "居宅介護支援事業所たかやしろ【居宅介護支援】長野県下高井郡山ノ内町大字夜間瀬２４４９－２", "url": "https://www.kaigokensaku.mhlw.go.jp/20/index.php?action_kouhyou_detail_004_kani=true&JigyosyoCd=2073300291-00&ServiceCd=430&Type=search", "url2": null }, "geometry": { "type": "Point", "coordinates": [ 138.3993302, 36.7620257 ] } },
{ "type": "Feature", "properties": { "内容": "社会福祉法人　山ノ内町社会福祉協議会指定居宅介護支援事業所【居宅介護支援】長野県下高井郡山ノ内町大字平穏３３７１－２山ノ内町地域福祉センター内", "url": "https://www.kaigokensaku.mhlw.go.jp/20/index.php?action_kouhyou_detail_004_kani=true&JigyosyoCd=2073300044-00&ServiceCd=430&Type=search", "url2": "http://www.honobono-shakyo.or.jp" }, "geometry": { "type": "Point", "coordinates": [ 138.413673900000049, 36.7437672 ] } },
{ "type": "Feature", "properties": { "内容": "やまのうち敬老園居宅介護支援事業所【居宅介護支援】長野県下高井郡山ノ内町大字佐野2534-71", "url": "https://www.kaigokensaku.mhlw.go.jp/20/index.php?action_kouhyou_detail_004_kani=true&JigyosyoCd=2073300457-00&ServiceCd=430&Type=search", "url2": null }, "geometry": { "type": "Point", "coordinates": [ 138.41116, 36.739832900000032 ] } },
{ "type": "Feature", "properties": { "内容": "居宅介護支援事業所ぬくもり【居宅介護支援】長野県下高井郡山ノ内町大字平穏４３８７－１", "url": "https://www.kaigokensaku.mhlw.go.jp/20/index.php?action_kouhyou_detail_004_kani=true&JigyosyoCd=2073300366-00&ServiceCd=430&Type=search", "url2": null }, "geometry": { "type": "Point", "coordinates": [ 138.404882899999961, 36.7494135 ] } },
{ "type": "Feature", "properties": { "内容": "指定居宅介護支援事業所ちとせ【居宅介護支援】長野県下高井郡山ノ内町大字夜間瀬2481-1", "url": "https://www.kaigokensaku.mhlw.go.jp/20/index.php?action_kouhyou_detail_004_kani=true&JigyosyoCd=2073300325-00&ServiceCd=430&Type=search", "url2": "https://www.fukushi-chitose.or.jp/" }, "geometry": { "type": "Point", "coordinates": [ 138.403899300000063, 36.762061900000013 ] } },
{ "type": "Feature", "properties": { "内容": "介護相談処やまぶき【居宅介護支援】長野県下高井郡山ノ内町戸狩376-4", "url": "https://www.kaigokensaku.mhlw.go.jp/20/index.php?action_kouhyou_detail_004_kani=true&JigyosyoCd=2073300267-00&ServiceCd=430&Type=search", "url2": "https://www.aguri-care.com/" }, "geometry": { "type": "Point", "coordinates": [ 138.390872966934239, 36.745868162371615 ] } },
{ "type": "Feature", "properties": { "内容": "木島平村社協指定居宅介護支援事業所【居宅介護支援】長野県下高井郡木島平村大字往郷９０８-３", "url": "https://www.kaigokensaku.mhlw.go.jp/20/index.php?action_kouhyou_detail_004_kani=true&JigyosyoCd=2073300028-00&ServiceCd=430&Type=search", "url2": "https：//sites.google.com/view/kijima-syakyo/" }, "geometry": { "type": "Point", "coordinates": [ 138.4068043, 36.857065 ] } },
{ "type": "Feature", "properties": { "内容": "野沢温泉村老人福祉センター【居宅介護支援】長野県下高井郡野沢温泉村大字豊郷９１００－２", "url": "https://www.kaigokensaku.mhlw.go.jp/20/index.php?action_kouhyou_detail_004_kani=true&JigyosyoCd=2073300143-00&ServiceCd=430&Type=search", "url2": null }, "geometry": { "type": "Point", "coordinates": [ 138.440596699999986, 36.9235464 ] } },
{ "type": "Feature", "properties": { "内容": "野沢温泉の夢を結ぶ会【居宅介護支援】長野県下高井郡野沢温泉村大字豊郷４３９９番地", "url": "https://www.kaigokensaku.mhlw.go.jp/20/index.php?action_kouhyou_detail_004_kani=true&JigyosyoCd=2073300234-00&ServiceCd=430&Type=search", "url2": "http://orauchi.jp" }, "geometry": { "type": "Point", "coordinates": [ 138.445713810450769, 36.920469353014241 ] } },
{ "type": "Feature", "properties": { "内容": "多羅尾事務所【居宅介護支援】長野県上水内郡信濃町柏原382-3", "url": "https://www.kaigokensaku.mhlw.go.jp/20/index.php?action_kouhyou_detail_004_kani=true&JigyosyoCd=2073400570-00&ServiceCd=430&Type=search", "url2": "http://taraode.gozaru.jp/" }, "geometry": { "type": "Point", "coordinates": [ 138.205602197042651, 36.807346019256691 ] } },
{ "type": "Feature", "properties": { "内容": "おらが会指定居宅介護支援事業所【居宅介護支援】長野県上水内郡信濃町柏原３５０", "url": "https://www.kaigokensaku.mhlw.go.jp/20/index.php?action_kouhyou_detail_004_kani=true&JigyosyoCd=2073400075-00&ServiceCd=430&Type=search", "url2": "https://oragakai.jp/" }, "geometry": { "type": "Point", "coordinates": [ 138.204863299999943, 36.8092783 ] } },
{ "type": "Feature", "properties": { "内容": "社会福祉法人小川村社会福祉協議会指定居宅介護支援事業所【居宅介護支援】長野県上水内郡小川村大字高府８５５３小川村在宅福祉支援センター　サンリング", "url": "https://www.kaigokensaku.mhlw.go.jp/20/index.php?action_kouhyou_detail_004_kani=true&JigyosyoCd=2073400117-00&ServiceCd=430&Type=search", "url2": "http://ogawashakyo.jp" }, "geometry": { "type": "Point", "coordinates": [ 137.980138447221378, 36.618903550347255 ] } },
{ "type": "Feature", "properties": { "内容": "飯綱町社会福祉協議会居宅介護支援事業所【居宅介護支援】長野県上水内郡飯綱町大字芋川１８１番地", "url": "https://www.kaigokensaku.mhlw.go.jp/20/index.php?action_kouhyou_detail_004_kani=true&JigyosyoCd=2073400844-00&ServiceCd=430&Type=search", "url2": "http://ii-shakyo.or.jp/" }, "geometry": { "type": "Point", "coordinates": [ 138.255715844674683, 36.763217159586496 ] } },
{ "type": "Feature", "properties": { "内容": "飯綱訪問看護ステーション【居宅介護支援】長野県上水内郡飯綱町牟礼２２２０", "url": "https://www.kaigokensaku.mhlw.go.jp/20/index.php?action_kouhyou_detail_004_kani=true&JigyosyoCd=2063490052-00&ServiceCd=430&Type=search", "url2": null }, "geometry": { "type": "Point", "coordinates": [ 138.235565887696794, 36.748937874328085 ] } },
{ "type": "Feature", "properties": { "内容": "ニチイケアセンターいいづな【居宅介護支援】長野県上水内郡飯綱町大字川上1988", "url": "https://www.kaigokensaku.mhlw.go.jp/20/index.php?action_kouhyou_detail_004_kani=true&JigyosyoCd=2073400778-00&ServiceCd=430&Type=search", "url2": "http://sp.chizumaru.com/dbh/nichii/detailmap.aspx?account=nichii&accmd=0&bid=0161305N71&scl=1000&clk=2" }, "geometry": { "type": "Point", "coordinates": [ 138.211779988360632, 36.736614380250842 ] } },
{ "type": "Feature", "properties": { "内容": "栄村社協指定居宅介護支援事業所【居宅介護支援】長野県下水内郡栄村大字北信3601番地1", "url": "https://www.kaigokensaku.mhlw.go.jp/20/index.php?action_kouhyou_detail_004_kani=true&JigyosyoCd=2073500148-00&ServiceCd=430&Type=search", "url2": "http://sakae-syakyo.jp" }, "geometry": { "type": "Point", "coordinates": [ 138.576182621951233, 36.988584782334641 ] } }
]
}
